listing_id,artist_name,album_name,genre,release_year,condition,pressing_country,weight_grams,copies_pressed,first_pressing,has_original_sleeve,seller_rating,listing_date,price
VL0001,Nina Simone,Pastel Blues,Jazz,1965,Very Good Plus,UK,151.0,26781.0,No,Yes,4.6,2025-01-19,66.45
VL0002,Jay-Z,Reasonable Doubt,Hip-Hop,1996,Very Good Plus,Japan,168.4,19290.0,Yes,Yes,4.6,2026-04-09,60.06
VL0003,Michael Jackson,Dangerous,Pop,1991,Very Good Plus,UK,,8913.0,No,Yes,4.0,2024-09-15,30.39
VL0004,Nina Simone,Little Girl Blue,Jazz,1959,Mint,UK,142.8,5427.0,No,Yes,4.1,2025-06-27,91.38
VL0005,Jimi Hendrix,Are You Experienced,Rock,1967,Very Good,Netherlands,162.6,5683.0,Yes,,4.3,2025-11-30,24.73
VL0006,Oasis,Standing on the Shoulder of Giants,Rock,2000,,Germany,198.5,22535.0,Yes,Yes,4.0,2026-01-27,24.89
VL0007,Mac Miller,The Divine Feminine,Hip-Hop,2016,Very Good Plus,France,185.8,2205.0,No,Yes,4.7,2026-04-02,
VL0008,Pink Floyd,Wish You Were Here,Rock,1975,Very Good Plus,US,195.7,34988.0,No,No,4.7,2026-04-24,21.13
VL0009,Elton John,Honky Château,Rock,1972,Near Mint,US,169.1,4429.0,No,Yes,4.0,2025-05-11,121.05
VL0010,The Smiths,"Strangeways, Here We Come",Alternative,1987,Very Good Plus,Germany,169.7,58942.0,No,Yes,4.3,2024-01-31,20.54
VL0011,Aphex Twin,Selected Ambient Works 85–92,Electronic,1992,Very Good Plus,US,178.6,6109.0,No,,,2024-12-27,146.83
VL0012,Dr. Dre,2001,Hip-Hop,1999,Very Good Plus,US,194.2,10477.0,No,Yes,4.5,2025-11-01,31.4
VL0013,Dolly Parton,Coat of Many Colors,Country,1971,Mint,Netherlands,211.4,10937.0,No,Yes,4.2,2024-12-09,53.78
VL0014,David Bowie,Heroes,Rock,1977,Very Good Plus,UK,173.7,9148.0,Yes,Yes,4.6,,110.94
VL0015,Miles Davis,Sketches of Spain,Jazz,1960,Very Good Plus,US,165.5,6356.0,No,,4.8,2026-08-02,72.0
VL0016,Erykah Badu,Worldwide Underground,R&B,2003,Very Good Plus,US,157.9,5734.0,Yes,Yes,4.7,2026-01-11,57.82
VL0017,David Bowie,The Rise and Fall of Ziggy Stardust and the Spiders from Mars,Rock,1972,Very Good Plus,Netherlands,175.5,2805.0,Yes,Yes,4.3,2026-04-30,62.75
VL0018,,Favourite Worst Nightmare,Rock,2007,Very Good Plus,Germany,163.9,6986.0,No,,4.4,2025-09-22,82.98
VL0019,Nina Simone,Pastel Blues,Jazz,1965,Good,France,161.9,8371.0,No,No,3.3,,34.53
VL0020,"Tyler, The Creator",Goblin,Hip-Hop,2011,Near Mint,Netherlands,203.6,8655.0,No,Yes,4.3,2024-01-24,84.3
VL0021,Lady Gaga,Chromatica,Pop,2020,Near Mint,US,183.6,5855.0,No,Yes,4.6,2026-07-13,49.61
VL0022,David Bowie,The Rise and Fall of Ziggy Stardust and the Spiders from Mars,Rock,1972,Very Good,Japan,200.8,24492.0,No,Yes,3.8,2025-12-27,36.35
VL0023,Rihanna,Good Girl Gone Bad,Pop,2007,Good,Australia,184.4,23196.0,No,No,4.2,2026-05-08,16.42
VL0024,Prince,Sign o' the Times,Pop,1987,Very Good Plus,US,167.0,10559.0,No,,4.4,2024-01-25,54.54
VL0025,MF DOOM,Operation: Doomsday,Hip-Hop,1999,Very Good Plus,UK,,44189.0,No,Yes,4.6,2025-05-03,18.92
VL0026,Taylor Swift,folklore,Pop,2020,Near Mint,Japan,172.1,6022.0,No,Yes,3.8,2024-03-27,20.04
VL0027,Adele,19,Pop,2008,Good,UK,201.0,17272.0,No,Yes,4.9,2024-01-11,37.66
VL0028,Fleetwood Mac,Mirage,Rock,1982,Very Good,UK,192.3,32146.0,Yes,Yes,4.4,2026-04-03,46.01
VL0029,MF DOOM,MM..FOOD,Hip-Hop,2004,Very Good,US,200.8,60000.0,No,Yes,4.5,2024-04-17,22.46
VL0030,The Weeknd,Beauty Behind the Madness,R&B,2015,Very Good Plus,Japan,,,No,Yes,4.3,2024-01-31,64.29
VL0031,"Tyler, The Creator",IGOR,Hip-Hop,2019,Very Good,Netherlands,177.4,13397.0,No,Yes,4.3,2025-05-26,28.95
VL0032,Bob Marley & The Wailers,Exodus,Reggae,1977,Very Good Plus,US,182.9,1414.0,No,Yes,4.9,2024-05-06,62.13
VL0033,"Tyler, The Creator",CALL ME IF YOU GET LOST,Hip-Hop,2021,Very Good,,170.6,60000.0,No,Yes,4.6,2024-11-22,34.63
VL0034,"Tyler, The Creator",Cherry Bomb,Hip-Hop,2015,Near Mint,Canada,175.3,42921.0,,Yes,4.6,2025-02-28,41.54
VL0035,The Rolling Stones,Goats Head Soup,Rock,1973,Very Good Plus,France,156.9,4436.0,No,Yes,,2024-08-16,59.31
VL0036,Queen,Jazz,Rock,1978,Very Good Plus,Japan,199.5,7654.0,Yes,Yes,4.1,2024-10-24,68.46
VL0037,Madonna,Like a Prayer,Pop,1989,Near Mint,France,187.0,20274.0,,Yes,4.1,2026-01-11,65.27
VL0038,The Doors,L.A. Woman,,1971,Very Good Plus,UK,,,Yes,Yes,4.2,2026-01-07,39.94
VL0039,Radiohead,Hail to the Thief,Alternative,2003,Near Mint,US,173.0,15056.0,No,Yes,4.3,2025-02-23,40.0
VL0040,The Rolling Stones,Tattoo You,Rock,1981,Very Good,Netherlands,161.8,12128.0,No,No,4.6,2024-10-02,
VL0041,Bruno Mars,Doo-Wops & Hooligans,Pop,2010,Mint,US,204.4,27402.0,No,Yes,4.6,2025-09-27,84.04
VL0042,Lady Gaga,Chromatica,Pop,2020,,Italy,204.6,6568.0,No,Yes,4.3,2024-07-26,74.39
VL0043,Elton John,Madman Across the Water,Rock,1971,Very Good,US,176.9,7723.0,No,Yes,3.6,2026-03-12,16.15
VL0044,A Tribe Called Quest,Midnight Marauders,Hip-Hop,1993,Near Mint,Germany,170.9,42881.0,No,Yes,4.1,2025-11-18,45.8
VL0045,John Coltrane,A Love Supreme,Jazz,1965,Very Good Plus,Germany,182.8,9595.0,No,Yes,4.7,2024-06-26,55.8
VL0046,D'Angelo,Voodoo,,2000,Near Mint,US,169.1,3574.0,No,Yes,4.6,2024-01-29,58.54
VL0047,Nirvana,Bleach,Rock,1989,Good,Germany,174.7,18051.0,Yes,No,4.4,2024-04-22,42.64
VL0048,The Beatles,Revolver,Rock,1966,Very Good Plus,France,208.6,5122.0,No,Yes,4.5,2024-07-12,61.61
VL0049,,Hail to the Thief,Alternative,2003,Very Good,US,197.1,14791.0,No,Yes,4.4,2026-05-13,78.61
VL0050,Queen,Sheer Heart Attack,Rock,1974,Very Good,UK,185.3,11922.0,No,Yes,4.4,2026-05-01,56.94
VL0051,The Beatles,With the Beatles,Rock,1963,Near Mint,Germany,143.3,3617.0,Yes,Yes,4.5,2024-05-04,54.4
VL0052,Aretha Franklin,Lady Soul,Soul,1968,Very Good,Japan,194.6,60000.0,No,Yes,4.4,2024-12-17,
VL0053,The Doors,Morrison Hotel,Rock,1970,Very Good Plus,US,204.8,,Yes,No,4.6,2026-04-10,64.39
VL0054,Michael Jackson,Dangerous,Pop,1991,Very Good,UK,188.4,15807.0,Yes,Yes,4.4,2026-06-12,65.1
VL0055,Kendrick Lamar,DAMN.,Hip-Hop,2017,Very Good Plus,US,182.7,15350.0,No,Yes,4.5,2025-10-08,63.58
VL0056,D'Angelo,Voodoo,R&B,2000,Very Good,US,191.4,,No,Yes,4.5,2024-03-13,45.43
VL0057,The Weeknd,Starboy,R&B,2016,Very Good,Canada,177.4,13092.0,No,Yes,4.6,2024-05-29,38.04
VL0058,The Cure,Faith,Alternative,1981,Very Good,US,186.5,12340.0,No,Yes,4.5,2024-02-12,33.38
VL0059,The Doors,Morrison Hotel,Rock,1970,Very Good,UK,184.6,15517.0,Yes,Yes,4.4,2024-10-08,63.19
VL0060,Elton John,Elton John,Pop,1970,Mint,Germany,163.2,,Yes,Yes,,2024-08-21,148.7
VL0061,John Coltrane,My Favorite Things,Jazz,1961,Very Good Plus,Germany,168.8,40973.0,No,Yes,4.6,2024-01-26,103.6
VL0062,Rihanna,Good Girl Gone Bad,Pop,2007,,US,195.8,6905.0,No,Yes,4.8,2026-03-12,80.58
VL0063,Radiohead,Amnesiac,Alternative,2001,Good,Germany,186.6,7818.0,No,,4.0,2025-07-02,30.25
VL0064,Taylor Swift,folklore,Pop,2020,Very Good Plus,Canada,183.5,38124.0,No,No,4.5,,38.82
VL0065,The Beatles,Sgt. Pepper's Lonely Hearts Club Band,Rock,1967,Very Good,France,170.3,10299.0,No,Yes,4.4,2025-05-19,32.49
VL0066,Taylor Swift,1989,Pop,2014,Very Good,US,180.1,7157.0,No,Yes,5.0,2025-10-28,22.75
VL0067,Kanye West,Late Registration,Hip-Hop,2005,Good,US,180.6,12916.0,No,No,4.0,2024-09-17,24.85
VL0068,Kanye West,Late Registration,Hip-Hop,2005,Near Mint,UK,178.2,4628.0,No,Yes,4.4,2024-09-19,88.72
VL0069,Prince,Lovesexy,Pop,1988,Very Good,Netherlands,162.9,9084.0,,Yes,5.0,2026-07-18,13.28
VL0070,Marvin Gaye,I Want You,Soul,1976,Very Good Plus,Germany,165.8,7965.0,Yes,Yes,5.0,2026-05-24,
VL0071,Mac Miller,Blue Slide Park,Hip-Hop,2011,Near Mint,US,182.5,5330.0,No,Yes,4.0,2024-08-09,54.36
VL0072,The Beatles,With the Beatles,Rock,1963,Very Good,Germany,196.2,8599.0,No,No,4.4,2025-02-01,29.41
VL0073,Aaliyah,Age Ain't Nothing but a Number,R&B,1994,Near Mint,Germany,,7275.0,No,Yes,3.9,2024-12-23,62.34
VL0074,The Beatles,With the Beatles,Rock,1963,Mint,US,181.6,13495.0,No,Yes,4.6,2025-01-28,
VL0075,Queen,The Game,Rock,1980,Very Good Plus,US,189.3,7262.0,No,Yes,3.7,2024-12-31,54.93
VL0076,The Weeknd,After Hours,R&B,2020,Near Mint,US,180.9,34464.0,No,Yes,4.7,2026-01-18,29.98
VL0077,The Cure,Wish,Alternative,1992,Near Mint,UK,187.0,7449.0,Yes,Yes,4.1,2025-05-24,85.39
VL0078,Oasis,Standing on the Shoulder of Giants,Rock,2000,Very Good Plus,,186.9,10271.0,Yes,Yes,5.0,2025-08-24,120.55
VL0079,Kate Bush,The Sensual World,Pop,1989,Very Good,Japan,191.0,19968.0,No,Yes,5.0,2026-02-17,40.87
VL0080,Dolly Parton,Coat of Many Colors,Country,1971,Very Good Plus,US,170.8,7560.0,No,Yes,4.7,2024-11-11,15.53
VL0081,The Weeknd,Starboy,R&B,2016,Very Good Plus,UK,,15698.0,No,Yes,4.5,2025-08-08,55.88
VL0082,Tame Impala,The Slow Rush,Rock,2020,Near Mint,Japan,172.6,,No,Yes,4.8,2025-03-10,71.14
VL0083,Jimi Hendrix,Axis: Bold as Love,Rock,1967,Very Good,US,178.3,8059.0,No,Yes,5.0,2026-01-04,25.56
VL0084,The Cure,Faith,Alternative,1981,Very Good Plus,US,178.3,42251.0,No,Yes,4.1,2024-10-13,52.99
VL0085,Lana Del Rey,Ultraviolence,Pop,2014,Very Good,Italy,189.6,31008.0,No,Yes,4.7,2026-07-14,30.74
VL0086,Simon & Garfunkel,Bookends,Folk,1968,Good,US,159.8,5309.0,Yes,Yes,,,45.45
VL0087,Aphex Twin,Richard D. James Album,Electronic,1996,Very Good Plus,UK,199.1,4445.0,No,Yes,4.0,2025-11-04,46.33
VL0088,Queen,Queen,Rock,1973,Very Good Plus,Japan,197.8,13146.0,No,Yes,4.2,,50.75
VL0089,Dolly Parton,Jolene,Country,1974,Near Mint,US,193.2,8783.0,No,Yes,4.1,2025-07-18,59.87
VL0090,Jimi Hendrix,Electric Ladyland,Rock,1968,Very Good,UK,174.0,6788.0,Yes,,3.8,2026-06-26,47.22
VL0091,Aretha Franklin,Spirit in the Dark,Soul,1970,Very Good,US,192.8,9855.0,No,Yes,4.8,2024-05-24,91.76
VL0092,Queen,News of the World,Rock,1977,Near Mint,Japan,187.1,7291.0,No,Yes,4.1,2026-06-04,126.96
VL0093,The Cure,Pornography,Alternative,1982,Very Good Plus,UK,160.6,13065.0,No,Yes,5.0,2026-08-02,71.13
VL0094,Prince,Dirty Mind,Pop,1980,Near Mint,Germany,160.9,13567.0,No,Yes,4.9,2024-12-16,77.48
VL0095,Elton John,Tumbleweed Connection,Rock,1970,Near Mint,Germany,179.2,9861.0,No,Yes,4.0,2026-04-27,84.42
VL0096,Kid Cudi,Man on the Moon II,Hip-Hop,2010,Very Good Plus,Japan,167.4,3068.0,Yes,Yes,4.3,2024-08-07,88.56
VL0097,Kendrick Lamar,Mr. Morale & the Big Steppers,Hip-Hop,2022,Very Good Plus,US,181.8,17853.0,No,Yes,4.7,2025-04-20,18.99
VL0098,The Smiths,The Queen Is Dead,Alternative,1986,Near Mint,US,190.3,60000.0,Yes,Yes,4.3,2024-07-15,34.61
VL0099,Kate Bush,The Sensual World,Pop,1989,Mint,Netherlands,,4393.0,No,Yes,4.5,2025-05-20,88.31
VL0100,The Rolling Stones,Sticky Fingers,,1971,Near Mint,US,140.7,10106.0,Yes,Yes,4.2,2024-02-09,49.83
VL0101,"Tyler, The Creator",CALL ME IF YOU GET LOST,Hip-Hop,2021,Near Mint,UK,,20868.0,No,Yes,5.0,2025-05-22,79.02
VL0102,Queen,,Rock,1975,Very Good Plus,Netherlands,196.6,11172.0,No,No,4.8,2025-11-18,120.85
VL0103,Prince,1999,Pop,1982,Very Good Plus,US,178.4,6728.0,No,Yes,4.6,2025-11-04,41.73
VL0104,The Cure,Pornography,,1982,Very Good,US,,,No,Yes,4.1,2026-07-30,31.26
VL0105,Gorillaz,Demon Days,,2005,Near Mint,Australia,175.2,6788.0,No,Yes,4.0,2025-12-31,16.52
VL0106,The Doors,L.A. Woman,Rock,1971,Good,Australia,191.4,39489.0,No,Yes,4.5,2024-06-22,
VL0107,Fleetwood Mac,Behind the Mask,Rock,1990,Near Mint,Germany,202.0,,No,Yes,4.7,2024-11-23,84.25
VL0108,The Doors,Waiting for the Sun,Rock,1968,,Canada,182.6,4604.0,Yes,Yes,4.1,2024-08-03,79.68
VL0109,Fleetwood Mac,Mirage,Rock,1982,Near Mint,Japan,207.6,21429.0,No,No,4.5,2026-05-27,39.3
VL0110,The Strokes,Is This It,Rock,2001,Very Good Plus,US,200.1,15204.0,Yes,Yes,,2026-01-12,124.59
VL0111,The Beatles,Let It Be,Rock,1970,Very Good Plus,Netherlands,212.7,6049.0,No,No,4.7,2026-05-12,23.88
VL0112,Pearl Jam,Vs.,Rock,1993,Very Good Plus,UK,164.5,49520.0,No,Yes,4.3,2024-03-09,
VL0113,The Rolling Stones,Tattoo You,Rock,1981,Very Good Plus,US,161.0,10019.0,Yes,Yes,4.6,2026-07-14,62.91
VL0114,Portishead,Dummy,Electronic,1994,Good,Netherlands,,11157.0,No,,4.2,2024-11-24,23.41
VL0115,Taylor Swift,Fearless,Pop,2008,Very Good,US,169.2,5347.0,No,No,4.6,2025-06-11,42.22
VL0116,Mac Miller,Watching Movies with the Sound Off,Hip-Hop,2013,Near Mint,Canada,209.8,8238.0,No,Yes,4.3,2026-06-23,29.57
VL0117,Led Zeppelin,Led Zeppelin III,Rock,1970,Very Good Plus,UK,185.9,18664.0,No,Yes,4.5,2026-02-12,55.07
VL0118,Led Zeppelin,In Through the Out Door,Rock,1979,Near Mint,US,196.7,60000.0,No,Yes,4.4,2026-04-02,
VL0119,Aphex Twin,Selected Ambient Works 85–92,Electronic,1992,,US,182.8,10435.0,No,Yes,3.8,2025-01-15,81.4
VL0120,Queen,Jazz,Rock,1978,Very Good Plus,Italy,177.5,2953.0,No,Yes,,2025-05-25,101.4
VL0121,Michael Jackson,Off the Wall,Pop,1979,,Japan,220.0,27197.0,No,Yes,4.1,2024-08-29,36.82
VL0122,Wu-Tang Clan,Enter the Wu-Tang (36 Chambers),Hip-Hop,1993,Very Good,US,177.9,,No,No,4.5,2026-06-10,17.51
VL0123,Kate Bush,The Kick Inside,Pop,1978,Very Good,UK,185.5,27981.0,No,Yes,5.0,2024-10-12,53.29
VL0124,Jimi Hendrix,Are You Experienced,Rock,1967,Very Good,Japan,184.6,13166.0,Yes,Yes,4.2,2025-12-31,50.97
VL0125,Oasis,Definitely Maybe,Rock,1994,Near Mint,US,174.8,40091.0,No,,4.5,2024-04-26,66.27
VL0126,Taylor Swift,folklore,Pop,2020,Very Good Plus,US,202.4,9287.0,Yes,Yes,3.4,2025-10-03,33.13
VL0127,Daft Punk,Discovery,Electronic,2001,Very Good Plus,Japan,194.5,3867.0,No,,4.4,2025-03-23,29.17
VL0128,Miles Davis,Sketches of Spain,Jazz,1960,Mint,Japan,184.2,13716.0,No,Yes,4.1,2025-09-05,42.94
VL0129,Bruno Mars,24K Magic,Pop,2016,Mint,US,185.5,8031.0,No,Yes,4.7,2024-05-16,51.31
VL0130,Pearl Jam,Vs.,Rock,1993,Very Good Plus,Netherlands,190.8,20001.0,Yes,Yes,4.6,2025-02-27,91.25
VL0131,Jay-Z,Reasonable Doubt,Hip-Hop,1996,Very Good Plus,US,,21477.0,No,Yes,4.4,2026-04-01,100.6
VL0132,Nirvana,Bleach,Rock,1989,Good,Japan,178.1,2223.0,No,No,,2025-09-21,57.35
VL0133,David Bowie,Diamond Dogs,Rock,1974,Very Good,Germany,168.2,14893.0,Yes,Yes,4.0,2026-08-16,120.75
VL0134,The Notorious B.I.G.,Life After Death,Hip-Hop,1997,Mint,France,168.1,6682.0,Yes,Yes,4.3,2024-12-09,118.52
VL0135,Led Zeppelin,In Through the Out Door,Rock,1979,Near Mint,US,179.3,16446.0,No,Yes,3.7,2026-06-18,73.94
VL0136,The Strokes,Is This It,Rock,2001,Mint,UK,,13231.0,No,Yes,3.6,2026-01-24,66.8
VL0137,"Tyler, The Creator",IGOR,Hip-Hop,2019,Good,US,185.0,5194.0,No,No,4.7,2024-05-06,17.2
VL0138,Taylor Swift,1989,Pop,2014,Very Good,Germany,158.3,5739.0,No,Yes,4.4,2026-05-26,60.29
VL0139,Bob Marley & The Wailers,Burnin',Reggae,1973,Near Mint,Canada,201.0,13846.0,Yes,Yes,4.5,2025-01-02,
VL0140,The Beach Boys,Sunflower,Rock,1970,Very Good,Japan,194.3,13129.0,Yes,Yes,3.8,2025-05-15,108.54
VL0141,Pink Floyd,More,Rock,1969,Near Mint,US,153.6,54129.0,No,Yes,,2024-03-23,56.37
VL0142,Aretha Franklin,Spirit in the Dark,Soul,1970,Very Good,Germany,161.8,3186.0,Yes,Yes,4.1,2024-06-03,64.86
VL0143,Stevie Wonder,Fulfillingness' First Finale,Soul,1974,Good,UK,194.0,55784.0,No,Yes,4.8,2024-11-21,43.94
VL0144,The Strokes,Room on Fire,Rock,2003,Near Mint,US,154.6,21777.0,,Yes,4.4,2026-02-19,35.57
VL0145,Taylor Swift,,Pop,2012,Very Good Plus,Netherlands,183.7,17258.0,Yes,Yes,4.2,2024-04-07,77.15
VL0146,Erykah Badu,New Amerykah Part One,R&B,2008,Near Mint,Japan,187.5,20943.0,No,Yes,4.7,2025-10-28,
VL0147,Taylor Swift,folklore,Pop,2020,Very Good,UK,173.7,28869.0,Yes,,4.2,2025-10-29,80.2
VL0148,David Bowie,Aladdin Sane,Rock,1973,Very Good,UK,174.2,13331.0,Yes,,4.4,2024-03-12,37.12
VL0149,Led Zeppelin,Led Zeppelin II,Rock,1969,Very Good Plus,UK,194.3,24426.0,No,Yes,3.9,2026-07-31,30.61
VL0150,Dr. Dre,The Chronic,Hip-Hop,1992,Very Good,US,174.0,11078.0,Yes,Yes,4.5,2024-01-10,
VL0151,Billie Eilish,"When We All Fall Asleep, Where Do We Go?",Pop,2019,Near Mint,Netherlands,220.0,,No,Yes,4.7,2025-02-25,74.78
VL0152,Mac Miller,Swimming,Hip-Hop,2018,Very Good Plus,US,170.3,8028.0,No,Yes,4.2,,41.99
VL0153,David Bowie,Low,Rock,1977,Very Good,US,185.0,15678.0,No,Yes,4.5,2026-02-26,37.61
VL0154,Aretha Franklin,Lady Soul,Soul,1968,Near Mint,Netherlands,149.0,18679.0,No,Yes,3.7,2026-04-25,63.03
VL0155,Aretha Franklin,Lady Soul,Soul,1968,Very Good,US,183.4,8635.0,No,No,4.4,2025-08-16,62.62
VL0156,Bob Marley & The Wailers,Kaya,Reggae,1978,Good,US,158.3,3517.0,Yes,No,4.6,2024-11-21,52.01
VL0157,Queen,Jazz,Rock,1978,Near Mint,Netherlands,181.6,10103.0,No,Yes,5.0,2024-05-23,136.46
VL0158,Lana Del Rey,Norman Fucking Rockwell!,Pop,2019,Very Good Plus,Netherlands,167.2,11733.0,Yes,No,4.4,2024-05-07,74.53
VL0159,Queen,Queen,Rock,1973,Very Good Plus,US,159.2,11163.0,Yes,Yes,4.5,2025-03-24,139.3
VL0160,Johnny Cash,At Folsom Prison,Country,1968,Very Good Plus,US,192.5,6459.0,No,Yes,,2026-05-02,
VL0161,Miles Davis,Kind of Blue,Jazz,1959,Very Good Plus,US,168.4,,No,Yes,4.7,2026-07-05,46.43
VL0162,Radiohead,Hail to the Thief,Alternative,2003,Near Mint,US,174.1,32516.0,No,Yes,4.7,,48.52
VL0163,Amy Winehouse,Back to Black,Soul,2006,,Italy,192.4,24814.0,No,Yes,4.5,2024-06-13,61.14
VL0164,Elton John,Captain Fantastic and the Brown Dirt Cowboy,Rock,1975,Very Good Plus,UK,171.7,18509.0,Yes,,4.9,2025-01-01,55.26
VL0165,Pink Floyd,Meddle,Rock,1971,Very Good Plus,Italy,180.2,,No,No,4.3,2025-11-30,25.73
VL0166,Elton John,Goodbye Yellow Brick Road,Rock,1973,Very Good Plus,UK,,38966.0,No,Yes,4.4,2025-02-03,15.54
VL0167,Pink Floyd,More,Rock,1969,Very Good,Italy,206.2,25109.0,No,Yes,4.5,2026-07-16,62.07
VL0168,Nirvana,In Utero,Rock,1993,Very Good Plus,US,174.8,14053.0,No,Yes,4.6,2026-06-15,27.87
VL0169,Pink Floyd,Animals,Rock,1977,Very Good,US,171.1,5015.0,No,No,3.9,2024-10-05,124.19
VL0170,Erykah Badu,Worldwide Underground,R&B,2003,Very Good Plus,Australia,150.4,7194.0,Yes,Yes,4.8,2024-03-06,30.54
VL0171,Outkast,Southernplayalisticadillacmuzik,Hip-Hop,1994,Near Mint,US,,10632.0,No,Yes,4.8,2024-11-20,155.88
VL0172,Pink Floyd,Meddle,Rock,1971,Very Good Plus,US,193.5,9232.0,,Yes,5.0,2026-03-18,28.35
VL0173,"Tyler, The Creator",Wolf,Hip-Hop,2013,Very Good,Australia,172.5,8448.0,Yes,No,4.7,2026-01-05,67.73
VL0174,Kendrick Lamar,To Pimp a Butterfly,Hip-Hop,2015,Very Good,Italy,186.1,,,Yes,3.8,2026-01-12,80.95
VL0175,John Coltrane,Giant Steps,Jazz,1960,Good,US,180.9,12025.0,No,No,4.2,2024-05-24,34.69
VL0176,Depeche Mode,Songs of Faith and Devotion,Electronic,1993,Near Mint,Germany,192.2,5691.0,Yes,Yes,4.2,2024-07-22,142.46
VL0177,Nas,It Was Written,Hip-Hop,1996,Near Mint,US,200.3,9554.0,Yes,Yes,4.1,2025-05-01,71.35
VL0178,Whitney Houston,I'm Your Baby Tonight,Pop,1990,Very Good Plus,US,208.9,4692.0,No,Yes,4.7,2025-09-05,50.79
VL0179,Elton John,Tumbleweed Connection,Rock,1970,Very Good Plus,US,191.3,6402.0,No,Yes,4.8,2024-06-01,43.63
VL0180,Nas,Illmatic,Hip-Hop,1994,Good,Netherlands,196.1,12859.0,No,Yes,4.2,2026-07-14,17.02
VL0181,Queen,A Night at the Opera,Rock,1975,Very Good Plus,UK,175.2,,No,Yes,4.3,2024-05-30,94.48
VL0182,The Smiths,Meat Is Murder,Alternative,1985,Very Good,Netherlands,174.1,23156.0,No,Yes,4.7,2025-01-22,50.33
VL0183,MF DOOM,Operation: Doomsday,Hip-Hop,1999,Very Good Plus,,159.4,1819.0,No,Yes,4.2,2026-02-15,
VL0184,Miles Davis,Sketches of Spain,Jazz,1960,Near Mint,UK,163.2,7584.0,Yes,,4.3,,80.24
VL0185,Radiohead,Kid A,Alternative,2000,Very Good Plus,Canada,172.3,4811.0,Yes,Yes,4.1,2025-12-02,83.18
VL0186,The Doors,The Doors,Rock,1967,Good,UK,198.3,7403.0,No,No,4.3,2026-06-01,
VL0187,Arctic Monkeys,AM,Rock,2013,Mint,US,197.4,25183.0,No,Yes,4.6,2025-06-03,42.62
VL0188,Mac Miller,Swimming,,2018,Near Mint,UK,198.2,5917.0,No,Yes,3.9,2026-07-07,131.79
VL0189,Madonna,Like a Prayer,Pop,1989,,US,198.1,39100.0,No,Yes,4.6,2025-12-27,14.65
VL0190,Kendrick Lamar,Mr. Morale & the Big Steppers,Hip-Hop,2022,Mint,US,183.1,3463.0,No,Yes,4.4,2026-04-02,86.84
VL0191,Daft Punk,Random Access Memories,Electronic,2013,Very Good,US,184.7,16191.0,No,Yes,4.8,2024-04-18,82.66
VL0192,The Rolling Stones,Goats Head Soup,,1973,Very Good,US,172.0,15320.0,No,No,4.8,2026-03-11,27.63
VL0193,Aaliyah,Age Ain't Nothing but a Number,R&B,1994,Very Good Plus,UK,155.8,22334.0,No,Yes,4.0,2024-01-08,49.77
VL0194,Miles Davis,Bitches Brew,Jazz,1970,Near Mint,,208.2,53097.0,No,Yes,4.7,2025-05-20,34.57
VL0195,Bob Marley & The Wailers,Burnin',Reggae,1973,Very Good Plus,Netherlands,205.4,14305.0,No,,4.6,2024-12-17,46.97
VL0196,The Beatles,The Beatles,Rock,1968,Very Good Plus,UK,,,No,Yes,4.7,,28.42
VL0197,Red Hot Chili Peppers,Californication,Rock,1999,Good,UK,162.4,11693.0,No,No,4.7,2025-02-28,33.26
VL0198,The Doors,Strange Days,Rock,1967,Very Good,Netherlands,180.2,6553.0,No,Yes,4.3,2024-03-02,49.31
VL0199,Led Zeppelin,Physical Graffiti,Rock,1975,Very Good Plus,UK,187.4,25987.0,Yes,Yes,4.7,2025-05-12,21.92
VL0200,Outkast,ATLiens,Hip-Hop,1996,Very Good,Japan,,31995.0,No,No,4.7,2025-05-06,
VL0201,Madonna,Like a Prayer,Pop,1989,Very Good,US,192.5,11566.0,Yes,Yes,4.5,2024-10-31,92.51
VL0202,Simon & Garfunkel,Bridge over Troubled Water,Folk,1970,Good,Australia,191.8,4396.0,Yes,Yes,4.6,2025-05-24,33.66
VL0203,The Rolling Stones,Sticky Fingers,Rock,1971,Very Good Plus,US,187.1,21007.0,No,,4.6,2025-12-29,100.03
VL0204,Depeche Mode,Songs of Faith and Devotion,Electronic,1993,Very Good Plus,UK,215.7,45679.0,No,Yes,4.3,2026-04-05,60.85
VL0205,,The Dark Side of the Moon,Rock,1973,Very Good Plus,France,176.6,11719.0,,Yes,4.2,2026-06-22,96.45
VL0206,Kate Bush,Hounds of Love,Pop,1985,Very Good,UK,,9979.0,No,Yes,3.7,2025-07-06,84.54
VL0207,The Doors,The Doors,Rock,1967,Near Mint,Germany,200.9,12617.0,No,No,4.7,2024-12-11,76.22
VL0208,Lady Gaga,The Fame,Pop,2008,Very Good,US,149.1,9709.0,No,Yes,4.7,2025-07-22,13.2
VL0209,The Doors,The Doors,Rock,1967,Very Good,UK,168.1,4723.0,No,Yes,4.4,2025-10-27,46.84
VL0210,The Beatles,Revolver,Rock,1966,Mint,US,172.6,,No,Yes,4.3,2025-09-08,129.31
VL0211,Marvin Gaye,Let's Get It On,Soul,1973,Very Good,Germany,183.1,1393.0,No,No,4.6,2024-05-29,39.57
VL0212,Massive Attack,Mezzanine,Electronic,1998,Very Good,France,218.7,,No,Yes,3.9,2026-01-05,47.71
VL0213,Kanye West,Graduation,Hip-Hop,2007,Near Mint,Canada,202.6,11294.0,No,Yes,4.1,2025-08-22,51.35
VL0214,Depeche Mode,Violator,Electronic,1990,Very Good Plus,France,159.0,10746.0,No,Yes,5.0,2024-03-16,68.78
VL0215,Kate Bush,The Sensual World,Pop,1989,Good,US,175.2,13081.0,Yes,Yes,4.3,2025-08-05,21.56
VL0216,Daft Punk,Discovery,Electronic,2001,Mint,Australia,172.8,15377.0,No,Yes,4.0,2024-07-14,90.53
VL0217,Bob Marley & The Wailers,Catch a Fire,Reggae,1973,Very Good,UK,183.8,16259.0,,Yes,4.7,2025-08-07,40.2
VL0218,David Bowie,Heroes,Rock,1977,Very Good,Germany,181.5,,No,Yes,4.4,2025-05-13,33.15
VL0219,Massive Attack,Protection,Electronic,1994,Very Good Plus,UK,220.0,15318.0,No,Yes,4.6,,
VL0220,The Rolling Stones,Beggars Banquet,Rock,1968,Very Good Plus,France,205.7,23836.0,Yes,Yes,5.0,2026-02-27,109.44
VL0221,Queen,Queen,Rock,1973,Near Mint,US,172.6,9571.0,,Yes,4.2,2024-09-13,38.18
VL0222,Nas,Illmatic,Hip-Hop,1994,Very Good Plus,US,201.8,15233.0,No,Yes,4.3,2025-05-08,42.95
VL0223,Nina Simone,Little Girl Blue,Jazz,1959,Very Good Plus,France,188.9,8790.0,No,Yes,4.4,2024-06-10,33.16
VL0224,Marvin Gaye,What's Going On,Soul,1971,,,167.8,16202.0,No,Yes,4.5,2024-03-14,35.32
VL0225,Stevie Wonder,Talking Book,Soul,1972,Very Good Plus,France,171.2,21430.0,No,Yes,4.2,2025-09-06,32.28
VL0226,The Weeknd,Trilogy,R&B,2012,Very Good Plus,US,177.7,8570.0,No,Yes,5.0,2026-04-25,113.68
VL0227,John Coltrane,Ascension,Jazz,1966,Near Mint,US,184.7,8733.0,No,Yes,4.4,2025-06-26,39.83
VL0228,Rihanna,Good Girl Gone Bad,Pop,2007,,UK,215.1,27732.0,,Yes,5.0,2024-10-21,82.25
VL0229,Radiohead,In Rainbows,Alternative,2007,Near Mint,US,188.2,,No,Yes,4.8,2025-12-29,58.77
VL0230,D'Angelo,Brown Sugar,R&B,1995,Very Good Plus,UK,189.1,4697.0,No,Yes,4.2,2024-12-16,33.61
VL0231,John Coltrane,A Love Supreme,Jazz,1965,Very Good Plus,Japan,162.9,60000.0,No,,4.4,2025-10-17,36.94
VL0232,Queen,Queen II,,1974,Very Good Plus,UK,161.7,28131.0,No,Yes,4.0,2026-02-13,46.13
VL0233,Lana Del Rey,Born to Die,Pop,2012,Very Good,US,210.8,3319.0,No,Yes,4.8,2025-10-28,91.04
VL0234,Mac Miller,Swimming,Hip-Hop,2018,Very Good,Australia,171.0,35457.0,Yes,No,4.3,2024-08-15,63.12
VL0235,The Beatles,Let It Be,Rock,1970,Mint,Germany,182.3,21602.0,Yes,Yes,4.8,2024-04-20,124.87
VL0236,"Tyler, The Creator",Goblin,Hip-Hop,2011,Very Good,US,166.9,14305.0,No,No,4.4,2024-11-17,29.45
VL0237,"Tyler, The Creator",Wolf,Hip-Hop,2013,Very Good Plus,Germany,152.7,9019.0,No,Yes,4.5,2025-01-16,95.37
VL0238,Björk,Post,Electronic,1995,Very Good,US,174.9,21018.0,Yes,,4.9,2024-01-08,39.05
VL0239,Radiohead,The Bends,Alternative,1995,,US,193.1,14080.0,No,Yes,4.6,2024-10-01,87.92
VL0240,"Tyler, The Creator",Flower Boy,Hip-Hop,2017,Very Good Plus,UK,174.4,10660.0,No,Yes,4.7,2024-09-07,
VL0241,Miles Davis,Bitches Brew,Jazz,1970,Very Good,Japan,173.2,3898.0,No,Yes,4.7,2024-02-27,32.42
VL0242,SZA,SOS,R&B,2022,Good,US,165.6,,No,No,4.2,2025-08-27,33.56
VL0243,,A Moon Shaped Pool,Alternative,2016,Very Good Plus,Germany,187.2,7804.0,Yes,No,4.4,2024-05-08,78.2
VL0244,Whitney Houston,Whitney Houston,Pop,1985,Very Good,Canada,173.4,11162.0,No,Yes,4.9,2026-07-14,51.76
VL0245,Tame Impala,Lonerism,Rock,2012,Mint,UK,189.7,34320.0,No,Yes,,2025-11-01,45.75
VL0246,The Rolling Stones,Let It Bleed,Rock,1969,Good,Italy,166.6,34016.0,No,Yes,4.1,2025-10-27,16.09
VL0247,Bob Marley & The Wailers,Rastaman Vibration,Reggae,1976,Very Good,Netherlands,196.6,25181.0,No,Yes,4.5,2025-04-03,37.4
VL0248,Aretha Franklin,,Soul,1968,Very Good Plus,US,176.6,10173.0,No,Yes,3.7,2025-04-07,35.24
VL0249,Aretha Franklin,Spirit in the Dark,Soul,1970,Very Good Plus,US,181.8,12690.0,No,Yes,4.0,2025-08-03,70.03
VL0250,David Bowie,Young Americans,Rock,1975,Mint,Australia,171.1,10896.0,,Yes,4.3,2025-04-25,24.8
VL0251,J Dilla,Donuts,Hip-Hop,2006,Near Mint,Netherlands,186.9,4479.0,,Yes,4.5,,49.48
VL0252,Taylor Swift,reputation,Pop,2017,Very Good Plus,US,,8890.0,No,Yes,4.1,2026-04-30,28.31
VL0253,Prince,Purple Rain,Pop,1984,Very Good Plus,Germany,188.6,3467.0,No,Yes,3.8,2024-02-19,
VL0254,A Tribe Called Quest,The Low End Theory,Hip-Hop,1991,Near Mint,US,190.2,26396.0,No,Yes,4.3,2025-12-22,
VL0255,Pink Floyd,The Piper at the Gates of Dawn,Rock,1967,Very Good,Germany,181.5,8796.0,No,No,4.8,2025-10-18,27.49
VL0256,Fleetwood Mac,Mirage,Rock,1982,Near Mint,UK,182.1,14974.0,No,Yes,4.3,2024-06-23,108.03
VL0257,Madonna,Ray of Light,,1998,Very Good Plus,France,196.1,4495.0,No,Yes,4.2,2024-07-19,37.17
VL0258,John Coltrane,A Love Supreme,Jazz,1965,Near Mint,UK,201.0,7543.0,No,Yes,4.9,2026-01-24,80.79
VL0259,Bob Dylan,The Freewheelin' Bob Dylan,Folk,1963,Near Mint,Netherlands,197.3,14041.0,No,Yes,4.8,2024-02-12,145.51
VL0260,Dr. Dre,2001,Hip-Hop,1999,Very Good,,185.8,1656.0,No,Yes,4.8,2026-04-17,
VL0261,The Smiths,The Queen Is Dead,Alternative,1986,Near Mint,Germany,169.7,22292.0,No,No,3.9,2026-06-09,42.6
VL0262,Queen,Queen,Rock,1973,Near Mint,US,182.6,22561.0,Yes,Yes,4.2,2024-06-19,84.89
VL0263,Billie Eilish,"When We All Fall Asleep, Where Do We Go?",Pop,2019,Very Good,Germany,172.8,4569.0,No,Yes,4.8,2024-10-26,75.65
VL0264,Pink Floyd,The Dark Side of the Moon,Rock,1973,Very Good Plus,US,170.9,13023.0,No,Yes,4.4,2026-08-15,117.87
VL0265,The Beach Boys,Sunflower,Rock,1970,Good,US,168.1,3653.0,No,Yes,4.1,2025-07-16,40.71
VL0266,Elton John,Goodbye Yellow Brick Road,Rock,1973,Very Good,US,160.3,37686.0,No,Yes,4.8,2024-10-08,33.81
VL0267,The Rolling Stones,Let It Bleed,,1969,Very Good Plus,Australia,200.7,22083.0,No,No,4.2,2026-02-10,18.86
VL0268,Massive Attack,100th Window,Electronic,2003,Very Good,UK,148.9,4425.0,Yes,Yes,4.2,2025-03-11,118.8
VL0269,Aaliyah,One in a Million,R&B,1996,Good,Germany,197.1,14398.0,No,Yes,4.7,2026-08-08,59.89
VL0270,The Cure,Faith,Alternative,1981,Very Good Plus,UK,200.6,41443.0,No,Yes,4.0,2024-08-11,
VL0271,The Rolling Stones,Sticky Fingers,Rock,1971,Good,US,188.3,42893.0,,No,4.1,2025-02-02,13.56
VL0272,Kanye West,Late Registration,Hip-Hop,2005,Very Good,UK,,23268.0,No,Yes,4.8,2025-11-13,26.07
VL0273,The Rolling Stones,Beggars Banquet,Rock,1968,Very Good,US,,4518.0,No,Yes,4.6,2025-04-05,70.08
VL0274,Led Zeppelin,In Through the Out Door,Rock,1979,Very Good Plus,US,156.2,8061.0,No,Yes,4.0,2025-03-24,43.01
VL0275,Radiohead,OK Computer,Alternative,1997,Very Good,,184.8,12589.0,No,Yes,4.1,2026-07-28,45.86
VL0276,Bob Dylan,John Wesley Harding,Rock,1967,Near Mint,US,157.6,,No,Yes,4.4,2025-07-15,54.05
VL0277,Erykah Badu,Mama's Gun,R&B,2000,Very Good Plus,Italy,175.1,9077.0,No,Yes,4.4,2024-05-30,130.59
VL0278,Red Hot Chili Peppers,Californication,Rock,1999,,US,180.7,26845.0,No,,3.9,2024-01-07,60.29
VL0279,The Rolling Stones,Goats Head Soup,Rock,1973,Very Good Plus,Germany,196.9,18772.0,Yes,Yes,4.6,2026-04-21,
VL0280,Lana Del Rey,Norman Fucking Rockwell!,Pop,2019,Very Good Plus,US,171.3,2753.0,No,Yes,4.1,2025-05-07,
VL0281,Jimi Hendrix,Electric Ladyland,Rock,1968,Very Good,France,184.3,36360.0,No,Yes,4.6,2025-10-26,20.92
VL0282,The Weeknd,After Hours,R&B,2020,Very Good Plus,UK,171.5,,Yes,Yes,5.0,2026-01-27,
VL0283,Kanye West,My Beautiful Dark Twisted Fantasy,Hip-Hop,2010,Very Good Plus,Germany,193.1,6763.0,Yes,Yes,3.9,2026-02-09,116.59
VL0284,Miles Davis,Bitches Brew,Jazz,1970,Near Mint,Germany,156.6,15267.0,No,Yes,4.9,2024-11-24,57.88
VL0285,The Smiths,"Strangeways, Here We Come",Alternative,1987,Very Good,UK,,4898.0,No,Yes,,2025-12-17,
VL0286,A Tribe Called Quest,Midnight Marauders,Hip-Hop,1993,Very Good Plus,Canada,177.2,,No,,4.9,2026-05-18,18.07
VL0287,Lana Del Rey,Honeymoon,Pop,2015,Very Good,Netherlands,192.3,19826.0,No,Yes,4.4,2024-12-01,33.26
VL0288,The Weeknd,Trilogy,R&B,2012,Very Good Plus,US,192.5,4527.0,No,Yes,4.2,2025-09-22,
VL0289,Jimi Hendrix,Axis: Bold as Love,Rock,1967,Very Good,France,188.8,14491.0,No,No,4.1,2025-03-13,33.66
VL0290,Aaliyah,Age Ain't Nothing but a Number,R&B,1994,Very Good,US,194.0,10327.0,No,Yes,4.8,2025-07-04,82.74
VL0291,Johnny Cash,Johnny Cash at San Quentin,Country,1969,Very Good,Australia,178.4,2455.0,No,Yes,4.0,2025-11-16,52.24
VL0292,Bob Dylan,Blood on the Tracks,Rock,1975,Very Good,Germany,149.0,4664.0,No,Yes,4.9,2025-01-18,38.24
VL0293,Nirvana,Nevermind,Rock,1991,Very Good,US,162.5,20700.0,No,Yes,4.2,,15.64
VL0294,Madonna,Like a Prayer,Pop,1989,Very Good Plus,US,169.1,14273.0,No,Yes,4.3,2025-01-25,22.9
VL0295,A Tribe Called Quest,Midnight Marauders,Hip-Hop,1993,Mint,Italy,179.0,5550.0,,Yes,4.9,2025-12-04,71.16
VL0296,Oasis,Definitely Maybe,Rock,1994,Very Good Plus,US,196.5,27957.0,,Yes,4.3,2025-10-28,
VL0297,Bob Marley & The Wailers,Burnin',Reggae,1973,,,163.3,24699.0,No,Yes,4.2,2024-08-07,21.35
VL0298,Elton John,Honky Château,,1972,Mint,Canada,176.8,19451.0,No,,4.4,2026-06-04,
VL0299,John Coltrane,My Favorite Things,Jazz,1961,,Australia,177.8,19335.0,Yes,Yes,5.0,2024-07-01,
VL0300,Radiohead,Pablo Honey,Alternative,1993,Good,US,202.8,5271.0,No,Yes,,,
VL0301,Lana Del Rey,Honeymoon,Pop,2015,Very Good,Italy,164.8,11922.0,,No,4.8,2025-11-05,35.25
VL0302,Oasis,Definitely Maybe,Rock,1994,Very Good,US,,7258.0,,Yes,4.3,2026-03-21,50.33
VL0303,Red Hot Chili Peppers,Californication,Rock,1999,Very Good,Japan,159.9,,No,Yes,4.4,2024-06-21,
VL0304,,Diamond Dogs,Rock,1974,Very Good,Germany,,12926.0,Yes,Yes,3.9,2025-01-05,28.53
VL0305,Amy Winehouse,Back to Black,Soul,2006,Near Mint,Germany,183.4,7452.0,No,Yes,4.2,2026-05-02,75.96
VL0306,Oasis,(What's the Story) Morning Glory?,Rock,1995,Very Good Plus,US,164.8,9678.0,,Yes,4.0,2026-02-14,41.56
VL0307,Miles Davis,Sketches of Spain,Jazz,1960,Very Good Plus,Netherlands,200.5,9783.0,No,Yes,3.7,2026-02-22,105.29
VL0308,Marvin Gaye,I Want You,Soul,1976,Mint,Netherlands,176.9,,No,Yes,4.5,2026-02-03,52.25
VL0309,Radiohead,In Rainbows,Alternative,2007,Very Good Plus,Netherlands,199.3,11929.0,No,,4.9,2024-03-18,35.9
VL0310,Jimi Hendrix,Axis: Bold as Love,Rock,1967,Near Mint,US,162.2,8267.0,,Yes,4.0,,85.34
VL0311,The Cure,Pornography,Alternative,1982,Very Good Plus,France,173.5,20157.0,No,Yes,4.4,2024-06-12,22.44
VL0312,The Cure,Pornography,Alternative,1982,Near Mint,US,187.8,4473.0,Yes,,4.4,2025-06-17,55.92
VL0313,Marvin Gaye,What's Going On,Soul,1971,Very Good Plus,Japan,190.3,29813.0,No,Yes,4.7,2024-06-22,47.13
VL0314,Kendrick Lamar,"good kid, m.A.A.d city",Hip-Hop,2012,Near Mint,US,196.1,28745.0,No,Yes,4.8,2025-10-15,37.73
VL0315,,To Pimp a Butterfly,Hip-Hop,2015,Very Good Plus,,171.5,2617.0,No,Yes,3.6,2025-05-13,27.36
VL0316,David Bowie,Station to Station,Rock,1976,Near Mint,UK,175.5,9875.0,No,Yes,4.2,2024-10-20,107.14
VL0317,Queen,News of the World,Rock,1977,Near Mint,France,195.7,25447.0,No,Yes,4.4,2024-06-02,84.19
VL0318,Bob Dylan,Blonde on Blonde,Rock,1966,,US,136.3,,Yes,Yes,3.8,2024-08-11,185.82
VL0319,The Cure,Seventeen Seconds,Alternative,1980,,France,198.2,34499.0,No,Yes,4.3,2024-03-19,72.92
VL0320,Prince,Lovesexy,Pop,1988,Very Good,US,165.1,4981.0,Yes,,4.4,2024-01-19,
VL0321,Mac Miller,GO:OD AM,Hip-Hop,2015,Very Good,US,162.0,52908.0,No,Yes,4.7,2024-10-02,25.36
VL0322,The Cure,Faith,Alternative,1981,Near Mint,Canada,156.7,22744.0,No,Yes,4.5,2025-12-05,167.71
VL0323,The Strokes,Is This It,Rock,2001,Near Mint,US,205.2,6066.0,No,Yes,4.4,2025-03-21,34.93
VL0324,Stevie Wonder,Innervisions,Soul,1973,Good,UK,169.8,14332.0,No,No,,2024-11-22,25.87
VL0325,Taylor Swift,Red,Pop,2012,Near Mint,Netherlands,189.9,14873.0,Yes,Yes,4.7,2025-10-11,59.25
VL0326,Radiohead,Kid A,Alternative,2000,Mint,UK,193.4,5502.0,No,Yes,4.9,2026-01-04,
VL0327,Adele,25,Pop,2015,Very Good Plus,Germany,174.6,3997.0,Yes,Yes,4.4,2025-04-25,122.18
VL0328,Pink Floyd,A Saucerful of Secrets,Rock,1968,Near Mint,,174.7,,No,Yes,4.2,2026-01-20,82.53
VL0329,Madonna,Like a Virgin,Pop,1984,Very Good Plus,US,146.3,4256.0,No,Yes,5.0,2026-07-06,38.25
VL0330,Massive Attack,Protection,Electronic,1994,Very Good,US,170.6,9288.0,No,Yes,4.0,2026-06-02,39.39
VL0331,Depeche Mode,Speak & Spell,Electronic,1981,,Germany,192.8,21691.0,No,Yes,4.2,2026-04-01,53.56
VL0332,Red Hot Chili Peppers,Stadium Arcadium,Rock,2006,Very Good Plus,France,182.7,18820.0,No,Yes,4.2,2026-07-25,19.14
VL0333,Elton John,Madman Across the Water,Rock,1971,Very Good,US,206.0,32207.0,Yes,Yes,4.2,2025-08-31,25.72
VL0334,Jay-Z,Reasonable Doubt,Hip-Hop,1996,Very Good Plus,US,179.6,33041.0,No,Yes,4.5,2024-12-08,
VL0335,David Bowie,Low,Rock,1977,Very Good Plus,UK,183.1,25277.0,Yes,Yes,4.7,2024-02-19,71.13
VL0336,Lady Gaga,The Fame,Pop,2008,Near Mint,Germany,173.3,5381.0,No,Yes,,2024-02-22,103.25
VL0337,"Tyler, The Creator",Flower Boy,Hip-Hop,2017,Very Good,US,174.1,9127.0,No,No,4.0,2025-04-27,54.84
VL0338,Radiohead,Pablo Honey,Alternative,1993,Near Mint,Germany,199.4,10955.0,No,Yes,5.0,2024-07-13,58.19
VL0339,D'Angelo,Voodoo,R&B,2000,Near Mint,US,179.1,6327.0,No,Yes,4.5,2025-07-13,40.39
VL0340,Pink Floyd,Ummagumma,Rock,1969,Very Good Plus,US,202.2,,No,Yes,4.2,2026-08-04,30.55
VL0341,SZA,Ctrl,R&B,2017,Very Good Plus,France,167.5,32814.0,Yes,Yes,4.3,2024-08-12,17.94
VL0342,Beyoncé,B'Day,R&B,2006,Very Good,Germany,166.8,12708.0,Yes,Yes,4.6,2025-09-06,33.13
VL0343,Pearl Jam,Vs.,Rock,1993,Very Good,Netherlands,160.2,8267.0,No,Yes,4.4,2024-05-01,28.19
VL0344,The Beach Boys,Sunflower,Rock,1970,Very Good Plus,UK,175.0,22333.0,No,Yes,3.8,2025-07-08,91.88
VL0345,Adele,19,,2008,Very Good,Germany,169.4,6741.0,Yes,Yes,4.6,2025-01-03,89.33
VL0346,Kanye West,Graduation,Hip-Hop,2007,Near Mint,Germany,161.2,12295.0,No,No,4.1,2025-09-09,85.9
VL0347,MF DOOM,Operation: Doomsday,Hip-Hop,1999,Very Good Plus,Australia,,4315.0,No,Yes,4.5,2025-01-26,32.79
VL0348,Fleetwood Mac,Mirage,Rock,1982,Near Mint,US,196.1,4146.0,No,Yes,4.1,2025-06-01,70.12
VL0349,The Beatles,Abbey Road,Rock,1969,Very Good Plus,US,191.3,4533.0,No,Yes,4.9,2024-10-13,34.72
VL0350,The Doors,Waiting for the Sun,Rock,1968,Very Good,Netherlands,179.1,38831.0,No,No,4.7,2026-01-17,43.44
VL0351,Erykah Badu,Baduizm,R&B,1997,Near Mint,UK,151.4,18285.0,No,Yes,3.9,2024-11-22,92.14
VL0352,Outkast,Southernplayalisticadillacmuzik,Hip-Hop,1994,Very Good Plus,Japan,182.1,4584.0,No,Yes,4.4,2026-04-27,45.22
VL0353,Gorillaz,Demon Days,Alternative,2005,Mint,Italy,188.3,6350.0,Yes,Yes,4.4,2025-10-11,255.51
VL0354,Aaliyah,Age Ain't Nothing but a Number,R&B,1994,Mint,UK,169.8,32470.0,No,Yes,4.9,2024-06-18,
VL0355,Prince,Lovesexy,Pop,1988,Good,US,160.4,17258.0,No,Yes,4.4,2024-01-16,65.47
VL0356,Elton John,Tumbleweed Connection,Rock,1970,Very Good Plus,Germany,173.3,6502.0,,Yes,4.5,2026-07-17,56.89
VL0357,Beyoncé,B'Day,R&B,2006,Very Good Plus,US,186.4,9133.0,No,Yes,5.0,2024-07-01,56.42
VL0358,Mac Miller,Blue Slide Park,Hip-Hop,2011,Very Good,UK,,2796.0,No,Yes,4.1,2025-03-04,18.85
VL0359,Taylor Swift,reputation,Pop,2017,Very Good Plus,US,171.7,29222.0,No,No,,2026-06-16,10.0
VL0360,Gorillaz,Gorillaz,Alternative,2001,Very Good Plus,Japan,175.8,3835.0,No,No,4.5,2024-07-14,43.04
VL0361,Kendrick Lamar,"good kid, m.A.A.d city",Hip-Hop,2012,Very Good,US,199.3,13317.0,Yes,Yes,4.7,2024-12-11,
VL0362,Bob Dylan,The Freewheelin' Bob Dylan,Folk,1963,Very Good,US,172.0,18982.0,No,Yes,4.1,2024-01-24,43.16
VL0363,Pink Floyd,Wish You Were Here,Rock,1975,Very Good,Germany,162.7,,No,Yes,4.4,2025-11-05,23.22
VL0364,Kanye West,My Beautiful Dark Twisted Fantasy,Hip-Hop,2010,Near Mint,Canada,171.8,5050.0,No,Yes,4.8,2024-04-03,32.24
VL0365,Fleetwood Mac,Behind the Mask,Rock,1990,Mint,Japan,196.9,9141.0,No,Yes,4.6,,152.57
VL0366,Lana Del Rey,Honeymoon,Pop,2015,Mint,US,194.7,21407.0,No,Yes,5.0,2024-04-21,92.55
VL0367,The Beatles,Help!,Rock,1965,Mint,Germany,,,No,Yes,4.6,2026-02-17,64.76
VL0368,Kendrick Lamar,To Pimp a Butterfly,Hip-Hop,2015,Very Good,Germany,172.6,4106.0,No,No,4.9,2025-09-12,56.47
VL0369,The Rolling Stones,Some Girls,Rock,1978,Very Good Plus,France,182.6,,Yes,Yes,,2024-03-03,71.4
VL0370,Dr. Dre,2001,Hip-Hop,1999,Near Mint,US,169.2,2703.0,No,Yes,4.4,2024-06-05,43.79
VL0371,Bob Dylan,Bringing It All Back Home,Folk,1965,Very Good,US,165.6,19820.0,No,Yes,4.6,,42.62
VL0372,The Rolling Stones,Aftermath,Rock,1966,Very Good Plus,,186.0,4821.0,No,Yes,5.0,2025-03-22,
VL0373,The Doors,Strange Days,Rock,1967,Very Good Plus,UK,194.2,52420.0,No,Yes,3.9,2024-05-18,15.4
VL0374,Radiohead,The King of Limbs,Alternative,2011,Mint,US,204.6,9999.0,No,Yes,5.0,2024-12-05,
VL0375,The Cure,Disintegration,Alternative,1989,Very Good Plus,Germany,192.4,60000.0,No,Yes,4.5,2024-08-31,42.14
VL0376,"Tyler, The Creator",Wolf,Hip-Hop,2013,Very Good Plus,Germany,177.3,16180.0,No,Yes,4.4,2025-10-07,30.56
VL0377,Kid Cudi,Man on the Moon: The End of Day,Hip-Hop,2009,Very Good,US,173.0,32308.0,No,,4.4,2025-01-22,
VL0378,Oasis,(What's the Story) Morning Glory?,Rock,1995,Near Mint,Germany,161.0,5669.0,Yes,Yes,4.3,2026-02-23,75.31
VL0379,Lana Del Rey,Honeymoon,Pop,2015,Near Mint,Canada,164.2,3546.0,No,Yes,,2024-06-26,
VL0380,Portishead,Dummy,Electronic,1994,Near Mint,France,,10538.0,,Yes,3.7,2024-09-10,45.06
VL0381,Massive Attack,100th Window,Electronic,2003,Very Good,UK,196.8,8490.0,No,Yes,4.1,2025-06-22,64.88
VL0382,Gorillaz,Plastic Beach,Alternative,2010,Very Good,,159.9,19797.0,,Yes,4.8,2026-01-22,112.39
VL0383,Madonna,Like a Prayer,Pop,1989,Very Good,UK,161.2,9892.0,No,No,4.4,,105.48
VL0384,Billie Eilish,Hit Me Hard and Soft,Pop,2024,Very Good Plus,France,,7731.0,No,Yes,4.3,2026-05-27,43.76
VL0385,Radiohead,The King of Limbs,Alternative,2011,Near Mint,US,173.7,19070.0,No,Yes,4.0,2024-09-04,156.37
VL0386,The Cure,Disintegration,Alternative,1989,Near Mint,UK,161.9,1814.0,No,No,4.0,2026-02-07,31.92
VL0387,Jimi Hendrix,Are You Experienced,Rock,1967,Very Good Plus,US,178.0,3472.0,,Yes,4.8,2026-05-10,106.15
VL0388,"Tyler, The Creator",CALL ME IF YOU GET LOST,Hip-Hop,2021,Very Good,Japan,176.6,16443.0,No,Yes,4.2,2026-01-13,25.59
VL0389,Pearl Jam,Vitalogy,Rock,1994,Near Mint,US,175.7,12493.0,No,Yes,4.7,2026-08-06,73.15
VL0390,Simon & Garfunkel,Bookends,Folk,1968,Very Good,UK,200.9,16002.0,No,No,,2025-03-18,23.87
VL0391,Amy Winehouse,Back to Black,Soul,2006,Very Good Plus,US,182.9,7285.0,No,,4.7,2026-07-15,98.14
VL0392,Led Zeppelin,In Through the Out Door,Rock,1979,Very Good Plus,US,192.8,7119.0,No,Yes,4.5,2024-02-19,67.81
VL0393,Gorillaz,Gorillaz,Alternative,2001,Good,UK,173.5,6285.0,No,No,3.5,2025-04-25,
VL0394,Simon & Garfunkel,Sounds of Silence,Folk,1966,Near Mint,Canada,178.7,9153.0,,Yes,4.4,2026-02-08,197.4
VL0395,Nirvana,In Utero,Rock,1993,Good,UK,175.3,20968.0,No,Yes,4.4,2025-02-22,56.37
VL0396,Taylor Swift,1989,Pop,2014,Very Good Plus,Japan,211.4,45537.0,No,No,4.4,2024-08-07,25.27
VL0397,Queen,Queen,Rock,1973,Very Good Plus,Australia,169.4,60000.0,No,Yes,4.6,2025-09-15,22.14
VL0398,Pink Floyd,Animals,Rock,1977,Very Good Plus,Netherlands,137.9,3635.0,Yes,Yes,3.8,2025-09-12,31.7
VL0399,Björk,Post,Electronic,1995,Very Good Plus,France,193.2,39418.0,Yes,No,4.5,2026-01-05,74.42
VL0400,Kendrick Lamar,DAMN.,Hip-Hop,2017,Near Mint,US,189.7,7518.0,No,Yes,4.3,2025-11-03,28.04
VL0401,Led Zeppelin,Physical Graffiti,Rock,1975,Near Mint,UK,173.0,11827.0,No,No,3.9,2026-03-16,25.57
VL0402,Outkast,ATLiens,Hip-Hop,1996,Near Mint,,181.6,8279.0,No,Yes,4.1,2026-01-30,
VL0403,Led Zeppelin,Led Zeppelin,,1969,Very Good Plus,Japan,176.7,10284.0,No,Yes,3.8,2026-07-22,38.53
VL0404,Prince,Purple Rain,Pop,1984,Mint,Germany,168.2,12114.0,No,Yes,4.8,2026-07-02,100.7
VL0405,Johnny Cash,Johnny Cash at San Quentin,Country,1969,Near Mint,Netherlands,187.2,2090.0,Yes,Yes,3.6,2024-12-20,135.91
VL0406,Pink Floyd,The Dark Side of the Moon,Rock,1973,Near Mint,France,202.3,8896.0,No,Yes,4.1,2024-06-18,47.64
VL0407,Kanye West,Graduation,Hip-Hop,2007,Very Good,US,164.6,5819.0,No,,4.3,2025-01-08,63.44
VL0408,The Rolling Stones,Aftermath,Rock,1966,Near Mint,Japan,184.9,23676.0,No,No,4.3,2026-06-26,43.42
VL0409,Arctic Monkeys,"Whatever People Say I Am, That's What I'm Not",Rock,2006,Very Good,US,,,No,Yes,4.6,2024-11-20,29.69
VL0410,Elton John,Elton John,Pop,1970,Near Mint,US,173.1,21698.0,No,Yes,4.8,2025-05-14,52.02
VL0411,Frank Ocean,Channel Orange,R&B,2012,Very Good Plus,UK,200.8,,Yes,No,4.1,2026-05-01,61.84
VL0412,Mac Miller,Swimming,Hip-Hop,2018,Very Good,UK,199.3,,No,Yes,4.7,2026-04-11,62.32
VL0413,Simon & Garfunkel,Bookends,Folk,1968,Very Good Plus,US,166.1,30165.0,No,Yes,4.8,2026-01-27,42.56
VL0414,Kate Bush,Hounds of Love,Pop,1985,Near Mint,Germany,182.3,58520.0,No,Yes,4.7,,43.71
VL0415,Outkast,Stankonia,Hip-Hop,2000,Near Mint,Japan,183.2,4314.0,Yes,Yes,5.0,2024-04-01,200.19
VL0416,Depeche Mode,Speak & Spell,Electronic,1981,Very Good,Netherlands,186.1,47669.0,No,Yes,4.1,2024-07-24,
VL0417,David Bowie,Station to Station,Rock,1976,Near Mint,US,218.8,4461.0,No,,4.5,2024-10-11,47.54
VL0418,Dr. Dre,The Chronic,Hip-Hop,1992,Very Good,,199.5,9477.0,No,,4.7,2026-06-29,128.06
VL0419,Lady Gaga,The Fame,Pop,2008,Near Mint,,195.0,7139.0,Yes,Yes,3.7,2025-09-06,
VL0420,Pink Floyd,The Piper at the Gates of Dawn,Rock,1967,Very Good,US,218.8,16113.0,Yes,Yes,4.5,2026-01-25,
VL0421,Whitney Houston,Whitney,Pop,1987,Very Good Plus,France,185.4,2572.0,No,Yes,4.1,,61.46
VL0422,Beyoncé,B'Day,R&B,2006,Very Good Plus,Germany,190.5,11127.0,No,Yes,,2024-12-03,51.1
VL0423,Radiohead,Kid A,Alternative,2000,,Netherlands,165.3,4200.0,No,No,,2024-09-26,31.17
VL0424,The Strokes,Room on Fire,Rock,2003,Very Good Plus,Germany,155.6,4924.0,No,Yes,4.7,2024-12-16,43.77
VL0425,Dolly Parton,Jolene,Country,1974,Good,US,185.0,31165.0,No,Yes,4.3,2025-10-16,27.93
VL0426,John Coltrane,Ascension,Jazz,1966,Very Good,Netherlands,207.4,17331.0,No,No,4.6,2025-12-18,49.02
VL0427,Dolly Parton,Jolene,Country,1974,Good,UK,195.7,26823.0,No,Yes,4.6,2025-12-16,11.49
VL0428,Bob Marley & The Wailers,Survival,Reggae,1979,Mint,US,175.1,35833.0,No,Yes,4.8,2026-01-24,95.27
VL0429,Mac Miller,The Divine Feminine,Hip-Hop,2016,Very Good Plus,US,197.7,8251.0,No,No,4.7,2025-08-04,33.15
VL0430,The Cure,Seventeen Seconds,Alternative,1980,Near Mint,Germany,180.4,34011.0,No,Yes,4.9,2025-02-02,61.64
VL0431,Whitney Houston,Whitney,Pop,1987,Good,Italy,,,No,Yes,3.6,2024-06-30,12.98
VL0432,The Notorious B.I.G.,Ready to Die,Hip-Hop,1994,Mint,Germany,140.5,5066.0,No,Yes,,2024-03-16,41.2
VL0433,SZA,SOS,R&B,2022,Near Mint,France,169.0,20052.0,No,Yes,4.1,2025-10-25,76.06
VL0434,Nina Simone,I Put a Spell on You,Jazz,1965,Near Mint,US,,6763.0,Yes,,4.8,2024-12-09,90.46
VL0435,Aaliyah,Age Ain't Nothing but a Number,R&B,1994,Near Mint,France,158.6,10905.0,No,Yes,4.2,2026-03-03,51.54
VL0436,The Beatles,Revolver,Rock,1966,Very Good Plus,UK,184.3,7655.0,No,No,4.3,2024-04-13,38.18
VL0437,Bruno Mars,Doo-Wops & Hooligans,Pop,2010,Very Good,US,171.7,,No,Yes,4.1,2026-07-01,59.23
VL0438,Aphex Twin,Richard D. James Album,Electronic,1996,Good,US,,19743.0,No,Yes,4.2,2025-06-19,43.33
VL0439,Madonna,True Blue,Pop,1986,Near Mint,Netherlands,194.6,5429.0,Yes,Yes,3.9,2026-07-15,260.54
VL0440,Bob Marley & The Wailers,Uprising,Reggae,1980,,US,158.3,4581.0,No,,4.8,2024-03-08,
VL0441,Stevie Wonder,Talking Book,Soul,1972,Very Good Plus,US,170.7,6442.0,No,No,4.6,2024-12-07,33.45
VL0442,Elton John,Goodbye Yellow Brick Road,Rock,1973,Near Mint,US,175.6,4550.0,No,Yes,4.2,2024-03-04,56.1
VL0443,Jimi Hendrix,Are You Experienced,Rock,1967,Very Good,US,159.7,31750.0,No,Yes,5.0,2025-04-17,33.55
VL0444,Bob Marley & The Wailers,Catch a Fire,Reggae,1973,Good,UK,173.8,8831.0,No,No,5.0,2024-04-23,
VL0445,"Tyler, The Creator",Wolf,Hip-Hop,2013,Very Good,US,194.1,18246.0,No,Yes,5.0,2025-05-26,21.77
VL0446,Red Hot Chili Peppers,Californication,Rock,1999,Good,Japan,203.7,7409.0,No,No,4.6,2026-03-15,17.32
VL0447,Nirvana,Bleach,Rock,1989,Mint,UK,201.9,16600.0,No,Yes,4.3,2025-10-28,59.6
VL0448,Queen,A Day at the Races,Rock,1976,Very Good,US,147.3,20076.0,No,Yes,4.7,2025-12-23,50.05
VL0449,Gorillaz,Demon Days,Alternative,2005,Near Mint,Japan,,16508.0,No,Yes,3.8,2026-06-28,23.52
VL0450,Radiohead,OK Computer,Alternative,1997,Near Mint,Germany,176.4,12149.0,No,Yes,4.1,2024-01-18,36.24
VL0451,Queen,Jazz,Rock,1978,Very Good Plus,US,172.0,13396.0,No,Yes,3.8,,40.94
VL0452,Bob Marley & The Wailers,Exodus,Reggae,1977,Very Good,US,176.3,22075.0,Yes,Yes,4.2,2026-06-18,54.34
VL0453,Red Hot Chili Peppers,By the Way,Rock,2002,Very Good Plus,Netherlands,164.6,23505.0,No,Yes,4.8,2025-07-20,61.2
VL0454,Red Hot Chili Peppers,By the Way,Rock,2002,Very Good Plus,US,200.6,12686.0,No,Yes,4.7,,18.59
VL0455,Pearl Jam,Ten,Rock,1991,Very Good Plus,Italy,178.4,6003.0,No,Yes,4.4,2024-08-11,125.18
VL0456,The Rolling Stones,Tattoo You,Rock,1981,Near Mint,Japan,161.4,28580.0,Yes,Yes,4.0,2024-03-19,115.75
VL0457,Wu-Tang Clan,Enter the Wu-Tang (36 Chambers),Hip-Hop,1993,Near Mint,Canada,183.4,28334.0,Yes,Yes,4.4,2025-01-26,72.06
VL0458,Massive Attack,Mezzanine,Electronic,1998,Very Good Plus,UK,193.8,14529.0,No,Yes,5.0,2026-07-21,41.26
VL0459,Erykah Badu,Mama's Gun,R&B,2000,Very Good Plus,Japan,194.5,8059.0,No,Yes,4.5,2025-08-02,99.6
VL0460,Miles Davis,Sketches of Spain,Jazz,1960,Near Mint,Japan,186.4,5561.0,Yes,Yes,5.0,2025-11-14,91.26
VL0461,Elton John,Elton John,Pop,1970,Near Mint,,165.9,3868.0,No,Yes,4.3,2025-07-21,
VL0462,Aaliyah,One in a Million,R&B,1996,Mint,US,156.7,60000.0,No,Yes,4.3,2024-11-13,72.36
VL0463,David Bowie,Low,Rock,1977,Near Mint,Netherlands,159.0,45493.0,No,Yes,4.5,2025-06-09,27.51
VL0464,Daft Punk,Random Access Memories,Electronic,2013,Near Mint,Netherlands,180.9,20585.0,Yes,Yes,4.0,2024-10-22,104.39
VL0465,Daft Punk,Discovery,Electronic,2001,Very Good Plus,UK,,9084.0,,Yes,5.0,,91.18
VL0466,Elton John,Honky Château,Rock,1972,Very Good Plus,Germany,206.3,28968.0,No,Yes,,2024-10-02,
VL0467,Daft Punk,Homework,Electronic,1997,Very Good Plus,Netherlands,177.3,7719.0,No,Yes,4.3,2024-09-22,46.97
VL0468,Queen,A Day at the Races,Rock,1976,Near Mint,Canada,147.3,13430.0,No,Yes,3.5,,60.33
VL0469,Prince,Dirty Mind,Pop,1980,Very Good,UK,205.4,9585.0,Yes,Yes,3.9,2026-02-21,49.34
VL0470,Amy Winehouse,Frank,Soul,2003,Very Good,UK,185.0,22258.0,Yes,Yes,4.4,2024-11-01,49.19
VL0471,Bruno Mars,24K Magic,Pop,2016,Very Good Plus,US,199.2,7259.0,No,Yes,4.6,2024-04-20,73.11
VL0472,Depeche Mode,Speak & Spell,Electronic,1981,Near Mint,UK,184.9,5318.0,No,Yes,4.9,2024-01-12,99.43
VL0473,Fleetwood Mac,Tusk,Rock,1979,Good,US,,10420.0,No,Yes,4.5,2024-09-16,36.91
VL0474,Fleetwood Mac,Rumours,Rock,1977,Good,Netherlands,170.8,3334.0,No,Yes,4.7,2026-01-01,
VL0475,The Beach Boys,Sunflower,Rock,1970,Very Good,Germany,193.8,6626.0,No,Yes,4.0,2025-10-09,50.54
VL0476,Tame Impala,The Slow Rush,Rock,2020,Very Good,US,195.5,7690.0,Yes,Yes,4.4,2024-05-17,52.12
VL0477,Fleetwood Mac,Tango in the Night,Rock,1987,Very Good Plus,Germany,200.4,17729.0,Yes,Yes,4.7,2024-04-08,43.46
VL0478,Kanye West,Graduation,Hip-Hop,2007,Mint,,220.0,13468.0,No,No,4.2,2026-06-17,47.72
VL0479,Jay-Z,Reasonable Doubt,Hip-Hop,1996,Very Good,Canada,200.1,21527.0,No,Yes,4.5,2024-05-22,30.16
VL0480,Whitney Houston,Whitney Houston,Pop,1985,Good,US,170.4,28501.0,Yes,No,4.5,2024-05-26,29.23
VL0481,Elton John,Captain Fantastic and the Brown Dirt Cowboy,Rock,1975,Very Good Plus,US,214.0,15317.0,No,Yes,4.3,2024-11-06,124.42
VL0482,The Rolling Stones,Some Girls,Rock,1978,Near Mint,Netherlands,188.9,7566.0,No,Yes,4.1,2024-01-22,45.24
VL0483,Pearl Jam,Vitalogy,Rock,1994,Near Mint,Netherlands,187.6,8677.0,No,Yes,4.3,2026-01-18,47.21
VL0484,The Smiths,The Smiths,,1984,Good,UK,170.5,7594.0,No,Yes,4.1,2024-12-16,17.68
VL0485,The Doors,Strange Days,Rock,1967,Very Good Plus,US,185.3,12564.0,No,Yes,4.6,,131.3
VL0486,,Aladdin Sane,Rock,1973,Very Good Plus,UK,189.3,15959.0,,Yes,4.4,2024-10-27,97.18
VL0487,Radiohead,Pablo Honey,Alternative,1993,Very Good Plus,Australia,182.7,58908.0,Yes,Yes,5.0,2025-12-12,72.75
VL0488,Pink Floyd,The Wall,Rock,1979,Very Good Plus,UK,164.1,9389.0,No,Yes,4.4,2024-07-25,97.74
VL0489,The Beatles,Please Please Me,Rock,1963,Very Good,Japan,155.1,21032.0,Yes,No,4.2,2025-07-28,65.12
VL0490,Prince,Sign o' the Times,Pop,1987,Near Mint,US,174.1,8670.0,Yes,Yes,4.3,2024-08-14,82.68
VL0491,Pink Floyd,Meddle,Rock,1971,Good,UK,152.7,5834.0,No,No,4.8,2025-02-03,16.52
VL0492,Frank Ocean,Channel Orange,R&B,2012,Very Good,Australia,195.2,6966.0,No,Yes,3.8,2026-07-08,27.54
VL0493,The Beatles,Please Please Me,Rock,1963,Very Good,US,178.1,5308.0,No,Yes,4.6,2025-12-31,51.64
VL0494,Bob Marley & The Wailers,Kaya,Reggae,1978,Very Good,US,189.1,15704.0,No,Yes,4.6,2025-06-07,48.78
VL0495,The Smiths,The Queen Is Dead,Alternative,1986,Good,US,179.1,57734.0,No,No,4.8,2026-04-27,10.0
VL0496,Nina Simone,Silk & Soul,Soul,1967,Very Good Plus,US,186.4,21345.0,No,Yes,4.6,,17.25
VL0497,Jimi Hendrix,Are You Experienced,,1967,Good,Japan,,8317.0,No,Yes,4.9,2025-05-24,65.67
VL0498,Queen,Queen,Rock,1973,Mint,US,174.1,,No,Yes,4.2,2024-08-25,107.39
VL0499,Erykah Badu,Mama's Gun,R&B,2000,Very Good Plus,Italy,178.9,8371.0,No,Yes,,2025-12-28,74.54
VL0500,The Weeknd,Trilogy,R&B,2012,Very Good,UK,148.6,5554.0,No,No,4.6,,28.99
VL0501,Bob Dylan,Bringing It All Back Home,,1965,Mint,Japan,156.5,14183.0,No,Yes,3.5,2024-04-01,70.65
VL0502,Outkast,Southernplayalisticadillacmuzik,Hip-Hop,1994,Near Mint,Netherlands,,19073.0,,Yes,4.6,2025-05-05,44.2
VL0503,"Tyler, The Creator",IGOR,Hip-Hop,2019,Very Good,Canada,179.0,21941.0,No,Yes,4.4,2024-03-06,31.74
VL0504,Queen,The Game,Rock,1980,Very Good Plus,US,203.1,56495.0,Yes,Yes,4.5,2024-02-01,122.95
VL0505,Rihanna,Good Girl Gone Bad,Pop,2007,Very Good,US,173.6,43938.0,No,No,5.0,2025-11-01,
VL0506,Taylor Swift,Midnights,Pop,2022,Near Mint,Japan,156.7,8236.0,No,Yes,4.4,2025-05-15,178.15
VL0507,Red Hot Chili Peppers,By the Way,Rock,2002,Very Good Plus,UK,199.1,10999.0,No,Yes,4.4,2024-03-30,153.62
VL0508,Michael Jackson,Bad,Pop,1987,Near Mint,US,,30783.0,No,Yes,3.8,2025-11-08,51.43
VL0509,Adele,25,Pop,2015,Very Good,US,195.4,14813.0,No,Yes,4.3,2024-08-16,58.43
VL0510,Fleetwood Mac,Tango in the Night,Rock,1987,Very Good,Germany,171.9,12042.0,No,No,,2024-03-14,55.68
VL0511,Red Hot Chili Peppers,Blood Sugar Sex Magik,Rock,1991,Near Mint,UK,188.0,9217.0,No,Yes,4.5,2024-09-19,110.96
VL0512,Oasis,(What's the Story) Morning Glory?,Rock,1995,Very Good Plus,,172.0,37224.0,No,Yes,4.1,2024-04-11,36.08
VL0513,The Beatles,Please Please Me,Rock,1963,Mint,Netherlands,187.9,25907.0,Yes,Yes,,,63.98
VL0514,,The Miseducation of Lauryn Hill,R&B,1998,Very Good Plus,Germany,142.2,17302.0,No,Yes,4.1,2026-07-13,34.07
VL0515,The Doors,Waiting for the Sun,Rock,1968,Very Good Plus,,175.8,18687.0,,Yes,4.4,2025-04-21,34.22
VL0516,The Notorious B.I.G.,Life After Death,Hip-Hop,1997,Near Mint,US,176.7,13720.0,Yes,Yes,4.8,2026-08-09,62.63
VL0517,Bob Marley & The Wailers,Rastaman Vibration,Reggae,1976,Very Good,Germany,177.3,38027.0,No,Yes,4.6,2025-03-09,32.82
VL0518,Prince,Purple Rain,Pop,1984,Very Good,Germany,168.7,4927.0,Yes,Yes,4.5,2026-07-29,32.61
VL0519,Tame Impala,The Slow Rush,Rock,2020,Very Good,Australia,,11445.0,,Yes,4.4,2025-12-01,28.54
VL0520,Outkast,Aquemini,Hip-Hop,1998,Good,,187.3,19706.0,No,Yes,4.0,2026-01-28,25.34
VL0521,The Rolling Stones,Aftermath,Rock,1966,Near Mint,UK,183.4,,No,Yes,4.4,2024-04-21,55.87
VL0522,A Tribe Called Quest,Midnight Marauders,Hip-Hop,1993,Mint,Canada,181.7,7795.0,No,,3.9,2025-11-20,98.34
VL0523,Elton John,Goodbye Yellow Brick Road,Rock,1973,Very Good Plus,UK,194.7,6125.0,No,Yes,4.3,2025-09-08,52.03
VL0524,Simon & Garfunkel,Sounds of Silence,Folk,1966,Good,US,187.8,15079.0,Yes,Yes,4.9,2024-01-18,38.61
VL0525,The Rolling Stones,Beggars Banquet,Rock,1968,Very Good Plus,US,163.5,13989.0,No,,5.0,2025-01-25,56.77
VL0526,Adele,19,Pop,2008,Near Mint,UK,182.8,12749.0,No,Yes,4.4,2025-01-17,68.92
VL0527,"Tyler, The Creator",IGOR,Hip-Hop,2019,Near Mint,Japan,200.9,35412.0,No,Yes,4.6,2025-07-25,103.72
VL0528,Red Hot Chili Peppers,Californication,Rock,1999,,Australia,176.3,27576.0,No,,4.2,2026-03-19,29.01
VL0529,,Some Girls,Rock,1978,Very Good,UK,188.8,33029.0,Yes,No,4.6,2025-07-29,40.24
VL0530,Stevie Wonder,Fulfillingness' First Finale,Soul,1974,Good,US,143.5,14896.0,No,Yes,3.8,,91.29
VL0531,The Strokes,Is This It,Rock,2001,Good,,170.2,12423.0,No,No,4.4,2025-09-15,10.96
VL0532,Jimi Hendrix,Are You Experienced,Rock,1967,Near Mint,UK,199.7,6139.0,No,Yes,3.6,,128.01
VL0533,Daft Punk,Random Access Memories,Electronic,2013,Very Good Plus,,180.0,6385.0,Yes,Yes,4.5,,76.95
VL0534,Gorillaz,Demon Days,Alternative,2005,Very Good Plus,Japan,163.1,60000.0,Yes,Yes,4.5,2026-01-15,36.91
VL0535,Queen,A Night at the Opera,Rock,1975,Near Mint,UK,158.9,42207.0,No,Yes,4.0,2026-06-19,72.84
VL0536,Bruno Mars,Doo-Wops & Hooligans,Pop,2010,Very Good Plus,UK,153.9,3277.0,No,Yes,4.1,2025-10-13,37.59
VL0537,Jimi Hendrix,Axis: Bold as Love,Rock,1967,Near Mint,Japan,180.6,49622.0,No,Yes,4.6,2025-10-03,
VL0538,Billie Eilish,Happier Than Ever,Pop,2021,Good,Japan,178.7,6165.0,No,No,4.7,2026-04-16,60.63
VL0539,Frank Ocean,Channel Orange,R&B,2012,Very Good,US,,6871.0,No,,4.4,2026-06-11,118.16
VL0540,Madonna,Ray of Light,Pop,1998,Very Good Plus,Germany,162.3,22510.0,Yes,Yes,,2026-01-02,18.6
VL0541,Marvin Gaye,Let's Get It On,Soul,1973,Near Mint,,179.5,12882.0,No,Yes,4.5,,51.65
VL0542,The Beatles,Let It Be,Rock,1970,Very Good Plus,Italy,173.1,6448.0,,Yes,4.2,2025-11-02,23.34
VL0543,Bob Dylan,Blonde on Blonde,Rock,1966,Very Good Plus,UK,204.4,17147.0,No,Yes,4.0,2024-09-15,
VL0544,The Doors,The Soft Parade,Rock,1969,Very Good,Germany,179.4,9032.0,No,Yes,4.6,2024-02-19,25.38
VL0545,Jimi Hendrix,Are You Experienced,Rock,1967,Very Good Plus,US,188.7,28394.0,No,Yes,4.1,2026-07-27,22.43
VL0546,Billie Eilish,Happier Than Ever,Pop,2021,Very Good,Italy,197.6,8887.0,Yes,Yes,,2026-04-11,46.99
VL0547,Red Hot Chili Peppers,Californication,Rock,1999,Very Good,Germany,195.0,60000.0,No,,4.3,2026-06-28,31.04
VL0548,Taylor Swift,reputation,Pop,2017,Good,US,,7872.0,No,No,4.4,2024-02-27,33.06
VL0549,The Cure,Wish,,1992,Very Good,Germany,194.8,6407.0,Yes,No,5.0,2025-11-09,33.75
VL0550,Kate Bush,The Sensual World,Pop,1989,Near Mint,UK,194.0,4804.0,No,Yes,4.8,2024-02-28,70.97
VL0551,Pink Floyd,,Rock,1968,Near Mint,Germany,205.5,,,Yes,4.3,2024-03-25,
VL0552,The Cure,Faith,Alternative,1981,Very Good Plus,Italy,171.7,32428.0,Yes,Yes,3.9,2026-08-18,32.49
VL0553,Jay-Z,Reasonable Doubt,Hip-Hop,1996,Near Mint,Germany,183.1,39146.0,Yes,Yes,3.8,2026-06-28,48.5
VL0554,Simon & Garfunkel,Bridge over Troubled Water,Folk,1970,Near Mint,Netherlands,172.0,2797.0,Yes,Yes,,2026-02-08,132.78
VL0555,The Beatles,Help!,Rock,1965,Mint,US,192.8,,No,Yes,4.3,,123.32
VL0556,Gorillaz,Plastic Beach,Alternative,2010,Near Mint,Germany,187.1,1825.0,No,Yes,4.4,2025-02-15,56.07
VL0557,Beyoncé,4,R&B,2011,Mint,UK,171.8,11478.0,Yes,Yes,4.3,2024-01-02,166.68
VL0558,The Beach Boys,Pet Sounds,Rock,1966,Very Good,US,192.3,,No,No,4.4,2026-03-11,62.4
VL0559,Nina Simone,Pastel Blues,Jazz,1965,Very Good Plus,Netherlands,179.1,13270.0,No,Yes,4.2,2024-09-25,42.5
VL0560,Queen,A Night at the Opera,Rock,1975,Very Good,,189.4,5713.0,No,Yes,4.1,2025-05-15,36.77
VL0561,Pink Floyd,Atom Heart Mother,Rock,1970,Near Mint,US,172.9,16903.0,No,Yes,4.0,2025-02-24,
VL0562,Bob Marley & The Wailers,Catch a Fire,Reggae,1973,Very Good Plus,US,154.4,11562.0,Yes,No,4.4,2026-03-01,50.02
VL0563,Portishead,Portishead,Electronic,1997,Very Good Plus,Italy,183.0,17032.0,No,Yes,4.5,2025-03-05,40.93
VL0564,MF DOOM,Operation: Doomsday,,1999,Mint,US,198.9,4186.0,No,Yes,4.7,2025-07-09,149.89
VL0565,The Rolling Stones,Let It Bleed,Rock,1969,Near Mint,US,202.5,30100.0,No,,4.9,2024-09-11,41.14
VL0566,Aaliyah,One in a Million,R&B,1996,,Canada,,13798.0,No,Yes,5.0,2024-07-20,66.69
VL0567,Frank Ocean,Channel Orange,R&B,2012,Very Good Plus,UK,179.2,5339.0,No,Yes,4.8,2024-01-09,26.13
VL0568,The Beatles,With the Beatles,Rock,1963,Very Good,UK,217.5,35682.0,No,Yes,4.4,2026-08-04,14.82
VL0569,Fleetwood Mac,Mirage,Rock,1982,Near Mint,UK,173.4,29298.0,No,Yes,4.5,2025-09-03,57.71
VL0570,Aretha Franklin,Spirit in the Dark,Soul,1970,Near Mint,US,180.5,60000.0,No,No,,,65.98
VL0571,Oasis,Standing on the Shoulder of Giants,Rock,2000,Very Good,France,175.5,4649.0,Yes,Yes,4.3,2026-04-22,80.13
VL0572,Elton John,Elton John,Pop,1970,Mint,US,190.7,18186.0,No,Yes,4.3,2024-11-19,51.14
VL0573,Dr. Dre,2001,Hip-Hop,1999,Very Good,Germany,191.5,15111.0,No,Yes,,2024-03-29,124.31
VL0574,Aaliyah,Age Ain't Nothing but a Number,R&B,1994,Good,Canada,213.2,,No,No,,2025-10-29,28.39
VL0575,The Beatles,Sgt. Pepper's Lonely Hearts Club Band,Rock,1967,Very Good,UK,174.4,6653.0,No,No,4.3,2025-05-20,
VL0576,The Rolling Stones,Some Girls,Rock,1978,Very Good Plus,Germany,178.3,26727.0,No,Yes,4.4,2024-05-08,26.41
VL0577,Madonna,True Blue,Pop,1986,Very Good Plus,Germany,183.1,25906.0,Yes,Yes,4.5,2025-10-12,69.33
VL0578,Bob Dylan,Blonde on Blonde,Rock,1966,Near Mint,US,145.1,4614.0,,No,4.1,2024-08-20,34.06
VL0579,Outkast,Southernplayalisticadillacmuzik,Hip-Hop,1994,Very Good Plus,UK,167.4,17923.0,Yes,Yes,4.7,2024-01-29,49.12
VL0580,Bob Marley & The Wailers,Burnin',Reggae,1973,Near Mint,US,187.6,4380.0,No,Yes,4.4,2025-06-07,125.54
VL0581,Bob Marley & The Wailers,Natty Dread,Reggae,1974,Very Good,US,202.0,13679.0,No,Yes,4.2,2025-06-08,59.22
VL0582,Wu-Tang Clan,Enter the Wu-Tang (36 Chambers),Hip-Hop,1993,Near Mint,Japan,167.1,24398.0,No,Yes,4.5,2024-02-08,73.67
VL0583,Gorillaz,Gorillaz,Alternative,2001,Very Good,US,158.3,60000.0,No,Yes,4.2,2026-07-27,13.07
VL0584,The Beatles,The Beatles,Rock,1968,Mint,US,168.5,28105.0,No,Yes,4.9,2024-01-24,109.2
VL0585,Oasis,(What's the Story) Morning Glory?,Rock,1995,Very Good Plus,Germany,192.2,2517.0,Yes,Yes,3.9,2024-11-05,154.07
VL0586,Madonna,Like a Virgin,Pop,1984,Good,UK,181.1,20242.0,No,Yes,3.7,2026-08-13,53.32
VL0587,Wu-Tang Clan,Enter the Wu-Tang (36 Chambers),Hip-Hop,1993,Near Mint,Canada,146.3,22426.0,Yes,Yes,4.1,2025-09-19,74.07
VL0588,Kanye West,My Beautiful Dark Twisted Fantasy,Hip-Hop,2010,Mint,US,193.2,14538.0,No,,3.8,2024-05-18,95.9
VL0589,Johnny Cash,At Folsom Prison,Country,1968,Good,US,180.3,9528.0,No,No,3.8,2026-04-10,19.2
VL0590,Tame Impala,The Slow Rush,Rock,2020,Very Good Plus,US,193.3,6234.0,No,,4.1,2026-06-03,76.56
VL0591,Kanye West,My Beautiful Dark Twisted Fantasy,Hip-Hop,2010,,Germany,141.5,13796.0,Yes,Yes,3.9,2025-03-03,98.59
VL0592,Bob Dylan,Blood on the Tracks,Rock,1975,Very Good,US,164.3,18712.0,No,,4.7,2026-07-10,34.98
VL0593,MF DOOM,MM..FOOD,Hip-Hop,2004,Very Good,Netherlands,187.7,17251.0,No,Yes,4.5,2024-02-28,25.67
VL0594,A Tribe Called Quest,The Low End Theory,Hip-Hop,1991,Very Good,US,172.6,5386.0,No,No,4.2,2025-12-06,36.42
VL0595,D'Angelo,Brown Sugar,R&B,1995,Near Mint,Netherlands,185.1,2673.0,No,Yes,4.0,2025-05-24,67.05
VL0596,Radiohead,The King of Limbs,Alternative,2011,Very Good,US,179.6,9742.0,No,No,4.4,2024-03-26,13.3
VL0597,Led Zeppelin,Houses of the Holy,Rock,1973,Very Good Plus,Netherlands,179.8,22493.0,No,Yes,4.5,2024-07-04,108.01
VL0598,Depeche Mode,Speak & Spell,Electronic,1981,Very Good,US,190.0,6220.0,No,Yes,4.0,2024-05-05,41.26
VL0599,David Bowie,Heroes,Rock,1977,Very Good Plus,UK,182.4,11164.0,No,Yes,4.8,2024-02-20,33.45
VL0600,Radiohead,In Rainbows,Alternative,2007,Very Good,UK,183.5,20400.0,Yes,Yes,4.2,2026-05-21,42.11
VL0601,Adele,25,Pop,2015,Very Good Plus,Germany,188.6,15819.0,No,Yes,3.6,2024-05-27,45.56
VL0602,Erykah Badu,Mama's Gun,R&B,2000,Very Good Plus,Germany,162.2,3789.0,No,Yes,4.7,2025-05-10,69.57
VL0603,Prince,Sign o' the Times,Pop,1987,Very Good Plus,US,172.8,42298.0,No,Yes,4.9,2024-01-28,23.02
VL0604,"Tyler, The Creator",Cherry Bomb,Hip-Hop,2015,Very Good Plus,US,186.2,12526.0,No,Yes,4.1,2025-08-14,32.31
VL0605,Radiohead,In Rainbows,Alternative,2007,Very Good Plus,,160.4,30182.0,Yes,No,4.2,2024-06-13,37.26
VL0606,Frank Ocean,Blonde,R&B,2016,Very Good,Netherlands,176.7,14504.0,Yes,Yes,4.3,2025-10-20,63.76
VL0607,Aphex Twin,Selected Ambient Works 85–92,Electronic,1992,Good,,181.5,16129.0,No,No,4.7,2025-11-09,15.35
VL0608,Oasis,Standing on the Shoulder of Giants,Rock,2000,Near Mint,UK,192.8,45124.0,,Yes,,2026-06-01,27.43
VL0609,The Cure,Pornography,Alternative,1982,Very Good Plus,,195.5,,No,Yes,4.1,2026-01-26,47.69
VL0610,The Cure,Seventeen Seconds,Alternative,1980,Near Mint,UK,163.0,14127.0,Yes,Yes,,2024-03-09,93.58
VL0611,Jay-Z,Reasonable Doubt,Hip-Hop,1996,Near Mint,US,177.4,6908.0,Yes,Yes,4.4,2024-10-12,109.13
VL0612,Taylor Swift,Red,Pop,2012,Very Good Plus,Germany,198.3,30341.0,Yes,No,4.4,2024-02-11,28.85
VL0613,Radiohead,OK Computer,Alternative,1997,Near Mint,Japan,173.0,54673.0,No,Yes,4.2,2025-11-22,47.31
VL0614,Massive Attack,Mezzanine,Electronic,1998,Very Good Plus,Germany,164.6,,No,Yes,4.0,2026-03-11,54.57
VL0615,Daft Punk,Discovery,Electronic,2001,Near Mint,UK,161.4,18863.0,Yes,Yes,4.4,2026-02-27,115.94
VL0616,SZA,SOS,R&B,2022,Good,,,8736.0,No,,5.0,2025-11-28,20.94
VL0617,Mac Miller,The Divine Feminine,Hip-Hop,2016,Very Good Plus,UK,159.3,6300.0,No,Yes,4.9,2024-06-13,93.35
VL0618,Bob Marley & The Wailers,Catch a Fire,Reggae,1973,Very Good,Germany,196.2,20414.0,No,No,4.3,,30.62
VL0619,J Dilla,Donuts,Hip-Hop,2006,Very Good Plus,Germany,195.3,5237.0,No,Yes,4.3,2026-07-24,65.89
VL0620,John Coltrane,My Favorite Things,Jazz,1961,Very Good,US,167.2,9753.0,No,No,,2025-03-16,15.37
VL0621,The Beatles,Let It Be,Rock,1970,Good,US,168.3,23521.0,Yes,No,4.1,2025-03-05,13.56
VL0622,Radiohead,The King of Limbs,Alternative,2011,Near Mint,France,190.2,3516.0,Yes,Yes,4.5,2026-01-21,152.63
VL0623,Led Zeppelin,Led Zeppelin III,Rock,1970,Very Good Plus,US,168.6,14090.0,No,Yes,4.4,2025-03-19,48.21
VL0624,Lana Del Rey,Honeymoon,Pop,2015,Very Good Plus,Germany,203.9,5943.0,No,,4.2,2025-02-27,61.38
VL0625,John Coltrane,A Love Supreme,Jazz,1965,Near Mint,Germany,183.7,8399.0,No,Yes,4.3,2026-06-15,74.97
VL0626,Bob Marley & The Wailers,Exodus,Reggae,1977,Very Good Plus,France,,,Yes,Yes,4.1,2026-04-20,64.34
VL0627,Nas,It Was Written,Hip-Hop,1996,Good,US,165.8,34540.0,No,Yes,4.0,2025-09-17,29.51
VL0628,Prince,Dirty Mind,Pop,1980,,UK,179.2,31031.0,No,Yes,4.8,2026-01-27,23.29
VL0629,Marvin Gaye,What's Going On,Soul,1971,Very Good Plus,US,213.6,9696.0,No,Yes,4.3,2024-08-15,79.25
VL0630,Depeche Mode,Speak & Spell,Electronic,1981,Very Good Plus,Australia,164.3,11942.0,Yes,Yes,4.8,2024-06-26,86.66
VL0631,MF DOOM,Operation: Doomsday,Hip-Hop,1999,Very Good Plus,Italy,181.0,19594.0,No,Yes,4.9,2025-01-08,27.36
VL0632,The Smiths,Meat Is Murder,Alternative,1985,Very Good Plus,Germany,186.2,21080.0,No,Yes,4.4,2026-06-26,39.0
VL0633,The Smiths,The Smiths,Alternative,1984,Mint,Germany,190.9,8501.0,No,Yes,4.6,2026-03-21,165.95
VL0634,Pink Floyd,The Dark Side of the Moon,Rock,1973,Very Good,US,178.6,11105.0,No,Yes,5.0,2024-10-11,55.82
VL0635,Kendrick Lamar,Mr. Morale & the Big Steppers,Hip-Hop,2022,Very Good Plus,UK,,8767.0,No,Yes,4.2,2024-04-20,104.08
VL0636,Depeche Mode,Speak & Spell,Electronic,1981,Very Good,France,159.6,60000.0,No,Yes,4.8,2024-06-15,68.72
VL0637,Pink Floyd,The Piper at the Gates of Dawn,Rock,1967,Very Good Plus,,204.8,7272.0,Yes,No,3.9,2025-11-15,81.93
VL0638,Led Zeppelin,Houses of the Holy,Rock,1973,Near Mint,US,178.7,,No,Yes,5.0,2025-06-11,38.47
VL0639,2Pac,All Eyez on Me,Hip-Hop,1996,Very Good Plus,US,187.1,23948.0,No,Yes,4.1,2025-03-03,43.09
VL0640,The Beatles,The Beatles,Rock,1968,Near Mint,Canada,199.7,50204.0,No,Yes,4.8,2025-01-18,86.08
VL0641,Bob Dylan,Blonde on Blonde,Rock,1966,Very Good Plus,UK,196.1,21460.0,No,Yes,4.4,2024-12-04,39.48
VL0642,Tame Impala,Currents,Rock,2015,Good,US,169.5,8798.0,Yes,Yes,4.2,2024-11-03,74.9
VL0643,Miles Davis,Sketches of Spain,Jazz,1960,Very Good Plus,US,180.8,6644.0,No,Yes,4.8,2025-03-23,62.78
VL0644,Björk,Post,Electronic,1995,Near Mint,France,186.5,31145.0,No,,4.6,2024-08-10,36.97
VL0645,Billie Eilish,"When We All Fall Asleep, Where Do We Go?",Pop,2019,Very Good Plus,US,181.6,6003.0,No,No,5.0,2025-10-15,45.98
VL0646,Fleetwood Mac,Fleetwood Mac,Rock,1975,Near Mint,Germany,165.7,6667.0,No,Yes,4.4,2024-03-04,48.89
VL0647,Bruno Mars,Doo-Wops & Hooligans,Pop,2010,Near Mint,US,194.0,17315.0,No,Yes,4.8,2024-10-23,89.36
VL0648,Queen,Queen II,Rock,1974,Near Mint,Italy,,18322.0,Yes,Yes,4.9,2025-11-30,41.98
VL0649,Adele,19,Pop,2008,Mint,France,169.2,8247.0,No,,4.3,2024-12-19,55.02
VL0650,Johnny Cash,At Folsom Prison,Country,1968,,Japan,196.0,4414.0,Yes,Yes,4.3,2026-03-10,188.86
VL0651,Prince,Sign o' the Times,Pop,1987,Good,US,164.2,2809.0,No,Yes,4.2,2026-04-26,37.27
VL0652,Radiohead,In Rainbows,Alternative,2007,,Japan,180.9,8079.0,No,No,4.4,2024-08-18,41.44
VL0653,Michael Jackson,Bad,Pop,1987,Near Mint,US,174.8,3080.0,No,Yes,,2026-04-04,55.18
VL0654,Kanye West,Late Registration,Hip-Hop,2005,Very Good,Italy,180.3,34912.0,No,,4.1,2024-09-30,24.84
VL0655,The Doors,Waiting for the Sun,Rock,1968,Very Good,Japan,181.0,27400.0,No,No,5.0,2025-01-13,52.66
VL0656,Johnny Cash,At Folsom Prison,Country,1968,Very Good,France,163.0,60000.0,Yes,Yes,4.4,,35.52
VL0657,Kate Bush,The Sensual World,Pop,1989,Very Good Plus,US,191.8,3083.0,,Yes,4.6,2024-04-12,47.83
VL0658,Mac Miller,Watching Movies with the Sound Off,Hip-Hop,2013,Near Mint,UK,189.9,12702.0,No,No,4.1,2025-11-03,29.25
VL0659,The Beatles,Rubber Soul,Rock,1965,Very Good Plus,Germany,201.8,12772.0,No,No,3.8,2024-09-11,30.26
VL0660,Tame Impala,Currents,Rock,2015,Very Good Plus,UK,161.8,3100.0,No,Yes,5.0,2025-08-15,30.14
VL0661,Queen,A Night at the Opera,Rock,1975,Good,US,203.6,19556.0,,Yes,4.5,2026-01-06,53.36
VL0662,Björk,Post,Electronic,1995,,Germany,171.8,16968.0,No,No,4.4,2024-03-27,22.97
VL0663,Pearl Jam,Ten,Rock,1991,Very Good Plus,US,171.9,13303.0,No,Yes,4.4,2024-11-13,72.08
VL0664,Prince,Lovesexy,Pop,1988,Very Good Plus,Italy,175.5,20299.0,,Yes,4.1,2025-07-08,100.8
VL0665,The Cure,Three Imaginary Boys,Rock,1979,Near Mint,Japan,174.3,7716.0,No,Yes,4.7,2025-10-20,103.19
VL0666,The Weeknd,Beauty Behind the Madness,R&B,2015,Very Good Plus,UK,182.8,8041.0,No,Yes,4.7,2024-10-25,
VL0667,Red Hot Chili Peppers,Stadium Arcadium,Rock,2006,Near Mint,Germany,174.2,60000.0,No,Yes,4.1,2024-09-04,125.07
VL0668,Wu-Tang Clan,Enter the Wu-Tang (36 Chambers),Hip-Hop,1993,Near Mint,UK,189.4,15268.0,No,Yes,4.1,2025-12-26,59.46
VL0669,The Doors,Strange Days,Rock,1967,,UK,189.9,10133.0,Yes,Yes,4.6,,44.94
VL0670,Lady Gaga,Chromatica,Pop,2020,Good,UK,155.1,5588.0,No,Yes,4.9,2025-11-16,29.08
VL0671,John Coltrane,Giant Steps,Jazz,1960,Very Good,,196.5,36761.0,No,Yes,,2025-11-02,19.18
VL0672,Bob Marley & The Wailers,Survival,Reggae,1979,Very Good,US,154.6,12455.0,No,No,4.0,,16.07
VL0673,David Bowie,The Rise and Fall of Ziggy Stardust and the Spiders from Mars,Rock,1972,Mint,Japan,183.1,22624.0,No,Yes,4.3,2025-07-02,89.91
VL0674,Led Zeppelin,Presence,Rock,1976,Near Mint,US,167.9,39828.0,Yes,Yes,4.1,,32.71
VL0675,Adele,25,Pop,2015,Very Good Plus,US,180.4,7278.0,,Yes,4.3,2026-05-09,138.61
VL0676,Kate Bush,The Kick Inside,Pop,1978,Very Good,US,,31322.0,Yes,Yes,4.3,2025-10-14,52.56
VL0677,Gorillaz,Plastic Beach,Alternative,2010,Near Mint,Italy,168.3,26547.0,No,Yes,4.7,2024-08-12,59.04
VL0678,Outkast,ATLiens,Hip-Hop,1996,Near Mint,France,182.2,3472.0,No,Yes,4.7,2025-12-17,55.12
VL0679,Red Hot Chili Peppers,Blood Sugar Sex Magik,Rock,1991,Very Good Plus,UK,184.8,2163.0,Yes,No,4.8,2025-01-29,81.96
VL0680,The Smiths,Meat Is Murder,Alternative,1985,Very Good,Germany,191.6,17869.0,No,Yes,5.0,2025-06-18,28.72
VL0681,Dolly Parton,Jolene,Country,1974,Very Good Plus,Japan,,60000.0,No,Yes,4.7,2026-01-07,42.99
VL0682,The Rolling Stones,Sticky Fingers,Rock,1971,Near Mint,US,153.1,25574.0,No,No,4.6,2025-01-07,25.76
VL0683,Bruno Mars,Doo-Wops & Hooligans,Pop,2010,Good,Australia,187.6,1651.0,No,No,4.4,2025-10-08,28.38
VL0684,Kendrick Lamar,Mr. Morale & the Big Steppers,Hip-Hop,2022,,US,191.5,15342.0,Yes,Yes,4.3,2025-07-01,120.67
VL0685,The Rolling Stones,Exile on Main St.,Rock,1972,,US,184.0,9245.0,No,No,4.4,2025-10-23,48.32
VL0686,Massive Attack,Mezzanine,Electronic,1998,Very Good Plus,UK,,13994.0,No,Yes,5.0,2026-03-29,71.6
VL0687,Oasis,(What's the Story) Morning Glory?,Rock,1995,Very Good Plus,,164.6,16843.0,No,,5.0,2025-06-11,59.92
VL0688,John Coltrane,A Love Supreme,Jazz,1965,Very Good Plus,UK,160.2,13362.0,Yes,Yes,4.6,2025-04-20,37.35
VL0689,Taylor Swift,reputation,Pop,2017,Very Good,France,185.8,25869.0,No,Yes,4.7,2026-02-02,80.93
VL0690,Kendrick Lamar,"good kid, m.A.A.d city",Hip-Hop,2012,Very Good Plus,UK,153.6,3761.0,Yes,Yes,4.4,2024-05-13,53.79
VL0691,Jay-Z,Reasonable Doubt,Hip-Hop,1996,Mint,Japan,182.3,8667.0,No,Yes,4.9,2026-03-06,45.93
VL0692,The Doors,The Doors,Rock,1967,Good,Japan,205.0,9368.0,No,Yes,4.2,2025-09-27,26.23
VL0693,The Rolling Stones,Aftermath,Rock,1966,Mint,France,185.5,11419.0,No,Yes,4.5,2026-04-18,74.14
VL0694,Pink Floyd,Meddle,Rock,1971,Very Good Plus,US,183.5,5305.0,No,Yes,4.8,2025-02-15,78.06
VL0695,J Dilla,Donuts,Hip-Hop,2006,Very Good,Italy,188.2,5770.0,Yes,,4.2,2024-11-06,58.62
VL0696,Mac Miller,Blue Slide Park,Hip-Hop,2011,Near Mint,US,174.2,7654.0,No,Yes,4.5,2025-08-17,83.78
VL0697,Radiohead,The King of Limbs,Alternative,2011,Very Good Plus,,178.1,18706.0,Yes,Yes,4.3,2024-12-31,49.93
VL0698,Nas,Illmatic,Hip-Hop,1994,Very Good Plus,UK,168.0,4252.0,No,Yes,4.3,2026-02-13,53.81
VL0699,Oasis,Standing on the Shoulder of Giants,Rock,2000,Near Mint,Italy,172.9,21170.0,No,Yes,,,
VL0700,The Rolling Stones,Some Girls,Rock,1978,Very Good,Germany,189.2,9521.0,No,Yes,3.9,2024-05-17,101.71
VL0701,John Coltrane,My Favorite Things,Jazz,1961,Very Good Plus,Japan,178.0,11327.0,No,Yes,4.3,2025-06-02,35.2
VL0702,Erykah Badu,Baduizm,R&B,1997,Very Good Plus,France,165.5,,No,Yes,4.8,2025-01-24,25.43
VL0703,Aretha Franklin,Lady Soul,Soul,1968,Very Good Plus,UK,179.9,18246.0,No,Yes,4.2,2026-08-15,29.72
VL0704,Erykah Badu,Worldwide Underground,R&B,2003,Very Good Plus,UK,202.4,12000.0,No,,4.7,2024-06-23,
VL0705,The Rolling Stones,Sticky Fingers,Rock,1971,Very Good Plus,Germany,164.9,3951.0,Yes,,3.7,2024-10-07,55.36
VL0706,David Bowie,The Rise and Fall of Ziggy Stardust and the Spiders from Mars,Rock,1972,Very Good Plus,Italy,189.6,35424.0,No,Yes,4.2,2024-02-28,42.82
VL0707,Led Zeppelin,Led Zeppelin,Rock,1969,Very Good Plus,US,177.2,12611.0,No,Yes,4.7,2024-07-21,
VL0708,Adele,21,Pop,2011,Near Mint,Netherlands,208.9,2903.0,No,Yes,3.9,2024-03-16,69.11
VL0709,Queen,Jazz,Rock,1978,Very Good Plus,Canada,154.1,13594.0,No,Yes,4.3,2025-11-27,98.82
VL0710,The Beatles,A Hard Day's Night,Rock,1964,Very Good Plus,UK,207.4,12766.0,No,Yes,4.7,2026-03-22,70.21
VL0711,Massive Attack,Protection,Electronic,1994,Near Mint,UK,175.8,2827.0,No,Yes,4.1,2025-02-26,95.14
VL0712,The Strokes,Is This It,Rock,2001,Very Good,US,159.2,24558.0,No,Yes,4.7,2024-02-23,25.99
VL0713,Gorillaz,Demon Days,Alternative,2005,Very Good Plus,Netherlands,175.8,9086.0,No,Yes,4.0,2024-01-25,
VL0714,David Bowie,Lodger,Rock,1979,Near Mint,US,185.2,2998.0,No,,4.4,2026-01-25,60.36
VL0715,Lana Del Rey,Honeymoon,Pop,2015,Near Mint,Japan,180.5,48277.0,No,Yes,4.8,2026-01-20,24.81
VL0716,David Bowie,Young Americans,Rock,1975,Very Good,Italy,180.1,15432.0,No,Yes,4.6,2026-03-10,26.86
VL0717,The Strokes,Room on Fire,Rock,2003,Near Mint,UK,162.0,9178.0,Yes,Yes,4.1,2026-02-08,
VL0718,Taylor Swift,Fearless,Pop,2008,Very Good Plus,US,160.6,56409.0,No,Yes,4.9,,48.47
VL0719,Beyoncé,4,R&B,2011,Mint,US,159.5,22817.0,No,Yes,4.3,2026-05-07,
VL0720,Red Hot Chili Peppers,Stadium Arcadium,Rock,2006,Near Mint,Canada,171.3,11585.0,Yes,Yes,4.4,2024-11-30,43.63
VL0721,David Bowie,Heroes,Rock,1977,Mint,UK,200.0,13520.0,No,Yes,4.8,2024-03-02,89.98
VL0722,Pearl Jam,Vitalogy,Rock,1994,Very Good,UK,186.8,3450.0,No,No,4.2,2024-11-21,60.74
VL0723,The Cure,Disintegration,Alternative,1989,Good,Japan,175.2,37740.0,No,Yes,4.7,2025-02-27,32.15
VL0724,Radiohead,Amnesiac,Alternative,2001,Very Good Plus,US,192.9,60000.0,,,4.1,2024-06-26,38.93
VL0725,Oasis,(What's the Story) Morning Glory?,Rock,1995,Very Good Plus,US,174.6,16903.0,No,Yes,4.6,2025-01-13,40.73
VL0726,Amy Winehouse,Back to Black,Soul,2006,Very Good Plus,Australia,199.9,10670.0,Yes,,4.4,2026-06-12,
VL0727,Led Zeppelin,Led Zeppelin IV,Rock,1971,Very Good Plus,Netherlands,174.3,24185.0,Yes,Yes,,2024-06-24,81.73
VL0728,Taylor Swift,reputation,Pop,2017,Very Good,UK,205.3,2985.0,No,Yes,4.4,2024-12-16,26.57
VL0729,Outkast,ATLiens,Hip-Hop,1996,Very Good,UK,203.9,5172.0,No,No,3.5,2024-03-29,
VL0730,The Beatles,Revolver,Rock,1966,Near Mint,US,184.9,9405.0,No,Yes,,2024-04-21,384.58
VL0731,The Strokes,Is This It,Rock,2001,Good,France,186.2,2974.0,No,Yes,4.9,2024-12-31,37.68
VL0732,Nina Simone,I Put a Spell on You,,1965,Very Good Plus,UK,195.7,5365.0,No,Yes,4.6,2025-07-09,36.9
VL0733,Prince,Dirty Mind,Pop,1980,Very Good Plus,Japan,172.2,9499.0,Yes,Yes,4.1,2026-01-03,104.11
VL0734,Michael Jackson,Off the Wall,Pop,1979,Very Good Plus,Australia,199.8,18657.0,No,Yes,4.2,2025-02-06,46.83
VL0735,Nirvana,Bleach,Rock,1989,Near Mint,Japan,174.0,21338.0,,Yes,4.9,2025-06-16,43.65
VL0736,John Coltrane,A Love Supreme,Jazz,1965,Near Mint,US,147.6,21185.0,No,Yes,4.4,2026-07-11,103.04
VL0737,Arctic Monkeys,"Whatever People Say I Am, That's What I'm Not",Rock,2006,Very Good Plus,US,172.5,24996.0,No,Yes,4.1,2026-07-25,51.81
VL0738,Bob Marley & The Wailers,Catch a Fire,Reggae,1973,Near Mint,UK,176.7,24983.0,No,Yes,4.9,2025-05-29,47.13
VL0739,Marvin Gaye,What's Going On,Soul,1971,Near Mint,US,181.0,6828.0,Yes,Yes,,2025-04-06,110.11
VL0740,Arctic Monkeys,AM,Rock,2013,Very Good Plus,,196.9,8477.0,Yes,Yes,4.5,2025-05-16,125.09
VL0741,Massive Attack,Mezzanine,Electronic,1998,,Germany,185.0,7492.0,No,Yes,4.4,2025-01-25,54.14
VL0742,David Bowie,Station to Station,Rock,1976,Near Mint,Germany,170.1,26588.0,No,Yes,4.8,2024-09-04,64.4
VL0743,Erykah Badu,Mama's Gun,R&B,2000,Mint,UK,196.2,4989.0,No,Yes,4.8,2025-05-28,
VL0744,Bob Dylan,Blonde on Blonde,Rock,1966,Near Mint,Netherlands,202.7,13243.0,No,Yes,4.1,,64.16
VL0745,"Tyler, The Creator",IGOR,Hip-Hop,2019,Good,US,174.0,56192.0,No,Yes,4.0,2026-05-26,51.44
VL0746,Aretha Franklin,Spirit in the Dark,Soul,1970,Near Mint,Japan,171.6,13385.0,Yes,Yes,4.0,2024-08-26,64.19
VL0747,The Rolling Stones,Some Girls,Rock,1978,Very Good Plus,UK,180.1,17791.0,No,Yes,4.5,2026-06-26,30.53
VL0748,Marvin Gaye,I Want You,Soul,1976,Very Good Plus,US,192.6,15690.0,No,Yes,4.3,2025-01-08,22.57
VL0749,The Beatles,Sgt. Pepper's Lonely Hearts Club Band,Rock,1967,Very Good Plus,Germany,179.5,40687.0,No,Yes,4.7,2026-01-09,40.52
VL0750,The Strokes,First Impressions of Earth,Rock,2005,Very Good,Canada,197.1,3332.0,No,Yes,4.4,2025-03-09,50.31
VL0751,Daft Punk,Discovery,Electronic,2001,Very Good Plus,,189.8,11041.0,No,No,4.7,2025-04-18,42.47
VL0752,The Rolling Stones,Aftermath,Rock,1966,Very Good,Australia,166.1,12547.0,No,Yes,4.3,2025-11-14,17.68
VL0753,The Weeknd,Beauty Behind the Madness,R&B,2015,Near Mint,Germany,149.0,2336.0,,Yes,5.0,2024-02-08,48.45
VL0754,Oasis,Standing on the Shoulder of Giants,Rock,2000,Very Good Plus,UK,176.1,8738.0,No,Yes,4.2,2026-04-21,58.01
VL0755,Bob Dylan,John Wesley Harding,Rock,1967,Good,US,193.7,54855.0,No,Yes,4.4,2025-03-11,42.54
VL0756,Outkast,Stankonia,Hip-Hop,2000,Very Good Plus,UK,156.2,2715.0,No,Yes,4.7,2026-04-02,214.69
VL0757,Marvin Gaye,Let's Get It On,Soul,1973,Very Good,US,219.5,16996.0,No,Yes,4.4,2024-09-20,24.98
VL0758,Kid Cudi,Man on the Moon II,Hip-Hop,2010,Near Mint,France,182.2,9217.0,Yes,Yes,4.3,2024-10-04,202.74
VL0759,Radiohead,Pablo Honey,,1993,Very Good Plus,,170.9,15303.0,No,Yes,4.7,2024-02-20,38.46
VL0760,Kendrick Lamar,DAMN.,Hip-Hop,2017,Good,Japan,182.0,14109.0,No,No,4.4,2026-06-11,14.78
VL0761,Pearl Jam,Ten,Rock,1991,Good,UK,173.9,11645.0,Yes,No,4.7,2025-01-11,135.62
VL0762,Fleetwood Mac,Behind the Mask,Rock,1990,Very Good,UK,168.4,52628.0,No,Yes,3.9,2024-12-23,11.72
VL0763,Arctic Monkeys,AM,Rock,2013,Very Good,UK,210.7,13107.0,Yes,Yes,4.5,2025-12-18,19.48
VL0764,Daft Punk,Random Access Memories,Electronic,2013,Very Good,US,185.3,6588.0,No,Yes,4.3,2026-04-12,78.02
VL0765,Billie Eilish,Hit Me Hard and Soft,Pop,2024,Near Mint,US,,13764.0,Yes,Yes,4.2,2024-01-04,
VL0766,Fleetwood Mac,Behind the Mask,Rock,1990,Very Good Plus,UK,203.0,22722.0,Yes,No,4.5,2026-06-23,70.27
VL0767,Massive Attack,100th Window,Electronic,2003,Near Mint,US,153.5,7633.0,No,Yes,5.0,2026-06-07,94.23
VL0768,Tame Impala,Lonerism,Rock,2012,Mint,US,,7358.0,Yes,Yes,4.7,2026-01-18,88.52
VL0769,Gorillaz,Demon Days,Alternative,2005,Near Mint,US,188.9,19088.0,No,Yes,4.7,2025-11-18,192.67
VL0770,,Watching Movies with the Sound Off,Hip-Hop,2013,Very Good,US,188.3,8020.0,Yes,Yes,4.3,2024-02-18,
VL0771,Radiohead,A Moon Shaped Pool,Alternative,2016,Near Mint,France,189.8,22436.0,,Yes,5.0,2025-06-11,66.45
VL0772,Erykah Badu,Baduizm,R&B,1997,Very Good,US,150.5,60000.0,No,Yes,4.4,2026-04-07,59.4
VL0773,Kanye West,Graduation,Hip-Hop,2007,Very Good,Netherlands,146.2,9803.0,,Yes,,2025-03-07,68.95
VL0774,Lady Gaga,Chromatica,Pop,2020,Very Good,Australia,176.4,28905.0,No,Yes,4.2,2026-03-26,13.64
VL0775,Pink Floyd,Ummagumma,Rock,1969,Very Good Plus,UK,165.5,9044.0,Yes,No,4.2,2025-05-08,82.19
VL0776,Aretha Franklin,Lady Soul,Soul,1968,Very Good Plus,UK,176.5,6516.0,Yes,Yes,4.5,2024-04-25,40.47
VL0777,Fleetwood Mac,Mirage,Rock,1982,Very Good,US,193.6,47512.0,Yes,Yes,4.6,2024-02-27,76.94
VL0778,John Coltrane,Ascension,Jazz,1966,Near Mint,UK,,10270.0,No,Yes,4.7,2026-05-13,115.17
VL0779,The Beatles,Let It Be,Rock,1970,Near Mint,Netherlands,179.5,17908.0,No,Yes,4.4,2024-04-23,91.05
VL0780,Kid Cudi,Man on the Moon: The End of Day,Hip-Hop,2009,Mint,US,182.2,5925.0,No,Yes,3.9,2025-12-20,41.27
VL0781,Prince,1999,Pop,1982,Very Good,Australia,171.4,,No,Yes,4.4,2024-10-18,
VL0782,Stevie Wonder,Innervisions,Soul,1973,Very Good,US,159.3,39670.0,No,No,3.8,2025-11-08,30.05
VL0783,,Captain Fantastic and the Brown Dirt Cowboy,Rock,1975,Good,,181.2,4698.0,No,No,5.0,2024-09-09,25.62
VL0784,Radiohead,OK Computer,Alternative,1997,Very Good Plus,US,197.8,15494.0,No,No,4.4,2025-07-28,17.33
VL0785,Kate Bush,The Sensual World,Pop,1989,Very Good,US,171.5,9109.0,No,Yes,4.3,2025-02-26,28.05
VL0786,Bruno Mars,24K Magic,Pop,2016,Very Good Plus,US,184.8,25613.0,No,,4.5,2025-05-17,44.49
VL0787,The Cure,Disintegration,Alternative,1989,Very Good,France,164.9,2965.0,Yes,Yes,4.2,2025-08-08,
VL0788,Prince,Purple Rain,Pop,1984,Good,US,,21533.0,Yes,No,4.5,2025-06-01,34.84
VL0789,Portishead,Portishead,Electronic,1997,Very Good Plus,Canada,161.0,24960.0,No,No,4.1,2024-10-17,61.54
VL0790,The Rolling Stones,Some Girls,Rock,1978,Very Good Plus,,171.7,60000.0,No,Yes,,2026-01-03,246.56
VL0791,Radiohead,Amnesiac,Alternative,2001,Very Good,France,,26779.0,No,Yes,4.7,2024-08-06,40.56
VL0792,Led Zeppelin,In Through the Out Door,Rock,1979,Very Good Plus,US,193.6,5804.0,No,No,3.9,2024-08-29,22.3
VL0793,Stevie Wonder,Innervisions,Soul,1973,,France,188.2,6742.0,No,Yes,4.7,2025-09-20,26.04
VL0794,Lana Del Rey,Born to Die,Pop,2012,Very Good,UK,160.1,9653.0,No,Yes,,2024-10-23,41.74
VL0795,The Cure,Faith,Alternative,1981,Very Good,Japan,189.6,7574.0,No,No,4.8,2025-11-02,18.58
VL0796,Björk,Debut,Electronic,1993,Very Good Plus,,191.1,18425.0,No,Yes,4.2,2024-11-03,36.36
VL0797,Led Zeppelin,Led Zeppelin IV,Rock,1971,Near Mint,UK,178.8,13577.0,No,Yes,4.9,2025-05-19,148.67
VL0798,Bob Marley & The Wailers,Uprising,Reggae,1980,Very Good,US,172.8,29862.0,No,Yes,4.5,2025-01-27,24.43
VL0799,Lady Gaga,Chromatica,Pop,2020,Very Good Plus,US,214.2,8132.0,Yes,No,4.8,2025-06-08,
VL0800,Erykah Badu,Mama's Gun,R&B,2000,Good,Japan,179.1,7118.0,No,Yes,4.4,2026-05-21,83.32
VL0801,Prince,Purple Rain,Pop,1984,Near Mint,Germany,159.4,5435.0,No,No,3.4,2024-01-16,68.86
VL0802,Rihanna,Good Girl Gone Bad,Pop,2007,Very Good,Germany,214.3,28831.0,No,Yes,4.4,2024-08-27,18.49
VL0803,Frank Ocean,Channel Orange,R&B,2012,Very Good Plus,US,203.5,60000.0,No,Yes,4.8,2025-09-29,56.62
VL0804,Fleetwood Mac,Tusk,Rock,1979,Near Mint,Japan,161.7,9745.0,No,Yes,4.2,2024-11-18,68.11
VL0805,Pink Floyd,The Piper at the Gates of Dawn,Rock,1967,Very Good,US,197.7,18638.0,Yes,Yes,4.3,2024-11-29,44.61
VL0806,Portishead,Dummy,Electronic,1994,Near Mint,France,,3802.0,No,Yes,4.1,2024-07-05,190.69
VL0807,Radiohead,Hail to the Thief,Alternative,2003,Very Good Plus,US,188.2,9578.0,No,Yes,4.7,2025-04-29,72.08
VL0808,Johnny Cash,At Folsom Prison,Country,1968,Near Mint,US,181.1,14122.0,Yes,Yes,,2025-07-05,98.03
VL0809,The Smiths,The Smiths,Alternative,1984,Very Good Plus,Japan,158.1,10292.0,Yes,Yes,4.3,2024-12-09,46.54
VL0810,Madonna,True Blue,Pop,1986,Very Good Plus,UK,183.7,12447.0,No,Yes,3.8,2024-08-27,31.43
VL0811,Portishead,Dummy,Electronic,1994,Near Mint,UK,194.9,16341.0,No,Yes,4.9,2024-02-17,30.44
VL0812,The Cure,Pornography,Alternative,1982,Very Good Plus,US,180.3,23459.0,Yes,Yes,4.2,2026-07-06,80.56
VL0813,Björk,Post,,1995,Very Good,Netherlands,152.3,5299.0,Yes,Yes,4.7,2024-09-23,32.33
VL0814,Björk,Post,Electronic,1995,Good,Italy,179.2,,No,Yes,3.9,2024-08-20,51.04
VL0815,The Smiths,Meat Is Murder,Alternative,1985,Near Mint,UK,,9052.0,No,Yes,3.9,2024-02-29,49.25
VL0816,Outkast,ATLiens,Hip-Hop,1996,,UK,206.4,11018.0,Yes,Yes,4.1,2025-05-17,172.18
VL0817,Erykah Badu,Worldwide Underground,R&B,2003,Very Good Plus,Italy,203.5,21429.0,No,Yes,4.4,2025-11-16,62.72
VL0818,Nina Simone,Pastel Blues,Jazz,1965,Very Good,US,197.3,8599.0,No,No,4.6,2024-10-26,75.33
VL0819,2Pac,All Eyez on Me,Hip-Hop,1996,Good,Japan,165.2,5090.0,No,No,4.1,,
VL0820,Taylor Swift,Red,Pop,2012,Very Good Plus,US,199.3,,No,,4.2,2024-02-06,83.05
VL0821,Jay-Z,Reasonable Doubt,Hip-Hop,1996,Very Good,Netherlands,195.8,26599.0,Yes,Yes,,2026-07-13,107.99
VL0822,Elton John,Goodbye Yellow Brick Road,Rock,1973,Very Good,UK,173.6,6552.0,No,Yes,4.8,2024-08-08,112.53
VL0823,Tame Impala,Currents,Rock,2015,Near Mint,France,186.2,11929.0,No,Yes,5.0,2024-02-27,95.4
VL0824,Kate Bush,Hounds of Love,Pop,1985,Very Good Plus,US,193.9,10107.0,No,No,3.8,2026-03-29,24.47
VL0825,David Bowie,Station to Station,Rock,1976,Very Good Plus,UK,169.8,5023.0,No,Yes,4.7,2025-04-20,39.94
VL0826,Pink Floyd,Ummagumma,Rock,1969,Good,Japan,208.2,7773.0,No,No,4.2,2026-04-11,36.22
VL0827,,Madman Across the Water,Rock,1971,Very Good Plus,US,214.7,3193.0,No,Yes,4.1,2024-06-17,95.51
VL0828,John Coltrane,My Favorite Things,Jazz,1961,Mint,US,186.6,60000.0,,Yes,4.3,2024-06-27,
VL0829,Mac Miller,GO:OD AM,Hip-Hop,2015,Mint,US,170.7,13442.0,No,Yes,4.5,2025-09-16,128.84
VL0830,Pearl Jam,Vitalogy,Rock,1994,Very Good,US,173.0,29413.0,No,No,4.2,2024-02-27,45.71
VL0831,Marvin Gaye,I Want You,Soul,1976,Near Mint,UK,187.6,28561.0,No,Yes,4.3,2025-09-07,45.13
VL0832,Arctic Monkeys,AM,Rock,2013,Very Good Plus,US,193.8,24104.0,No,Yes,5.0,2025-03-20,48.78
VL0833,David Bowie,The Rise and Fall of Ziggy Stardust and the Spiders from Mars,Rock,1972,Very Good Plus,Australia,200.9,33752.0,No,Yes,4.4,2025-06-30,49.65
VL0834,Fleetwood Mac,Behind the Mask,Rock,1990,Very Good,Germany,142.8,8667.0,No,No,4.4,2025-05-12,67.32
VL0835,Bob Dylan,The Freewheelin' Bob Dylan,Folk,1963,Near Mint,France,169.2,25757.0,Yes,,4.2,2026-03-13,53.33
VL0836,Portishead,Portishead,Electronic,1997,Very Good Plus,,175.5,7090.0,No,Yes,,2025-03-25,40.29
VL0837,Outkast,ATLiens,Hip-Hop,1996,Very Good Plus,US,157.1,12903.0,No,No,4.1,2026-06-08,64.7
VL0838,Miles Davis,Kind of Blue,Jazz,1959,Very Good,Netherlands,167.9,22324.0,No,Yes,4.0,2026-08-17,52.58
VL0839,Prince,1999,Pop,1982,Very Good Plus,US,176.1,17018.0,,No,4.7,2025-07-12,75.47
VL0840,John Coltrane,Giant Steps,Jazz,1960,Very Good,US,176.7,17266.0,No,Yes,5.0,2024-04-01,45.82
VL0841,The Smiths,The Queen Is Dead,Alternative,1986,Near Mint,US,176.3,17881.0,No,,4.7,2024-06-05,34.21
VL0842,Pink Floyd,Animals,Rock,1977,Very Good,UK,170.8,,No,No,4.4,,29.92
VL0843,Rihanna,Good Girl Gone Bad,Pop,2007,Very Good Plus,US,185.9,19938.0,No,Yes,4.6,2024-01-02,61.94
VL0844,Queen,Queen II,Rock,1974,Very Good,Japan,164.2,3998.0,No,Yes,5.0,2024-04-26,71.98
VL0845,Gorillaz,Gorillaz,Alternative,2001,Near Mint,France,168.3,6594.0,Yes,No,4.0,2026-07-19,42.12
VL0846,The Doors,The Doors,Rock,1967,,Australia,202.0,7807.0,No,Yes,3.9,2025-05-20,100.37
VL0847,Massive Attack,Blue Lines,Electronic,1991,Very Good,US,153.1,5709.0,No,No,4.4,2024-01-29,26.95
VL0848,Depeche Mode,Violator,Electronic,1990,Very Good Plus,US,183.7,9000.0,Yes,Yes,4.6,2026-02-28,79.89
VL0849,Pink Floyd,Atom Heart Mother,Rock,1970,Very Good,France,168.9,23142.0,Yes,Yes,5.0,2024-08-02,71.35
VL0850,Adele,19,Pop,2008,Good,,195.8,15130.0,No,Yes,,2025-02-06,13.72
VL0851,Johnny Cash,At Folsom Prison,Country,1968,Very Good Plus,US,206.8,33228.0,No,Yes,5.0,2024-04-03,53.7
VL0852,The Cure,Pornography,Alternative,1982,Very Good,Germany,189.1,21881.0,No,No,5.0,2025-10-15,
VL0853,Red Hot Chili Peppers,By the Way,Rock,2002,Very Good,Japan,173.7,47932.0,No,Yes,3.8,2025-12-13,31.78
VL0854,The Beatles,Help!,Rock,1965,Mint,Germany,166.8,,No,,4.4,2025-07-09,31.14
VL0855,Bob Marley & The Wailers,Burnin',Reggae,1973,Very Good Plus,France,177.2,8525.0,Yes,Yes,4.4,2024-08-12,64.59
VL0856,The Beatles,Help!,Rock,1965,Very Good,UK,148.6,28630.0,No,No,5.0,2024-08-25,17.6
VL0857,,Favourite Worst Nightmare,Rock,2007,Good,US,165.0,4123.0,No,Yes,4.1,2024-08-18,36.64
VL0858,The Rolling Stones,Let It Bleed,Rock,1969,Near Mint,US,165.0,48738.0,,Yes,4.7,2026-01-15,97.24
VL0859,Taylor Swift,reputation,Pop,2017,Very Good,Germany,175.9,15074.0,No,No,3.9,2024-11-28,55.52
VL0860,David Bowie,Young Americans,Rock,1975,Near Mint,Italy,150.9,10020.0,No,No,4.1,2025-12-28,34.85
VL0861,A Tribe Called Quest,Midnight Marauders,Hip-Hop,1993,Near Mint,US,158.4,9741.0,No,Yes,4.3,2026-04-16,63.44
VL0862,Oasis,Be Here Now,Rock,1997,Good,US,,10219.0,No,Yes,,2024-03-30,13.16
VL0863,Queen,The Game,Rock,1980,,Germany,200.1,11064.0,No,Yes,3.7,2025-10-21,46.13
VL0864,D'Angelo,Voodoo,,2000,Near Mint,US,183.9,,No,Yes,5.0,2024-05-25,43.71
VL0865,Pink Floyd,Meddle,Rock,1971,Good,UK,203.0,14842.0,Yes,Yes,4.8,2025-05-19,25.79
VL0866,Amy Winehouse,Back to Black,Soul,2006,Very Good,Germany,183.3,13245.0,Yes,No,4.0,2024-08-11,42.01
VL0867,Björk,Debut,Electronic,1993,Near Mint,UK,173.1,2895.0,No,Yes,4.6,2025-02-25,63.4
VL0868,Elton John,Honky Château,Rock,1972,Near Mint,US,168.3,41119.0,No,,4.4,2025-02-14,53.86
VL0869,Taylor Swift,Fearless,Pop,2008,Near Mint,UK,187.5,7497.0,Yes,Yes,4.0,2024-12-28,
VL0870,The Rolling Stones,Sticky Fingers,Rock,1971,Very Good Plus,US,174.8,14426.0,No,Yes,5.0,2026-01-06,32.4
VL0871,Kate Bush,The Sensual World,Pop,1989,Very Good,Japan,161.3,8285.0,No,Yes,4.3,2025-03-15,29.02
VL0872,Simon & Garfunkel,Bridge over Troubled Water,Folk,1970,Very Good,,210.7,6638.0,Yes,Yes,4.9,2026-03-04,31.85
VL0873,Elton John,Tumbleweed Connection,Rock,1970,Very Good,,191.5,17543.0,No,No,4.8,2026-02-04,18.57
VL0874,Led Zeppelin,Led Zeppelin II,Rock,1969,Near Mint,Germany,210.2,5927.0,No,No,3.6,2026-01-18,44.61
VL0875,The Notorious B.I.G.,Ready to Die,Hip-Hop,1994,Very Good,,181.2,10691.0,No,Yes,5.0,2026-07-29,81.83
VL0876,Elton John,,Rock,1973,Very Good,Germany,184.8,3219.0,Yes,No,4.4,2025-03-02,70.92
VL0877,Aphex Twin,Selected Ambient Works 85–92,Electronic,1992,Very Good Plus,Canada,183.0,9574.0,No,Yes,4.9,2024-08-09,
VL0878,Michael Jackson,Thriller,Pop,1982,Near Mint,US,178.8,23272.0,No,Yes,4.3,2025-03-20,64.27
VL0879,Arctic Monkeys,Favourite Worst Nightmare,Rock,2007,Very Good Plus,UK,196.6,13204.0,No,Yes,3.8,2024-04-22,47.63
VL0880,Taylor Swift,1989,,2014,Very Good,US,183.6,9042.0,No,No,4.7,2026-03-23,41.32
VL0881,The Beatles,Help!,Rock,1965,Very Good Plus,US,167.1,,Yes,No,4.5,2026-06-07,39.79
VL0882,Radiohead,A Moon Shaped Pool,Alternative,2016,Very Good,US,190.8,7741.0,No,No,4.6,2024-04-03,30.62
VL0883,Pink Floyd,Wish You Were Here,Rock,1975,Very Good Plus,US,194.4,20560.0,Yes,Yes,4.0,2025-03-01,30.11
VL0884,The Rolling Stones,Let It Bleed,Rock,1969,Near Mint,US,192.4,9690.0,No,Yes,4.2,2026-06-14,61.4
VL0885,Dolly Parton,Coat of Many Colors,Country,1971,Very Good,France,171.4,10829.0,No,Yes,4.1,2025-09-23,33.86
VL0886,The Strokes,First Impressions of Earth,Rock,2005,Good,UK,174.9,3266.0,,No,4.3,2026-04-26,52.33
VL0887,Jimi Hendrix,Are You Experienced,Rock,1967,,US,167.6,35527.0,Yes,Yes,4.2,2025-03-24,52.03
VL0888,Rihanna,Loud,Pop,2010,Very Good Plus,Canada,168.4,4660.0,Yes,Yes,4.1,2024-09-22,207.13
VL0889,Elton John,Goodbye Yellow Brick Road,Rock,1973,Very Good Plus,,,5767.0,No,Yes,5.0,2024-03-22,45.13
VL0890,David Bowie,The Rise and Fall of Ziggy Stardust and the Spiders from Mars,Rock,1972,Near Mint,Japan,182.6,,No,Yes,4.1,2025-02-16,87.03
VL0891,Bob Dylan,Highway 61 Revisited,Rock,1965,Very Good Plus,US,137.5,22387.0,Yes,Yes,4.0,2024-06-01,
VL0892,Amy Winehouse,Frank,Soul,2003,Mint,Japan,188.5,8668.0,No,Yes,4.6,2026-07-08,165.75
VL0893,Pink Floyd,The Dark Side of the Moon,Rock,1973,Near Mint,Canada,150.9,,,Yes,4.8,2025-01-24,67.59
VL0894,Erykah Badu,New Amerykah Part One,R&B,2008,Very Good Plus,UK,187.8,38691.0,Yes,Yes,3.7,2025-02-09,87.7
VL0895,The Beatles,Rubber Soul,Rock,1965,Near Mint,Japan,142.9,19598.0,No,Yes,4.6,2024-01-17,
VL0896,Michael Jackson,Thriller,Pop,1982,Very Good Plus,Germany,189.9,7038.0,No,Yes,4.7,2025-04-15,63.81
VL0897,Bob Marley & The Wailers,Natty Dread,Reggae,1974,Good,Japan,175.8,12091.0,Yes,Yes,4.2,2026-05-05,39.99
VL0898,The Smiths,The Queen Is Dead,Alternative,1986,Near Mint,,211.2,9727.0,No,Yes,4.9,2024-02-03,63.73
VL0899,Bruno Mars,,Pop,2010,Very Good,Canada,176.0,7607.0,Yes,No,4.6,2025-06-12,59.98
VL0900,Erykah Badu,Worldwide Underground,R&B,2003,Very Good,US,203.7,24358.0,Yes,Yes,4.1,2026-05-12,53.94
VL0901,Taylor Swift,1989,Pop,2014,Very Good Plus,US,186.5,3216.0,No,Yes,4.5,2025-02-05,83.87
VL0902,D'Angelo,Voodoo,R&B,2000,Very Good,UK,180.7,5510.0,Yes,Yes,5.0,2026-01-16,85.6
VL0903,The Doors,Waiting for the Sun,Rock,1968,Very Good,UK,171.8,5354.0,Yes,No,,2026-02-04,17.68
VL0904,Madonna,True Blue,Pop,1986,Very Good Plus,UK,191.7,9013.0,Yes,Yes,4.4,2025-01-18,92.18
VL0905,Rihanna,Loud,Pop,2010,Very Good,Germany,176.2,11217.0,No,No,4.8,2024-12-17,38.79
VL0906,Radiohead,Hail to the Thief,Alternative,2003,Near Mint,Germany,182.3,22004.0,Yes,Yes,4.3,2024-05-09,100.68
VL0907,Simon & Garfunkel,Bookends,Folk,1968,Near Mint,Germany,186.2,2477.0,No,Yes,4.3,2025-08-24,163.77
VL0908,Kanye West,Late Registration,Hip-Hop,2005,Very Good Plus,US,174.3,16260.0,No,Yes,4.8,2026-04-25,53.75
VL0909,Aretha Franklin,Spirit in the Dark,Soul,1970,Very Good Plus,UK,210.9,10192.0,No,,5.0,2025-03-14,
VL0910,Aretha Franklin,I Never Loved a Man the Way I Love You,Soul,1967,Good,Netherlands,,11574.0,No,No,4.0,2026-07-26,15.95
VL0911,Kanye West,The College Dropout,Hip-Hop,2004,Very Good,US,175.0,6101.0,Yes,Yes,4.8,2025-06-08,65.99
VL0912,Pink Floyd,More,Rock,1969,Very Good Plus,UK,176.3,16176.0,No,Yes,4.2,2024-04-04,59.81
VL0913,The Doors,Strange Days,Rock,1967,Near Mint,US,175.2,2828.0,No,No,4.7,2026-02-21,76.02
VL0914,MF DOOM,Operation: Doomsday,Hip-Hop,1999,Very Good Plus,,213.7,6270.0,No,Yes,4.4,2025-02-15,49.91
VL0915,Pink Floyd,Wish You Were Here,Rock,1975,Very Good,UK,179.3,15242.0,No,Yes,4.3,2025-04-16,32.96
VL0916,Queen,Sheer Heart Attack,Rock,1974,Near Mint,US,220.0,14893.0,No,Yes,4.5,2025-09-30,46.59
VL0917,The Cure,Faith,Alternative,1981,Near Mint,US,193.6,5183.0,No,Yes,4.6,2025-01-18,60.28
VL0918,The Rolling Stones,Beggars Banquet,Rock,1968,Very Good Plus,US,178.5,60000.0,No,Yes,4.2,2025-11-01,68.65
VL0919,The Rolling Stones,Beggars Banquet,Rock,1968,Very Good,France,,6537.0,No,Yes,4.4,2026-01-09,69.44
VL0920,Outkast,Southernplayalisticadillacmuzik,Hip-Hop,1994,Very Good Plus,UK,173.5,7814.0,No,Yes,4.9,2025-01-16,30.29
VL0921,Radiohead,Amnesiac,Alternative,2001,Very Good Plus,US,171.6,3056.0,No,,4.6,2026-02-23,25.77
VL0922,Queen,A Day at the Races,Rock,1976,Very Good,UK,,18121.0,No,No,4.2,2024-07-14,38.0
VL0923,Kendrick Lamar,To Pimp a Butterfly,Hip-Hop,2015,Very Good Plus,Germany,170.3,,No,Yes,3.9,2024-03-15,75.57
VL0924,The Cure,Disintegration,Alternative,1989,Very Good,UK,191.9,3067.0,No,Yes,4.7,2024-06-08,
VL0925,Björk,Homogenic,Electronic,1997,Near Mint,France,191.8,29976.0,Yes,Yes,4.4,2024-07-14,89.05
VL0926,Tame Impala,The Slow Rush,Rock,2020,Very Good Plus,US,,,No,Yes,4.2,2025-08-25,112.77
VL0927,Bob Marley & The Wailers,Catch a Fire,Reggae,1973,Very Good Plus,,162.1,12471.0,No,Yes,4.7,2025-05-20,30.49
VL0928,Kendrick Lamar,Mr. Morale & the Big Steppers,Hip-Hop,2022,Very Good Plus,UK,217.5,7223.0,No,Yes,4.6,2025-09-27,105.29
VL0929,Massive Attack,Mezzanine,Electronic,1998,Very Good,US,169.4,11160.0,Yes,Yes,4.6,2026-04-22,76.96
VL0930,Kate Bush,Hounds of Love,Pop,1985,Very Good,France,180.5,5870.0,No,Yes,4.5,2024-05-27,66.62
VL0931,Bob Marley & The Wailers,Natty Dread,Reggae,1974,Very Good Plus,Netherlands,201.4,23049.0,No,Yes,4.7,2026-01-20,
VL0932,Taylor Swift,Red,Pop,2012,Very Good,Germany,182.9,20365.0,No,No,5.0,2024-05-19,110.76
VL0933,The Beatles,With the Beatles,Rock,1963,Near Mint,Netherlands,191.8,6095.0,No,Yes,4.0,2024-02-01,85.71
VL0934,Bob Marley & The Wailers,Uprising,Reggae,1980,Near Mint,Canada,139.6,41446.0,No,Yes,4.3,2024-01-24,34.78
VL0935,D'Angelo,Brown Sugar,R&B,1995,Very Good Plus,UK,184.8,19688.0,No,Yes,4.3,2026-01-07,16.32
VL0936,The Cure,Disintegration,Alternative,1989,Very Good,Germany,175.3,8179.0,Yes,No,4.4,2025-06-15,25.35
VL0937,Red Hot Chili Peppers,By the Way,Rock,2002,Good,US,177.9,,No,No,4.7,2025-06-19,57.88
VL0938,The Doors,Strange Days,Rock,1967,Very Good,Japan,197.8,18084.0,,Yes,4.8,2026-08-12,33.96
VL0939,2Pac,Me Against the World,Hip-Hop,1995,Very Good Plus,Netherlands,182.0,,No,Yes,4.9,2025-03-03,39.63
VL0940,Miles Davis,In a Silent Way,Jazz,1969,Very Good,US,158.9,28014.0,Yes,Yes,4.2,2024-02-18,24.45
VL0941,Whitney Houston,Whitney Houston,Pop,1985,Near Mint,Germany,181.0,28521.0,No,Yes,4.2,2025-07-17,35.0
VL0942,Led Zeppelin,Led Zeppelin,,1969,Near Mint,US,199.0,9630.0,No,Yes,4.8,2024-12-31,77.08
VL0943,Michael Jackson,Bad,Pop,1987,Near Mint,Germany,195.7,13315.0,No,Yes,4.5,2024-11-11,230.37
VL0944,Massive Attack,Blue Lines,Electronic,1991,Very Good,Canada,182.5,15618.0,Yes,,5.0,2024-05-26,41.03
VL0945,The Cure,Three Imaginary Boys,Rock,1979,Near Mint,US,157.0,4423.0,No,Yes,5.0,2026-06-20,254.21
VL0946,Björk,Post,Electronic,1995,Good,UK,178.6,6558.0,No,No,4.8,2024-10-25,39.68
VL0947,Wu-Tang Clan,Enter the Wu-Tang (36 Chambers),Hip-Hop,1993,,US,157.4,3923.0,No,Yes,4.7,2025-11-18,111.47
VL0948,Lady Gaga,The Fame,Pop,2008,Very Good Plus,Netherlands,179.6,44173.0,No,Yes,4.2,2025-10-04,60.17
VL0949,Elton John,Captain Fantastic and the Brown Dirt Cowboy,Rock,1975,Near Mint,Canada,,11707.0,No,Yes,4.2,2026-05-14,129.82
VL0950,Oasis,Be Here Now,Rock,1997,Good,,159.3,11293.0,No,No,4.2,,17.84
VL0951,Rihanna,Loud,Pop,2010,Near Mint,Germany,,23215.0,No,Yes,3.8,2024-05-12,101.26
VL0952,Fleetwood Mac,Tango in the Night,Rock,1987,Very Good Plus,US,178.6,11192.0,No,Yes,4.4,2024-05-20,47.4
VL0953,Radiohead,Amnesiac,Alternative,2001,Near Mint,US,179.3,5756.0,No,Yes,5.0,2024-12-04,73.36
VL0954,Taylor Swift,folklore,Pop,2020,Near Mint,,182.5,18483.0,No,No,4.7,,36.2
VL0955,Björk,Homogenic,Electronic,1997,Near Mint,Germany,171.9,5565.0,No,Yes,4.2,2024-06-07,134.76
VL0956,Queen,Sheer Heart Attack,Rock,1974,Very Good Plus,UK,181.0,18925.0,Yes,Yes,4.5,2025-08-04,106.37
VL0957,Björk,Vespertine,Electronic,2001,Near Mint,Canada,164.9,5150.0,No,Yes,5.0,2024-06-14,124.6
VL0958,SZA,SOS,R&B,2022,Very Good Plus,US,197.0,21733.0,Yes,,4.2,2025-07-02,34.72
VL0959,Mac Miller,Blue Slide Park,Hip-Hop,2011,Very Good Plus,Canada,185.2,10515.0,No,Yes,4.6,2024-09-24,33.84
VL0960,Oasis,Definitely Maybe,Rock,1994,Very Good Plus,US,160.7,8228.0,No,Yes,4.4,2026-02-19,19.15
VL0961,Arctic Monkeys,"Whatever People Say I Am, That's What I'm Not",Rock,2006,Very Good Plus,Japan,,4965.0,No,No,4.5,2024-02-21,70.89
VL0962,Nirvana,In Utero,Rock,1993,Very Good,,189.8,46674.0,,Yes,4.2,2025-09-26,40.19
VL0963,Simon & Garfunkel,Bridge over Troubled Water,,1970,Very Good Plus,Canada,193.0,9202.0,No,No,4.8,2024-06-20,51.79
VL0964,The Doors,Morrison Hotel,Rock,1970,Very Good Plus,Canada,189.1,60000.0,No,Yes,4.1,2025-04-02,40.18
VL0965,The Beatles,Abbey Road,Rock,1969,Near Mint,Japan,172.3,,Yes,Yes,4.6,,77.89
VL0966,Nas,Illmatic,Hip-Hop,1994,Near Mint,Italy,171.5,21115.0,,Yes,4.0,2025-11-03,
VL0967,John Coltrane,Giant Steps,Jazz,1960,Very Good Plus,US,174.8,22785.0,No,Yes,3.9,2026-04-03,49.32
VL0968,Depeche Mode,Speak & Spell,Electronic,1981,Near Mint,UK,164.0,8151.0,No,Yes,4.5,2025-07-21,57.47
VL0969,Kate Bush,Hounds of Love,Pop,1985,Very Good Plus,Germany,176.1,9994.0,No,,4.4,2024-04-28,
VL0970,Johnny Cash,At Folsom Prison,Country,1968,Very Good Plus,Canada,165.8,9664.0,Yes,Yes,4.7,2025-12-06,70.65
VL0971,Erykah Badu,Mama's Gun,,2000,Very Good Plus,,178.2,3650.0,Yes,Yes,4.2,2025-07-18,35.27
VL0972,Tame Impala,The Slow Rush,Rock,2020,Near Mint,US,177.1,,Yes,Yes,5.0,2024-12-13,81.7
VL0973,Queen,Sheer Heart Attack,Rock,1974,Mint,US,,14836.0,No,Yes,4.7,2024-07-15,83.99
VL0974,Led Zeppelin,Led Zeppelin III,Rock,1970,Very Good,Netherlands,182.5,15890.0,Yes,Yes,4.1,2024-08-11,58.84
VL0975,The Rolling Stones,Exile on Main St.,,1972,Very Good Plus,Netherlands,181.5,1546.0,No,Yes,4.5,,43.26
VL0976,Lana Del Rey,Honeymoon,Pop,2015,Near Mint,Germany,198.1,9916.0,Yes,Yes,4.0,,88.53
VL0977,Pink Floyd,Atom Heart Mother,Rock,1970,Very Good Plus,,177.9,16986.0,No,,3.6,2025-12-05,36.38
VL0978,The Beatles,Please Please Me,Rock,1963,Mint,Germany,185.8,15827.0,No,Yes,4.5,2025-05-07,69.39
VL0979,Kendrick Lamar,"good kid, m.A.A.d city",Hip-Hop,2012,Very Good,UK,153.8,,Yes,,4.5,2025-08-05,20.6
VL0980,Jay-Z,The Blueprint,Hip-Hop,2001,Very Good Plus,US,192.7,6957.0,No,Yes,3.9,2026-03-31,64.5
VL0981,David Bowie,Aladdin Sane,Rock,1973,Very Good,France,160.6,,No,No,4.9,2026-01-15,26.61
VL0982,Pearl Jam,,Rock,1993,Near Mint,US,147.0,10200.0,No,Yes,4.4,2024-11-16,25.91
VL0983,The Rolling Stones,Sticky Fingers,Rock,1971,Very Good Plus,US,164.6,18643.0,Yes,,4.1,2025-03-20,
VL0984,The Weeknd,Beauty Behind the Madness,R&B,2015,Mint,Japan,156.5,19580.0,No,,4.8,2025-12-03,
VL0985,The Weeknd,Trilogy,R&B,2012,Near Mint,France,171.1,6359.0,,Yes,4.7,2025-06-18,44.39
VL0986,Michael Jackson,Thriller,Pop,1982,,Germany,193.2,1884.0,Yes,Yes,4.4,2024-09-03,99.52
VL0987,,OK Computer,Alternative,1997,Very Good,US,194.8,16176.0,No,Yes,4.6,2026-01-09,62.86
VL0988,Billie Eilish,Hit Me Hard and Soft,Pop,2024,Very Good Plus,France,213.0,11756.0,No,,4.2,2026-08-15,25.41
VL0989,"Tyler, The Creator",CALL ME IF YOU GET LOST,Hip-Hop,2021,Very Good Plus,UK,171.0,,Yes,No,5.0,2025-04-22,101.35
VL0990,Led Zeppelin,Led Zeppelin III,Rock,1970,Near Mint,Japan,158.8,56121.0,,Yes,4.4,2025-10-20,
VL0991,SZA,Ctrl,R&B,2017,Very Good Plus,US,178.7,9030.0,Yes,Yes,4.5,2025-03-08,82.78
VL0992,Queen,The Game,Rock,1980,Very Good Plus,,193.0,8919.0,No,Yes,4.7,2025-12-02,59.15
VL0993,Red Hot Chili Peppers,Stadium Arcadium,Rock,2006,Near Mint,France,,2516.0,No,Yes,4.6,2025-01-15,45.12
VL0994,John Coltrane,A Love Supreme,Jazz,1965,Very Good,UK,190.0,24486.0,No,Yes,4.8,2025-11-04,49.66
VL0995,Tame Impala,Currents,Rock,2015,Near Mint,Canada,174.4,20980.0,Yes,,,2025-03-16,48.15
VL0996,D'Angelo,Voodoo,R&B,2000,Very Good Plus,Canada,204.4,17462.0,No,Yes,4.6,2025-01-14,53.9
VL0997,The Smiths,The Queen Is Dead,Alternative,1986,,US,160.1,23786.0,No,Yes,4.2,2026-05-30,67.99
VL0998,Led Zeppelin,Led Zeppelin,Rock,1969,Mint,UK,176.3,60000.0,No,No,,2026-04-26,40.67
VL0999,Wu-Tang Clan,Enter the Wu-Tang (36 Chambers),Hip-Hop,1993,Very Good Plus,Germany,171.9,,No,Yes,4.5,2026-01-06,48.24
VL1000,The Smiths,The Smiths,Alternative,1984,Very Good,Netherlands,220.0,19746.0,No,Yes,4.4,2024-05-01,42.33
VL1001,Depeche Mode,Violator,Electronic,1990,Mint,UK,197.7,14290.0,No,Yes,4.4,2026-03-14,31.03
VL1002,Aaliyah,One in a Million,,1996,Very Good Plus,Germany,,55575.0,Yes,Yes,5.0,2024-06-08,41.02
VL1003,Beyoncé,4,R&B,2011,Near Mint,Netherlands,187.0,7473.0,No,No,4.2,2024-07-03,13.59
VL1004,Kanye West,The College Dropout,Hip-Hop,2004,Near Mint,US,184.4,4606.0,No,Yes,3.6,2025-02-09,49.03
VL1005,The Rolling Stones,Exile on Main St.,Rock,1972,Very Good Plus,US,161.2,16446.0,No,Yes,5.0,2024-06-23,32.97
VL1006,Bob Marley & The Wailers,Catch a Fire,Reggae,1973,Good,UK,158.2,15446.0,No,Yes,4.8,2024-09-14,24.59
VL1007,Erykah Badu,Baduizm,R&B,1997,Near Mint,Italy,165.5,,No,,4.1,2026-07-03,25.59
VL1008,Rihanna,Loud,Pop,2010,Very Good Plus,UK,169.3,5423.0,No,,4.3,2026-03-30,48.62
VL1009,Elton John,Captain Fantastic and the Brown Dirt Cowboy,Rock,1975,Very Good Plus,Canada,173.9,53363.0,No,Yes,,2025-04-20,41.22
VL1010,Michael Jackson,Thriller,Pop,1982,Very Good Plus,UK,184.0,16296.0,No,Yes,5.0,2024-04-25,77.78
VL1011,Prince,Dirty Mind,Pop,1980,,US,217.9,22232.0,,Yes,4.1,2024-10-04,57.27
VL1012,The Beatles,A Hard Day's Night,Rock,1964,Near Mint,US,174.1,8435.0,Yes,No,4.3,2024-06-01,47.9
VL1013,Massive Attack,100th Window,Electronic,2003,Very Good Plus,UK,172.3,7318.0,No,Yes,4.5,,80.39
VL1014,The Rolling Stones,Beggars Banquet,Rock,1968,Very Good Plus,Italy,197.2,10211.0,No,Yes,4.4,2026-06-18,134.54
VL1015,Nas,It Was Written,Hip-Hop,1996,Very Good,Japan,168.1,6443.0,No,No,4.8,2026-01-17,22.81
VL1016,Massive Attack,Protection,Electronic,1994,Mint,Netherlands,182.7,16810.0,No,Yes,3.9,2024-05-09,133.18
VL1017,Lana Del Rey,Honeymoon,Pop,2015,Very Good,Canada,193.7,18360.0,No,Yes,5.0,2026-06-08,34.63
VL1018,Billie Eilish,Happier Than Ever,Pop,2021,Good,Australia,,9795.0,No,No,4.9,2025-11-19,15.05
VL1019,John Coltrane,A Love Supreme,Jazz,1965,Good,Germany,197.6,4059.0,No,Yes,4.6,2025-09-20,27.18
VL1020,Lana Del Rey,Born to Die,Pop,2012,Very Good Plus,US,173.4,27601.0,No,Yes,4.3,2024-12-02,29.61
VL1021,Radiohead,A Moon Shaped Pool,Alternative,2016,Very Good,Japan,181.4,12860.0,No,Yes,4.8,2026-02-04,56.65
VL1022,Taylor Swift,folklore,Pop,2020,Very Good,Japan,168.6,12562.0,,Yes,4.8,2024-06-22,48.66
VL1023,Outkast,Stankonia,Hip-Hop,2000,,Germany,169.5,,No,Yes,5.0,2025-06-26,18.51
VL1024,Radiohead,The Bends,Alternative,1995,Very Good,Japan,189.6,25779.0,Yes,,4.0,2025-02-19,27.25
VL1025,Nirvana,Bleach,Rock,1989,Mint,Canada,173.2,4357.0,No,Yes,4.3,2026-07-27,111.75
VL1026,The Strokes,Is This It,Rock,2001,Very Good Plus,Japan,162.8,8246.0,No,No,,2024-12-21,40.67
VL1027,Queen,The Game,Rock,1980,Very Good Plus,UK,186.2,3520.0,No,Yes,4.3,2025-01-27,35.01
VL1028,Queen,A Day at the Races,Rock,1976,Very Good Plus,UK,178.2,25897.0,Yes,Yes,4.4,2024-11-24,53.97
VL1029,Led Zeppelin,Led Zeppelin III,Rock,1970,Very Good Plus,US,193.9,12164.0,No,Yes,4.8,2024-08-05,33.75
VL1030,Portishead,Portishead,Electronic,1997,Very Good Plus,US,188.0,9487.0,No,Yes,4.7,2025-07-30,38.24
VL1031,The Cure,Faith,Alternative,1981,Near Mint,Netherlands,202.8,7621.0,Yes,Yes,4.3,2024-01-14,109.82
VL1032,Nas,It Was Written,Hip-Hop,1996,Near Mint,UK,193.0,11675.0,Yes,Yes,,2024-05-26,108.65
VL1033,Radiohead,The King of Limbs,Alternative,2011,Very Good Plus,US,,9977.0,No,Yes,4.0,2025-07-01,
VL1034,Gorillaz,Gorillaz,Alternative,2001,Near Mint,US,170.4,9089.0,No,Yes,4.2,2024-06-11,31.92
VL1035,Jimi Hendrix,Axis: Bold as Love,Rock,1967,Very Good,US,,12484.0,No,Yes,4.7,2026-01-02,46.31
VL1036,Michael Jackson,Thriller,Pop,1982,Near Mint,UK,203.7,,Yes,Yes,4.1,2026-04-13,144.75
VL1037,Wu-Tang Clan,Enter the Wu-Tang (36 Chambers),Hip-Hop,1993,Near Mint,UK,201.4,8258.0,No,Yes,4.7,2024-01-17,87.6
VL1038,Nirvana,Nevermind,Rock,1991,Very Good Plus,Netherlands,170.9,19231.0,Yes,Yes,4.2,2026-04-29,58.01
VL1039,Massive Attack,100th Window,Electronic,2003,Good,,180.3,11170.0,No,Yes,4.7,2024-01-04,24.93
VL1040,The Beatles,Help!,Rock,1965,Very Good Plus,UK,165.9,11229.0,,No,4.8,2024-02-12,36.02
VL1041,Arctic Monkeys,Favourite Worst Nightmare,Rock,2007,Near Mint,Canada,164.4,4738.0,No,Yes,4.2,2025-02-22,40.06
VL1042,The Doors,Morrison Hotel,Rock,1970,Very Good,Netherlands,178.4,2804.0,No,Yes,4.8,2025-06-01,81.13
VL1043,The Smiths,Meat Is Murder,Alternative,1985,Very Good Plus,US,166.6,19522.0,No,Yes,4.4,2024-04-19,57.99
VL1044,David Bowie,Diamond Dogs,Rock,1974,Very Good Plus,US,178.4,7815.0,No,Yes,4.2,2025-08-27,
VL1045,Nina Simone,Silk & Soul,Soul,1967,Near Mint,UK,,30568.0,No,Yes,,2026-04-13,62.34
VL1046,Daft Punk,Discovery,Electronic,2001,Very Good Plus,UK,,22138.0,,Yes,4.7,2024-06-12,31.81
VL1047,Depeche Mode,Music for the Masses,Electronic,1987,Very Good,Netherlands,,29032.0,No,Yes,4.6,2026-02-27,31.47
VL1048,The Doors,The Soft Parade,Rock,1969,Very Good Plus,US,174.1,17967.0,No,Yes,4.0,2024-07-15,130.2
VL1049,The Beatles,Please Please Me,Rock,1963,Very Good Plus,US,173.7,9202.0,No,Yes,4.4,2024-11-13,45.31
VL1050,Nirvana,Nevermind,Rock,1991,Near Mint,US,177.9,28991.0,No,Yes,,2025-09-01,36.61
VL1051,Outkast,Stankonia,Hip-Hop,2000,Near Mint,France,184.2,26965.0,No,Yes,4.1,2024-03-21,105.96
VL1052,Marvin Gaye,Let's Get It On,Soul,1973,Near Mint,UK,156.3,5201.0,No,Yes,4.2,2025-01-30,61.41
VL1053,Adele,25,Pop,2015,Near Mint,US,200.9,6895.0,No,,4.4,2025-07-18,45.04
VL1054,Daft Punk,Discovery,Electronic,2001,Near Mint,Germany,178.4,,Yes,Yes,4.4,2024-03-11,109.74
VL1055,Kendrick Lamar,To Pimp a Butterfly,Hip-Hop,2015,Very Good,US,,,No,No,4.3,2025-04-13,21.28
VL1056,Stevie Wonder,Fulfillingness' First Finale,Soul,1974,Near Mint,UK,156.1,4033.0,No,Yes,,2026-02-19,65.58
VL1057,The Beatles,The Beatles,Rock,1968,Very Good Plus,France,185.7,4517.0,Yes,No,,2025-12-06,97.92
VL1058,The Rolling Stones,Exile on Main St.,Rock,1972,Very Good,UK,172.8,5045.0,Yes,Yes,4.9,2024-02-10,81.24
VL1059,Prince,Dirty Mind,Pop,1980,Near Mint,Australia,153.2,12467.0,No,Yes,4.8,2026-08-02,75.39
VL1060,,Vespertine,,2001,Very Good Plus,UK,173.4,5656.0,Yes,No,4.7,2024-01-24,40.81
VL1061,Tame Impala,The Slow Rush,Rock,2020,Mint,Germany,161.8,22920.0,No,Yes,,2024-04-29,101.15
VL1062,Gorillaz,Gorillaz,Alternative,2001,Very Good,Italy,188.6,7535.0,No,Yes,4.2,2025-05-05,38.8
VL1063,SZA,SOS,R&B,2022,Near Mint,Netherlands,164.5,23244.0,No,Yes,4.8,2025-02-06,48.11
VL1064,Michael Jackson,Thriller,Pop,1982,Very Good Plus,US,179.4,4927.0,No,Yes,4.5,2024-06-06,82.27
VL1065,Stevie Wonder,Songs in the Key of Life,Soul,1976,Near Mint,Germany,161.9,10560.0,No,Yes,4.8,2026-06-07,43.7
VL1066,Daft Punk,Discovery,Electronic,2001,,US,191.0,21751.0,No,No,4.5,2026-08-01,26.71
VL1067,Tame Impala,Innerspeaker,Rock,2010,Very Good Plus,US,166.5,25524.0,No,No,,2024-04-13,21.27
VL1068,Rihanna,Loud,Pop,2010,,UK,,7042.0,No,Yes,4.9,2025-05-02,36.49
VL1069,Bob Dylan,Blonde on Blonde,Rock,1966,Very Good,Australia,193.1,9087.0,No,Yes,4.5,2025-11-11,27.51
VL1070,Dr. Dre,The Chronic,Hip-Hop,1992,Very Good Plus,Italy,185.5,4377.0,Yes,Yes,3.9,2025-02-14,
VL1071,The Doors,L.A. Woman,Rock,1971,Mint,UK,202.6,19683.0,No,Yes,5.0,2024-05-19,95.77
VL1072,John Coltrane,My Favorite Things,Jazz,1961,Very Good Plus,Italy,175.0,10457.0,No,Yes,3.6,2026-02-05,33.01
VL1073,Nas,Illmatic,Hip-Hop,1994,Near Mint,US,210.7,6675.0,Yes,Yes,4.6,2024-05-10,95.0
VL1074,Massive Attack,100th Window,Electronic,2003,Good,Japan,190.9,11911.0,No,Yes,4.6,2024-12-01,50.69
VL1075,Red Hot Chili Peppers,By the Way,Rock,2002,Near Mint,Japan,170.5,5112.0,No,Yes,4.7,2024-02-06,99.34
VL1076,Fleetwood Mac,Mirage,Rock,1982,Near Mint,Germany,162.2,60000.0,Yes,,4.2,2024-06-26,57.99
VL1077,Queen,Queen II,Rock,1974,Near Mint,Germany,212.8,31536.0,No,Yes,3.9,2025-03-09,120.03
VL1078,Oasis,Definitely Maybe,Rock,1994,Very Good Plus,Germany,179.8,16114.0,No,Yes,3.7,2026-01-30,63.15
VL1079,Radiohead,The King of Limbs,Alternative,2011,Mint,US,160.7,,No,Yes,4.6,2026-02-17,77.14
VL1080,Whitney Houston,Whitney Houston,Pop,1985,Very Good Plus,Germany,206.6,8126.0,No,No,4.5,2025-11-24,24.72
VL1081,Arctic Monkeys,AM,Rock,2013,Very Good Plus,Netherlands,192.1,6512.0,No,No,4.6,2026-04-04,28.92
VL1082,J Dilla,Welcome 2 Detroit,Hip-Hop,2001,Very Good Plus,UK,169.3,2783.0,No,No,3.8,2024-12-20,23.13
VL1083,Led Zeppelin,Led Zeppelin II,Rock,1969,Very Good Plus,France,195.3,48449.0,No,Yes,4.4,2026-07-04,37.02
VL1084,The Beatles,Rubber Soul,,1965,Very Good Plus,Italy,188.6,31742.0,,Yes,4.4,2025-02-19,44.5
VL1085,The Notorious B.I.G.,Life After Death,Hip-Hop,1997,Very Good,Japan,176.6,26627.0,No,Yes,4.4,2024-03-10,32.39
VL1086,Bob Dylan,Bringing It All Back Home,,1965,Mint,US,191.0,9335.0,Yes,No,3.8,2024-02-03,88.81
VL1087,Bob Dylan,Blood on the Tracks,Rock,1975,Very Good,France,162.3,8644.0,No,Yes,4.3,2024-04-06,53.85
VL1088,The Beatles,With the Beatles,Rock,1963,Good,Italy,163.9,10695.0,No,No,4.6,2026-02-02,17.15
VL1089,Bob Marley & The Wailers,Rastaman Vibration,Reggae,1976,Very Good,UK,173.6,11132.0,No,Yes,4.1,2024-01-24,37.68
VL1090,The Beatles,Sgt. Pepper's Lonely Hearts Club Band,Rock,1967,Very Good,US,167.0,6775.0,No,Yes,4.8,2024-08-17,17.91
VL1091,Led Zeppelin,Presence,Rock,1976,Very Good,US,181.7,13858.0,Yes,Yes,3.6,2024-05-11,66.45
VL1092,Madonna,Like a Virgin,Pop,1984,Very Good Plus,Canada,174.5,7525.0,No,,4.5,2024-05-29,71.87
VL1093,Prince,Purple Rain,Pop,1984,Near Mint,UK,200.1,6987.0,No,Yes,4.1,2026-04-20,39.83
VL1094,Led Zeppelin,Presence,Rock,1976,Very Good Plus,UK,175.8,5584.0,No,Yes,3.9,2026-01-03,43.0
VL1095,Led Zeppelin,Physical Graffiti,Rock,1975,Very Good Plus,France,163.1,7646.0,No,Yes,4.0,2026-04-13,36.39
VL1096,Stevie Wonder,Talking Book,Soul,1972,Very Good,US,169.8,10951.0,No,Yes,4.7,2025-08-07,20.4
VL1097,Led Zeppelin,Led Zeppelin IV,Rock,1971,Very Good,UK,,10975.0,Yes,No,4.6,2025-04-24,
VL1098,Madonna,Like a Virgin,Pop,1984,Very Good,US,172.6,17441.0,No,No,4.5,2025-08-12,12.57
VL1099,Mac Miller,Watching Movies with the Sound Off,Hip-Hop,2013,Very Good Plus,US,151.1,16011.0,No,Yes,4.3,2025-04-05,32.65
VL1100,Mac Miller,Blue Slide Park,Hip-Hop,2011,Very Good Plus,France,176.1,5251.0,,Yes,4.3,2024-06-25,16.81
VL1101,The Beatles,The Beatles,Rock,1968,Very Good,US,191.4,2152.0,No,No,4.7,2024-09-10,15.26
VL1102,Led Zeppelin,In Through the Out Door,Rock,1979,Very Good Plus,UK,164.7,32200.0,No,No,4.3,2025-07-06,29.3
VL1103,Michael Jackson,Bad,Pop,1987,Mint,Canada,185.1,9911.0,No,Yes,4.9,2024-09-21,154.49
VL1104,A Tribe Called Quest,Midnight Marauders,Hip-Hop,1993,Very Good,US,,18791.0,No,No,4.4,2025-08-24,16.43
VL1105,Simon & Garfunkel,Sounds of Silence,Folk,1966,Very Good Plus,US,196.7,4854.0,No,Yes,4.0,2025-09-21,20.78
VL1106,The Beach Boys,Sunflower,Rock,1970,Very Good Plus,UK,175.5,7127.0,No,Yes,4.7,2025-06-09,148.11
VL1107,Wu-Tang Clan,Enter the Wu-Tang (36 Chambers),Hip-Hop,1993,Very Good Plus,Germany,204.0,,,Yes,4.1,2024-03-05,61.83
VL1108,The Weeknd,Trilogy,R&B,2012,Very Good,Netherlands,175.0,8511.0,Yes,Yes,4.7,2026-05-17,57.53
VL1109,Lana Del Rey,Born to Die,Pop,2012,Good,,,9877.0,No,Yes,4.6,2024-07-27,28.93
VL1110,Lana Del Rey,Born to Die,Pop,2012,Very Good,UK,187.7,27274.0,No,Yes,4.6,2026-07-18,49.68
VL1111,Depeche Mode,Songs of Faith and Devotion,Electronic,1993,Mint,Germany,163.3,25178.0,Yes,Yes,4.4,2024-06-04,121.21
VL1112,Amy Winehouse,Frank,Soul,2003,Mint,UK,183.2,6471.0,Yes,Yes,4.3,2025-01-22,144.75
VL1113,Daft Punk,Random Access Memories,Electronic,2013,Near Mint,Japan,178.1,22702.0,No,Yes,4.0,2024-12-09,45.03
VL1114,Kanye West,My Beautiful Dark Twisted Fantasy,Hip-Hop,2010,Very Good,Japan,201.2,13862.0,No,Yes,4.3,2026-01-13,97.06
VL1115,The Rolling Stones,Tattoo You,Rock,1981,Good,Australia,,28189.0,No,No,4.0,2025-07-28,25.08
VL1116,Depeche Mode,Music for the Masses,Electronic,1987,Good,US,169.6,2728.0,No,No,,2026-04-02,60.85
VL1117,Kate Bush,The Kick Inside,Pop,1978,Near Mint,,161.3,9512.0,No,Yes,4.8,2025-05-17,64.26
VL1118,Led Zeppelin,Led Zeppelin,Rock,1969,Near Mint,US,,,No,Yes,4.4,2024-10-01,44.83
VL1119,Oasis,Standing on the Shoulder of Giants,Rock,2000,Very Good Plus,Japan,170.6,47372.0,,No,4.3,2025-04-20,57.52
VL1120,Outkast,Stankonia,Hip-Hop,2000,Very Good Plus,Australia,173.6,12969.0,No,No,4.7,2025-10-31,48.81
VL1121,Nas,It Was Written,Hip-Hop,1996,Near Mint,UK,147.3,44729.0,Yes,,4.3,2025-07-14,65.88
VL1122,Queen,Queen,Rock,1973,Very Good,US,180.1,26226.0,Yes,Yes,3.6,2025-05-16,64.42
VL1123,Elton John,Madman Across the Water,Rock,1971,Very Good Plus,US,179.9,31731.0,No,Yes,4.4,,57.14
VL1124,Kate Bush,Hounds of Love,Pop,1985,Near Mint,US,,1297.0,No,Yes,4.6,2024-02-08,81.38
VL1125,Nirvana,In Utero,Rock,1993,Near Mint,Germany,194.0,36855.0,No,Yes,,2025-04-09,37.11
VL1126,Bob Dylan,Bringing It All Back Home,Folk,1965,Mint,US,186.7,4698.0,No,Yes,,2025-06-03,96.08
VL1127,The Doors,Strange Days,Rock,1967,Very Good Plus,Japan,179.2,17513.0,Yes,No,4.4,2024-10-19,90.35
VL1128,Lana Del Rey,Norman Fucking Rockwell!,Pop,2019,Very Good Plus,UK,145.7,8288.0,No,,4.6,2026-02-26,28.14
VL1129,"Tyler, The Creator",CALL ME IF YOU GET LOST,Hip-Hop,2021,Near Mint,France,186.8,11332.0,No,Yes,4.1,2026-05-26,46.96
VL1130,The Smiths,The Queen Is Dead,Alternative,1986,Good,Canada,184.5,15076.0,No,Yes,5.0,2025-01-15,28.46
VL1131,Daft Punk,Human After All,Electronic,2005,Very Good,US,174.1,8412.0,Yes,Yes,4.9,2024-10-07,52.88
VL1132,A Tribe Called Quest,Midnight Marauders,Hip-Hop,1993,Mint,UK,,3059.0,No,Yes,5.0,2026-04-01,127.48
VL1133,Fleetwood Mac,Tusk,Rock,1979,Very Good Plus,US,163.4,19329.0,Yes,Yes,4.6,2024-10-25,44.95
VL1134,Outkast,Stankonia,Hip-Hop,2000,Very Good,US,182.7,,No,Yes,4.2,2024-06-02,30.64
VL1135,Bob Dylan,The Freewheelin' Bob Dylan,Folk,1963,Very Good,Australia,161.3,4038.0,No,Yes,4.7,2025-06-26,61.16
VL1136,D'Angelo,Brown Sugar,R&B,1995,Very Good Plus,Japan,182.0,15501.0,Yes,No,4.5,2024-07-04,109.05
VL1137,Nirvana,Bleach,Rock,1989,Mint,US,173.7,8045.0,,Yes,4.5,2024-10-12,
VL1138,The Smiths,"Strangeways, Here We Come",Alternative,1987,Very Good Plus,Canada,158.5,9670.0,No,No,,2024-09-14,
VL1139,The Smiths,Meat Is Murder,Alternative,1985,Near Mint,UK,163.3,7795.0,No,Yes,4.6,2024-07-23,
VL1140,Björk,Post,Electronic,1995,Very Good Plus,Japan,179.8,,Yes,Yes,4.2,2026-06-10,53.28
VL1141,Madonna,Like a Prayer,Pop,1989,Very Good,Canada,179.2,11576.0,No,No,4.4,2025-01-02,35.19
VL1142,Beyoncé,Lemonade,R&B,2016,Very Good,Japan,198.4,2611.0,,No,,2026-05-18,42.84
VL1143,The Rolling Stones,Exile on Main St.,Rock,1972,Near Mint,UK,186.4,3818.0,No,Yes,4.6,2024-01-11,101.46
VL1144,Stevie Wonder,Songs in the Key of Life,Soul,1976,Good,France,,2278.0,No,Yes,,2026-07-01,55.18
VL1145,The Beatles,Abbey Road,Rock,1969,Very Good Plus,US,188.6,21698.0,No,Yes,4.8,2025-03-12,
VL1146,Radiohead,The King of Limbs,Alternative,2011,Very Good,US,,,No,Yes,4.4,2025-05-10,28.21
VL1147,Mac Miller,Blue Slide Park,Hip-Hop,2011,Very Good,US,182.2,4237.0,No,No,4.8,2024-08-20,26.52
VL1148,The Beach Boys,Surf's Up,Rock,1971,Near Mint,UK,186.2,14835.0,No,No,5.0,,45.48
VL1149,Whitney Houston,Whitney,,1987,Very Good Plus,US,174.6,37374.0,Yes,Yes,4.7,2024-09-12,88.22
VL1150,Gorillaz,Gorillaz,Alternative,2001,Very Good,UK,208.9,,No,Yes,4.5,2026-08-14,26.38
VL1151,Led Zeppelin,Led Zeppelin IV,Rock,1971,Very Good Plus,UK,187.3,,No,No,4.0,2026-07-05,33.59
VL1152,2Pac,Me Against the World,Hip-Hop,1995,Very Good,,206.5,11097.0,Yes,Yes,4.6,2025-08-25,
VL1153,The Strokes,First Impressions of Earth,Rock,2005,Near Mint,UK,168.5,9489.0,No,Yes,4.3,2026-06-25,120.75
VL1154,Adele,25,Pop,2015,Very Good Plus,Italy,,,No,Yes,5.0,2026-04-10,37.34
VL1155,Prince,Purple Rain,Pop,1984,Very Good Plus,France,190.3,11257.0,No,Yes,4.5,2024-01-21,57.72
VL1156,Pink Floyd,Wish You Were Here,Rock,1975,Mint,France,180.4,53060.0,Yes,Yes,5.0,2025-10-21,68.98
VL1157,Jimi Hendrix,Are You Experienced,Rock,1967,Near Mint,Germany,188.0,,No,Yes,3.9,2026-07-12,123.87
VL1158,Taylor Swift,1989,Pop,2014,Very Good,US,192.5,17419.0,No,Yes,5.0,2026-07-25,13.06
VL1159,Prince,Purple Rain,Pop,1984,Good,UK,178.9,18318.0,No,Yes,4.7,2025-06-21,
VL1160,Miles Davis,Sketches of Spain,Jazz,1960,Mint,,202.3,,No,Yes,3.6,2024-05-21,64.87
VL1161,The Beach Boys,Surf's Up,Rock,1971,Very Good,Canada,165.6,12114.0,No,No,3.9,2025-01-15,46.35
VL1162,Madonna,Like a Prayer,Pop,1989,Near Mint,US,197.2,26543.0,No,Yes,4.4,2026-01-19,44.14
VL1163,Madonna,Like a Virgin,Pop,1984,Very Good Plus,US,156.1,40303.0,,Yes,4.0,2025-11-06,73.86
VL1164,D'Angelo,Voodoo,R&B,2000,Very Good Plus,UK,172.7,8823.0,No,Yes,4.8,2026-03-01,31.2
VL1165,Kate Bush,The Sensual World,Pop,1989,Mint,France,178.5,1770.0,No,Yes,4.1,2025-02-03,130.14
VL1166,Michael Jackson,Off the Wall,Pop,1979,Near Mint,UK,181.2,13646.0,No,Yes,4.6,2024-09-08,68.03
VL1167,Mac Miller,Blue Slide Park,Hip-Hop,2011,,US,157.1,4700.0,No,Yes,4.4,2024-03-28,40.76
VL1168,Kanye West,Late Registration,Hip-Hop,2005,Very Good,US,179.0,5701.0,No,Yes,4.3,2024-12-14,27.29
VL1169,Erykah Badu,Baduizm,,1997,Very Good,US,162.1,60000.0,No,Yes,,2026-06-23,35.16
VL1170,Pink Floyd,Ummagumma,Rock,1969,,Germany,203.8,7176.0,No,No,4.9,2026-04-14,40.18
VL1171,Stevie Wonder,Fulfillingness' First Finale,Soul,1974,Very Good Plus,UK,162.6,28899.0,No,Yes,4.2,2025-07-26,54.3
VL1172,The Beatles,Let It Be,Rock,1970,Very Good Plus,US,161.7,6781.0,No,Yes,4.5,2026-07-07,47.2
VL1173,Radiohead,OK Computer,Alternative,1997,Near Mint,Australia,179.3,48320.0,No,Yes,4.9,2025-05-19,
VL1174,Kanye West,My Beautiful Dark Twisted Fantasy,Hip-Hop,2010,Good,Germany,180.6,7609.0,,Yes,5.0,,47.79
VL1175,Red Hot Chili Peppers,Californication,Rock,1999,Near Mint,US,205.7,60000.0,No,Yes,3.8,2024-09-06,50.83
VL1176,The Rolling Stones,Aftermath,Rock,1966,Near Mint,Japan,199.4,16099.0,No,Yes,5.0,2024-08-28,60.9
VL1177,Oasis,(What's the Story) Morning Glory?,Rock,1995,Very Good,UK,180.9,8744.0,No,Yes,4.6,2026-03-01,37.89
VL1178,Aretha Franklin,Lady Soul,Soul,1968,Very Good,Italy,194.9,16901.0,No,Yes,4.6,2024-09-26,35.56
VL1179,Madonna,Ray of Light,Pop,1998,Very Good,US,171.9,9830.0,No,Yes,4.9,2024-05-20,32.77
VL1180,Bob Marley & The Wailers,Burnin',Reggae,1973,Very Good,France,,20937.0,Yes,Yes,4.4,2025-10-14,76.04
VL1181,Dr. Dre,2001,Hip-Hop,1999,Near Mint,UK,180.0,8273.0,No,No,3.8,2026-01-01,
VL1182,The Smiths,The Queen Is Dead,Alternative,1986,Very Good Plus,France,167.8,7132.0,Yes,Yes,4.7,2025-07-02,81.46
VL1183,"Tyler, The Creator",CALL ME IF YOU GET LOST,Hip-Hop,2021,Near Mint,US,170.9,6455.0,No,,3.5,,61.43
VL1184,Simon & Garfunkel,Sounds of Silence,,1966,Very Good,UK,169.0,2757.0,,Yes,4.4,2024-09-23,59.47
VL1185,Queen,A Day at the Races,Rock,1976,,Japan,192.4,17843.0,Yes,,4.4,2024-09-11,31.64
VL1186,Depeche Mode,Speak & Spell,Electronic,1981,Very Good Plus,US,165.4,14893.0,No,Yes,4.7,2026-06-18,87.25
VL1187,The Doors,Morrison Hotel,Rock,1970,Near Mint,UK,191.3,7200.0,No,Yes,4.6,2025-11-06,59.39
VL1188,The Cure,Three Imaginary Boys,Rock,1979,Very Good Plus,Canada,189.9,11110.0,,Yes,4.4,2024-11-06,32.3
VL1189,Billie Eilish,Hit Me Hard and Soft,Pop,2024,Near Mint,France,192.4,16135.0,No,Yes,4.7,2024-11-17,61.53
VL1190,Beyoncé,B'Day,R&B,2006,Near Mint,US,187.6,6492.0,No,Yes,4.4,2024-10-03,64.99
VL1191,The Cure,Faith,Alternative,1981,Very Good Plus,US,176.9,8734.0,No,No,,2024-05-17,
VL1192,Nirvana,Bleach,Rock,1989,Near Mint,Germany,188.2,11623.0,No,Yes,4.9,2025-01-31,56.57
VL1193,The Beatles,The Beatles,Rock,1968,Very Good Plus,Japan,173.6,8211.0,No,Yes,4.9,2025-03-13,59.07
VL1194,Kendrick Lamar,Mr. Morale & the Big Steppers,Hip-Hop,2022,Very Good,Japan,193.0,5227.0,No,No,4.9,2024-12-06,68.81
VL1195,Prince,Lovesexy,Pop,1988,Near Mint,Japan,168.6,15395.0,No,Yes,4.6,2025-06-15,66.5
VL1196,Lana Del Rey,Honeymoon,Pop,2015,Near Mint,UK,152.9,4907.0,No,Yes,3.7,2024-05-13,39.26
VL1197,The Rolling Stones,Sticky Fingers,Rock,1971,Very Good Plus,Germany,,13172.0,,Yes,4.6,2026-01-12,41.3
VL1198,Wu-Tang Clan,Enter the Wu-Tang (36 Chambers),Hip-Hop,1993,Very Good,US,177.6,,No,No,4.6,2024-11-12,67.31
VL1199,Beyoncé,4,R&B,2011,Very Good Plus,US,152.6,,No,Yes,4.5,2024-07-11,
VL1200,Stevie Wonder,Songs in the Key of Life,Soul,1976,Mint,Japan,147.8,,Yes,Yes,4.6,2024-10-23,141.8
VL1201,Led Zeppelin,Led Zeppelin II,Rock,1969,Near Mint,Germany,173.0,8883.0,No,Yes,4.0,2026-05-07,25.77
VL1202,The Doors,L.A. Woman,Rock,1971,Good,UK,169.2,35060.0,Yes,Yes,4.3,2026-02-23,
VL1203,Mac Miller,Swimming,Hip-Hop,2018,Near Mint,Japan,191.6,9498.0,No,Yes,4.6,2026-01-17,43.22
VL1204,"Tyler, The Creator",Flower Boy,Hip-Hop,2017,Very Good,Canada,185.1,6702.0,No,Yes,4.7,2025-02-04,24.56
VL1205,Adele,25,Pop,2015,Very Good,Netherlands,178.1,7333.0,No,No,4.1,2025-05-15,
VL1206,Red Hot Chili Peppers,By the Way,Rock,2002,Very Good Plus,Australia,210.7,50399.0,Yes,Yes,4.5,2025-08-17,53.94
VL1207,Fleetwood Mac,Tango in the Night,Rock,1987,Very Good,UK,190.1,4457.0,Yes,Yes,,2025-05-02,133.91
VL1208,Lady Gaga,Born This Way,Pop,2011,Very Good,Japan,,18393.0,No,Yes,4.3,2025-03-25,28.91
VL1209,Daft Punk,Random Access Memories,Electronic,2013,Very Good,Netherlands,167.3,7724.0,No,Yes,4.7,2026-08-12,54.67
VL1210,Outkast,Stankonia,Hip-Hop,2000,Very Good Plus,Italy,177.7,56814.0,No,Yes,4.2,2024-07-05,41.24
VL1211,Pink Floyd,Wish You Were Here,Rock,1975,Near Mint,Germany,148.0,4514.0,No,Yes,4.6,2025-10-14,
VL1212,Depeche Mode,Violator,Electronic,1990,Very Good Plus,UK,197.8,12487.0,Yes,,4.0,2024-07-19,162.85
VL1213,Queen,Queen,Rock,1973,Very Good Plus,US,187.9,19311.0,No,Yes,3.8,2024-09-14,59.55
VL1214,Kendrick Lamar,Mr. Morale & the Big Steppers,Hip-Hop,2022,Good,Netherlands,190.7,12468.0,No,No,4.3,2024-01-17,46.26
VL1215,The Beatles,Abbey Road,Rock,1969,Very Good,,203.2,20887.0,No,Yes,3.9,,38.77
VL1216,The Doors,Waiting for the Sun,Rock,1968,Very Good,Italy,198.7,21628.0,No,,4.2,2026-03-04,29.58
VL1217,The Smiths,"Strangeways, Here We Come",Alternative,1987,Near Mint,US,178.9,4323.0,Yes,No,4.6,2024-04-05,
VL1218,Beyoncé,Dangerously in Love,R&B,2003,Near Mint,Netherlands,,9327.0,No,No,5.0,2026-02-07,35.29
VL1219,SZA,Ctrl,R&B,2017,Very Good Plus,UK,188.0,37771.0,Yes,Yes,4.5,2024-08-27,53.65
VL1220,J Dilla,Donuts,Hip-Hop,2006,Very Good Plus,Japan,181.8,23317.0,No,No,4.4,2024-06-18,46.43
VL1221,Billie Eilish,"When We All Fall Asleep, Where Do We Go?",Pop,2019,Very Good,US,,60000.0,Yes,Yes,4.4,2025-09-30,70.9
VL1222,MF DOOM,Operation: Doomsday,Hip-Hop,1999,Very Good,US,172.1,,Yes,Yes,4.6,2025-04-17,95.2
VL1223,Kendrick Lamar,,Hip-Hop,2017,,US,162.7,6281.0,Yes,Yes,4.7,2024-03-13,47.19
VL1224,Radiohead,The Bends,Alternative,1995,Very Good,US,172.8,,No,Yes,4.3,2025-12-24,23.38
VL1225,Led Zeppelin,Led Zeppelin III,Rock,1970,Very Good,France,168.7,11338.0,No,No,4.2,2025-08-17,26.51
VL1226,Beyoncé,Dangerously in Love,R&B,2003,Good,Germany,195.3,10103.0,No,Yes,4.6,,29.28
VL1227,Lauryn Hill,The Miseducation of Lauryn Hill,R&B,1998,Very Good Plus,Netherlands,192.4,26286.0,No,Yes,3.6,2024-10-04,82.4
VL1228,Radiohead,The King of Limbs,Alternative,2011,Very Good,US,190.0,60000.0,No,Yes,4.0,2024-12-31,45.15
VL1229,Taylor Swift,Fearless,Pop,2008,Very Good,France,186.6,3514.0,No,Yes,3.8,2025-09-08,66.78
VL1230,Daft Punk,Homework,Electronic,1997,Very Good,Japan,143.9,4268.0,No,No,4.4,2025-03-19,32.94
VL1231,Lana Del Rey,Honeymoon,Pop,2015,Very Good Plus,Italy,173.5,6403.0,No,Yes,4.2,2024-06-02,58.5
VL1232,Aphex Twin,Selected Ambient Works 85–92,Electronic,1992,Very Good,Japan,200.3,10258.0,,No,4.8,2024-05-12,38.25
VL1233,Madonna,Ray of Light,Pop,1998,,US,169.7,6397.0,No,Yes,4.6,2024-02-05,175.33
VL1234,Red Hot Chili Peppers,Californication,Rock,1999,Very Good,US,177.8,10054.0,,Yes,4.3,2025-07-19,19.16
VL1235,Billie Eilish,Happier Than Ever,Pop,2021,Mint,France,185.6,3211.0,Yes,Yes,4.8,2025-11-19,87.61
VL1236,Nirvana,In Utero,Rock,1993,Very Good,Canada,163.6,9187.0,No,Yes,,2025-05-21,73.68
VL1237,Nas,Illmatic,Hip-Hop,1994,Good,US,168.0,17368.0,No,Yes,5.0,2024-07-31,24.44
VL1238,Nirvana,In Utero,Rock,1993,Near Mint,UK,181.6,37173.0,Yes,Yes,,2026-04-19,46.52
VL1239,Johnny Cash,At Folsom Prison,Country,1968,Very Good Plus,UK,188.5,,No,Yes,4.7,2025-09-16,
VL1240,Fleetwood Mac,Mirage,Rock,1982,Very Good,UK,170.5,8205.0,Yes,Yes,4.4,2025-07-10,112.66
VL1241,Björk,Homogenic,Electronic,1997,Very Good,US,189.1,20477.0,No,,4.0,2024-07-28,37.46
VL1242,The Rolling Stones,Aftermath,Rock,1966,Very Good Plus,UK,187.2,10466.0,,,4.8,2025-09-10,56.05
VL1243,Daft Punk,Homework,Electronic,1997,,Japan,185.4,18211.0,Yes,Yes,4.9,2025-02-25,64.75
VL1244,Gorillaz,Demon Days,Alternative,2005,Near Mint,US,184.6,16215.0,Yes,No,4.4,2025-08-05,75.75
VL1245,Kanye West,My Beautiful Dark Twisted Fantasy,Hip-Hop,2010,Very Good Plus,Netherlands,149.6,6422.0,No,No,4.1,2025-05-19,41.58
VL1246,David Bowie,Lodger,Rock,1979,,,171.4,10409.0,Yes,Yes,4.5,2025-10-23,53.96
VL1247,John Coltrane,Ascension,Jazz,1966,Very Good Plus,US,158.9,1537.0,No,Yes,3.9,2025-11-22,56.9
VL1248,Erykah Badu,Worldwide Underground,R&B,2003,Near Mint,US,164.2,4537.0,No,Yes,4.2,2025-12-04,58.58
VL1249,Fleetwood Mac,Behind the Mask,Rock,1990,Near Mint,UK,196.3,2988.0,Yes,Yes,4.9,2024-01-31,216.86
VL1250,Erykah Badu,Mama's Gun,R&B,2000,Very Good,,,16895.0,No,Yes,4.7,2026-04-16,26.2
VL1251,David Bowie,Heroes,Rock,1977,Good,US,176.7,16137.0,No,No,3.7,2024-04-26,22.0
VL1252,Rihanna,Good Girl Gone Bad,Pop,2007,Very Good,UK,201.0,9621.0,No,Yes,4.5,2026-07-14,30.15
VL1253,Bob Dylan,John Wesley Harding,Rock,1967,Near Mint,Australia,184.6,9205.0,No,Yes,4.7,2024-01-14,50.34
VL1254,The Beatles,Please Please Me,Rock,1963,Good,UK,196.5,10729.0,No,No,4.6,2025-07-19,23.82
VL1255,Nina Simone,Little Girl Blue,Jazz,1959,Very Good,France,192.7,10848.0,Yes,No,4.3,2024-10-09,43.72
VL1256,SZA,Ctrl,R&B,2017,Near Mint,France,204.7,12357.0,No,,4.7,2024-10-26,38.96
VL1257,2Pac,All Eyez on Me,Hip-Hop,1996,Very Good,US,193.8,18881.0,No,Yes,4.0,2024-11-14,33.61
VL1258,Wu-Tang Clan,Enter the Wu-Tang (36 Chambers),Hip-Hop,1993,Very Good,US,172.5,40479.0,No,Yes,4.8,2024-02-27,23.32
VL1259,Rihanna,ANTI,Pop,2016,Very Good,Germany,184.4,11693.0,No,No,4.3,2024-09-30,38.98
VL1260,Taylor Swift,reputation,Pop,2017,Mint,US,159.0,13501.0,No,Yes,4.2,2026-08-16,186.56
VL1261,Rihanna,ANTI,,2016,Near Mint,Germany,181.2,14362.0,No,Yes,4.3,2025-05-05,93.04
VL1262,Prince,Sign o' the Times,Pop,1987,Good,US,169.1,16591.0,Yes,,4.4,2025-11-30,59.97
VL1263,Dolly Parton,Coat of Many Colors,Country,1971,Good,Netherlands,204.6,1875.0,No,No,4.4,2024-04-25,32.83
VL1264,,A Saucerful of Secrets,Rock,1968,Very Good Plus,UK,173.3,22541.0,No,Yes,4.0,2025-05-12,29.0
VL1265,Michael Jackson,Thriller,Pop,1982,Very Good,Netherlands,167.9,6190.0,Yes,Yes,4.6,2024-10-28,204.1
VL1266,David Bowie,Aladdin Sane,Rock,1973,Very Good,Netherlands,164.5,13470.0,No,No,3.8,2024-03-13,33.57
VL1267,The Cure,Disintegration,Alternative,1989,Very Good Plus,Netherlands,163.8,5024.0,No,Yes,4.6,2025-02-10,66.79
VL1268,The Strokes,Is This It,Rock,2001,Near Mint,US,171.8,9952.0,No,Yes,4.5,2026-05-24,84.13
VL1269,The Notorious B.I.G.,Ready to Die,Hip-Hop,1994,Near Mint,Canada,184.1,3736.0,No,Yes,,2024-07-07,52.88
VL1270,Tame Impala,The Slow Rush,Rock,2020,Very Good,Netherlands,184.6,6321.0,No,Yes,4.7,2025-05-17,78.08
VL1271,Bob Dylan,John Wesley Harding,Rock,1967,Near Mint,UK,177.0,13914.0,No,Yes,4.7,2025-09-14,56.74
VL1272,"Tyler, The Creator",,Hip-Hop,2021,Very Good Plus,Japan,187.7,5405.0,No,,4.2,2025-07-15,49.44
VL1273,The Beatles,Revolver,Rock,1966,Near Mint,UK,195.1,8939.0,No,Yes,,2024-11-11,25.93
VL1274,Madonna,Like a Virgin,Pop,1984,Very Good,Canada,184.4,3742.0,Yes,Yes,4.5,2025-02-13,187.58
VL1275,Radiohead,Hail to the Thief,Alternative,2003,Very Good Plus,Germany,167.1,40540.0,No,Yes,4.4,2024-04-23,36.36
VL1276,Bob Marley & The Wailers,Natty Dread,Reggae,1974,Good,,181.2,23734.0,No,No,4.8,2024-01-20,16.75
VL1277,Nina Simone,Silk & Soul,Soul,1967,Very Good Plus,UK,,23459.0,No,Yes,4.4,2025-05-19,83.93
VL1278,Bruno Mars,Doo-Wops & Hooligans,Pop,2010,Very Good Plus,US,174.6,12745.0,No,Yes,4.7,2024-12-02,26.89
VL1279,Bob Dylan,Blonde on Blonde,Rock,1966,Very Good Plus,US,168.8,10444.0,No,Yes,4.3,2024-01-06,
VL1280,David Bowie,Heroes,,1977,Very Good Plus,Japan,164.6,5950.0,No,Yes,4.5,2026-03-05,115.57
VL1281,The Rolling Stones,Exile on Main St.,Rock,1972,Near Mint,US,162.0,21802.0,No,Yes,4.2,2026-04-18,
VL1282,Bob Dylan,Highway 61 Revisited,Rock,1965,Near Mint,UK,207.0,19674.0,No,Yes,4.7,2025-05-25,41.16
VL1283,Erykah Badu,Worldwide Underground,R&B,2003,Near Mint,Germany,185.3,6922.0,No,Yes,4.1,2024-01-22,96.06
VL1284,David Bowie,Heroes,Rock,1977,Very Good,US,163.7,29846.0,No,Yes,4.5,2025-01-20,47.16
VL1285,The Beatles,Revolver,Rock,1966,Near Mint,Japan,174.3,11191.0,No,No,3.8,2026-08-16,127.85
VL1286,Rihanna,ANTI,Pop,2016,Very Good Plus,Netherlands,215.0,11257.0,No,No,4.8,2024-03-29,27.52
VL1287,Rihanna,Good Girl Gone Bad,Pop,2007,Very Good Plus,US,,33899.0,Yes,Yes,4.5,2025-08-13,58.57
VL1288,Jay-Z,Reasonable Doubt,Hip-Hop,1996,Very Good,UK,,,No,No,4.5,2024-08-13,22.8
VL1289,Kanye West,My Beautiful Dark Twisted Fantasy,Hip-Hop,2010,Mint,UK,186.3,3809.0,No,Yes,4.5,2024-11-27,132.49
VL1290,The Beach Boys,Surf's Up,Rock,1971,Very Good Plus,,176.9,4629.0,No,Yes,4.5,2026-02-04,124.68
VL1291,Bruno Mars,Doo-Wops & Hooligans,Pop,2010,Very Good Plus,UK,,4107.0,No,Yes,4.3,2025-04-14,53.94
VL1292,Queen,Queen II,Rock,1974,Very Good Plus,Australia,187.0,3836.0,No,Yes,,2026-03-25,52.46
VL1293,Bob Marley & The Wailers,Burnin',Reggae,1973,Very Good Plus,France,172.7,31342.0,Yes,No,4.3,2025-02-03,51.16
VL1294,Pearl Jam,Vs.,Rock,1993,Near Mint,France,195.4,59069.0,No,Yes,4.7,2026-06-27,55.85
VL1295,Radiohead,The King of Limbs,Alternative,2011,Very Good Plus,US,180.2,8732.0,No,Yes,,2026-06-11,30.45
VL1296,The Doors,Waiting for the Sun,Rock,1968,Very Good,UK,167.5,10757.0,No,Yes,,2025-11-14,32.54
VL1297,Mac Miller,Swimming,Hip-Hop,2018,Very Good Plus,,197.8,9895.0,No,Yes,4.4,2025-01-05,34.21
VL1298,Taylor Swift,Red,Pop,2012,Very Good Plus,,197.6,,Yes,Yes,4.8,2025-04-20,74.26
VL1299,The Cure,Seventeen Seconds,Alternative,1980,Very Good Plus,UK,220.0,13629.0,Yes,Yes,5.0,2026-07-14,104.67
VL1300,Daft Punk,Random Access Memories,Electronic,2013,Very Good Plus,UK,186.2,12496.0,No,No,4.8,2026-06-28,37.05
VL1301,Adele,25,Pop,2015,Mint,US,195.8,8214.0,No,Yes,4.4,2025-07-31,30.62
VL1302,Adele,21,Pop,2011,Near Mint,Netherlands,182.2,,No,Yes,3.7,2025-12-18,77.6
VL1303,The Beatles,Rubber Soul,Rock,1965,Very Good,Netherlands,179.4,12100.0,No,Yes,4.4,2024-05-29,22.08
VL1304,Aaliyah,Age Ain't Nothing but a Number,R&B,1994,Very Good Plus,,168.3,3158.0,No,Yes,,2024-01-20,66.21
VL1305,Red Hot Chili Peppers,By the Way,Rock,2002,Very Good,Germany,192.1,,No,Yes,4.2,2026-06-17,58.17
VL1306,Tame Impala,Currents,Rock,2015,Very Good Plus,Canada,187.1,2485.0,Yes,Yes,4.9,2026-04-01,90.69
VL1307,Whitney Houston,I'm Your Baby Tonight,Pop,1990,Very Good Plus,Germany,167.2,13976.0,No,Yes,4.3,2026-04-30,73.12
VL1308,Stevie Wonder,Talking Book,Soul,1972,Good,Australia,192.6,16603.0,Yes,No,3.8,2024-09-06,19.42
VL1309,Adele,21,Pop,2011,Mint,Italy,167.8,49111.0,No,Yes,3.6,2025-12-19,88.57
VL1310,Taylor Swift,reputation,Pop,2017,Very Good Plus,Germany,174.3,50303.0,No,Yes,4.4,2025-11-07,27.22
VL1311,Mac Miller,Watching Movies with the Sound Off,Hip-Hop,2013,Very Good Plus,France,191.1,4495.0,No,Yes,3.9,2026-05-30,101.01
VL1312,Led Zeppelin,Physical Graffiti,Rock,1975,Very Good Plus,US,181.1,24337.0,Yes,Yes,4.1,,
VL1313,David Bowie,Station to Station,Rock,1976,Very Good Plus,Canada,180.4,3347.0,,Yes,4.6,2025-11-08,79.64
VL1314,Beyoncé,Dangerously in Love,R&B,2003,Very Good,Germany,162.3,60000.0,,Yes,4.4,2024-10-18,53.21
VL1315,The Rolling Stones,Aftermath,Rock,1966,Near Mint,France,173.5,13018.0,No,Yes,,2025-05-01,105.74
VL1316,The Cure,Pornography,Alternative,1982,Good,UK,165.8,12149.0,No,Yes,4.7,2025-10-11,
VL1317,Nirvana,Bleach,Rock,1989,Near Mint,Japan,172.8,19393.0,No,Yes,4.9,2026-04-05,71.26
VL1318,David Bowie,Aladdin Sane,Rock,1973,Very Good Plus,US,164.4,2804.0,Yes,Yes,4.7,2026-08-11,
VL1319,Pink Floyd,Wish You Were Here,Rock,1975,Very Good Plus,US,,8280.0,No,Yes,4.0,2025-03-22,27.57
VL1320,Michael Jackson,Dangerous,Pop,1991,Very Good Plus,Germany,166.1,37736.0,No,No,4.7,2025-03-29,48.58
VL1321,Pearl Jam,Vs.,Rock,1993,Very Good,Japan,177.5,17562.0,Yes,Yes,4.5,2025-08-03,46.06
VL1322,Prince,Lovesexy,Pop,1988,Very Good Plus,,169.9,4122.0,No,Yes,4.3,2026-02-18,44.62
VL1323,The Rolling Stones,Exile on Main St.,Rock,1972,Very Good Plus,Italy,166.4,6179.0,No,No,4.5,2025-05-21,54.11
VL1324,Radiohead,Hail to the Thief,Alternative,2003,Very Good Plus,Japan,201.9,10287.0,Yes,Yes,4.4,2025-02-17,71.85
VL1325,D'Angelo,Voodoo,R&B,2000,Near Mint,,184.5,8675.0,No,No,4.7,2026-01-28,55.08
VL1326,Bob Marley & The Wailers,Kaya,Reggae,1978,Good,Germany,166.1,27267.0,No,,,2026-03-24,32.74
VL1327,Radiohead,The King of Limbs,Alternative,2011,,Japan,,5591.0,No,Yes,5.0,2024-08-20,54.26
VL1328,David Bowie,Lodger,Rock,1979,Good,Netherlands,186.2,18668.0,No,No,4.8,2026-04-05,13.35
VL1329,Marvin Gaye,What's Going On,Soul,1971,Near Mint,Italy,166.9,16460.0,No,Yes,4.7,2025-11-19,
VL1330,Bob Marley & The Wailers,Rastaman Vibration,Reggae,1976,Good,Australia,186.6,15700.0,Yes,Yes,4.6,2026-07-11,33.18
VL1331,Pink Floyd,Atom Heart Mother,Rock,1970,Very Good,France,204.9,,No,No,4.1,2025-02-18,
VL1332,,Sticky Fingers,Rock,1971,Very Good Plus,Germany,180.2,25912.0,No,Yes,5.0,2024-12-20,95.84
VL1333,Oasis,Be Here Now,Rock,1997,Near Mint,France,,14435.0,No,,4.5,2026-02-03,19.18
VL1334,Michael Jackson,Dangerous,Pop,1991,Mint,UK,,11445.0,No,Yes,5.0,2025-10-17,107.42
VL1335,Whitney Houston,Whitney Houston,Pop,1985,Very Good Plus,Japan,170.3,23435.0,Yes,Yes,4.7,2025-09-22,94.39
VL1336,Daft Punk,Homework,Electronic,1997,Very Good Plus,UK,194.8,4755.0,No,,4.1,2024-06-21,36.72
VL1337,Whitney Houston,Whitney,Pop,1987,Mint,Japan,199.5,3987.0,Yes,Yes,4.1,2026-04-22,143.75
VL1338,The Notorious B.I.G.,Ready to Die,Hip-Hop,1994,Very Good,France,209.0,36881.0,No,Yes,4.3,2025-02-22,83.14
VL1339,Daft Punk,Homework,Electronic,1997,,US,208.6,,No,Yes,,2024-05-29,
VL1340,Madonna,Like a Virgin,Pop,1984,Very Good,US,162.3,8868.0,No,No,4.6,2025-02-21,24.6
VL1341,Aaliyah,One in a Million,R&B,1996,Near Mint,UK,158.9,24646.0,No,No,4.2,2024-10-27,61.75
VL1342,Fleetwood Mac,Tusk,Rock,1979,Very Good Plus,US,140.5,40265.0,Yes,Yes,4.9,2025-10-20,46.85
VL1343,David Bowie,Aladdin Sane,Rock,1973,Near Mint,Japan,191.1,6914.0,No,Yes,4.1,2025-01-28,47.79
VL1344,The Beatles,A Hard Day's Night,Rock,1964,Very Good Plus,Italy,200.1,11423.0,No,No,4.2,2025-10-12,55.39
VL1345,Arctic Monkeys,"Whatever People Say I Am, That's What I'm Not",Rock,2006,Very Good,Netherlands,158.2,7378.0,No,Yes,4.7,2025-02-02,42.01
VL1346,The Beach Boys,Sunflower,Rock,1970,Very Good Plus,Germany,146.8,9057.0,No,Yes,4.9,2024-10-22,61.67
VL1347,Pearl Jam,Vs.,Rock,1993,Very Good Plus,Australia,170.8,43636.0,No,Yes,3.6,2024-10-22,40.61
VL1348,Depeche Mode,Speak & Spell,Electronic,1981,Good,,180.9,7423.0,No,Yes,4.4,2024-08-12,29.41
VL1349,Miles Davis,Sketches of Spain,Jazz,1960,Very Good Plus,US,167.0,,No,Yes,4.9,2026-01-27,39.35
VL1350,Kanye West,My Beautiful Dark Twisted Fantasy,Hip-Hop,2010,Near Mint,US,162.5,60000.0,Yes,Yes,4.5,2025-03-31,56.48
VL1351,The Cure,Seventeen Seconds,Alternative,1980,Near Mint,UK,151.9,45785.0,No,No,5.0,2025-10-07,65.19
VL1352,SZA,SOS,R&B,2022,Very Good Plus,Canada,188.9,4142.0,Yes,,4.4,2026-01-04,
VL1353,Bob Dylan,Blood on the Tracks,Rock,1975,Mint,US,192.8,4767.0,No,Yes,3.9,2025-07-31,118.45
VL1354,Dr. Dre,The Chronic,Hip-Hop,1992,Very Good,UK,182.7,,Yes,No,4.6,2024-11-08,25.37
VL1355,Billie Eilish,"When We All Fall Asleep, Where Do We Go?",Pop,2019,Good,UK,194.7,7393.0,No,,4.4,,44.96
VL1356,Nirvana,Bleach,Rock,1989,Very Good,Germany,171.0,60000.0,,Yes,4.2,2024-11-12,17.88
VL1357,Nirvana,Nevermind,Rock,1991,Near Mint,UK,185.4,7494.0,No,Yes,4.4,2024-12-05,63.78
VL1358,Pearl Jam,Ten,Rock,1991,Near Mint,Netherlands,164.2,13205.0,,No,4.2,2024-05-25,47.71
VL1359,Led Zeppelin,Physical Graffiti,Rock,1975,Very Good Plus,,175.0,17448.0,No,No,4.5,2024-12-21,33.83
VL1360,John Coltrane,Giant Steps,Jazz,1960,Very Good Plus,US,193.3,3891.0,No,Yes,4.3,2024-11-15,29.44
VL1361,The Doors,Waiting for the Sun,Rock,1968,Very Good,France,176.7,8294.0,No,No,4.2,2025-07-12,27.53
VL1362,Dolly Parton,Coat of Many Colors,Country,1971,Very Good,Netherlands,193.4,5898.0,No,Yes,4.0,2024-06-16,25.29
VL1363,The Doors,Waiting for the Sun,Rock,1968,Very Good,Italy,154.0,,No,No,4.5,2026-06-14,12.42
VL1364,Fleetwood Mac,Rumours,Rock,1977,Good,UK,184.2,9162.0,No,Yes,4.5,2024-09-12,
VL1365,D'Angelo,Voodoo,R&B,2000,Near Mint,Netherlands,180.6,,No,Yes,3.7,2026-07-02,31.34
VL1366,Nirvana,Bleach,Rock,1989,Very Good Plus,Netherlands,153.2,8664.0,No,Yes,4.3,2025-02-10,46.72
VL1367,Rihanna,Loud,Pop,2010,Very Good,France,,26325.0,No,Yes,4.0,2025-08-26,34.92
VL1368,J Dilla,Welcome 2 Detroit,Hip-Hop,2001,Near Mint,,185.0,15648.0,No,Yes,,2026-03-25,70.39
VL1369,Elton John,Tumbleweed Connection,Rock,1970,Mint,Italy,190.0,15623.0,No,Yes,4.2,2025-03-22,91.73
VL1370,Aretha Franklin,Spirit in the Dark,Soul,1970,Very Good Plus,US,164.0,20473.0,No,Yes,4.3,2025-06-20,50.53
VL1371,A Tribe Called Quest,The Low End Theory,Hip-Hop,1991,Good,US,183.1,9434.0,No,Yes,4.5,2025-11-01,63.81
VL1372,Depeche Mode,Songs of Faith and Devotion,Electronic,1993,Near Mint,UK,195.3,,Yes,No,3.9,2026-02-26,46.91
VL1373,Oasis,Be Here Now,Rock,1997,Good,France,178.9,23235.0,No,Yes,4.9,2026-01-07,49.02
VL1374,Kendrick Lamar,"good kid, m.A.A.d city",Hip-Hop,2012,Very Good Plus,UK,,40670.0,No,Yes,4.3,2024-04-05,60.14
VL1375,Queen,Jazz,Rock,1978,Very Good Plus,Netherlands,164.6,37455.0,Yes,No,,2026-01-06,28.81
VL1376,Pink Floyd,The Wall,Rock,1979,Good,US,197.0,,Yes,No,4.5,2025-09-17,22.81
VL1377,Bob Dylan,Highway 61 Revisited,Rock,1965,Very Good Plus,Canada,177.5,6564.0,No,Yes,4.4,2026-01-11,28.39
VL1378,The Beatles,Please Please Me,Rock,1963,Good,US,177.1,60000.0,No,Yes,4.9,2024-09-13,20.44
VL1379,Bob Dylan,Blonde on Blonde,Rock,1966,Good,US,186.2,23153.0,No,No,4.1,2025-08-01,11.56
VL1380,,A Hard Day's Night,Rock,1964,Near Mint,Canada,180.9,15086.0,No,Yes,,2026-06-20,39.56
VL1381,Lana Del Rey,Ultraviolence,Pop,2014,Very Good Plus,,184.8,10206.0,No,Yes,4.1,2025-06-25,40.79
VL1382,Lana Del Rey,Ultraviolence,Pop,2014,Very Good,US,177.1,4905.0,Yes,Yes,4.5,2024-06-03,35.53
VL1383,Queen,News of the World,Rock,1977,Very Good Plus,US,168.3,19981.0,No,Yes,3.6,2026-05-27,107.14
VL1384,Aretha Franklin,Lady Soul,Soul,1968,,US,177.6,29315.0,No,Yes,4.8,,38.73
VL1385,Kid Cudi,Man on the Moon II,Hip-Hop,2010,Very Good,Japan,177.9,10746.0,Yes,Yes,4.1,2025-02-21,25.83
VL1386,"Tyler, The Creator",Cherry Bomb,Hip-Hop,2015,Very Good,US,178.5,2680.0,No,Yes,4.1,2024-04-15,13.04
VL1387,Adele,30,Pop,2021,Very Good,Italy,195.4,9728.0,Yes,No,5.0,2024-08-08,53.44
VL1388,"Tyler, The Creator",Goblin,Hip-Hop,2011,Near Mint,Netherlands,164.9,11424.0,No,Yes,4.7,2025-07-08,27.48
VL1389,Pink Floyd,More,Rock,1969,Near Mint,UK,178.7,8701.0,No,Yes,4.2,2025-05-07,57.96
VL1390,The Beatles,With the Beatles,Rock,1963,Near Mint,US,215.2,48241.0,Yes,Yes,4.0,2024-01-17,47.89
VL1391,Lady Gaga,The Fame,Pop,2008,,Netherlands,215.9,34741.0,No,Yes,4.0,2024-08-21,
VL1392,Bob Dylan,Bringing It All Back Home,Folk,1965,Good,UK,192.5,42590.0,Yes,Yes,4.9,2024-07-07,38.68
VL1393,Prince,Purple Rain,Pop,1984,Very Good Plus,US,175.8,13838.0,No,No,4.9,2026-03-16,63.42
VL1394,Mac Miller,The Divine Feminine,Hip-Hop,2016,Very Good Plus,US,179.7,11540.0,No,Yes,4.7,2024-06-21,43.32
VL1395,Taylor Swift,reputation,Pop,2017,Very Good,Japan,176.5,5419.0,Yes,Yes,4.5,2024-08-03,50.62
VL1396,Lana Del Rey,Honeymoon,Pop,2015,Near Mint,Japan,200.4,17424.0,No,Yes,4.7,2025-02-24,
VL1397,Bob Marley & The Wailers,Survival,Reggae,1979,,Japan,190.9,31541.0,Yes,No,4.6,2024-01-04,57.13
VL1398,Led Zeppelin,Led Zeppelin II,Rock,1969,Near Mint,Japan,,,No,Yes,4.4,2024-03-11,63.28
VL1399,"Tyler, The Creator",Wolf,Hip-Hop,2013,Mint,UK,219.7,22886.0,No,Yes,4.8,2026-02-05,61.22
VL1400,Red Hot Chili Peppers,Stadium Arcadium,Rock,2006,Very Good Plus,Germany,174.1,14580.0,No,No,4.6,2024-06-01,62.88
VL1401,Queen,Queen,Rock,1973,Near Mint,Japan,187.4,13163.0,No,Yes,4.5,2024-10-03,47.61
VL1402,The Beatles,With the Beatles,Rock,1963,Very Good,US,185.7,5585.0,No,Yes,4.4,2025-08-30,49.1
VL1403,The Cure,Wish,Alternative,1992,Very Good Plus,Italy,,19302.0,No,Yes,4.6,2025-03-20,
VL1404,SZA,SOS,R&B,2022,Very Good,US,172.1,3384.0,Yes,No,3.9,2025-04-12,37.84
VL1405,Johnny Cash,At Folsom Prison,Country,1968,Mint,US,196.2,,No,Yes,4.0,2025-11-21,
VL1406,Rihanna,Good Girl Gone Bad,Pop,2007,Near Mint,US,179.4,16706.0,Yes,Yes,4.2,2024-03-20,64.85
VL1407,Rihanna,Rated R,Pop,2009,Very Good Plus,Japan,192.2,10782.0,No,No,4.6,2026-06-27,31.24
VL1408,Rihanna,Rated R,Pop,2009,Good,UK,,,No,Yes,,2026-04-15,25.08
VL1409,The Doors,The Soft Parade,Rock,1969,Very Good Plus,US,,26603.0,No,Yes,4.7,2024-01-20,26.7
VL1410,Bob Dylan,Blood on the Tracks,Rock,1975,Near Mint,UK,,10931.0,Yes,Yes,5.0,2025-05-18,166.65
VL1411,2Pac,All Eyez on Me,Hip-Hop,1996,Near Mint,US,188.4,43552.0,Yes,,4.9,2024-10-20,180.76
VL1412,Radiohead,A Moon Shaped Pool,Alternative,2016,Very Good Plus,UK,183.1,7073.0,No,No,,2026-03-27,
VL1413,Marvin Gaye,I Want You,Soul,1976,Very Good,US,199.2,11747.0,No,Yes,4.5,2026-01-24,61.1
VL1414,Whitney Houston,Whitney,Pop,1987,Good,US,175.6,5637.0,Yes,Yes,4.7,2025-08-29,24.29
VL1415,Miles Davis,Kind of Blue,Jazz,1959,Near Mint,Netherlands,155.2,9059.0,No,Yes,4.0,2024-05-15,33.96
VL1416,Nirvana,Bleach,Rock,1989,Near Mint,Germany,160.0,7174.0,No,Yes,,2024-01-15,72.7
VL1417,Aphex Twin,Richard D. James Album,Electronic,1996,Very Good,US,170.6,18757.0,No,No,3.9,2025-01-19,19.45
VL1418,Radiohead,The Bends,Alternative,1995,Good,Canada,211.9,44667.0,No,Yes,4.2,2026-02-09,21.5
VL1419,Taylor Swift,1989,Pop,2014,Near Mint,Germany,191.9,,No,Yes,4.4,2024-10-11,38.83
VL1420,Mac Miller,GO:OD AM,Hip-Hop,2015,Very Good Plus,France,201.3,6549.0,No,No,,2026-03-08,35.46
VL1421,Elton John,Captain Fantastic and the Brown Dirt Cowboy,Rock,1975,Very Good,France,175.6,5031.0,Yes,No,4.8,2024-07-17,50.41
VL1422,Madonna,Ray of Light,Pop,1998,Very Good Plus,Germany,155.8,10700.0,,Yes,4.5,2025-04-10,78.83
VL1423,Dr. Dre,The Chronic,Hip-Hop,1992,Very Good Plus,US,192.7,15777.0,No,Yes,4.3,2025-07-21,60.33
VL1424,Pearl Jam,Vitalogy,Rock,1994,Very Good Plus,Japan,146.3,54897.0,No,Yes,4.5,2026-03-01,
VL1425,Bob Dylan,Bringing It All Back Home,Folk,1965,Very Good Plus,Japan,181.6,3395.0,Yes,Yes,4.4,2024-04-14,73.95
VL1426,Tame Impala,Lonerism,Rock,2012,Very Good Plus,UK,176.2,5200.0,No,Yes,4.9,2025-03-09,20.42
VL1427,Pink Floyd,Wish You Were Here,Rock,1975,Very Good Plus,Germany,154.4,17547.0,Yes,Yes,4.8,2024-05-25,47.8
VL1428,Lana Del Rey,Honeymoon,Pop,2015,Near Mint,Italy,,13541.0,No,Yes,4.8,2026-07-06,35.74
VL1429,Nina Simone,Little Girl Blue,Jazz,1959,Good,US,166.3,6401.0,No,,4.0,2025-10-13,49.56
VL1430,Dolly Parton,Coat of Many Colors,Country,1971,Mint,Italy,174.3,10374.0,Yes,Yes,4.2,2025-12-05,48.37
VL1431,Red Hot Chili Peppers,Stadium Arcadium,Rock,2006,Near Mint,US,,7438.0,Yes,Yes,4.6,2024-12-03,98.09
VL1432,Aaliyah,Age Ain't Nothing but a Number,R&B,1994,Mint,UK,,4234.0,Yes,Yes,4.8,2025-04-17,214.88
VL1433,The Doors,The Soft Parade,Rock,1969,Near Mint,US,162.4,8323.0,No,Yes,4.2,2024-03-24,188.68
VL1434,Erykah Badu,Baduizm,R&B,1997,Very Good Plus,US,185.7,13759.0,No,No,4.2,2026-02-05,24.4
VL1435,Miles Davis,Sketches of Spain,Jazz,1960,Mint,UK,171.7,18046.0,Yes,Yes,4.9,2025-04-28,109.01
VL1436,Taylor Swift,folklore,Pop,2020,Near Mint,UK,172.1,4095.0,,Yes,4.7,2026-05-21,57.7
VL1437,Pink Floyd,Ummagumma,Rock,1969,Very Good Plus,US,197.6,5629.0,No,Yes,3.8,2025-11-24,101.7
VL1438,Lana Del Rey,Honeymoon,Pop,2015,Very Good,France,163.0,4103.0,No,Yes,4.0,2025-08-06,40.54
VL1439,The Rolling Stones,Some Girls,Rock,1978,Mint,US,186.1,35413.0,No,Yes,4.5,2025-02-22,120.29
VL1440,Lana Del Rey,Born to Die,Pop,2012,Near Mint,,184.9,,No,Yes,4.5,2024-08-01,53.23
VL1441,Billie Eilish,"When We All Fall Asleep, Where Do We Go?",Pop,2019,Near Mint,Germany,200.6,15391.0,No,Yes,,2024-04-17,93.72
VL1442,Massive Attack,Mezzanine,Electronic,1998,Near Mint,Australia,219.4,54774.0,No,Yes,,2024-01-22,58.45
VL1443,Prince,Lovesexy,Pop,1988,Good,Germany,,7775.0,,Yes,4.4,2024-04-11,30.35
VL1444,Kanye West,My Beautiful Dark Twisted Fantasy,Hip-Hop,2010,Near Mint,US,193.0,13669.0,No,Yes,4.0,2025-03-20,
VL1445,John Coltrane,Ascension,Jazz,1966,Very Good Plus,US,182.6,12414.0,Yes,Yes,4.5,2026-03-24,35.98
VL1446,Tame Impala,Lonerism,Rock,2012,Near Mint,Italy,185.3,33900.0,No,Yes,4.6,2025-03-12,96.8
VL1447,David Bowie,Station to Station,Rock,1976,Near Mint,Germany,159.3,27293.0,No,Yes,,,46.88
VL1448,Johnny Cash,At Folsom Prison,Country,1968,Very Good Plus,US,155.3,,Yes,Yes,4.3,2026-06-10,81.65
VL1449,Billie Eilish,Happier Than Ever,Pop,2021,Near Mint,Canada,180.9,41700.0,No,Yes,4.6,2026-04-03,43.41
VL1450,Jimi Hendrix,Electric Ladyland,Rock,1968,Very Good Plus,UK,165.8,6548.0,No,No,3.9,2024-08-29,46.25
VL1451,Red Hot Chili Peppers,Californication,Rock,1999,Mint,US,183.6,13724.0,Yes,Yes,,,70.15
VL1452,Nirvana,Nevermind,Rock,1991,Good,Netherlands,204.4,22358.0,Yes,Yes,4.1,2026-06-07,31.08
VL1453,Erykah Badu,New Amerykah Part One,R&B,2008,Near Mint,US,154.6,24444.0,No,Yes,4.2,2025-04-10,67.42
VL1454,The Rolling Stones,Some Girls,Rock,1978,Very Good Plus,UK,187.1,5206.0,No,,4.4,2024-07-21,
VL1455,Taylor Swift,Red,Pop,2012,Very Good,US,194.3,9231.0,No,Yes,4.7,2024-09-12,
VL1456,The Strokes,Room on Fire,Rock,2003,Near Mint,France,182.0,36031.0,No,Yes,4.3,2024-01-20,33.74
VL1457,Red Hot Chili Peppers,Blood Sugar Sex Magik,Rock,1991,Very Good Plus,,186.1,7657.0,No,Yes,,2025-02-19,33.06
VL1458,David Bowie,Young Americans,Rock,1975,Near Mint,Italy,181.2,9855.0,No,No,4.0,2025-02-25,39.11
VL1459,Led Zeppelin,Led Zeppelin IV,Rock,1971,Very Good Plus,Canada,190.5,10093.0,Yes,Yes,4.7,2024-02-05,121.39
VL1460,The Strokes,First Impressions of Earth,Rock,2005,Very Good Plus,US,186.5,2455.0,Yes,Yes,4.2,2025-09-29,107.28
VL1461,Oasis,(What's the Story) Morning Glory?,Rock,1995,Good,Netherlands,185.3,31767.0,No,No,3.7,2026-03-02,24.95
VL1462,The Strokes,Room on Fire,Rock,2003,Very Good Plus,US,178.3,4621.0,No,Yes,4.6,2025-03-03,58.67
VL1463,Nina Simone,I Put a Spell on You,Jazz,1965,Very Good Plus,Japan,177.1,11714.0,Yes,Yes,4.7,2025-03-15,28.44
VL1464,Wu-Tang Clan,Enter the Wu-Tang (36 Chambers),Hip-Hop,1993,Very Good Plus,Germany,197.3,21211.0,No,,3.9,2025-06-01,82.66
VL1465,Queen,A Day at the Races,Rock,1976,Near Mint,,,21575.0,No,Yes,,2025-09-20,
VL1466,Prince,1999,Pop,1982,Very Good Plus,Canada,185.1,11833.0,No,Yes,4.4,2024-09-19,23.92
VL1467,Elton John,Madman Across the Water,Rock,1971,Good,US,171.8,5595.0,No,,4.1,2026-02-09,18.85
VL1468,Queen,Queen II,Rock,1974,Very Good Plus,Germany,175.1,9367.0,No,Yes,4.6,2025-04-09,58.48
VL1469,David Bowie,Scary Monsters,Rock,1980,Very Good,Netherlands,182.8,3602.0,No,Yes,4.7,2026-04-11,42.42
VL1470,Frank Ocean,Blonde,R&B,2016,Mint,Canada,144.7,8846.0,Yes,Yes,4.0,2026-06-09,161.64
VL1471,Pink Floyd,Atom Heart Mother,Rock,1970,Very Good Plus,UK,,10192.0,No,Yes,4.0,2024-01-28,38.0
VL1472,Radiohead,In Rainbows,Alternative,2007,Very Good Plus,Germany,,20177.0,Yes,Yes,,2026-03-14,44.72
VL1473,Oasis,Be Here Now,Rock,1997,Very Good Plus,US,177.7,14780.0,No,,4.5,,24.93
VL1474,Whitney Houston,I'm Your Baby Tonight,Pop,1990,Very Good Plus,US,174.1,16550.0,No,Yes,4.9,2024-10-17,
VL1475,Queen,Sheer Heart Attack,Rock,1974,,US,,4785.0,No,Yes,4.6,2025-12-18,38.25
VL1476,"Tyler, The Creator",Flower Boy,Hip-Hop,2017,Very Good,US,188.8,18716.0,No,No,4.5,2026-06-27,59.48
VL1477,Beyoncé,4,R&B,2011,Mint,UK,185.9,,No,Yes,4.8,2025-07-14,93.57
VL1478,Rihanna,Loud,Pop,2010,Mint,Japan,187.5,12309.0,No,Yes,4.7,2026-07-05,81.19
VL1479,Taylor Swift,Midnights,Pop,2022,Very Good,Netherlands,202.9,24046.0,No,Yes,3.7,2025-07-02,32.3
VL1480,Kid Cudi,Man on the Moon: The End of Day,Hip-Hop,2009,Very Good,Canada,148.8,6857.0,Yes,No,4.3,2025-07-17,
VL1481,Taylor Swift,reputation,Pop,2017,Near Mint,US,163.1,5661.0,No,Yes,4.7,2024-01-27,
VL1482,Led Zeppelin,Led Zeppelin II,Rock,1969,Very Good Plus,Germany,,3422.0,No,Yes,4.7,2024-09-02,99.73
VL1483,John Coltrane,Ascension,Jazz,1966,Very Good,Germany,192.3,7779.0,Yes,Yes,4.0,2024-03-26,52.62
VL1484,Queen,Jazz,Rock,1978,Very Good,Netherlands,176.9,16194.0,Yes,Yes,4.4,2025-06-14,51.71
VL1485,Mac Miller,The Divine Feminine,Hip-Hop,2016,Near Mint,UK,170.1,20204.0,Yes,Yes,,2025-11-05,184.35
VL1486,Mac Miller,Swimming,Hip-Hop,2018,Very Good Plus,France,202.7,60000.0,No,Yes,4.6,2024-08-20,79.22
VL1487,Bob Marley & The Wailers,Natty Dread,Reggae,1974,Mint,Japan,174.1,24572.0,Yes,Yes,4.7,2026-05-05,134.48
VL1488,Aphex Twin,Selected Ambient Works 85–92,Electronic,1992,Near Mint,France,189.8,25697.0,No,Yes,4.9,2024-12-05,88.46
VL1489,Marvin Gaye,I Want You,,1976,Very Good Plus,UK,165.9,60000.0,No,Yes,4.6,2024-06-02,15.82
VL1490,Taylor Swift,folklore,Pop,2020,Very Good Plus,US,147.5,12457.0,No,Yes,4.7,2025-02-14,53.62
VL1491,Led Zeppelin,Led Zeppelin III,Rock,1970,Near Mint,US,,22351.0,Yes,Yes,4.5,,65.06
VL1492,John Coltrane,My Favorite Things,Jazz,1961,Near Mint,US,,16781.0,,Yes,4.5,2026-05-21,31.95
VL1493,Kate Bush,The Sensual World,Pop,1989,Very Good Plus,France,164.8,15614.0,Yes,Yes,4.9,2024-03-23,43.31
VL1494,Jay-Z,Reasonable Doubt,Hip-Hop,1996,Very Good,Germany,190.7,8034.0,No,Yes,,2026-05-01,46.94
VL1495,Mac Miller,The Divine Feminine,Hip-Hop,2016,Very Good Plus,Japan,164.7,3800.0,No,Yes,4.5,2026-02-23,39.92
VL1496,Prince,Lovesexy,Pop,1988,Very Good Plus,,176.6,,Yes,Yes,4.4,,84.05
VL1497,The Smiths,The Smiths,Alternative,1984,Very Good Plus,US,164.8,10160.0,Yes,Yes,4.1,,57.3
VL1498,Kendrick Lamar,Mr. Morale & the Big Steppers,Hip-Hop,2022,Very Good,US,185.7,11102.0,No,Yes,4.2,2025-09-09,65.41
VL1499,Pink Floyd,Animals,Rock,1977,Mint,UK,210.4,13403.0,No,Yes,4.1,2025-04-02,113.51
VL1500,Massive Attack,Mezzanine,Electronic,1998,Good,US,203.9,5058.0,No,No,4.4,2026-02-16,30.84
VL1501,Tame Impala,Innerspeaker,Rock,2010,Very Good,France,197.3,9464.0,No,No,4.3,2025-10-23,19.65
VL1502,Daft Punk,Human After All,Electronic,2005,Mint,Germany,195.4,5109.0,Yes,Yes,3.9,2024-07-27,205.69
VL1503,Kendrick Lamar,DAMN.,Hip-Hop,2017,Very Good,Italy,,5465.0,Yes,No,4.6,2024-03-16,21.06
VL1504,J Dilla,Donuts,Hip-Hop,2006,Very Good,US,,9746.0,No,Yes,4.2,2026-01-22,57.1
VL1505,A Tribe Called Quest,Midnight Marauders,Hip-Hop,1993,Very Good Plus,Germany,150.3,9869.0,Yes,Yes,,2024-03-30,65.72
VL1506,The Weeknd,Trilogy,,2012,Very Good Plus,UK,189.2,19793.0,No,Yes,4.3,,61.13
VL1507,Marvin Gaye,I Want You,Soul,1976,Near Mint,Japan,160.1,4756.0,No,Yes,4.3,2026-07-04,102.25
VL1508,Adele,19,Pop,2008,Very Good Plus,Germany,178.6,4590.0,No,Yes,4.4,2026-02-03,39.92
VL1509,Elton John,Captain Fantastic and the Brown Dirt Cowboy,Rock,1975,Near Mint,US,156.1,4161.0,No,Yes,4.3,2026-01-20,80.86
VL1510,Madonna,Like a Virgin,Pop,1984,Very Good Plus,Germany,167.9,8831.0,No,No,4.7,2026-02-20,42.49
VL1511,Led Zeppelin,Led Zeppelin,Rock,1969,Very Good Plus,US,,8416.0,No,Yes,4.7,2025-10-02,83.25
VL1512,Outkast,Aquemini,Hip-Hop,1998,Very Good,Italy,176.3,16102.0,No,Yes,4.1,2024-10-07,115.82
VL1513,Taylor Swift,Fearless,Pop,2008,Near Mint,US,,22766.0,No,,4.6,2025-04-29,70.05
VL1514,Radiohead,Amnesiac,Alternative,2001,Very Good,Netherlands,179.7,3900.0,No,Yes,4.2,2024-01-15,140.63
VL1515,Radiohead,Kid A,Alternative,2000,Very Good,UK,172.5,33129.0,Yes,No,4.6,2025-01-16,85.17
VL1516,Aphex Twin,Selected Ambient Works 85–92,Electronic,1992,Very Good Plus,UK,164.6,12653.0,No,Yes,4.5,2026-07-08,45.08
VL1517,The Cure,Wish,Alternative,1992,Near Mint,,204.8,16583.0,Yes,No,4.5,2024-11-19,39.26
VL1518,2Pac,Me Against the World,Hip-Hop,1995,Very Good,Netherlands,183.4,60000.0,No,Yes,4.5,2025-11-22,21.01
VL1519,MF DOOM,MM..FOOD,Hip-Hop,2004,Near Mint,Japan,,9579.0,No,Yes,4.7,2025-05-31,58.07
VL1520,Dolly Parton,Coat of Many Colors,Country,1971,Near Mint,US,164.9,5903.0,No,,,2024-07-01,49.47
VL1521,David Bowie,The Rise and Fall of Ziggy Stardust and the Spiders from Mars,Rock,1972,Near Mint,,192.0,9175.0,Yes,Yes,4.3,2024-02-23,59.94
VL1522,2Pac,Me Against the World,Hip-Hop,1995,Good,Japan,161.0,8894.0,No,No,4.3,2025-06-23,28.32
VL1523,Mac Miller,Watching Movies with the Sound Off,,2013,Very Good Plus,US,148.2,20400.0,No,Yes,4.6,2025-04-25,68.34
VL1524,"Tyler, The Creator",IGOR,Hip-Hop,2019,Very Good Plus,US,197.0,8034.0,Yes,Yes,3.9,2024-08-28,248.94
VL1525,Marvin Gaye,I Want You,,1976,Very Good,Australia,197.6,14596.0,Yes,Yes,4.3,2025-10-30,81.87
VL1526,Led Zeppelin,Physical Graffiti,Rock,1975,Very Good,Germany,177.8,10542.0,No,Yes,5.0,2024-05-17,125.03
VL1527,Kendrick Lamar,"good kid, m.A.A.d city",Hip-Hop,2012,Near Mint,Germany,145.4,8130.0,No,Yes,4.7,2026-07-26,38.31
VL1528,Rihanna,Rated R,Pop,2009,Very Good Plus,US,,14253.0,No,Yes,,2026-01-22,59.98
VL1529,Kanye West,Late Registration,Hip-Hop,2005,Very Good Plus,Germany,166.5,16763.0,No,,,2024-06-18,39.72
VL1530,Bob Dylan,Blonde on Blonde,Rock,1966,Good,Germany,203.9,4675.0,No,Yes,3.4,2025-03-15,31.49
VL1531,Kate Bush,The Kick Inside,Pop,1978,Very Good,Japan,165.7,4601.0,Yes,Yes,4.4,2024-09-12,51.2
VL1532,J Dilla,Welcome 2 Detroit,Hip-Hop,2001,Very Good,US,187.4,12452.0,No,Yes,4.7,2025-04-21,30.25
VL1533,Tame Impala,Lonerism,Rock,2012,Very Good,Netherlands,159.8,5230.0,No,Yes,4.6,2026-07-31,105.35
VL1534,John Coltrane,Giant Steps,Jazz,1960,Near Mint,US,191.9,,No,Yes,4.7,2025-11-28,103.21
VL1535,The Notorious B.I.G.,Life After Death,Hip-Hop,1997,Very Good,,,6883.0,Yes,Yes,4.5,2024-11-27,52.6
VL1536,Massive Attack,Protection,Electronic,1994,Very Good,US,153.9,5039.0,No,Yes,,2024-12-20,53.68
VL1537,Taylor Swift,Fearless,Pop,2008,Very Good,UK,190.6,9436.0,No,Yes,4.3,2025-11-22,75.2
VL1538,The Cure,Pornography,Alternative,1982,Near Mint,Germany,186.0,19719.0,No,Yes,4.6,2026-05-30,55.19
VL1539,Nina Simone,I Put a Spell on You,Jazz,1965,,US,174.4,31794.0,No,Yes,4.2,2024-03-25,48.38
VL1540,Mac Miller,The Divine Feminine,Hip-Hop,2016,Good,,197.0,8367.0,No,Yes,4.0,2025-09-08,34.47
VL1541,Pearl Jam,Vitalogy,Rock,1994,Very Good Plus,Netherlands,176.8,10829.0,No,Yes,3.8,2024-01-18,
VL1542,Madonna,Like a Prayer,Pop,1989,Very Good,US,144.3,18832.0,No,Yes,4.5,2025-12-24,22.25
VL1543,Massive Attack,Blue Lines,Electronic,1991,Near Mint,Germany,183.9,36686.0,No,Yes,4.2,2025-05-03,26.91
VL1544,Madonna,True Blue,Pop,1986,Near Mint,Netherlands,183.7,6276.0,No,No,4.3,2026-07-07,29.68
VL1545,John Coltrane,A Love Supreme,Jazz,1965,Very Good Plus,US,193.2,7559.0,Yes,Yes,4.7,2025-10-31,36.29
VL1546,Kendrick Lamar,DAMN.,Hip-Hop,2017,Very Good Plus,UK,190.2,832.0,Yes,Yes,4.2,2025-08-02,
VL1547,Taylor Swift,Red,Pop,2012,Very Good Plus,France,185.9,14011.0,No,Yes,4.3,2024-05-25,90.08
VL1548,Kendrick Lamar,To Pimp a Butterfly,Hip-Hop,2015,Good,France,142.0,5301.0,No,No,4.5,2024-01-09,
VL1549,Kendrick Lamar,Mr. Morale & the Big Steppers,Hip-Hop,2022,Near Mint,UK,187.6,,Yes,Yes,5.0,2025-06-02,47.94
VL1550,Bruno Mars,Doo-Wops & Hooligans,Pop,2010,Good,UK,181.7,9996.0,No,No,4.4,2025-10-04,
VL1551,The Weeknd,Trilogy,R&B,2012,Very Good,US,196.0,19350.0,,Yes,4.4,2026-07-24,14.08
VL1552,Bob Dylan,Blood on the Tracks,Rock,1975,Near Mint,UK,173.0,1970.0,No,Yes,,2025-06-26,
VL1553,Arctic Monkeys,Favourite Worst Nightmare,Rock,2007,Very Good,Netherlands,160.4,19540.0,No,Yes,4.2,2024-07-20,43.66
VL1554,Outkast,ATLiens,Hip-Hop,1996,Near Mint,Japan,163.8,18418.0,No,Yes,4.4,2026-07-05,60.78
VL1555,Arctic Monkeys,Favourite Worst Nightmare,Rock,2007,Very Good Plus,UK,177.7,4407.0,,Yes,4.3,2026-08-17,36.87
VL1556,Simon & Garfunkel,Bridge over Troubled Water,Folk,1970,Near Mint,UK,,12001.0,Yes,Yes,4.7,2025-01-12,90.64
VL1557,Led Zeppelin,Led Zeppelin III,Rock,1970,Very Good Plus,US,150.5,29816.0,No,Yes,,2026-01-22,65.09
VL1558,The Beach Boys,Surf's Up,Rock,1971,Very Good,,187.3,18493.0,No,Yes,4.5,2025-11-17,13.86
VL1559,The Beatles,Sgt. Pepper's Lonely Hearts Club Band,Rock,1967,Near Mint,Japan,158.9,7045.0,Yes,Yes,4.4,2026-03-29,126.95
VL1560,Radiohead,Pablo Honey,Alternative,1993,Very Good Plus,UK,,22108.0,No,Yes,4.3,2025-01-27,59.23
VL1561,Billie Eilish,,Pop,2019,Very Good Plus,US,207.2,17269.0,No,No,4.6,2025-12-23,42.75
VL1562,Radiohead,Pablo Honey,Alternative,1993,Very Good,Japan,183.3,10107.0,No,Yes,,2025-02-24,48.96
VL1563,Queen,The Game,Rock,1980,Very Good Plus,Canada,196.4,2778.0,Yes,Yes,4.4,2025-04-12,93.54
VL1564,Marvin Gaye,Let's Get It On,Soul,1973,Near Mint,,175.1,19514.0,No,Yes,5.0,2024-01-29,33.59
VL1565,Jimi Hendrix,Axis: Bold as Love,Rock,1967,Near Mint,Canada,162.4,9690.0,No,Yes,4.9,,102.63
VL1566,Fleetwood Mac,Fleetwood Mac,Rock,1975,Very Good Plus,Germany,171.7,60000.0,No,Yes,4.4,2025-01-30,19.24
VL1567,Pink Floyd,Wish You Were Here,Rock,1975,Very Good Plus,Japan,168.2,5110.0,No,Yes,,2024-11-22,
VL1568,Stevie Wonder,Songs in the Key of Life,Soul,1976,Mint,US,186.9,4985.0,No,Yes,4.5,2026-02-12,90.34
VL1569,Beyoncé,Lemonade,R&B,2016,Very Good Plus,Canada,193.0,18414.0,No,No,,2026-08-10,36.8
VL1570,Depeche Mode,Violator,Electronic,1990,Near Mint,France,185.9,16010.0,No,Yes,4.6,2024-01-26,206.3
VL1571,Tame Impala,Currents,Rock,2015,Very Good Plus,UK,184.8,20577.0,No,Yes,4.7,2025-05-06,
VL1572,Fleetwood Mac,,Rock,1975,Near Mint,US,190.4,,No,Yes,4.0,2026-03-24,97.89
VL1573,Taylor Swift,Midnights,Pop,2022,Very Good,US,196.4,4670.0,Yes,Yes,5.0,2025-07-09,63.44
VL1574,The Rolling Stones,Exile on Main St.,Rock,1972,Very Good,Germany,,18168.0,No,Yes,4.1,2024-04-30,20.3
VL1575,Bruno Mars,Doo-Wops & Hooligans,Pop,2010,Very Good,Netherlands,,20507.0,Yes,Yes,4.2,,
VL1576,Bob Marley & The Wailers,Natty Dread,Reggae,1974,Very Good,UK,,9319.0,No,Yes,4.3,2026-01-18,20.56
VL1577,Depeche Mode,Songs of Faith and Devotion,Electronic,1993,Near Mint,US,200.1,6562.0,No,Yes,4.5,2026-02-13,30.49
VL1578,Billie Eilish,Hit Me Hard and Soft,,2024,Very Good,UK,174.4,18781.0,No,Yes,4.3,,30.92
VL1579,Billie Eilish,Happier Than Ever,Pop,2021,Mint,Japan,186.1,60000.0,No,Yes,4.6,2026-07-24,61.35
VL1580,Led Zeppelin,Led Zeppelin III,Rock,1970,Near Mint,Germany,161.8,18267.0,No,Yes,3.9,2025-07-21,45.67
VL1581,Daft Punk,Discovery,Electronic,2001,Very Good Plus,Italy,173.4,31973.0,No,Yes,4.2,2025-09-07,54.94
VL1582,Erykah Badu,New Amerykah Part One,R&B,2008,Very Good Plus,US,196.4,7295.0,No,Yes,4.9,2024-10-11,65.52
VL1583,Queen,Jazz,Rock,1978,Very Good Plus,France,185.6,,No,Yes,5.0,2025-07-18,22.41
VL1584,Tame Impala,Currents,Rock,2015,Very Good Plus,US,181.6,7750.0,No,No,4.8,2024-03-14,69.15
VL1585,Prince,Lovesexy,Pop,1988,Very Good Plus,UK,181.5,18912.0,No,Yes,4.1,2024-02-11,40.68
VL1586,Led Zeppelin,Led Zeppelin III,Rock,1970,Good,US,176.9,10217.0,,Yes,5.0,2026-07-22,145.41
VL1587,Bob Marley & The Wailers,Uprising,Reggae,1980,Very Good Plus,UK,159.1,3030.0,No,Yes,,2024-03-24,
VL1588,Aretha Franklin,Spirit in the Dark,Soul,1970,Near Mint,UK,193.9,30171.0,No,Yes,4.4,,53.79
VL1589,Madonna,True Blue,Pop,1986,Very Good,Canada,,7698.0,No,No,4.8,2025-07-16,25.69
VL1590,Mac Miller,The Divine Feminine,Hip-Hop,2016,Very Good Plus,Canada,171.2,6093.0,No,,4.9,2024-03-03,68.21
VL1591,Michael Jackson,Dangerous,Pop,1991,Near Mint,US,181.2,10761.0,No,Yes,4.7,2025-10-14,55.97
VL1592,Johnny Cash,At Folsom Prison,Country,1968,Near Mint,Australia,198.2,8105.0,No,Yes,4.3,2024-08-23,140.24
VL1593,Nirvana,Bleach,Rock,1989,Very Good Plus,Italy,206.6,18002.0,No,Yes,4.4,2025-04-15,11.76
VL1594,Billie Eilish,Happier Than Ever,Pop,2021,Very Good Plus,UK,164.6,7757.0,No,,4.9,2024-10-06,99.62
VL1595,Lana Del Rey,Ultraviolence,Pop,2014,Very Good Plus,UK,168.5,6116.0,No,,4.6,,35.85
VL1596,Tame Impala,Innerspeaker,Rock,2010,Very Good Plus,US,168.9,12298.0,No,Yes,4.9,2025-07-09,53.04
VL1597,Lady Gaga,The Fame,Pop,2008,Very Good Plus,Germany,190.6,15833.0,No,Yes,4.7,,46.72
VL1598,Kate Bush,The Kick Inside,Pop,1978,Mint,US,172.4,28717.0,No,Yes,4.4,2026-05-05,102.9
VL1599,Kate Bush,Hounds of Love,Pop,1985,Very Good,Germany,191.3,9050.0,No,Yes,4.3,2025-08-07,23.12
VL1600,Rihanna,,Pop,2009,Near Mint,Japan,190.9,,No,Yes,4.4,2024-01-16,118.04
VL1601,Wu-Tang Clan,Enter the Wu-Tang (36 Chambers),Hip-Hop,1993,Near Mint,Canada,162.4,6237.0,No,Yes,4.6,2025-02-07,103.43
VL1602,Kendrick Lamar,Mr. Morale & the Big Steppers,Hip-Hop,2022,Very Good Plus,Italy,212.1,13250.0,No,No,4.3,2025-08-30,17.17
VL1603,Nina Simone,Silk & Soul,Soul,1967,Very Good Plus,UK,182.4,,No,Yes,4.6,2025-07-24,88.17
VL1604,Rihanna,Rated R,Pop,2009,Mint,US,201.1,,Yes,Yes,4.3,2024-07-20,89.05
VL1605,Mac Miller,Watching Movies with the Sound Off,Hip-Hop,2013,Very Good Plus,Japan,167.3,41023.0,Yes,Yes,3.9,2026-01-08,92.19
VL1606,A Tribe Called Quest,The Low End Theory,Hip-Hop,1991,Very Good,Germany,202.9,10690.0,No,No,,2024-11-29,21.58
VL1607,The Rolling Stones,Let It Bleed,Rock,1969,Near Mint,Japan,173.1,2679.0,Yes,Yes,4.5,2024-12-23,124.28
VL1608,Tame Impala,The Slow Rush,Rock,2020,Near Mint,Germany,174.7,13407.0,No,Yes,,2025-08-22,56.18
VL1609,The Cure,Faith,Alternative,1981,Very Good,France,180.2,4502.0,No,,4.9,2025-01-22,45.92
VL1610,David Bowie,Diamond Dogs,Rock,1974,Very Good Plus,Italy,163.9,19605.0,No,Yes,4.6,2026-03-23,24.18
VL1611,Lana Del Rey,Ultraviolence,Pop,2014,Very Good,UK,,20208.0,No,No,4.4,,35.84
VL1612,Kid Cudi,Man on the Moon: The End of Day,Hip-Hop,2009,,US,192.3,,No,Yes,4.2,2025-05-26,46.65
VL1613,Led Zeppelin,Led Zeppelin III,Rock,1970,Very Good Plus,Japan,169.0,25811.0,Yes,Yes,4.3,2025-08-16,62.18
VL1614,The Beatles,Abbey Road,Rock,1969,Very Good Plus,US,180.0,3402.0,No,Yes,3.8,2025-05-23,
VL1615,Mac Miller,The Divine Feminine,Hip-Hop,2016,Very Good,France,175.9,3839.0,No,Yes,4.2,2025-07-29,78.53
VL1616,Miles Davis,Kind of Blue,Jazz,1959,Near Mint,US,192.8,5596.0,No,Yes,4.4,2025-03-11,96.28
VL1617,Elton John,Tumbleweed Connection,Rock,1970,Very Good,France,168.1,19762.0,No,Yes,4.3,,
VL1618,Amy Winehouse,Frank,Soul,2003,,UK,187.5,8011.0,No,Yes,4.9,2026-03-29,30.33
VL1619,Lana Del Rey,Honeymoon,Pop,2015,Good,Germany,189.0,20892.0,No,Yes,5.0,2026-06-16,29.39
VL1620,Kendrick Lamar,"good kid, m.A.A.d city",Hip-Hop,2012,Good,Canada,184.2,29460.0,No,Yes,4.7,2026-01-14,41.38
VL1621,Radiohead,Amnesiac,Alternative,2001,Mint,UK,213.8,,No,Yes,4.7,,54.59
VL1622,The Cure,Disintegration,Alternative,1989,Very Good,UK,202.3,41997.0,Yes,No,4.5,2025-01-23,10.0
VL1623,Jay-Z,Reasonable Doubt,Hip-Hop,1996,Very Good Plus,UK,215.5,8079.0,,No,,2026-07-12,37.29
VL1624,The Rolling Stones,Let It Bleed,Rock,1969,Very Good Plus,US,176.7,11480.0,No,Yes,4.7,2026-05-04,46.47
VL1625,Whitney Houston,Whitney Houston,Pop,1985,Mint,US,182.2,34777.0,No,Yes,5.0,2025-10-04,52.62
VL1626,The Rolling Stones,Goats Head Soup,Rock,1973,Very Good Plus,Netherlands,163.9,33016.0,Yes,Yes,4.1,2024-01-06,92.66
VL1627,Fleetwood Mac,Mirage,Rock,1982,Very Good Plus,Netherlands,180.5,,No,No,4.5,2025-07-16,38.01
VL1628,Wu-Tang Clan,Enter the Wu-Tang (36 Chambers),Hip-Hop,1993,Very Good,UK,189.0,10453.0,Yes,Yes,4.2,2024-02-15,80.43
VL1629,Prince,1999,Pop,1982,Very Good,UK,192.1,14489.0,Yes,No,4.6,2024-03-19,53.77
VL1630,"Tyler, The Creator",Wolf,Hip-Hop,2013,Very Good Plus,Germany,180.1,47623.0,No,Yes,4.2,2024-04-07,17.33
VL1631,"Tyler, The Creator",CALL ME IF YOU GET LOST,Hip-Hop,2021,Near Mint,Australia,190.9,60000.0,No,Yes,4.7,2024-08-11,62.33
VL1632,Stevie Wonder,Fulfillingness' First Finale,Soul,1974,Very Good Plus,US,175.4,7100.0,Yes,Yes,,2025-09-06,
VL1633,Johnny Cash,Johnny Cash at San Quentin,Country,1969,Very Good Plus,France,185.7,11722.0,No,Yes,5.0,2025-12-29,40.29
VL1634,Outkast,ATLiens,Hip-Hop,1996,Mint,France,197.9,12070.0,Yes,Yes,4.5,2025-05-10,81.57
VL1635,Elton John,Elton John,Pop,1970,Very Good,France,139.5,11824.0,No,Yes,4.4,2025-06-27,26.25
VL1636,Radiohead,Hail to the Thief,Alternative,2003,Very Good,Australia,151.6,4912.0,No,Yes,4.8,2024-06-17,56.56
VL1637,Lady Gaga,The Fame,Pop,2008,Near Mint,Japan,189.4,7430.0,Yes,,4.7,2025-10-22,48.09
VL1638,Björk,Debut,Electronic,1993,Very Good,Netherlands,160.0,10651.0,Yes,Yes,4.1,2024-07-19,19.01
VL1639,Lana Del Rey,Norman Fucking Rockwell!,Pop,2019,Very Good,US,193.6,1282.0,No,Yes,3.7,2025-07-11,
VL1640,Radiohead,Kid A,Alternative,2000,Very Good,US,168.0,3831.0,,No,4.2,2024-05-02,23.08
VL1641,A Tribe Called Quest,Midnight Marauders,Hip-Hop,1993,Good,Japan,150.3,2006.0,No,,4.5,2024-11-11,18.85
VL1642,Miles Davis,Sketches of Spain,Jazz,1960,Very Good Plus,US,161.9,5138.0,No,,4.2,2024-05-06,59.44
VL1643,Massive Attack,Protection,Electronic,1994,Very Good Plus,US,,24387.0,No,No,4.6,2025-07-15,
VL1644,Aaliyah,Age Ain't Nothing but a Number,R&B,1994,Near Mint,UK,214.2,16007.0,No,Yes,4.6,2024-04-19,51.16
VL1645,Radiohead,Hail to the Thief,Alternative,2003,Mint,US,193.7,30612.0,Yes,Yes,5.0,2026-02-11,87.71
VL1646,Billie Eilish,"When We All Fall Asleep, Where Do We Go?",,2019,Very Good Plus,Germany,158.2,7683.0,No,Yes,3.9,2025-06-24,31.71
VL1647,John Coltrane,My Favorite Things,Jazz,1961,Very Good,US,203.8,42607.0,Yes,No,4.2,2026-02-12,36.54
VL1648,Rihanna,Good Girl Gone Bad,Pop,2007,Very Good Plus,US,217.2,20376.0,No,,4.9,2025-12-02,32.66
VL1649,David Bowie,Low,Rock,1977,Mint,UK,156.3,17050.0,No,Yes,,2025-02-24,61.2
VL1650,Pearl Jam,Vs.,Rock,1993,Near Mint,UK,196.4,12330.0,No,Yes,4.4,2025-07-16,47.62
VL1651,Lana Del Rey,Born to Die,Pop,2012,Very Good,UK,191.1,,No,Yes,4.2,2025-02-11,36.71
VL1652,Red Hot Chili Peppers,Californication,Rock,1999,Very Good Plus,Italy,165.3,13817.0,No,Yes,4.1,2025-12-15,52.18
VL1653,The Rolling Stones,Sticky Fingers,Rock,1971,Near Mint,Germany,183.1,17023.0,No,Yes,4.4,,39.29
VL1654,Lana Del Rey,Norman Fucking Rockwell!,Pop,2019,Very Good Plus,Italy,197.2,15208.0,Yes,Yes,4.1,2026-02-03,73.17
VL1655,Led Zeppelin,Led Zeppelin IV,Rock,1971,Very Good,US,194.3,1746.0,No,Yes,4.1,2024-06-07,51.95
VL1656,Kid Cudi,Man on the Moon: The End of Day,Hip-Hop,2009,Very Good Plus,Canada,188.9,6252.0,No,Yes,4.3,2025-03-11,56.93
VL1657,Fleetwood Mac,Tango in the Night,Rock,1987,Very Good Plus,Australia,187.8,17541.0,No,Yes,4.4,2026-05-16,34.27
VL1658,Led Zeppelin,Presence,Rock,1976,Very Good,US,202.5,49621.0,No,Yes,4.7,2025-12-14,13.92
VL1659,Lauryn Hill,The Miseducation of Lauryn Hill,R&B,1998,Near Mint,US,179.8,26268.0,No,Yes,4.6,2024-02-02,
VL1660,A Tribe Called Quest,The Low End Theory,Hip-Hop,1991,Very Good,Australia,197.0,32584.0,Yes,Yes,4.4,2026-05-12,55.17
VL1661,Led Zeppelin,Led Zeppelin II,Rock,1969,Very Good,France,181.5,32472.0,No,Yes,4.8,2025-09-05,30.39
VL1662,Nirvana,Nevermind,Rock,1991,Very Good,France,202.0,32160.0,No,Yes,5.0,2025-12-02,72.22
VL1663,Pearl Jam,Vitalogy,Rock,1994,Very Good Plus,,135.1,3284.0,No,Yes,4.8,2025-02-01,
VL1664,Rihanna,,Pop,2016,Very Good,US,150.4,1604.0,No,No,4.5,2026-02-06,51.13
VL1665,David Bowie,Scary Monsters,Rock,1980,Very Good Plus,UK,,60000.0,Yes,Yes,4.3,2025-11-28,47.19
VL1666,,Led Zeppelin,Rock,1969,Very Good,Netherlands,196.9,12770.0,No,No,4.8,2025-11-01,67.62
VL1667,Gorillaz,Gorillaz,Alternative,2001,Very Good,Canada,188.6,,Yes,,4.2,2026-05-17,
VL1668,Pink Floyd,Ummagumma,Rock,1969,Very Good Plus,US,145.6,23672.0,No,Yes,,2024-11-26,44.83
VL1669,Oasis,Definitely Maybe,Rock,1994,Very Good,Germany,155.5,,,Yes,4.5,2024-02-26,31.94
VL1670,"Tyler, The Creator",CALL ME IF YOU GET LOST,Hip-Hop,2021,Mint,,206.7,9856.0,Yes,Yes,4.5,2025-12-10,74.17
VL1671,Pink Floyd,A Saucerful of Secrets,Rock,1968,Good,Japan,163.0,1893.0,No,,4.4,2025-07-04,42.29
VL1672,Pink Floyd,Wish You Were Here,Rock,1975,Very Good,Germany,188.9,12774.0,No,Yes,4.2,2024-02-06,22.39
VL1673,Kendrick Lamar,DAMN.,Hip-Hop,2017,Very Good Plus,US,167.5,6993.0,Yes,Yes,4.3,2024-04-19,89.41
VL1674,David Bowie,Young Americans,Rock,1975,Near Mint,Germany,,1681.0,Yes,Yes,4.4,,165.69
VL1675,The Rolling Stones,Beggars Banquet,Rock,1968,Near Mint,US,177.7,6379.0,No,Yes,4.9,2024-11-23,51.82
VL1676,The Beatles,Revolver,Rock,1966,Very Good Plus,Japan,169.6,13740.0,Yes,No,4.7,2024-10-09,41.68
VL1677,Taylor Swift,Red,Pop,2012,Very Good Plus,Canada,169.0,18767.0,Yes,Yes,4.7,2026-04-06,76.8
VL1678,The Doors,The Doors,Rock,1967,,US,173.2,2240.0,No,No,4.3,2024-08-26,
VL1679,Red Hot Chili Peppers,Blood Sugar Sex Magik,Rock,1991,Near Mint,,152.9,4732.0,No,No,4.1,2025-05-01,67.03
VL1680,Taylor Swift,reputation,Pop,2017,Very Good Plus,US,191.7,41816.0,No,Yes,4.3,2024-04-21,43.97
VL1681,2Pac,Me Against the World,Hip-Hop,1995,Very Good Plus,Japan,175.0,15786.0,No,Yes,4.4,,89.19
VL1682,Amy Winehouse,Back to Black,Soul,2006,Near Mint,Japan,199.0,9244.0,Yes,Yes,,2024-08-18,55.35
VL1683,Tame Impala,Lonerism,Rock,2012,Very Good,US,163.9,6026.0,No,No,3.9,2024-12-23,43.08
VL1684,The Doors,The Soft Parade,Rock,1969,Very Good,France,191.7,21030.0,No,Yes,4.9,,55.65
VL1685,Nina Simone,Pastel Blues,Jazz,1965,Very Good Plus,US,,24263.0,No,No,4.4,2026-06-21,44.3
VL1686,Aretha Franklin,I Never Loved a Man the Way I Love You,Soul,1967,,UK,202.2,3866.0,No,Yes,4.8,2026-03-09,51.3
VL1687,Oasis,Be Here Now,Rock,1997,Very Good,UK,164.7,25855.0,,No,4.8,2026-03-20,23.31
VL1688,Led Zeppelin,Presence,Rock,1976,Very Good Plus,US,,58793.0,No,Yes,4.2,2025-04-29,50.34
VL1689,Fleetwood Mac,Mirage,Rock,1982,Near Mint,US,,28439.0,No,Yes,4.4,2025-11-25,85.22
VL1690,Bruno Mars,24K Magic,Pop,2016,Near Mint,US,185.0,8541.0,No,Yes,4.4,2026-03-11,42.9
VL1691,Led Zeppelin,Led Zeppelin,Rock,1969,Very Good Plus,US,158.5,6016.0,No,Yes,4.1,2024-02-02,70.35
VL1692,"Tyler, The Creator",Cherry Bomb,Hip-Hop,2015,Very Good Plus,France,168.7,,No,Yes,4.5,2025-05-18,66.82
VL1693,The Rolling Stones,Sticky Fingers,Rock,1971,Near Mint,US,156.8,17061.0,No,,4.7,,39.26
VL1694,Pink Floyd,Atom Heart Mother,Rock,1970,Very Good,UK,202.5,60000.0,No,Yes,4.0,2025-01-03,39.19
VL1695,The Beatles,The Beatles,Rock,1968,,Germany,177.3,15410.0,No,No,,2025-05-14,35.94
VL1696,Tame Impala,The Slow Rush,Rock,2020,Good,US,177.7,5240.0,No,Yes,4.7,2026-03-14,69.51
VL1697,Red Hot Chili Peppers,By the Way,Rock,2002,Near Mint,UK,200.5,11269.0,Yes,Yes,4.7,2025-12-30,60.29
VL1698,Billie Eilish,"When We All Fall Asleep, Where Do We Go?",Pop,2019,Very Good Plus,US,162.3,22214.0,Yes,Yes,4.6,2024-04-06,133.41
VL1699,The Beach Boys,Surf's Up,Rock,1971,Near Mint,UK,171.7,28190.0,Yes,Yes,4.5,2024-02-05,79.4
VL1700,Tame Impala,Innerspeaker,Rock,2010,Very Good Plus,UK,172.4,9446.0,No,No,,2025-11-03,32.59
VL1701,Oasis,Standing on the Shoulder of Giants,Rock,2000,Near Mint,US,179.0,12921.0,Yes,Yes,4.6,2024-06-11,69.15
VL1702,John Coltrane,Giant Steps,Jazz,1960,Near Mint,US,182.7,6214.0,Yes,No,3.8,,32.1
VL1703,Bob Marley & The Wailers,Catch a Fire,Reggae,1973,Very Good Plus,Australia,154.0,11933.0,No,Yes,4.4,2025-06-11,36.24
VL1704,The Beatles,Help!,Rock,1965,Very Good Plus,US,198.2,13773.0,No,No,3.9,2025-11-06,75.08
VL1705,Mac Miller,Blue Slide Park,Hip-Hop,2011,Very Good,US,183.7,20843.0,Yes,,4.1,2026-03-04,94.87
VL1706,The Rolling Stones,Aftermath,Rock,1966,Very Good,US,195.0,60000.0,No,Yes,4.0,2026-02-07,30.68
VL1707,David Bowie,Aladdin Sane,Rock,1973,Very Good,Italy,168.6,25951.0,No,Yes,4.1,2024-11-04,52.3
VL1708,Kanye West,My Beautiful Dark Twisted Fantasy,,2010,Very Good Plus,UK,173.6,18314.0,No,Yes,4.5,2026-04-13,
VL1709,The Weeknd,Trilogy,R&B,2012,Very Good Plus,Netherlands,150.4,9868.0,No,No,,2024-08-24,44.14
VL1710,Kanye West,Late Registration,Hip-Hop,2005,Very Good Plus,,196.4,17122.0,No,Yes,4.3,2024-05-02,12.53
VL1711,David Bowie,Diamond Dogs,,1974,Very Good,UK,190.5,44488.0,Yes,Yes,4.1,2025-08-12,83.64
VL1712,Pink Floyd,More,Rock,1969,Very Good,UK,185.6,7005.0,,Yes,4.2,2024-10-18,
VL1713,Kid Cudi,Man on the Moon: The End of Day,Hip-Hop,2009,Mint,Germany,168.8,11747.0,No,Yes,4.3,2026-07-08,158.17
VL1714,Led Zeppelin,Presence,Rock,1976,Very Good Plus,UK,,9533.0,No,Yes,4.1,2025-02-09,
VL1715,Elton John,Tumbleweed Connection,Rock,1970,Very Good Plus,Germany,157.5,5597.0,No,Yes,4.5,2025-08-05,25.38
VL1716,Mac Miller,The Divine Feminine,Hip-Hop,2016,Very Good Plus,US,199.0,13218.0,No,Yes,4.7,2025-03-02,70.53
VL1717,The Cure,Seventeen Seconds,Alternative,1980,Very Good Plus,US,183.0,13547.0,No,Yes,4.4,2026-05-18,70.54
VL1718,John Coltrane,Giant Steps,Jazz,1960,Near Mint,US,,26764.0,No,Yes,4.0,2025-05-08,139.5
VL1719,Nirvana,Nevermind,Rock,1991,Near Mint,Japan,199.1,25651.0,Yes,Yes,4.4,2026-01-08,131.96
VL1720,Jimi Hendrix,Electric Ladyland,Rock,1968,Very Good Plus,UK,155.7,,,Yes,4.6,2026-07-26,20.69
VL1721,Madonna,True Blue,Pop,1986,Very Good Plus,US,184.3,27222.0,No,Yes,4.5,2025-01-08,48.4
VL1722,The Rolling Stones,Some Girls,Rock,1978,Very Good Plus,Canada,177.6,14923.0,No,,4.8,2024-02-15,30.29
VL1723,Pearl Jam,Vitalogy,Rock,1994,Very Good,France,175.4,2719.0,Yes,No,4.4,,82.09
VL1724,Pink Floyd,Wish You Were Here,Rock,1975,Very Good Plus,UK,177.4,4291.0,No,No,4.1,2026-07-11,22.75
VL1725,Kate Bush,The Kick Inside,Pop,1978,Near Mint,Japan,163.8,11071.0,Yes,Yes,3.4,2026-07-03,84.73
VL1726,Kid Cudi,Man on the Moon: The End of Day,Hip-Hop,2009,Very Good Plus,US,165.6,20378.0,No,Yes,5.0,2024-07-28,31.64
VL1727,Queen,Jazz,Rock,1978,Near Mint,Italy,179.3,60000.0,Yes,Yes,,2024-07-30,183.16
VL1728,Depeche Mode,Music for the Masses,,1987,Very Good,US,166.3,4682.0,No,Yes,3.9,2025-05-17,
VL1729,Led Zeppelin,Led Zeppelin,Rock,1969,Good,US,187.6,6940.0,Yes,No,3.9,2025-06-24,41.17
VL1730,Bob Marley & The Wailers,Burnin',Reggae,1973,Near Mint,US,163.3,27831.0,Yes,Yes,4.4,2026-07-09,119.73
VL1731,The Beach Boys,Pet Sounds,Rock,1966,Good,US,183.7,5225.0,No,Yes,5.0,2025-05-19,31.52
VL1732,Portishead,Portishead,Electronic,1997,,Germany,220.0,17225.0,No,Yes,4.1,2025-04-13,89.07
VL1733,The Beatles,Revolver,Rock,1966,,US,144.7,5449.0,,Yes,5.0,2025-05-31,72.33
VL1734,,Sheer Heart Attack,Rock,1974,Good,France,183.9,4160.0,No,Yes,4.6,2025-11-28,34.54
VL1735,"Tyler, The Creator",CALL ME IF YOU GET LOST,Hip-Hop,2021,Near Mint,US,173.8,19708.0,No,Yes,4.2,2024-10-01,59.5
VL1736,The Doors,L.A. Woman,Rock,1971,Good,US,171.5,34732.0,No,Yes,4.7,2025-04-29,35.19
VL1737,Johnny Cash,Johnny Cash at San Quentin,Country,1969,Very Good Plus,Japan,199.7,37905.0,Yes,Yes,4.8,2025-01-13,66.7
VL1738,Taylor Swift,reputation,Pop,2017,Very Good Plus,Germany,168.4,15639.0,,Yes,4.5,2024-07-20,33.67
VL1739,Billie Eilish,Happier Than Ever,Pop,2021,Very Good Plus,Germany,,20822.0,No,No,4.5,2026-06-01,32.81
VL1740,The Beatles,Sgt. Pepper's Lonely Hearts Club Band,Rock,1967,Near Mint,Germany,194.4,6723.0,,Yes,4.9,2024-11-05,45.68
VL1741,Nas,It Was Written,Hip-Hop,1996,Very Good Plus,UK,173.0,21167.0,,Yes,4.2,2025-07-18,21.21
VL1742,Aphex Twin,Richard D. James Album,Electronic,1996,Near Mint,US,,10708.0,Yes,Yes,,2026-03-19,104.77
VL1743,Simon & Garfunkel,Bridge over Troubled Water,Folk,1970,Very Good Plus,US,165.5,17832.0,No,Yes,4.2,2025-12-17,33.89
VL1744,Radiohead,The Bends,Alternative,1995,Very Good,Japan,,38420.0,No,Yes,4.4,2025-12-13,21.76
VL1745,The Beatles,The Beatles,Rock,1968,Very Good Plus,US,200.5,38004.0,Yes,Yes,4.1,2024-03-10,
VL1746,Billie Eilish,"When We All Fall Asleep, Where Do We Go?",Pop,2019,Very Good Plus,US,179.8,7622.0,No,Yes,4.4,2026-07-14,21.06
VL1747,Stevie Wonder,Songs in the Key of Life,Soul,1976,Near Mint,UK,196.1,22682.0,No,Yes,,2026-07-05,92.76
VL1748,Bob Marley & The Wailers,Rastaman Vibration,Reggae,1976,,Italy,193.5,11362.0,Yes,No,3.9,2024-08-01,38.46
VL1749,Gorillaz,Gorillaz,Alternative,2001,Very Good Plus,Canada,,7522.0,No,No,,2026-02-04,14.56
VL1750,The Strokes,Room on Fire,Rock,2003,Very Good Plus,US,170.1,10051.0,No,No,4.7,2025-12-27,35.92
VL1751,John Coltrane,A Love Supreme,Jazz,1965,Mint,Germany,160.9,13049.0,No,Yes,5.0,2025-07-01,66.22
VL1752,Kanye West,Graduation,Hip-Hop,2007,Very Good Plus,US,177.2,,No,Yes,4.1,2026-05-22,40.76
VL1753,Led Zeppelin,Houses of the Holy,Rock,1973,Near Mint,Germany,196.1,3561.0,Yes,Yes,4.1,2025-09-04,169.2
VL1754,Outkast,Southernplayalisticadillacmuzik,Hip-Hop,1994,Very Good Plus,US,164.6,15838.0,,Yes,,2024-06-01,35.39
VL1755,Bob Dylan,Highway 61 Revisited,Rock,1965,Very Good Plus,Germany,184.4,3619.0,No,No,4.5,2026-06-19,50.28
VL1756,Madonna,Like a Prayer,Pop,1989,Very Good Plus,US,,17433.0,No,Yes,4.3,2025-03-15,42.13
VL1757,Fleetwood Mac,Mirage,Rock,1982,Very Good Plus,Australia,152.4,8204.0,No,Yes,4.6,2024-03-21,91.72
VL1758,David Bowie,Heroes,Rock,1977,Good,US,182.8,4089.0,No,No,,2024-07-21,50.29
VL1759,The Weeknd,Starboy,,2016,Very Good,US,192.1,4022.0,No,Yes,4.2,2024-01-08,73.22
VL1760,Led Zeppelin,Presence,Rock,1976,Very Good Plus,Australia,181.3,23267.0,No,Yes,4.7,2025-08-02,61.43
VL1761,Jay-Z,Reasonable Doubt,Hip-Hop,1996,Very Good,US,172.2,5739.0,No,Yes,5.0,2025-07-23,57.55
VL1762,Bob Marley & The Wailers,Kaya,Reggae,1978,Very Good,Japan,174.4,7855.0,No,Yes,4.2,2024-12-19,38.35
VL1763,Lady Gaga,Born This Way,Pop,2011,Very Good Plus,Japan,,28403.0,No,Yes,4.7,2026-01-06,32.88
VL1764,Oasis,(What's the Story) Morning Glory?,Rock,1995,Very Good,Canada,170.1,6378.0,Yes,Yes,4.7,2024-09-30,40.72
VL1765,Adele,30,Pop,2021,Near Mint,,193.1,5514.0,Yes,No,4.4,2024-12-07,38.87
VL1766,Pearl Jam,Vitalogy,Rock,1994,Very Good,UK,186.0,5515.0,No,Yes,4.6,2025-01-16,
VL1767,Lady Gaga,Born This Way,Pop,2011,Very Good,Germany,188.6,23962.0,No,Yes,4.5,2024-02-14,54.35
VL1768,Aaliyah,One in a Million,R&B,1996,Very Good Plus,UK,171.2,17591.0,No,Yes,3.5,2024-11-19,50.47
VL1769,Radiohead,,Alternative,2007,Very Good Plus,UK,173.1,32475.0,No,Yes,4.7,2024-07-15,57.2
VL1770,Radiohead,Amnesiac,Alternative,2001,Near Mint,US,186.7,4073.0,No,,5.0,2026-05-19,103.81
VL1771,Marvin Gaye,I Want You,Soul,1976,Very Good Plus,Netherlands,177.4,8278.0,No,Yes,3.9,2024-08-23,61.39
VL1772,Pink Floyd,A Saucerful of Secrets,Rock,1968,Very Good,Australia,170.2,4048.0,No,Yes,5.0,2026-01-20,26.06
VL1773,Queen,Sheer Heart Attack,Rock,1974,Very Good Plus,France,174.8,,,Yes,4.7,2025-11-05,32.2
VL1774,Led Zeppelin,Led Zeppelin IV,Rock,1971,Very Good,US,176.8,20141.0,No,,4.5,2025-02-20,38.65
VL1775,Pink Floyd,Animals,Rock,1977,Good,US,186.6,5753.0,,Yes,4.1,2025-04-14,17.62
VL1776,SZA,SOS,R&B,2022,Very Good,Australia,183.5,13064.0,No,Yes,4.1,2025-06-10,38.89
VL1777,Simon & Garfunkel,Bookends,Folk,1968,Very Good Plus,Japan,162.1,7171.0,Yes,Yes,,2024-01-06,28.37
VL1778,The Weeknd,After Hours,R&B,2020,Very Good Plus,Italy,195.0,60000.0,No,No,4.6,2025-05-18,16.37
VL1779,Pearl Jam,Ten,Rock,1991,Very Good Plus,Japan,180.7,44312.0,Yes,Yes,4.5,2026-05-24,67.57
VL1780,Beyoncé,4,R&B,2011,Very Good Plus,Germany,207.5,12274.0,Yes,Yes,,2025-09-29,85.92
VL1781,Elton John,Goodbye Yellow Brick Road,Rock,1973,Near Mint,UK,167.4,30537.0,No,Yes,4.6,2025-11-22,
VL1782,Stevie Wonder,Fulfillingness' First Finale,Soul,1974,Near Mint,US,,2299.0,No,Yes,4.1,2024-12-20,124.8
VL1783,Beyoncé,B'Day,R&B,2006,Mint,US,178.0,14386.0,Yes,Yes,4.6,2024-04-29,69.54
VL1784,Rihanna,Rated R,Pop,2009,Very Good,US,197.7,16527.0,No,Yes,4.4,2026-04-09,
VL1785,The Smiths,"Strangeways, Here We Come",Alternative,1987,Very Good,Germany,164.4,7052.0,No,Yes,4.4,2025-04-18,58.51
VL1786,Nas,It Was Written,Hip-Hop,1996,Near Mint,UK,200.8,15574.0,Yes,Yes,4.0,2025-11-14,23.26
VL1787,The Beatles,Rubber Soul,Rock,1965,Very Good Plus,Germany,178.3,19344.0,Yes,Yes,,2026-06-27,25.78
VL1788,Dolly Parton,Jolene,Country,1974,Near Mint,Netherlands,186.3,21096.0,Yes,Yes,4.9,2024-03-15,34.82
VL1789,SZA,Ctrl,R&B,2017,Very Good Plus,US,163.7,19672.0,Yes,Yes,4.7,2026-02-01,
VL1790,"Tyler, The Creator",Cherry Bomb,Hip-Hop,2015,Very Good,US,175.4,4787.0,Yes,Yes,4.8,2025-07-29,98.89
VL1791,Portishead,Dummy,Electronic,1994,Near Mint,Netherlands,194.2,27774.0,Yes,Yes,3.8,2024-07-11,
VL1792,Queen,A Day at the Races,Rock,1976,Near Mint,US,199.7,7767.0,,Yes,4.4,2025-01-21,36.83
VL1793,The Doors,Morrison Hotel,Rock,1970,Very Good,UK,174.3,5494.0,No,Yes,4.4,2024-11-25,34.01
VL1794,Nirvana,In Utero,Rock,1993,Very Good,Germany,179.2,9978.0,No,No,4.4,2025-04-11,30.46
VL1795,The Beatles,Abbey Road,Rock,1969,Very Good,US,194.2,28182.0,No,No,4.4,2025-12-09,32.23
VL1796,The Cure,Pornography,Alternative,1982,Very Good Plus,Germany,172.6,17331.0,Yes,Yes,3.7,2026-08-09,61.62
VL1797,Outkast,Aquemini,Hip-Hop,1998,Very Good Plus,Netherlands,187.7,,Yes,Yes,4.2,2024-02-20,49.3
VL1798,Dr. Dre,2001,Hip-Hop,1999,Mint,US,183.5,6660.0,No,Yes,4.7,2026-04-14,46.2
VL1799,Pearl Jam,Vitalogy,Rock,1994,Very Good Plus,Canada,181.8,60000.0,No,Yes,4.6,2026-04-16,86.06
VL1800,The Strokes,First Impressions of Earth,Rock,2005,Near Mint,US,196.6,17646.0,No,Yes,4.4,2024-04-18,
VL1801,Nas,It Was Written,Hip-Hop,1996,Mint,UK,182.2,23373.0,No,Yes,4.1,2026-03-05,74.37
VL1802,Bob Dylan,Blonde on Blonde,Rock,1966,Near Mint,US,,,No,Yes,5.0,2024-09-11,24.77
VL1803,The Beatles,With the Beatles,Rock,1963,Very Good,Australia,174.4,9925.0,No,Yes,4.3,,30.7
VL1804,Fleetwood Mac,Behind the Mask,Rock,1990,Very Good,Canada,219.5,39666.0,Yes,Yes,4.2,2025-09-21,35.36
VL1805,Simon & Garfunkel,Bookends,Folk,1968,Very Good Plus,US,210.9,15436.0,,Yes,4.0,2024-06-24,62.48
VL1806,Queen,Queen II,,1974,Near Mint,France,208.7,8570.0,No,Yes,3.8,2026-07-01,62.51
VL1807,Tame Impala,Lonerism,Rock,2012,Very Good Plus,Netherlands,179.9,12734.0,No,Yes,5.0,2024-12-24,70.34
VL1808,J Dilla,Donuts,,2006,Very Good Plus,US,,60000.0,No,Yes,4.8,2026-01-25,76.09
VL1809,Fleetwood Mac,Rumours,,1977,Very Good Plus,UK,206.7,37506.0,No,Yes,,2024-07-06,
VL1810,Pink Floyd,The Piper at the Gates of Dawn,Rock,1967,Good,US,173.9,13892.0,No,Yes,4.9,2024-10-19,
VL1811,John Coltrane,Ascension,Jazz,1966,Very Good,Germany,176.1,,No,Yes,4.1,2026-05-21,
VL1812,SZA,SOS,R&B,2022,Very Good Plus,US,183.2,3305.0,No,Yes,4.1,2024-08-02,48.41
VL1813,Oasis,(What's the Story) Morning Glory?,Rock,1995,Near Mint,Netherlands,163.1,6937.0,No,Yes,4.9,2024-11-03,46.71
VL1814,Bob Dylan,Highway 61 Revisited,Rock,1965,Very Good,US,191.9,4336.0,No,No,4.3,2026-03-07,
VL1815,Outkast,ATLiens,Hip-Hop,1996,Very Good,Canada,183.5,10828.0,,Yes,4.6,2024-10-07,45.15
VL1816,Arctic Monkeys,AM,Rock,2013,Very Good Plus,Italy,187.8,60000.0,No,Yes,4.5,2024-04-12,24.65
VL1817,J Dilla,Donuts,Hip-Hop,2006,Very Good Plus,Japan,172.2,12233.0,Yes,Yes,4.4,2026-07-19,41.52
VL1818,Prince,1999,Pop,1982,,US,199.9,21925.0,No,Yes,4.7,2025-11-25,56.39
VL1819,Kanye West,The College Dropout,Hip-Hop,2004,Very Good,UK,140.9,10471.0,No,No,5.0,2024-04-30,
VL1820,Prince,Sign o' the Times,Pop,1987,Near Mint,Italy,189.1,,No,No,4.8,2025-04-30,15.14
VL1821,Dolly Parton,Jolene,Country,1974,Mint,Japan,217.6,17074.0,Yes,Yes,4.7,2025-04-10,
VL1822,Dolly Parton,Coat of Many Colors,Country,1971,Near Mint,Germany,169.4,4143.0,No,,4.4,2026-01-14,71.55
VL1823,Arctic Monkeys,"Whatever People Say I Am, That's What I'm Not",Rock,2006,Near Mint,Japan,171.0,7511.0,No,Yes,4.4,2025-06-25,130.04
VL1824,Madonna,Ray of Light,Pop,1998,Near Mint,US,192.3,7701.0,No,Yes,5.0,2024-01-21,57.21
VL1825,Gorillaz,Demon Days,Alternative,2005,Very Good Plus,US,173.6,27089.0,No,Yes,4.3,2025-06-16,46.79
VL1826,Massive Attack,Mezzanine,Electronic,1998,Very Good Plus,France,182.9,22451.0,No,Yes,4.4,2025-02-25,66.39
VL1827,Dolly Parton,Coat of Many Colors,Country,1971,,UK,215.0,33815.0,No,Yes,4.3,2026-03-13,53.98
VL1828,Lady Gaga,Born This Way,Pop,2011,Near Mint,Australia,,6080.0,No,Yes,4.4,2026-06-10,89.06
VL1829,The Beach Boys,Sunflower,Rock,1970,Very Good,US,174.1,9695.0,No,Yes,4.8,2025-11-29,
VL1830,Mac Miller,Swimming,Hip-Hop,2018,Near Mint,UK,170.4,37383.0,No,Yes,4.6,2024-04-16,47.71
VL1831,Lady Gaga,Born This Way,Pop,2011,Good,US,157.6,11677.0,No,Yes,5.0,2025-11-19,14.65
VL1832,Aretha Franklin,Spirit in the Dark,Soul,1970,Near Mint,US,181.0,60000.0,No,Yes,4.6,2024-03-06,63.4
VL1833,David Bowie,Scary Monsters,Rock,1980,Mint,,204.8,6926.0,Yes,Yes,5.0,2026-07-17,169.82
VL1834,Lana Del Rey,Norman Fucking Rockwell!,Pop,2019,Near Mint,US,171.6,4111.0,Yes,No,4.8,2026-05-13,60.72
VL1835,The Cure,Three Imaginary Boys,Rock,1979,Very Good Plus,Netherlands,192.2,17822.0,Yes,Yes,4.5,2024-01-29,96.07
VL1836,Bob Marley & The Wailers,Burnin',Reggae,1973,Good,Japan,183.8,21173.0,Yes,Yes,4.4,2024-09-06,58.46
VL1837,Outkast,ATLiens,Hip-Hop,1996,Mint,Japan,195.0,10400.0,No,Yes,3.5,2025-02-22,65.66
VL1838,Fleetwood Mac,Tango in the Night,Rock,1987,Good,Germany,185.5,5499.0,No,Yes,4.4,,48.43
VL1839,Daft Punk,Homework,Electronic,1997,Mint,US,170.2,33776.0,,Yes,4.4,2024-06-15,235.17
VL1840,Gorillaz,Gorillaz,Alternative,2001,Near Mint,Netherlands,160.8,4307.0,No,Yes,4.7,2026-03-05,68.17
VL1841,The Rolling Stones,Aftermath,Rock,1966,Near Mint,Netherlands,157.5,31438.0,No,Yes,5.0,,63.69
VL1842,Mac Miller,Watching Movies with the Sound Off,Hip-Hop,2013,Good,Canada,190.4,10066.0,No,Yes,4.5,2024-04-17,78.34
VL1843,Gorillaz,Gorillaz,Alternative,2001,Very Good,UK,175.8,16556.0,No,No,4.8,2026-07-16,65.43
VL1844,Johnny Cash,Johnny Cash at San Quentin,Country,1969,Mint,Australia,178.2,22757.0,No,Yes,4.5,2025-08-04,74.73
VL1845,Amy Winehouse,Back to Black,Soul,2006,Near Mint,Canada,179.7,7845.0,No,No,4.1,2026-01-26,75.12
VL1846,Tame Impala,Innerspeaker,Rock,2010,Near Mint,UK,,15071.0,No,Yes,4.6,2025-10-21,66.29
VL1847,Bruno Mars,Doo-Wops & Hooligans,Pop,2010,Good,UK,137.1,18953.0,Yes,No,3.5,2025-05-07,84.03
VL1848,John Coltrane,Giant Steps,Jazz,1960,Near Mint,UK,207.0,14052.0,No,Yes,3.8,2025-09-30,52.44
VL1849,Lady Gaga,Born This Way,Pop,2011,Very Good,Germany,184.7,15015.0,No,Yes,4.0,2026-02-21,21.19
VL1850,Bob Marley & The Wailers,Uprising,Reggae,1980,Very Good,US,189.9,6589.0,No,Yes,4.2,2025-06-01,145.97
VL1851,Beyoncé,Dangerously in Love,R&B,2003,Near Mint,UK,156.4,8442.0,No,Yes,4.6,2025-03-14,33.73
VL1852,Björk,Vespertine,Electronic,2001,Good,US,209.5,11725.0,No,Yes,4.5,2026-01-15,19.41
VL1853,,Ultraviolence,Pop,2014,Very Good,UK,,31523.0,No,Yes,4.9,2025-08-24,55.3
VL1854,Depeche Mode,Music for the Masses,Electronic,1987,Good,France,183.8,12851.0,Yes,Yes,4.1,2026-01-20,54.67
VL1855,Queen,Queen II,Rock,1974,Very Good,Germany,200.4,31087.0,Yes,Yes,4.1,2026-04-08,59.3
VL1856,Dolly Parton,Jolene,Country,1974,Near Mint,Netherlands,180.9,23125.0,Yes,Yes,4.4,2026-02-17,49.82
VL1857,Led Zeppelin,Houses of the Holy,Rock,1973,Near Mint,France,167.2,14290.0,Yes,Yes,4.0,2025-07-09,132.48
VL1858,Arctic Monkeys,AM,Rock,2013,Near Mint,US,147.4,6114.0,Yes,Yes,4.5,2024-01-17,183.08
VL1859,Pink Floyd,A Saucerful of Secrets,Rock,1968,Very Good Plus,US,176.4,6298.0,No,Yes,4.4,2024-02-10,116.53
VL1860,Radiohead,Kid A,Alternative,2000,Very Good Plus,Netherlands,200.5,28413.0,No,Yes,4.2,2024-02-04,25.64
VL1861,Taylor Swift,Midnights,Pop,2022,Very Good Plus,France,153.3,7881.0,Yes,Yes,4.3,2024-10-23,53.06
VL1862,Elton John,Elton John,Pop,1970,Near Mint,UK,168.9,2771.0,No,Yes,5.0,2025-10-19,72.25
VL1863,The Beatles,With the Beatles,Rock,1963,Near Mint,Japan,,4085.0,Yes,Yes,4.1,2024-06-03,65.42
VL1864,Miles Davis,Bitches Brew,Jazz,1970,Very Good Plus,UK,188.4,10690.0,No,Yes,4.0,2024-06-23,69.39
VL1865,David Bowie,The Rise and Fall of Ziggy Stardust and the Spiders from Mars,Rock,1972,Mint,Netherlands,167.4,17561.0,No,Yes,4.6,,
VL1866,Marvin Gaye,I Want You,Soul,1976,Good,US,,,No,,4.0,2026-08-12,17.95
VL1867,Tame Impala,The Slow Rush,Rock,2020,Very Good Plus,Netherlands,182.5,48710.0,No,Yes,,2025-02-08,45.16
VL1868,Led Zeppelin,Led Zeppelin III,Rock,1970,Very Good,Japan,164.4,21674.0,No,Yes,5.0,2024-03-03,39.99
VL1869,Rihanna,Good Girl Gone Bad,Pop,2007,Near Mint,France,185.8,30444.0,Yes,Yes,,2025-09-07,46.22
VL1870,Aphex Twin,Richard D. James Album,Electronic,1996,,Italy,172.5,5391.0,No,Yes,4.2,2024-12-27,11.18
VL1871,Lana Del Rey,Born to Die,Pop,2012,Good,Germany,160.7,6788.0,No,No,4.5,2024-01-03,18.29
VL1872,The Beatles,Abbey Road,Rock,1969,Near Mint,Japan,161.7,3278.0,No,Yes,4.4,2025-04-25,100.18
VL1873,The Beatles,Please Please Me,Rock,1963,Very Good Plus,US,172.3,11751.0,No,Yes,4.3,2024-03-30,21.69
VL1874,Massive Attack,Mezzanine,Electronic,1998,Very Good Plus,US,169.5,12448.0,,Yes,5.0,2025-06-23,53.37
VL1875,Taylor Swift,Red,Pop,2012,Very Good Plus,Australia,171.3,20436.0,No,Yes,4.7,2026-08-05,27.22
VL1876,Johnny Cash,Johnny Cash at San Quentin,Country,1969,Very Good Plus,Netherlands,177.5,12602.0,No,Yes,4.8,2025-10-09,
VL1877,The Beatles,Help!,Rock,1965,Near Mint,Germany,188.4,19323.0,Yes,Yes,4.4,2025-10-25,65.9
VL1878,The Beatles,Please Please Me,Rock,1963,Very Good Plus,UK,201.5,10622.0,Yes,Yes,4.6,2025-06-15,43.77
VL1879,Depeche Mode,Violator,Electronic,1990,Good,US,184.7,,No,No,4.1,2025-07-15,20.14
VL1880,Jay-Z,The Blueprint,Hip-Hop,2001,Very Good Plus,US,176.1,57611.0,No,Yes,4.3,2024-10-24,30.46
VL1881,Gorillaz,Demon Days,Alternative,2005,Near Mint,UK,192.3,21244.0,Yes,No,4.4,2024-07-05,33.66
VL1882,The Smiths,"Strangeways, Here We Come",Alternative,1987,Very Good Plus,Australia,180.8,8431.0,Yes,Yes,4.0,2025-08-04,78.22
VL1883,Kate Bush,The Kick Inside,Pop,1978,Near Mint,Italy,195.7,3404.0,Yes,Yes,4.3,2025-09-12,142.53
VL1884,John Coltrane,Giant Steps,Jazz,1960,Very Good,Netherlands,170.0,5791.0,No,Yes,4.4,2024-11-01,31.65
VL1885,The Strokes,Room on Fire,Rock,2003,Mint,UK,176.1,4529.0,No,Yes,4.2,2026-01-31,119.91
VL1886,Prince,1999,Pop,1982,Near Mint,US,,9523.0,No,Yes,4.2,2026-03-11,77.16
VL1887,Daft Punk,Homework,Electronic,1997,Very Good Plus,US,170.6,37620.0,Yes,Yes,4.1,2024-12-29,81.03
VL1888,Björk,Post,Electronic,1995,Very Good Plus,Canada,205.2,28356.0,No,Yes,,2026-06-25,16.42
VL1889,Lana Del Rey,Born to Die,Pop,2012,Near Mint,Japan,175.6,5556.0,No,Yes,4.5,2025-07-08,126.73
VL1890,Bob Dylan,Highway 61 Revisited,Rock,1965,Very Good Plus,France,198.3,15664.0,Yes,,4.6,2025-09-25,90.15
VL1891,Led Zeppelin,Led Zeppelin III,Rock,1970,Near Mint,UK,188.1,4012.0,No,Yes,4.9,2024-02-29,46.12
VL1892,Elton John,Madman Across the Water,Rock,1971,Very Good Plus,Netherlands,185.8,2629.0,No,No,4.3,2025-03-19,97.09
VL1893,Stevie Wonder,Innervisions,Soul,1973,Very Good Plus,Japan,166.9,2401.0,No,Yes,4.5,2024-07-22,199.77
VL1894,Stevie Wonder,Songs in the Key of Life,Soul,1976,Very Good,France,218.0,25926.0,No,Yes,4.7,2026-05-03,46.43
VL1895,Pink Floyd,Ummagumma,Rock,1969,Very Good,Germany,204.1,4154.0,No,Yes,4.8,2025-04-27,22.54
VL1896,Miles Davis,Bitches Brew,Jazz,1970,Good,UK,,11204.0,No,No,4.1,2025-04-27,12.08
VL1897,The Weeknd,Trilogy,R&B,2012,Very Good Plus,Japan,168.8,3797.0,No,Yes,4.5,,104.27
VL1898,Beyoncé,B'Day,R&B,2006,Near Mint,UK,155.8,7059.0,No,Yes,,2024-04-24,130.21
VL1899,Aaliyah,One in a Million,R&B,1996,Very Good Plus,US,184.2,11170.0,Yes,Yes,4.6,2025-07-18,69.51
VL1900,Dr. Dre,The Chronic,Hip-Hop,1992,Very Good Plus,Australia,178.5,5126.0,Yes,Yes,4.4,2025-05-07,61.36
VL1901,Rihanna,ANTI,Pop,2016,Mint,UK,184.1,26136.0,No,Yes,4.5,2026-05-28,88.72
VL1902,Pearl Jam,Vs.,Rock,1993,Near Mint,UK,,17572.0,No,No,4.5,2024-04-02,18.39
VL1903,Aretha Franklin,I Never Loved a Man the Way I Love You,Soul,1967,Very Good,US,180.9,2019.0,Yes,Yes,4.6,2025-06-01,
VL1904,Lady Gaga,Born This Way,Pop,2011,,UK,191.2,15397.0,No,No,4.4,2026-03-19,16.97
VL1905,Bruno Mars,24K Magic,Pop,2016,Very Good Plus,UK,182.1,8047.0,No,No,4.0,2025-11-29,30.62
VL1906,J Dilla,Donuts,Hip-Hop,2006,Good,UK,177.0,4422.0,Yes,No,4.4,2026-04-11,56.56
VL1907,Bruno Mars,Doo-Wops & Hooligans,Pop,2010,,Italy,187.1,23424.0,No,Yes,,2026-08-18,87.5
VL1908,David Bowie,Lodger,Rock,1979,Very Good Plus,UK,175.4,14053.0,No,,4.4,2024-05-06,30.79
VL1909,Daft Punk,Human After All,Electronic,2005,Very Good,US,212.7,10816.0,Yes,Yes,4.2,2025-12-09,43.51
VL1910,Lady Gaga,Born This Way,Pop,2011,Near Mint,Netherlands,184.5,33687.0,No,Yes,4.2,2024-11-10,24.0
VL1911,Miles Davis,Kind of Blue,Jazz,1959,Very Good,Netherlands,195.7,20124.0,No,Yes,,2024-08-28,25.79
VL1912,Kate Bush,The Kick Inside,Pop,1978,Very Good Plus,Germany,215.5,8582.0,No,No,4.1,2026-03-03,110.6
VL1913,Kanye West,Graduation,Hip-Hop,2007,Near Mint,Netherlands,168.6,8849.0,Yes,Yes,4.6,2025-09-22,143.25
VL1914,Lady Gaga,Born This Way,Pop,2011,Mint,US,156.4,16626.0,,Yes,4.4,2025-05-14,96.0
VL1915,Adele,21,Pop,2011,,US,194.1,13359.0,No,Yes,4.9,2024-01-25,24.08
VL1916,Prince,Purple Rain,Pop,1984,Near Mint,US,177.6,5005.0,No,Yes,4.2,,103.44
VL1917,Arctic Monkeys,"Whatever People Say I Am, That's What I'm Not",Rock,2006,Near Mint,US,169.3,10355.0,No,Yes,4.2,2024-05-29,128.92
VL1918,Oasis,Standing on the Shoulder of Giants,Rock,2000,Very Good Plus,US,197.9,18793.0,No,Yes,4.2,,73.53
VL1919,Radiohead,The Bends,Alternative,1995,Very Good Plus,US,192.7,18780.0,No,Yes,,2024-10-13,36.74
VL1920,Taylor Swift,Red,Pop,2012,Very Good Plus,US,220.0,2719.0,No,No,5.0,2026-06-29,56.44
VL1921,The Beach Boys,Surf's Up,Rock,1971,Very Good,US,192.9,60000.0,Yes,No,4.6,2026-04-08,33.77
VL1922,Amy Winehouse,Frank,Soul,2003,Good,,176.6,,No,Yes,4.1,2024-12-01,50.81
VL1923,Depeche Mode,Songs of Faith and Devotion,Electronic,1993,Very Good Plus,US,206.0,9860.0,No,Yes,4.3,2024-10-13,40.63
VL1924,David Bowie,Diamond Dogs,Rock,1974,Near Mint,UK,156.9,16725.0,No,Yes,4.7,2025-01-31,43.71
VL1925,Adele,25,Pop,2015,,UK,183.4,12737.0,No,Yes,4.2,2024-04-14,91.52
VL1926,D'Angelo,Voodoo,R&B,2000,Very Good Plus,Germany,219.2,4808.0,,Yes,4.5,2025-11-22,49.73
VL1927,The Beatles,Sgt. Pepper's Lonely Hearts Club Band,Rock,1967,Very Good Plus,UK,177.9,23036.0,No,Yes,4.6,,42.86
VL1928,Led Zeppelin,Houses of the Holy,Rock,1973,Very Good Plus,France,175.8,6703.0,No,No,4.8,2025-06-01,29.03
VL1929,Mac Miller,Blue Slide Park,Hip-Hop,2011,Very Good,US,187.7,15358.0,No,No,3.9,2025-06-07,21.21
VL1930,Tame Impala,The Slow Rush,Rock,2020,Very Good,US,190.6,8699.0,No,Yes,4.5,2024-08-03,63.63
VL1931,Jimi Hendrix,Axis: Bold as Love,Rock,1967,Very Good,UK,191.4,9515.0,No,Yes,5.0,2024-08-23,
VL1932,Radiohead,In Rainbows,Alternative,2007,Very Good,Australia,169.1,27426.0,No,Yes,4.1,2025-10-13,49.06
VL1933,Led Zeppelin,In Through the Out Door,Rock,1979,Very Good,US,191.1,15353.0,Yes,Yes,4.7,2026-02-27,23.1
VL1934,David Bowie,The Rise and Fall of Ziggy Stardust and the Spiders from Mars,Rock,1972,Very Good Plus,US,164.3,15206.0,No,Yes,4.4,2026-02-16,23.24
VL1935,Johnny Cash,At Folsom Prison,Country,1968,Very Good Plus,US,165.5,29089.0,No,Yes,5.0,2024-01-26,44.08
VL1936,Queen,A Night at the Opera,Rock,1975,Very Good Plus,US,190.3,24042.0,Yes,Yes,4.3,2025-05-09,138.29
VL1937,Rihanna,ANTI,Pop,2016,Very Good Plus,US,186.8,,No,Yes,4.7,2024-12-23,50.34
VL1938,Mac Miller,Watching Movies with the Sound Off,Hip-Hop,2013,Near Mint,Germany,185.0,40164.0,No,Yes,4.9,2025-05-11,
VL1939,The Cure,Three Imaginary Boys,Rock,1979,Very Good Plus,Canada,192.3,,No,Yes,4.2,2024-06-13,25.14
VL1940,Prince,Sign o' the Times,Pop,1987,Very Good Plus,UK,193.6,,No,No,4.2,2024-07-19,
VL1941,Pink Floyd,,Rock,1977,Near Mint,US,,11703.0,Yes,Yes,4.9,2024-12-30,167.9
VL1942,Dolly Parton,Coat of Many Colors,Country,1971,Near Mint,Japan,213.0,16167.0,No,Yes,4.7,2025-03-23,23.62
VL1943,Taylor Swift,Fearless,Pop,2008,Very Good,Japan,179.2,8605.0,No,,4.1,2026-08-18,25.32
VL1944,D'Angelo,Voodoo,R&B,2000,Near Mint,Australia,180.0,36705.0,No,Yes,4.5,2024-07-02,72.79
VL1945,Beyoncé,Lemonade,R&B,2016,Near Mint,US,,6284.0,,Yes,4.8,2025-02-21,83.66
VL1946,Erykah Badu,Baduizm,R&B,1997,Very Good Plus,Germany,,2494.0,No,Yes,4.1,2024-04-20,38.06
VL1947,Lana Del Rey,Norman Fucking Rockwell!,Pop,2019,Near Mint,Netherlands,167.3,13796.0,No,Yes,4.6,2024-01-07,45.01
VL1948,Adele,30,,2021,Mint,Germany,175.1,2461.0,Yes,Yes,3.9,2024-09-12,89.95
VL1949,Oasis,(What's the Story) Morning Glory?,Rock,1995,Very Good,Netherlands,187.9,16848.0,Yes,Yes,4.0,2026-03-13,82.36
VL1950,Elton John,Goodbye Yellow Brick Road,Rock,1973,Near Mint,France,180.8,5168.0,No,Yes,4.8,2025-10-27,
VL1951,Oasis,Standing on the Shoulder of Giants,Rock,2000,Very Good,US,201.5,31634.0,No,Yes,4.6,2025-01-24,55.51
VL1952,Radiohead,Amnesiac,Alternative,2001,Very Good Plus,Netherlands,211.7,3369.0,No,Yes,5.0,2024-02-08,50.46
VL1953,Depeche Mode,Music for the Masses,Electronic,1987,Very Good Plus,UK,154.2,60000.0,No,Yes,5.0,2024-10-16,31.93
VL1954,Miles Davis,In a Silent Way,Jazz,1969,Very Good Plus,France,197.2,11685.0,No,No,4.5,2024-11-27,69.85
VL1955,A Tribe Called Quest,Midnight Marauders,Hip-Hop,1993,Near Mint,US,190.7,13222.0,No,Yes,4.5,2024-07-23,89.86
VL1956,The Notorious B.I.G.,Life After Death,Hip-Hop,1997,,Germany,,1604.0,No,Yes,4.6,2024-09-03,190.05
VL1957,"Tyler, The Creator",Flower Boy,Hip-Hop,2017,Good,US,165.4,3112.0,No,Yes,4.5,2024-08-26,
VL1958,SZA,Ctrl,R&B,2017,Very Good,US,195.4,15696.0,No,Yes,4.5,2025-05-13,30.09
VL1959,Portishead,Dummy,Electronic,1994,Very Good Plus,Japan,156.5,2176.0,No,Yes,4.8,2024-03-09,54.96
VL1960,Miles Davis,Kind of Blue,Jazz,1959,Near Mint,UK,156.8,9465.0,Yes,Yes,3.8,2025-01-15,124.61
VL1961,Kendrick Lamar,Mr. Morale & the Big Steppers,Hip-Hop,2022,Very Good,UK,182.2,7744.0,No,Yes,4.1,2024-01-13,25.67
VL1962,Erykah Badu,Worldwide Underground,,2003,Very Good Plus,US,184.8,7950.0,Yes,No,4.8,2026-05-16,43.97
VL1963,Depeche Mode,Music for the Masses,Electronic,1987,Good,UK,,8659.0,No,Yes,4.6,2024-12-01,17.84
VL1964,Whitney Houston,Whitney,Pop,1987,Very Good,Japan,182.1,12148.0,No,Yes,4.0,2025-03-12,44.79
VL1965,Bob Marley & The Wailers,Catch a Fire,Reggae,1973,Very Good Plus,France,215.7,21144.0,Yes,Yes,4.5,,
VL1966,2Pac,All Eyez on Me,Hip-Hop,1996,Very Good Plus,Netherlands,198.8,22168.0,No,No,5.0,2025-03-02,25.0
VL1967,Simon & Garfunkel,Bridge over Troubled Water,Folk,1970,Very Good Plus,,216.2,,Yes,Yes,4.3,2025-07-16,64.32
VL1968,Pink Floyd,The Wall,Rock,1979,Very Good Plus,US,166.9,6766.0,Yes,Yes,4.4,2025-01-31,51.27
VL1969,Stevie Wonder,Songs in the Key of Life,Soul,1976,Very Good,UK,173.3,5830.0,No,Yes,4.7,2024-03-30,
VL1970,Taylor Swift,reputation,Pop,2017,Very Good,,160.2,6750.0,No,No,4.0,2024-10-18,53.33
VL1971,The Doors,,Rock,1971,Near Mint,UK,208.3,7895.0,No,Yes,4.6,2025-04-06,48.72
VL1972,Jimi Hendrix,Are You Experienced,Rock,1967,Very Good Plus,US,211.6,11949.0,No,Yes,4.1,2025-11-17,47.49
VL1973,Prince,Purple Rain,Pop,1984,Very Good Plus,US,169.6,,No,Yes,4.4,2026-05-11,25.59
VL1974,David Bowie,Station to Station,Rock,1976,Very Good Plus,UK,176.9,8579.0,,Yes,3.9,2025-05-02,34.87
VL1975,Tame Impala,Lonerism,Rock,2012,Near Mint,France,203.0,9746.0,No,Yes,4.7,2024-04-04,101.14
VL1976,Dr. Dre,2001,Hip-Hop,1999,Near Mint,UK,152.7,5398.0,Yes,Yes,4.7,2026-05-12,83.67
VL1977,Pink Floyd,Animals,Rock,1977,Very Good Plus,Netherlands,192.9,8745.0,No,No,4.1,2024-01-17,47.02
VL1978,,ANTI,,2016,Very Good Plus,Germany,220.0,8786.0,No,Yes,3.8,2025-11-22,
VL1979,Billie Eilish,Happier Than Ever,Pop,2021,Very Good,Australia,185.6,13589.0,Yes,Yes,4.8,2026-05-01,108.33
VL1980,Amy Winehouse,Back to Black,Soul,2006,Mint,France,154.2,16687.0,No,,4.8,2025-04-13,44.84
VL1981,Nirvana,In Utero,Rock,1993,Very Good Plus,UK,188.1,9783.0,No,Yes,4.2,2024-01-07,
VL1982,Michael Jackson,Thriller,Pop,1982,Good,US,,5490.0,No,No,4.1,2026-02-20,33.63
VL1983,Massive Attack,Blue Lines,Electronic,1991,Near Mint,Germany,159.9,29961.0,No,Yes,4.3,2025-01-22,90.96
VL1984,John Coltrane,Ascension,Jazz,1966,Very Good Plus,UK,198.9,40308.0,No,Yes,4.4,2026-02-26,41.12
VL1985,Lauryn Hill,The Miseducation of Lauryn Hill,R&B,1998,Near Mint,Japan,165.6,32977.0,,Yes,4.6,2024-11-03,
VL1986,MF DOOM,Operation: Doomsday,Hip-Hop,1999,Very Good Plus,UK,181.5,18396.0,Yes,,4.6,2026-05-14,70.57
VL1987,Whitney Houston,I'm Your Baby Tonight,Pop,1990,Very Good Plus,Netherlands,187.5,4115.0,No,No,4.2,2024-04-25,40.73
VL1988,The Rolling Stones,Some Girls,Rock,1978,Near Mint,France,176.8,17301.0,No,,4.8,2025-10-22,72.87
VL1989,Bob Marley & The Wailers,Rastaman Vibration,Reggae,1976,Mint,Netherlands,169.9,14245.0,No,Yes,4.7,2026-08-10,156.75
VL1990,The Smiths,"Strangeways, Here We Come",Alternative,1987,Near Mint,US,,5641.0,No,Yes,4.8,2026-05-07,
VL1991,"Tyler, The Creator",IGOR,Hip-Hop,2019,Very Good Plus,Netherlands,197.3,15017.0,No,Yes,4.9,2024-02-03,28.76
VL1992,Marvin Gaye,I Want You,Soul,1976,Very Good,,198.7,,No,,3.9,2024-03-19,54.88
VL1993,Bob Marley & The Wailers,,Reggae,1974,Near Mint,Netherlands,162.7,17447.0,No,Yes,4.7,2026-08-16,39.35
VL1994,Kendrick Lamar,To Pimp a Butterfly,Hip-Hop,2015,Very Good,UK,160.4,13371.0,No,No,4.4,2025-02-11,30.36
VL1995,Queen,Jazz,Rock,1978,Very Good Plus,US,175.3,2584.0,No,Yes,4.7,2024-10-12,81.81
VL1996,Red Hot Chili Peppers,By the Way,Rock,2002,Very Good,UK,168.1,4857.0,No,No,4.0,2026-07-16,
VL1997,Taylor Swift,Midnights,Pop,2022,,US,200.4,9462.0,No,Yes,4.8,2026-03-13,54.91
VL1998,Massive Attack,100th Window,Electronic,2003,Very Good Plus,US,169.0,21605.0,No,Yes,4.4,2025-11-22,70.62
VL1999,Kanye West,My Beautiful Dark Twisted Fantasy,Hip-Hop,2010,Very Good Plus,Germany,202.4,10727.0,No,No,4.4,2024-09-19,38.12
VL2000,Billie Eilish,Hit Me Hard and Soft,Pop,2024,Very Good,France,,9525.0,,No,4.2,2024-01-04,55.43
VL2001,Madonna,Like a Virgin,Pop,1984,Very Good Plus,Italy,194.8,48308.0,No,Yes,4.4,2025-03-09,30.07
VL2002,Bob Marley & The Wailers,Exodus,,1977,Very Good Plus,Germany,193.7,6796.0,No,Yes,,2024-11-07,51.67
VL2003,Led Zeppelin,In Through the Out Door,Rock,1979,Near Mint,US,183.0,10700.0,No,Yes,4.7,2024-03-18,
VL2004,The Beatles,Help!,Rock,1965,Very Good,US,192.7,4856.0,No,Yes,4.2,2026-01-25,45.86
VL2005,Aretha Franklin,I Never Loved a Man the Way I Love You,Soul,1967,Very Good Plus,US,172.2,31872.0,No,Yes,4.9,2025-03-30,
VL2006,Beyoncé,B'Day,R&B,2006,Very Good Plus,Japan,175.3,5043.0,No,Yes,4.8,2025-06-05,44.3
VL2007,"Tyler, The Creator",Cherry Bomb,Hip-Hop,2015,Very Good,,174.6,37392.0,No,Yes,4.3,2025-09-03,26.68
VL2008,Kendrick Lamar,DAMN.,Hip-Hop,2017,Very Good,UK,201.1,22395.0,,Yes,4.3,2025-10-11,46.73
VL2009,David Bowie,Aladdin Sane,Rock,1973,Near Mint,,183.9,7352.0,No,Yes,5.0,2026-05-21,38.19
VL2010,Lana Del Rey,Born to Die,Pop,2012,Very Good Plus,,159.9,5808.0,Yes,Yes,4.2,,59.97
VL2011,Stevie Wonder,Talking Book,Soul,1972,Very Good Plus,Germany,182.8,49468.0,No,Yes,4.7,2025-01-03,38.36
VL2012,Gorillaz,Plastic Beach,Alternative,2010,Very Good Plus,France,,60000.0,No,Yes,3.9,2025-09-07,44.17
VL2013,Led Zeppelin,Led Zeppelin,Rock,1969,Very Good,UK,196.7,5685.0,Yes,Yes,4.5,2026-07-21,99.24
VL2014,Pearl Jam,Vs.,Rock,1993,Near Mint,US,190.9,14101.0,No,Yes,4.2,2025-01-02,74.4
VL2015,Radiohead,The King of Limbs,Alternative,2011,Very Good,France,185.5,14207.0,Yes,Yes,4.3,2026-04-13,31.06
VL2016,Pearl Jam,Ten,Rock,1991,Mint,Italy,169.7,22485.0,No,Yes,3.8,2026-02-03,60.2
VL2017,Kendrick Lamar,Mr. Morale & the Big Steppers,Hip-Hop,2022,Very Good,US,184.5,11750.0,No,Yes,5.0,2024-03-27,
VL2018,Erykah Badu,New Amerykah Part One,R&B,2008,,UK,194.9,41281.0,No,No,4.5,2024-12-20,37.61
VL2019,,Happier Than Ever,Pop,2021,Very Good Plus,US,175.3,27720.0,No,No,4.7,2025-07-30,37.93
VL2020,Gorillaz,Plastic Beach,Alternative,2010,Very Good Plus,UK,175.5,18108.0,Yes,Yes,4.8,2025-08-29,48.1
VL2021,Marvin Gaye,What's Going On,Soul,1971,Very Good,France,172.9,31082.0,No,Yes,4.0,2025-03-20,86.92
VL2022,Beyoncé,B'Day,R&B,2006,Near Mint,Japan,157.4,15936.0,No,Yes,5.0,2026-07-01,39.98
VL2023,Marvin Gaye,Let's Get It On,Soul,1973,Near Mint,US,168.6,3534.0,No,Yes,4.1,2024-10-04,44.17
VL2024,The Beatles,Rubber Soul,Rock,1965,,Italy,163.0,8884.0,No,Yes,5.0,2025-12-25,47.19
VL2025,The Beatles,The Beatles,Rock,1968,Very Good,UK,213.9,20682.0,Yes,No,4.6,2025-02-18,38.34
VL2026,Adele,19,Pop,2008,Very Good Plus,Netherlands,182.3,6973.0,Yes,Yes,4.0,2024-04-25,143.44
VL2027,Prince,Sign o' the Times,Pop,1987,Very Good Plus,UK,161.1,54538.0,No,No,4.2,2024-01-06,28.68
VL2028,Depeche Mode,Songs of Faith and Devotion,Electronic,1993,Very Good,Italy,180.2,10762.0,No,Yes,4.3,2026-03-13,81.79
VL2029,Red Hot Chili Peppers,By the Way,Rock,2002,Very Good Plus,Canada,198.7,14539.0,No,Yes,,2025-06-01,36.74
VL2030,Taylor Swift,Red,Pop,2012,Mint,Netherlands,162.2,8727.0,No,Yes,4.8,2024-12-07,232.02
VL2031,Erykah Badu,Mama's Gun,R&B,2000,Very Good Plus,US,155.8,3676.0,No,No,4.5,2024-12-11,83.12
VL2032,Rihanna,Good Girl Gone Bad,Pop,2007,Very Good Plus,US,182.8,48313.0,No,No,4.6,2025-07-06,47.12
VL2033,The Beatles,Let It Be,Rock,1970,Very Good,US,179.1,2686.0,No,Yes,4.3,2025-09-17,29.21
VL2034,Lana Del Rey,Born to Die,Pop,2012,Very Good Plus,,187.7,33723.0,No,Yes,4.4,2026-04-12,37.18
VL2035,Frank Ocean,Channel Orange,R&B,2012,Very Good,Netherlands,215.2,26618.0,No,Yes,4.6,2026-07-24,41.29
VL2036,Lana Del Rey,Ultraviolence,Pop,2014,Mint,Italy,213.0,4527.0,No,Yes,4.2,2025-08-23,82.53
VL2037,Taylor Swift,folklore,Pop,2020,Very Good,Germany,199.5,23496.0,No,Yes,4.7,2024-12-04,45.64
VL2038,Led Zeppelin,Houses of the Holy,Rock,1973,Very Good Plus,Japan,200.2,13881.0,No,Yes,4.6,2025-04-20,99.98
VL2039,Rihanna,ANTI,Pop,2016,Very Good,US,187.3,60000.0,,Yes,4.0,2024-08-06,26.2
VL2040,Bob Marley & The Wailers,Natty Dread,Reggae,1974,Very Good,US,,47662.0,No,Yes,4.3,2025-01-24,
VL2041,Daft Punk,Human After All,Electronic,2005,Near Mint,France,212.8,13410.0,No,Yes,4.4,2026-06-22,45.94
VL2042,Bob Marley & The Wailers,Rastaman Vibration,Reggae,1976,Very Good,Japan,183.5,2536.0,Yes,Yes,4.6,2026-06-21,34.64
VL2043,Simon & Garfunkel,Sounds of Silence,Folk,1966,Near Mint,US,178.0,7993.0,No,Yes,4.4,2026-07-21,47.05
VL2044,The Smiths,The Queen Is Dead,Alternative,1986,Very Good Plus,Germany,175.3,22812.0,No,Yes,4.7,2024-02-18,66.39
VL2045,Bob Marley & The Wailers,Catch a Fire,Reggae,1973,Near Mint,Netherlands,184.9,3647.0,No,Yes,5.0,2026-03-20,72.97
VL2046,Miles Davis,In a Silent Way,Jazz,1969,Very Good Plus,US,,14840.0,No,Yes,4.3,2025-06-18,65.55
VL2047,Dr. Dre,2001,Hip-Hop,1999,Very Good,UK,,10540.0,No,No,4.2,2025-07-29,20.33
VL2048,Rihanna,Good Girl Gone Bad,Pop,2007,Good,UK,204.2,5381.0,No,No,5.0,2024-06-24,17.9
VL2049,The Beach Boys,Pet Sounds,Rock,1966,Very Good,Germany,193.2,13807.0,No,,4.6,2024-06-16,14.92
VL2050,Radiohead,A Moon Shaped Pool,Alternative,2016,Mint,,200.0,7142.0,No,Yes,4.3,2025-08-16,74.9
VL2051,Björk,Homogenic,Electronic,1997,Very Good,Japan,166.2,2990.0,Yes,Yes,4.3,2026-07-17,61.59
VL2052,Lady Gaga,The Fame,Pop,2008,Good,UK,143.3,15360.0,No,Yes,4.6,2024-07-25,19.92
VL2053,Fleetwood Mac,Mirage,Rock,1982,Very Good,US,201.3,6760.0,Yes,Yes,4.4,2026-05-17,63.82
VL2054,SZA,SOS,R&B,2022,Near Mint,Germany,165.5,16476.0,No,Yes,4.1,2025-11-28,78.67
VL2055,Pink Floyd,Ummagumma,Rock,1969,Near Mint,US,201.7,9590.0,No,,4.8,2024-08-04,33.25
VL2056,Miles Davis,In a Silent Way,Jazz,1969,Very Good Plus,UK,178.7,13904.0,No,Yes,4.2,2025-02-17,327.22
VL2057,Kendrick Lamar,DAMN.,Hip-Hop,2017,Very Good Plus,UK,194.1,14381.0,Yes,No,4.4,2025-04-03,67.03
VL2058,Taylor Swift,Fearless,Pop,2008,Near Mint,UK,209.5,12003.0,No,Yes,4.5,2025-10-14,19.3
VL2059,Bob Dylan,Highway 61 Revisited,Rock,1965,Near Mint,US,172.6,13023.0,No,Yes,4.8,2025-11-15,88.42
VL2060,Lana Del Rey,Norman Fucking Rockwell!,Pop,2019,Near Mint,US,194.0,3731.0,No,,5.0,2025-05-15,
VL2061,Johnny Cash,Johnny Cash at San Quentin,Country,1969,Very Good Plus,France,196.2,14312.0,No,Yes,4.3,2024-09-19,36.7
VL2062,David Bowie,Young Americans,Rock,1975,Near Mint,UK,207.2,10979.0,No,,4.8,2024-12-21,81.16
VL2063,Depeche Mode,Songs of Faith and Devotion,Electronic,1993,Very Good Plus,US,157.4,5078.0,No,,4.3,2025-09-30,124.22
VL2064,Jay-Z,Reasonable Doubt,Hip-Hop,1996,Very Good Plus,US,184.2,60000.0,No,Yes,4.3,2024-12-10,40.48
VL2065,"Tyler, The Creator",Flower Boy,Hip-Hop,2017,,Australia,178.0,7340.0,No,No,4.5,2025-06-12,40.57
VL2066,J Dilla,Welcome 2 Detroit,Hip-Hop,2001,Very Good Plus,Germany,173.7,8026.0,,Yes,5.0,2024-04-30,60.24
VL2067,Beyoncé,4,R&B,2011,Very Good Plus,US,193.1,10982.0,No,No,4.9,2026-03-15,40.01
VL2068,Jimi Hendrix,Axis: Bold as Love,Rock,1967,Very Good Plus,US,210.7,57217.0,No,Yes,4.7,2025-03-09,82.24
VL2069,The Cure,Pornography,Alternative,1982,Very Good Plus,Canada,216.3,3940.0,No,Yes,5.0,2025-07-09,62.55
VL2070,Gorillaz,Gorillaz,,2001,Near Mint,US,201.3,11242.0,No,Yes,4.5,2026-07-07,74.14
VL2071,Fleetwood Mac,Mirage,Rock,1982,Very Good Plus,US,170.0,27366.0,No,Yes,4.3,2025-11-29,30.23
VL2072,The Rolling Stones,Tattoo You,Rock,1981,Very Good Plus,Japan,192.3,,Yes,Yes,4.2,2025-03-17,47.13
VL2073,Bob Dylan,Blood on the Tracks,Rock,1975,Very Good,UK,188.8,60000.0,Yes,Yes,4.3,2026-03-16,42.35
VL2074,David Bowie,Scary Monsters,Rock,1980,Mint,US,199.6,27436.0,No,Yes,4.9,2024-07-28,58.08
VL2075,Kid Cudi,Man on the Moon: The End of Day,Hip-Hop,2009,Near Mint,UK,173.5,13034.0,No,Yes,4.9,2025-07-12,121.71
VL2076,Pink Floyd,More,Rock,1969,Good,Canada,153.0,11463.0,No,No,4.6,2025-10-17,41.42
VL2077,Elton John,Tumbleweed Connection,Rock,1970,Very Good,Italy,189.7,13428.0,No,Yes,5.0,2024-02-01,18.65
VL2078,The Smiths,Meat Is Murder,Alternative,1985,Very Good Plus,Australia,220.0,18820.0,No,Yes,,2025-09-06,
VL2079,Kate Bush,The Kick Inside,Pop,1978,Very Good,US,204.6,5839.0,No,Yes,4.9,2024-02-25,25.97
VL2080,Oasis,Be Here Now,Rock,1997,Very Good Plus,France,191.6,17621.0,Yes,Yes,4.6,2026-05-05,78.29
VL2081,Fleetwood Mac,Behind the Mask,Rock,1990,Near Mint,Japan,191.0,11903.0,No,Yes,4.3,2024-07-28,46.09
VL2082,Led Zeppelin,Led Zeppelin II,Rock,1969,Very Good,US,145.6,10313.0,No,No,4.1,2026-08-15,36.67
VL2083,The Beatles,Help!,Rock,1965,Very Good Plus,US,171.7,9164.0,Yes,Yes,4.1,2025-01-25,16.33
VL2084,Kendrick Lamar,To Pimp a Butterfly,Hip-Hop,2015,Very Good Plus,UK,174.1,2763.0,No,No,4.3,2025-01-21,38.09
VL2085,Arctic Monkeys,"Whatever People Say I Am, That's What I'm Not",Rock,2006,Very Good,UK,170.4,14804.0,No,,5.0,2025-04-22,29.63
VL2086,Elton John,Goodbye Yellow Brick Road,Rock,1973,Very Good Plus,UK,179.9,11598.0,No,Yes,4.2,2026-01-30,37.09
VL2087,Massive Attack,Blue Lines,Electronic,1991,Near Mint,France,176.3,22294.0,No,Yes,4.6,2026-01-13,149.48
VL2088,Adele,19,Pop,2008,Very Good,US,183.2,24988.0,Yes,No,4.9,2026-03-10,40.86
VL2089,The Beach Boys,Pet Sounds,Rock,1966,Mint,UK,154.1,8529.0,Yes,Yes,4.7,2026-06-25,99.04
VL2090,Nirvana,In Utero,Rock,1993,Good,Germany,190.9,10055.0,No,Yes,4.5,2025-05-24,29.71
VL2091,The Cure,Three Imaginary Boys,Rock,1979,Very Good Plus,Canada,,21818.0,No,Yes,4.6,2024-01-05,33.41
VL2092,Fleetwood Mac,Fleetwood Mac,Rock,1975,Very Good,UK,164.4,11317.0,No,Yes,3.7,2025-10-30,58.66
VL2093,Depeche Mode,Music for the Masses,Electronic,1987,Near Mint,US,195.5,54388.0,No,Yes,,2024-05-14,216.89
VL2094,The Beatles,Revolver,Rock,1966,Mint,Japan,199.8,7331.0,No,Yes,4.0,2024-08-13,62.42
VL2095,Mac Miller,Blue Slide Park,Hip-Hop,2011,Very Good,France,194.6,12565.0,No,No,4.8,2024-11-19,41.04
VL2096,Pink Floyd,Ummagumma,Rock,1969,Very Good,Germany,156.8,15523.0,No,No,4.2,2024-09-20,46.67
VL2097,Kendrick Lamar,Mr. Morale & the Big Steppers,Hip-Hop,2022,Near Mint,Australia,173.6,60000.0,No,Yes,4.1,2026-05-28,68.32
VL2098,The Smiths,The Queen Is Dead,Alternative,1986,Good,US,176.9,17355.0,No,No,4.4,2024-03-13,15.48
VL2099,Outkast,ATLiens,Hip-Hop,1996,Very Good Plus,US,167.8,10738.0,No,Yes,4.4,2024-09-08,70.41
VL2100,2Pac,Me Against the World,Hip-Hop,1995,Very Good,UK,172.1,3211.0,No,No,,2025-01-07,40.04
VL2101,Dolly Parton,Coat of Many Colors,Country,1971,Very Good,France,179.3,8631.0,No,,3.5,2025-10-08,
VL2102,Elton John,Goodbye Yellow Brick Road,Rock,1973,Very Good Plus,US,179.3,21846.0,No,Yes,4.5,2024-05-22,72.11
VL2103,Radiohead,Kid A,Alternative,2000,Very Good Plus,US,163.3,10454.0,Yes,Yes,4.4,2024-10-17,40.7
VL2104,The Weeknd,Starboy,R&B,2016,Very Good Plus,Germany,183.5,23446.0,No,No,,2025-09-24,
VL2105,The Cure,Disintegration,Alternative,1989,Good,UK,139.3,12429.0,No,No,4.3,2024-11-06,74.02
VL2106,Aretha Franklin,Lady Soul,Soul,1968,Very Good,Italy,175.5,24067.0,,Yes,4.1,2024-10-31,36.07
VL2107,Pearl Jam,Vs.,Rock,1993,Near Mint,UK,160.4,29745.0,No,No,4.0,2024-02-11,17.5
VL2108,Gorillaz,Gorillaz,Alternative,2001,Good,,182.3,20346.0,No,Yes,4.0,2026-01-14,26.93
VL2109,Kendrick Lamar,"good kid, m.A.A.d city",Hip-Hop,2012,Near Mint,,174.8,26199.0,No,Yes,4.0,2025-03-25,93.01
VL2110,"Tyler, The Creator",CALL ME IF YOU GET LOST,Hip-Hop,2021,Near Mint,US,168.9,9873.0,No,Yes,4.3,2025-10-14,
VL2111,Nirvana,Nevermind,Rock,1991,Near Mint,UK,197.9,12737.0,No,Yes,4.1,2025-05-22,82.01
VL2112,Taylor Swift,1989,Pop,2014,Very Good Plus,UK,180.4,7664.0,Yes,No,4.3,2025-07-04,92.87
VL2113,The Weeknd,Trilogy,R&B,2012,Very Good,Netherlands,213.6,4056.0,No,Yes,3.5,2026-01-13,34.89
VL2114,The Doors,Morrison Hotel,Rock,1970,Near Mint,Japan,,5609.0,No,Yes,4.0,2025-08-12,42.25
VL2115,Elton John,Tumbleweed Connection,Rock,1970,Very Good Plus,Germany,172.5,1858.0,No,Yes,,2025-04-30,55.08
VL2116,Stevie Wonder,Songs in the Key of Life,Soul,1976,Near Mint,UK,196.6,10413.0,No,No,4.6,2025-05-12,
VL2117,Pink Floyd,Wish You Were Here,Rock,1975,Very Good Plus,US,166.2,26761.0,Yes,Yes,4.5,2024-11-19,64.94
VL2118,Aaliyah,One in a Million,R&B,1996,Very Good Plus,Germany,,3817.0,No,No,4.6,2024-10-01,77.85
VL2119,Bob Dylan,Bringing It All Back Home,Folk,1965,Near Mint,,162.5,4578.0,No,Yes,4.0,2026-02-17,88.21
VL2120,Daft Punk,Homework,Electronic,1997,Very Good Plus,Canada,179.8,9077.0,No,,4.9,2026-04-17,34.91
VL2121,Beyoncé,4,R&B,2011,Mint,UK,202.5,8861.0,No,Yes,,2024-10-03,44.43
VL2122,Lady Gaga,The Fame,,2008,Near Mint,Japan,172.8,9157.0,No,Yes,4.9,2026-02-16,47.49
VL2123,Bob Dylan,John Wesley Harding,Rock,1967,Near Mint,US,,22297.0,No,Yes,4.5,2026-07-04,43.76
VL2124,Pink Floyd,Atom Heart Mother,Rock,1970,Very Good Plus,Japan,185.6,20542.0,No,Yes,4.8,2025-05-21,26.74
VL2125,Taylor Swift,Red,Pop,2012,Near Mint,US,,11844.0,No,Yes,5.0,2026-02-01,94.94
VL2126,Bob Marley & The Wailers,Rastaman Vibration,Reggae,1976,Near Mint,UK,188.7,4069.0,Yes,Yes,4.4,2026-01-09,202.25
VL2127,Aaliyah,One in a Million,R&B,1996,Very Good Plus,US,181.0,15451.0,Yes,Yes,4.5,2025-07-23,40.0
VL2128,Adele,30,Pop,2021,Very Good,,202.5,7215.0,No,No,4.3,2025-12-16,21.8
VL2129,Oasis,Definitely Maybe,Rock,1994,Very Good Plus,US,198.3,5808.0,No,Yes,4.2,2025-04-16,33.88
VL2130,Depeche Mode,Violator,Electronic,1990,Very Good,Germany,172.8,12567.0,Yes,,4.0,2024-03-08,73.78
VL2131,The Beatles,Revolver,Rock,1966,Very Good Plus,US,177.9,5113.0,Yes,No,5.0,2024-08-13,30.61
VL2132,Bob Dylan,Highway 61 Revisited,Rock,1965,Near Mint,Germany,,60000.0,No,No,4.1,2025-12-27,
VL2133,David Bowie,Young Americans,Rock,1975,Very Good,Italy,167.4,5267.0,No,Yes,4.3,2025-06-04,25.0
VL2134,John Coltrane,A Love Supreme,Jazz,1965,Very Good Plus,US,212.3,6477.0,No,Yes,4.2,2024-12-11,50.99
VL2135,Mac Miller,The Divine Feminine,Hip-Hop,2016,,Japan,160.9,12338.0,No,Yes,,2026-06-21,61.65
VL2136,Depeche Mode,Music for the Masses,Electronic,1987,Very Good,UK,186.7,13562.0,No,Yes,4.4,2025-01-08,
VL2137,Oasis,Definitely Maybe,Rock,1994,Near Mint,Japan,181.6,60000.0,No,,4.6,2024-02-09,36.71
VL2138,Kid Cudi,Man on the Moon: The End of Day,Hip-Hop,2009,Very Good Plus,US,187.6,4375.0,No,Yes,4.8,2026-01-07,18.36
VL2139,David Bowie,The Rise and Fall of Ziggy Stardust and the Spiders from Mars,Rock,1972,Very Good,Japan,,23715.0,No,Yes,4.1,2024-03-10,47.36
VL2140,Dr. Dre,The Chronic,Hip-Hop,1992,Good,UK,179.3,4166.0,No,No,4.8,2024-02-18,41.68
VL2141,Whitney Houston,I'm Your Baby Tonight,Pop,1990,Very Good Plus,Netherlands,186.8,11646.0,No,Yes,4.2,2025-10-12,54.41
VL2142,Taylor Swift,Fearless,Pop,2008,Very Good,Netherlands,164.3,15982.0,No,,4.5,2026-04-06,15.62
VL2143,Beyoncé,Lemonade,R&B,2016,Very Good Plus,France,170.1,2499.0,Yes,No,4.8,2024-10-30,36.72
VL2144,The Weeknd,After Hours,R&B,2020,Very Good,Australia,180.4,12311.0,No,Yes,3.7,2024-10-27,56.69
VL2145,Beyoncé,Lemonade,R&B,2016,Near Mint,US,189.6,5034.0,No,Yes,4.6,2026-03-06,41.89
VL2146,Kate Bush,The Kick Inside,Pop,1978,Very Good Plus,Italy,183.4,16431.0,No,Yes,4.5,,51.82
VL2147,Nas,Illmatic,Hip-Hop,1994,,,176.7,15094.0,No,No,4.2,2025-01-16,19.16
VL2148,Erykah Badu,Baduizm,R&B,1997,Near Mint,US,154.6,10526.0,No,,4.6,2025-08-20,84.39
VL2149,Radiohead,Amnesiac,Alternative,2001,Very Good,,162.0,14292.0,No,Yes,5.0,2024-08-08,36.11
VL2150,The Smiths,"Strangeways, Here We Come",Alternative,1987,Near Mint,Japan,164.6,24908.0,Yes,Yes,4.4,2024-04-09,119.9
VL2151,David Bowie,Low,Rock,1977,Near Mint,Australia,198.1,15072.0,No,Yes,4.7,2024-12-21,59.21
VL2152,David Bowie,Young Americans,Rock,1975,Very Good Plus,Germany,162.2,26664.0,No,Yes,3.8,2025-06-29,62.92
VL2153,Bob Marley & The Wailers,Burnin',Reggae,1973,Very Good Plus,UK,158.0,15371.0,Yes,Yes,4.4,2024-02-29,142.36
VL2154,Rihanna,ANTI,Pop,2016,Very Good Plus,Australia,183.6,7427.0,No,Yes,4.2,2025-12-08,52.53
VL2155,Pearl Jam,Vitalogy,Rock,1994,Mint,Japan,,19630.0,No,Yes,4.3,2026-01-09,62.71
VL2156,Lady Gaga,Chromatica,Pop,2020,Near Mint,US,183.1,12014.0,Yes,No,4.5,2024-06-14,70.48
VL2157,Radiohead,Pablo Honey,Alternative,1993,Good,US,163.6,17402.0,Yes,No,4.8,2024-03-06,84.07
VL2158,Arctic Monkeys,Favourite Worst Nightmare,Rock,2007,Very Good Plus,Germany,171.6,20360.0,No,No,4.4,2024-03-26,
VL2159,Björk,Post,Electronic,1995,Mint,US,183.1,18954.0,Yes,Yes,4.7,2025-10-27,91.01
VL2160,Outkast,ATLiens,Hip-Hop,1996,Very Good Plus,France,168.4,60000.0,Yes,Yes,5.0,2024-03-15,
VL2161,David Bowie,Young Americans,Rock,1975,Very Good Plus,Italy,217.9,11678.0,No,Yes,4.9,2026-04-08,33.4
VL2162,"Tyler, The Creator",Cherry Bomb,Hip-Hop,2015,Very Good Plus,Netherlands,152.8,31983.0,No,Yes,4.0,2026-02-21,81.1
VL2163,Fleetwood Mac,Rumours,Rock,1977,Good,US,188.6,3455.0,No,Yes,4.5,2025-12-06,35.45
VL2164,Billie Eilish,Hit Me Hard and Soft,,2024,Very Good Plus,US,185.4,13726.0,No,Yes,4.7,,
VL2165,Depeche Mode,Songs of Faith and Devotion,Electronic,1993,Very Good Plus,US,171.2,9971.0,Yes,Yes,4.7,2026-07-09,67.74
VL2166,The Beatles,Abbey Road,Rock,1969,Very Good,UK,185.9,8423.0,No,Yes,4.5,2024-07-23,19.06
VL2167,Mac Miller,GO:OD AM,Hip-Hop,2015,Good,US,173.8,45230.0,No,No,4.5,2025-05-12,29.49
VL2168,Lauryn Hill,The Miseducation of Lauryn Hill,R&B,1998,Very Good Plus,UK,159.5,14913.0,No,Yes,4.2,2024-05-10,24.68
VL2169,Bruno Mars,24K Magic,Pop,2016,Very Good,France,170.5,25578.0,No,Yes,4.6,2026-05-26,84.48
VL2170,Mac Miller,GO:OD AM,Hip-Hop,2015,Very Good Plus,Japan,177.2,10974.0,No,Yes,4.2,2024-09-01,130.11
VL2171,The Weeknd,Trilogy,R&B,2012,Near Mint,US,171.4,1622.0,Yes,,4.5,2025-10-01,84.16
VL2172,Madonna,Like a Prayer,Pop,1989,Near Mint,Germany,199.8,8412.0,Yes,Yes,3.7,2025-10-02,125.99
VL2173,Led Zeppelin,Physical Graffiti,Rock,1975,Very Good,UK,,9149.0,No,Yes,4.6,2024-12-03,99.83
VL2174,Simon & Garfunkel,Bridge over Troubled Water,Folk,1970,Very Good,UK,173.8,4943.0,,No,4.1,2025-01-29,23.05
VL2175,Oasis,Standing on the Shoulder of Giants,Rock,2000,Very Good Plus,US,154.8,5304.0,No,,4.7,2025-05-06,104.71
VL2176,Queen,A Night at the Opera,Rock,1975,Near Mint,Germany,171.7,14469.0,,Yes,4.3,2024-09-17,111.87
VL2177,The Weeknd,Starboy,R&B,2016,Very Good Plus,US,,33127.0,Yes,,4.0,2025-09-18,65.07
VL2178,Red Hot Chili Peppers,By the Way,Rock,2002,Very Good Plus,UK,165.4,42122.0,Yes,No,5.0,2025-01-12,21.14
VL2179,Jimi Hendrix,Axis: Bold as Love,Rock,1967,Very Good Plus,US,180.7,7606.0,No,Yes,4.0,2026-06-25,50.66
VL2180,Adele,30,Pop,2021,Very Good Plus,Canada,203.3,10165.0,No,Yes,,2024-02-04,57.14
VL2181,Pearl Jam,,Rock,1993,Very Good,France,205.6,13563.0,No,,4.0,2026-08-07,36.46
VL2182,Fleetwood Mac,Behind the Mask,Rock,1990,Very Good,France,167.6,4331.0,No,Yes,4.5,2024-09-24,75.55
VL2183,Pink Floyd,More,Rock,1969,Very Good,US,189.5,,No,No,4.8,2024-01-18,14.79
VL2184,Nirvana,In Utero,Rock,1993,Very Good,US,147.8,12363.0,No,Yes,4.4,,38.39
VL2185,"Tyler, The Creator",Wolf,Hip-Hop,2013,Very Good Plus,,193.1,8922.0,Yes,Yes,4.7,2024-05-13,96.77
VL2186,Aaliyah,One in a Million,R&B,1996,Very Good Plus,US,201.3,24870.0,No,No,4.7,2024-01-31,39.85
VL2187,Billie Eilish,Hit Me Hard and Soft,Pop,2024,Good,UK,161.1,15567.0,No,No,4.3,2026-07-26,31.42
VL2188,Elton John,Tumbleweed Connection,Rock,1970,Very Good,Japan,175.3,30673.0,No,Yes,4.2,2024-03-26,63.86
VL2189,Jay-Z,The Blueprint,Hip-Hop,2001,Near Mint,US,153.9,8121.0,No,Yes,4.1,2024-10-07,71.73
VL2190,Bob Dylan,Highway 61 Revisited,Rock,1965,,Germany,191.3,10660.0,No,Yes,4.1,2025-07-26,18.6
VL2191,Miles Davis,Sketches of Spain,Jazz,1960,Mint,Netherlands,185.3,13568.0,No,Yes,,2026-06-01,
VL2192,Jay-Z,Reasonable Doubt,Hip-Hop,1996,Near Mint,Germany,153.2,13155.0,Yes,Yes,4.0,2026-06-26,79.89
VL2193,Arctic Monkeys,"Whatever People Say I Am, That's What I'm Not",Rock,2006,Very Good,France,174.7,8609.0,Yes,Yes,4.7,2024-02-16,112.7
VL2194,Tame Impala,Currents,Rock,2015,Very Good Plus,Japan,181.4,4838.0,No,Yes,4.3,,14.25
VL2195,Daft Punk,Homework,Electronic,1997,Near Mint,Japan,187.3,11346.0,No,,4.4,2024-11-11,61.23
VL2196,Björk,Homogenic,Electronic,1997,Very Good,Italy,,6599.0,No,Yes,4.4,2024-09-10,30.02
VL2197,Björk,Homogenic,Electronic,1997,Very Good Plus,US,140.2,6778.0,No,Yes,5.0,2024-01-07,39.05
VL2198,Kanye West,My Beautiful Dark Twisted Fantasy,Hip-Hop,2010,Mint,UK,206.0,3146.0,No,Yes,,2026-08-14,73.55
VL2199,Pearl Jam,Vs.,Rock,1993,Very Good,US,196.1,,No,Yes,4.7,2025-07-13,44.32
VL2200,Kendrick Lamar,DAMN.,Hip-Hop,2017,Near Mint,UK,,52275.0,No,Yes,4.2,2024-11-27,38.27
VL2201,Queen,A Night at the Opera,Rock,1975,Very Good Plus,France,161.4,13379.0,No,Yes,4.6,2024-09-11,58.38
VL2202,Pink Floyd,More,Rock,1969,Very Good,US,172.8,16105.0,No,Yes,4.4,2025-01-02,18.77
VL2203,Bob Dylan,The Freewheelin' Bob Dylan,Folk,1963,Very Good,Germany,195.5,7461.0,Yes,Yes,4.5,,38.4
VL2204,The Strokes,Room on Fire,Rock,2003,Very Good,Canada,157.6,7306.0,No,Yes,4.6,,62.42
VL2205,Kanye West,Graduation,Hip-Hop,2007,Very Good,US,184.6,7637.0,No,No,4.7,2025-05-28,46.7
VL2206,Radiohead,Kid A,Alternative,2000,Near Mint,Canada,208.7,12793.0,Yes,Yes,,2025-01-29,
VL2207,John Coltrane,Ascension,Jazz,1966,Good,Germany,180.6,30804.0,No,Yes,4.2,2025-03-01,14.09
VL2208,Kendrick Lamar,"good kid, m.A.A.d city",Hip-Hop,2012,Very Good Plus,US,,15717.0,No,No,4.7,2024-03-20,39.72
VL2209,Bob Dylan,Highway 61 Revisited,Rock,1965,Very Good Plus,US,144.2,40046.0,No,Yes,,2024-10-28,20.97
VL2210,Kate Bush,Hounds of Love,Pop,1985,Very Good Plus,France,206.8,15948.0,,Yes,4.0,2024-04-25,20.43
VL2211,The Smiths,Meat Is Murder,Alternative,1985,Very Good Plus,UK,177.3,15385.0,Yes,Yes,4.5,2026-07-18,36.58
VL2212,Kendrick Lamar,To Pimp a Butterfly,Hip-Hop,2015,Very Good Plus,US,190.4,19574.0,No,Yes,4.6,2024-05-24,42.36
VL2213,Nirvana,Bleach,Rock,1989,Very Good Plus,US,181.4,18150.0,No,Yes,,2026-05-09,
VL2214,Bob Marley & The Wailers,Kaya,Reggae,1978,Good,US,173.2,11020.0,No,No,4.7,2025-10-16,47.65
VL2215,David Bowie,Young Americans,Rock,1975,Very Good Plus,US,181.5,14807.0,No,Yes,3.8,2026-03-02,39.83
VL2216,J Dilla,Donuts,Hip-Hop,2006,Good,US,188.6,5241.0,No,No,4.6,2025-01-22,
VL2217,Nina Simone,I Put a Spell on You,Jazz,1965,Very Good Plus,Japan,183.7,7357.0,No,,4.6,2024-07-19,32.94
VL2218,The Rolling Stones,Sticky Fingers,Rock,1971,Very Good Plus,Italy,197.3,9233.0,No,Yes,4.3,2024-07-08,40.08
VL2219,Marvin Gaye,I Want You,Soul,1976,Near Mint,France,187.3,15523.0,No,Yes,4.8,2024-04-23,60.66
VL2220,Madonna,Like a Virgin,Pop,1984,Near Mint,UK,202.9,11366.0,Yes,No,4.7,2024-07-11,88.76
VL2221,"Tyler, The Creator",CALL ME IF YOU GET LOST,Hip-Hop,2021,Very Good Plus,US,162.7,28672.0,No,Yes,4.4,,24.51
VL2222,The Strokes,First Impressions of Earth,Rock,2005,Very Good Plus,UK,,5517.0,No,Yes,,2026-01-29,104.58
VL2223,Bruno Mars,24K Magic,Pop,2016,Very Good,Netherlands,189.0,7243.0,No,,4.3,2026-03-24,49.68
VL2224,Radiohead,In Rainbows,Alternative,2007,Mint,Australia,178.0,17257.0,Yes,Yes,4.6,2025-10-27,139.36
VL2225,David Bowie,Aladdin Sane,Rock,1973,Very Good,Canada,177.3,14065.0,No,Yes,4.4,2025-06-19,26.29
VL2226,Pink Floyd,The Dark Side of the Moon,Rock,1973,Good,Germany,177.6,5707.0,Yes,Yes,4.4,2024-04-19,37.02
VL2227,Led Zeppelin,Led Zeppelin,Rock,1969,Very Good Plus,UK,174.7,,No,Yes,5.0,2024-05-20,57.22
VL2228,Pink Floyd,Animals,Rock,1977,Very Good Plus,Germany,184.5,26386.0,No,No,4.0,2024-08-01,23.93
VL2229,Led Zeppelin,Led Zeppelin II,Rock,1969,Very Good Plus,US,181.5,7679.0,No,No,4.6,2025-05-26,30.43
VL2230,Aaliyah,Age Ain't Nothing but a Number,R&B,1994,Very Good Plus,US,184.3,11489.0,Yes,Yes,4.4,2026-02-21,37.59
VL2231,Madonna,True Blue,Pop,1986,,US,173.1,18904.0,No,Yes,4.6,2026-02-12,41.04
VL2232,Queen,A Day at the Races,Rock,1976,Very Good Plus,UK,198.7,34670.0,Yes,Yes,4.9,2025-11-02,48.13
VL2233,Nirvana,Nevermind,Rock,1991,Very Good Plus,UK,185.8,4121.0,No,Yes,4.2,2026-03-19,34.91
VL2234,Aretha Franklin,Lady Soul,Soul,1968,Very Good Plus,Germany,193.7,7641.0,No,Yes,4.4,2024-04-17,57.12
VL2235,The Cure,Faith,Alternative,1981,Good,Netherlands,171.8,32196.0,Yes,Yes,4.4,2026-07-21,54.89
VL2236,Tame Impala,The Slow Rush,Rock,2020,Mint,US,182.2,14795.0,No,Yes,5.0,2024-09-03,46.44
VL2237,Led Zeppelin,Led Zeppelin III,Rock,1970,Near Mint,Netherlands,152.8,14488.0,No,Yes,3.9,2025-06-30,56.79
VL2238,Jimi Hendrix,Are You Experienced,Rock,1967,Mint,Germany,191.3,8427.0,No,Yes,4.6,2024-02-24,51.81
VL2239,The Beach Boys,Surf's Up,Rock,1971,Very Good,Germany,209.4,11360.0,No,Yes,4.3,,77.83
VL2240,Outkast,Aquemini,Hip-Hop,1998,Good,France,213.1,17871.0,No,Yes,4.0,2025-09-22,34.77
VL2241,Radiohead,,Alternative,1993,Very Good,,177.3,14266.0,No,Yes,4.6,2025-07-08,
VL2242,Simon & Garfunkel,Bridge over Troubled Water,Folk,1970,Near Mint,,203.5,55611.0,Yes,Yes,4.6,2024-08-02,49.6
VL2243,Bob Marley & The Wailers,Burnin',Reggae,1973,Mint,US,158.2,49926.0,No,Yes,5.0,2026-04-18,58.86
VL2244,"Tyler, The Creator",Flower Boy,Hip-Hop,2017,Very Good Plus,US,168.5,14641.0,,Yes,4.3,2025-10-04,45.82
VL2245,Kate Bush,The Sensual World,Pop,1989,Near Mint,US,,3941.0,No,Yes,4.5,2024-06-12,44.89
VL2246,Miles Davis,In a Silent Way,Jazz,1969,Very Good,US,191.7,4673.0,No,,4.0,2024-04-16,62.78
VL2247,Lana Del Rey,Born to Die,Pop,2012,Very Good Plus,UK,171.2,21086.0,No,No,4.4,2025-09-10,14.49
VL2248,The Rolling Stones,Beggars Banquet,Rock,1968,Near Mint,Italy,159.0,22589.0,No,Yes,4.4,,34.17
VL2249,Bruno Mars,24K Magic,Pop,2016,Near Mint,France,167.6,17160.0,No,Yes,4.2,2026-06-08,83.35
VL2250,Pearl Jam,Vs.,Rock,1993,Good,US,188.4,4633.0,No,No,4.8,2025-01-17,11.31
VL2251,Erykah Badu,Baduizm,R&B,1997,Good,Germany,198.1,6768.0,No,Yes,4.7,2026-02-26,28.5
VL2252,David Bowie,Heroes,Rock,1977,Very Good Plus,Japan,181.3,8313.0,No,,,2024-04-05,73.53
VL2253,Björk,Vespertine,Electronic,2001,Near Mint,UK,166.7,20136.0,No,Yes,4.6,2025-11-15,87.28
VL2254,David Bowie,Young Americans,Rock,1975,Mint,US,186.1,24442.0,No,Yes,4.4,2024-12-19,58.9
VL2255,Pearl Jam,Vitalogy,Rock,1994,Very Good Plus,Germany,164.6,5975.0,No,Yes,5.0,2024-05-10,29.94
VL2256,The Strokes,Is This It,Rock,2001,Very Good Plus,Netherlands,,27319.0,Yes,Yes,4.0,2026-04-26,45.97
VL2257,David Bowie,Scary Monsters,Rock,1980,Near Mint,US,183.6,6411.0,No,Yes,5.0,,104.54
VL2258,Taylor Swift,folklore,Pop,2020,Very Good Plus,US,153.1,14529.0,No,No,3.9,2024-07-16,26.82
VL2259,David Bowie,Young Americans,,1975,Near Mint,US,181.8,,No,Yes,4.3,2025-05-21,
VL2260,The Rolling Stones,Some Girls,Rock,1978,Very Good,Japan,179.6,10145.0,Yes,Yes,4.1,2026-08-03,58.45
VL2261,Mac Miller,GO:OD AM,Hip-Hop,2015,Near Mint,Japan,195.7,11057.0,No,No,4.2,2024-09-29,43.94
VL2262,Radiohead,The King of Limbs,Alternative,2011,Very Good Plus,Netherlands,170.2,4827.0,No,No,4.5,2024-09-27,119.62
VL2263,Pink Floyd,The Piper at the Gates of Dawn,Rock,1967,Very Good,US,202.8,30986.0,,Yes,4.3,2026-01-21,36.03
VL2264,Erykah Badu,Worldwide Underground,R&B,2003,Near Mint,UK,177.3,16581.0,No,No,4.1,2024-04-30,44.54
VL2265,Simon & Garfunkel,Bridge over Troubled Water,Folk,1970,Good,UK,173.7,,No,No,4.5,2025-03-15,19.61
VL2266,Oasis,Standing on the Shoulder of Giants,Rock,2000,Very Good,Netherlands,,,No,Yes,4.3,2026-02-16,80.78
VL2267,John Coltrane,My Favorite Things,Jazz,1961,Mint,Japan,203.9,20748.0,No,,4.8,2024-04-19,113.56
VL2268,Kendrick Lamar,DAMN.,Hip-Hop,2017,Very Good Plus,US,209.1,14220.0,Yes,No,4.3,2025-06-14,
VL2269,The Smiths,Meat Is Murder,Alternative,1985,Very Good Plus,US,,28416.0,No,No,4.7,2024-11-28,
VL2270,Aphex Twin,Selected Ambient Works 85–92,Electronic,1992,Very Good,France,142.6,12656.0,No,Yes,4.9,2024-08-17,69.61
VL2271,The Beatles,The Beatles,Rock,1968,Very Good Plus,Netherlands,147.0,5376.0,No,Yes,4.8,2025-04-15,32.31
VL2272,Erykah Badu,New Amerykah Part One,R&B,2008,Very Good,France,159.5,6368.0,No,Yes,4.2,2024-07-30,54.06
VL2273,David Bowie,Diamond Dogs,Rock,1974,Mint,UK,164.8,7987.0,No,Yes,4.6,2024-02-16,65.33
VL2274,Bob Marley & The Wailers,Catch a Fire,Reggae,1973,Mint,,189.8,31035.0,Yes,Yes,3.7,2026-04-10,142.44
VL2275,The Smiths,The Smiths,Alternative,1984,Near Mint,Japan,190.0,10896.0,No,Yes,,2026-03-06,42.21
VL2276,The Strokes,Is This It,,2001,Very Good,Canada,199.9,16352.0,No,Yes,4.5,2024-06-08,71.83
VL2277,Bob Marley & The Wailers,Uprising,Reggae,1980,Very Good Plus,UK,189.4,,Yes,Yes,4.4,2025-02-01,116.47
VL2278,Whitney Houston,I'm Your Baby Tonight,Pop,1990,Very Good Plus,UK,,60000.0,No,Yes,4.9,2026-03-10,45.52
VL2279,Taylor Swift,Fearless,Pop,2008,Very Good,UK,185.7,35737.0,Yes,,3.7,2024-04-05,45.36
VL2280,Jay-Z,The Blueprint,Hip-Hop,2001,Good,US,,19403.0,No,Yes,5.0,2024-02-05,22.28
VL2281,Björk,Vespertine,Electronic,2001,Very Good Plus,UK,192.3,11744.0,Yes,No,4.2,2024-01-22,85.88
VL2282,MF DOOM,MM..FOOD,Hip-Hop,2004,Near Mint,US,169.7,8316.0,Yes,Yes,4.3,2026-06-03,142.29
VL2283,Lady Gaga,Chromatica,Pop,2020,Mint,Canada,164.9,9048.0,No,Yes,4.2,2024-02-07,80.0
VL2284,Lana Del Rey,Ultraviolence,Pop,2014,Very Good Plus,UK,185.8,,No,,4.1,2024-09-10,44.67
VL2285,The Weeknd,Starboy,R&B,2016,Good,Japan,190.7,12375.0,No,Yes,3.9,2025-03-30,34.45
VL2286,The Cure,Disintegration,Alternative,1989,Good,Germany,162.0,,Yes,Yes,,2025-12-04,62.73
VL2287,Kid Cudi,Man on the Moon II,Hip-Hop,2010,Near Mint,Netherlands,149.3,16184.0,Yes,Yes,,,142.9
VL2288,"Tyler, The Creator",Flower Boy,Hip-Hop,2017,Very Good Plus,Germany,170.5,5921.0,No,Yes,3.6,2026-03-15,159.74
VL2289,Miles Davis,Kind of Blue,Jazz,1959,Near Mint,US,180.4,6370.0,No,Yes,4.7,2024-02-29,130.37
VL2290,Gorillaz,Plastic Beach,Alternative,2010,Good,US,177.5,5040.0,No,Yes,4.2,2026-01-07,24.4
VL2291,Daft Punk,Human After All,Electronic,2005,Near Mint,US,168.3,28353.0,No,Yes,5.0,2024-01-10,54.65
VL2292,Elton John,Madman Across the Water,Rock,1971,Very Good Plus,US,158.6,33955.0,No,Yes,4.1,2025-11-27,42.84
VL2293,Whitney Houston,Whitney,Pop,1987,Very Good,UK,190.5,10011.0,No,No,4.1,2026-02-12,45.7
VL2294,Elton John,Madman Across the Water,Rock,1971,Very Good,UK,179.0,3658.0,,Yes,4.9,2024-11-10,65.6
VL2295,The Strokes,Room on Fire,Rock,2003,Very Good,Australia,167.1,12902.0,No,Yes,,2025-05-27,20.03
VL2296,Lana Del Rey,Norman Fucking Rockwell!,Pop,2019,Very Good Plus,US,166.3,7492.0,No,Yes,4.1,2026-04-25,
VL2297,Björk,Debut,Electronic,1993,Very Good Plus,UK,199.9,7531.0,,Yes,4.9,2024-03-30,38.09
VL2298,Miles Davis,Kind of Blue,Jazz,1959,Very Good,US,171.3,5110.0,Yes,Yes,4.2,2024-11-01,39.11
VL2299,Pink Floyd,Meddle,Rock,1971,Near Mint,Germany,192.3,6553.0,Yes,Yes,4.6,2025-08-12,69.67
VL2300,David Bowie,Station to Station,,1976,Very Good,,,18425.0,Yes,Yes,5.0,2024-03-06,42.37
VL2301,Pink Floyd,The Dark Side of the Moon,Rock,1973,Near Mint,UK,175.6,7026.0,No,Yes,4.9,2026-02-02,57.55
VL2302,Lauryn Hill,The Miseducation of Lauryn Hill,R&B,1998,Very Good,UK,146.9,19833.0,Yes,No,4.8,2025-03-28,15.23
VL2303,The Smiths,The Queen Is Dead,Alternative,1986,Very Good,UK,186.2,3393.0,No,No,4.2,2026-01-02,
VL2304,Adele,30,Pop,2021,Very Good,US,178.8,34538.0,No,Yes,5.0,2025-07-25,42.85
VL2305,Pink Floyd,More,Rock,1969,Near Mint,Australia,166.3,20023.0,No,Yes,4.4,2024-09-17,30.65
VL2306,Taylor Swift,Midnights,Pop,2022,Good,US,175.0,,,No,4.5,2025-06-18,31.57
VL2307,Depeche Mode,Violator,Electronic,1990,Very Good,Australia,171.4,5445.0,No,Yes,3.9,2025-04-21,35.98
VL2308,Lady Gaga,Born This Way,Pop,2011,Very Good Plus,Germany,202.3,10965.0,No,Yes,3.9,2026-07-07,75.96
VL2309,The Cure,Disintegration,Alternative,1989,Very Good Plus,Japan,184.3,6714.0,Yes,Yes,5.0,2025-01-28,46.88
VL2310,Led Zeppelin,Led Zeppelin III,Rock,1970,Very Good,Italy,190.6,8060.0,,No,4.2,2026-05-27,30.93
VL2311,Elton John,Tumbleweed Connection,Rock,1970,Very Good Plus,Netherlands,174.4,10945.0,No,No,4.6,2026-07-27,47.31
VL2312,Depeche Mode,Speak & Spell,Electronic,1981,Very Good,UK,167.2,21236.0,No,No,4.7,2024-06-29,12.8
VL2313,Fleetwood Mac,Fleetwood Mac,Rock,1975,Near Mint,France,188.0,4855.0,No,Yes,4.5,2026-01-19,102.16
VL2314,Queen,Sheer Heart Attack,Rock,1974,Near Mint,Italy,168.6,10321.0,,Yes,4.5,2025-11-04,61.39
VL2315,John Coltrane,My Favorite Things,Jazz,1961,Near Mint,UK,,2769.0,No,Yes,4.6,2026-02-09,96.5
VL2316,Nirvana,Nevermind,Rock,1991,Near Mint,UK,199.3,48766.0,Yes,Yes,4.2,2025-05-25,75.47
VL2317,Stevie Wonder,Innervisions,Soul,1973,Near Mint,Germany,185.1,13103.0,,Yes,4.5,2025-04-18,38.19
VL2318,Nina Simone,Pastel Blues,Jazz,1965,Very Good Plus,UK,182.8,4678.0,No,No,4.5,2025-10-03,61.75
VL2319,Queen,The Game,Rock,1980,Very Good,Australia,180.4,6302.0,No,Yes,4.7,2024-07-28,
VL2320,David Bowie,The Rise and Fall of Ziggy Stardust and the Spiders from Mars,Rock,1972,,Netherlands,185.6,22565.0,Yes,Yes,5.0,2024-08-15,99.46
VL2321,Marvin Gaye,I Want You,Soul,1976,Mint,France,206.8,60000.0,No,Yes,4.8,2026-06-23,39.06
VL2322,J Dilla,Donuts,Hip-Hop,2006,Good,US,166.7,27500.0,No,Yes,5.0,2025-07-28,11.87
VL2323,Pearl Jam,Vs.,Rock,1993,Very Good,Japan,201.6,11281.0,Yes,Yes,,,76.04
VL2324,Bob Marley & The Wailers,Burnin',Reggae,1973,Good,France,,8133.0,No,Yes,4.1,2024-07-20,18.43
VL2325,Björk,Vespertine,Electronic,2001,Very Good Plus,US,194.1,5436.0,No,Yes,4.2,2024-01-14,45.83
VL2326,Pink Floyd,Animals,Rock,1977,Very Good Plus,Japan,201.4,14715.0,No,Yes,5.0,2025-11-26,55.48
VL2327,The Strokes,First Impressions of Earth,Rock,2005,Near Mint,US,169.3,10264.0,Yes,Yes,4.9,2024-09-22,34.86
VL2328,Stevie Wonder,Songs in the Key of Life,Soul,1976,Very Good,Japan,201.3,3894.0,No,Yes,4.1,2026-01-04,45.56
VL2329,Led Zeppelin,Led Zeppelin IV,Rock,1971,Good,Germany,166.3,30922.0,No,No,,2024-04-08,43.81
VL2330,Arctic Monkeys,"Whatever People Say I Am, That's What I'm Not",Rock,2006,Very Good,UK,163.6,18951.0,No,Yes,4.6,2025-02-07,17.69
VL2331,Bob Marley & The Wailers,Exodus,Reggae,1977,Very Good Plus,Italy,220.0,16749.0,No,Yes,4.3,2025-08-11,69.28
VL2332,David Bowie,Low,Rock,1977,Near Mint,UK,172.3,60000.0,Yes,Yes,4.4,2025-03-22,92.54
VL2333,MF DOOM,Operation: Doomsday,Hip-Hop,1999,,Netherlands,180.5,60000.0,No,,,2025-02-03,55.04
VL2334,SZA,Ctrl,R&B,2017,Very Good Plus,Netherlands,187.0,4225.0,No,Yes,4.6,2024-06-10,23.32
VL2335,Bob Marley & The Wailers,Kaya,Reggae,1978,Very Good Plus,US,183.4,55656.0,Yes,Yes,4.3,2024-08-12,139.76
VL2336,Whitney Houston,Whitney,Pop,1987,Near Mint,Netherlands,173.5,43286.0,No,Yes,4.7,2024-04-01,42.04
VL2337,The Rolling Stones,Exile on Main St.,Rock,1972,Very Good Plus,US,181.0,10818.0,No,Yes,4.5,2024-10-20,
VL2338,Simon & Garfunkel,Bookends,Folk,1968,Very Good Plus,US,173.5,9349.0,No,,4.5,2024-12-18,116.8
VL2339,Outkast,Aquemini,Hip-Hop,1998,Good,US,163.4,18927.0,No,Yes,4.3,2025-04-26,41.85
VL2340,The Weeknd,Beauty Behind the Madness,R&B,2015,Very Good,Germany,168.5,6873.0,No,Yes,4.5,2024-04-06,47.15
VL2341,Whitney Houston,Whitney Houston,Pop,1985,Mint,UK,167.4,52260.0,No,Yes,4.5,2024-02-01,50.98
VL2342,Portishead,Dummy,Electronic,1994,Near Mint,Italy,160.3,10478.0,Yes,Yes,4.9,2024-08-15,77.71
VL2343,Lady Gaga,Chromatica,Pop,2020,Near Mint,Germany,177.6,14040.0,No,Yes,4.8,2025-01-01,119.15
VL2344,Lana Del Rey,Ultraviolence,Pop,2014,Near Mint,UK,203.6,50319.0,No,Yes,4.8,2024-12-01,81.85
VL2345,The Beatles,With the Beatles,Rock,1963,Near Mint,UK,148.0,11145.0,No,Yes,4.0,2025-07-08,29.41
VL2346,Kendrick Lamar,DAMN.,Hip-Hop,2017,Good,US,194.6,12868.0,No,No,4.1,2024-12-12,14.08
VL2347,Dolly Parton,Jolene,Country,1974,Good,US,181.2,13535.0,No,No,4.1,2026-06-09,21.26
VL2348,Bob Marley & The Wailers,Kaya,Reggae,1978,Near Mint,US,180.7,17614.0,No,Yes,4.6,2025-02-12,66.97
VL2349,The Strokes,Is This It,Rock,2001,Near Mint,,166.0,13540.0,No,Yes,4.4,2026-01-21,42.78
VL2350,Radiohead,The Bends,Alternative,1995,Very Good Plus,US,195.2,7095.0,No,Yes,3.8,2024-07-09,82.78
VL2351,Massive Attack,Blue Lines,Electronic,1991,,Netherlands,187.4,10426.0,No,Yes,4.2,2026-06-10,101.91
VL2352,Frank Ocean,Channel Orange,R&B,2012,Very Good Plus,US,,12588.0,No,Yes,4.5,2024-10-27,
VL2353,John Coltrane,Giant Steps,Jazz,1960,Very Good,Germany,171.0,48546.0,No,Yes,4.6,2026-07-15,
VL2354,Nas,It Was Written,Hip-Hop,1996,Very Good Plus,UK,190.2,15374.0,Yes,Yes,,2024-08-16,71.0
VL2355,Prince,Lovesexy,Pop,1988,Very Good Plus,France,193.2,16525.0,No,No,4.5,2025-11-04,64.56
VL2356,The Weeknd,Starboy,R&B,2016,Very Good,Netherlands,163.0,6684.0,Yes,Yes,4.5,2024-07-21,97.92
VL2357,MF DOOM,MM..FOOD,Hip-Hop,2004,Good,US,171.3,25690.0,No,Yes,4.4,2024-09-26,26.01
VL2358,Lana Del Rey,Born to Die,Pop,2012,Near Mint,UK,178.4,9971.0,No,Yes,4.6,2024-05-25,130.61
VL2359,Bob Marley & The Wailers,Rastaman Vibration,Reggae,1976,Good,UK,181.7,7261.0,No,,4.7,2025-10-08,70.26
VL2360,Nas,Illmatic,Hip-Hop,1994,Very Good,US,186.6,7925.0,,Yes,,2024-05-27,36.9
VL2361,The Beatles,Please Please Me,Rock,1963,Very Good,France,183.6,4971.0,Yes,Yes,4.6,2025-03-17,50.23
VL2362,Whitney Houston,Whitney Houston,Pop,1985,Good,Germany,196.0,13311.0,No,No,4.7,2026-07-15,14.84
VL2363,Queen,Queen,Rock,1973,Mint,UK,183.9,6090.0,No,No,4.3,2024-11-03,123.59
VL2364,Bob Dylan,Blood on the Tracks,Rock,1975,Very Good,US,201.5,14909.0,No,Yes,,2025-01-20,20.27
VL2365,The Weeknd,Trilogy,R&B,2012,Very Good Plus,UK,181.3,60000.0,No,Yes,3.9,2025-12-03,68.95
VL2366,Rihanna,Good Girl Gone Bad,Pop,2007,,UK,154.3,18964.0,Yes,,,2024-09-01,68.93
VL2367,The Rolling Stones,Aftermath,Rock,1966,Mint,US,167.9,9932.0,,,4.0,2026-04-18,70.53
VL2368,Michael Jackson,Dangerous,Pop,1991,Very Good,Canada,196.8,30682.0,Yes,Yes,4.5,2025-09-22,112.62
VL2369,Bob Dylan,The Freewheelin' Bob Dylan,Folk,1963,Very Good Plus,Germany,189.3,,Yes,Yes,4.0,2024-10-07,131.54
VL2370,,Dummy,Electronic,1994,Near Mint,France,152.1,3879.0,No,Yes,4.6,2025-09-29,87.84
VL2371,Pink Floyd,Ummagumma,Rock,1969,Very Good,US,169.6,14084.0,No,Yes,4.4,2024-01-02,84.23
VL2372,Jimi Hendrix,Are You Experienced,Rock,1967,Very Good,Japan,182.7,23487.0,No,Yes,,2025-01-07,26.41
VL2373,A Tribe Called Quest,The Low End Theory,Hip-Hop,1991,Very Good Plus,US,155.3,30857.0,No,No,4.7,2025-09-26,27.15
VL2374,Fleetwood Mac,Fleetwood Mac,Rock,1975,Very Good,Netherlands,202.5,26136.0,No,Yes,4.4,2026-08-03,44.26
VL2375,The Doors,Strange Days,Rock,1967,Very Good Plus,Netherlands,181.2,7295.0,Yes,,4.9,2024-10-12,43.54
VL2376,Bruno Mars,24K Magic,Pop,2016,Very Good Plus,France,177.5,20689.0,No,No,4.2,2026-07-21,27.94
VL2377,Bob Marley & The Wailers,Uprising,,1980,Very Good,UK,191.6,24471.0,No,Yes,4.0,2025-07-02,54.56
VL2378,Johnny Cash,At Folsom Prison,Country,1968,Very Good Plus,UK,181.0,21499.0,,Yes,4.5,2025-08-07,32.18
VL2379,Queen,Jazz,Rock,1978,Near Mint,France,173.2,25654.0,No,Yes,4.7,2025-05-04,70.99
VL2380,Dr. Dre,2001,Hip-Hop,1999,Near Mint,Italy,188.6,30440.0,No,Yes,4.1,2024-01-07,68.27
VL2381,Prince,Sign o' the Times,Pop,1987,Very Good,US,181.1,15780.0,No,No,3.9,2025-01-31,45.48
VL2382,Prince,Purple Rain,Pop,1984,Very Good Plus,US,192.3,53018.0,Yes,No,4.1,2024-04-28,79.7
VL2383,Queen,Queen,Rock,1973,Very Good,Japan,177.5,16021.0,,Yes,4.2,2025-12-04,104.86
VL2384,Pink Floyd,The Piper at the Gates of Dawn,Rock,1967,Very Good Plus,Japan,188.4,,No,Yes,4.6,,45.26
VL2385,Taylor Swift,reputation,Pop,2017,Near Mint,Germany,176.9,16473.0,No,,4.9,2024-01-06,
VL2386,Tame Impala,Lonerism,Rock,2012,Very Good Plus,Italy,179.4,44235.0,No,Yes,4.8,2024-08-08,38.07
VL2387,Red Hot Chili Peppers,Blood Sugar Sex Magik,Rock,1991,Mint,UK,184.7,10698.0,No,Yes,4.8,,75.45
VL2388,The Smiths,The Queen Is Dead,Alternative,1986,Very Good Plus,France,201.3,35507.0,No,No,4.5,2025-12-09,26.33
VL2389,Frank Ocean,Channel Orange,,2012,Very Good Plus,Italy,181.8,10113.0,No,Yes,5.0,2024-01-23,45.36
VL2390,Aaliyah,Age Ain't Nothing but a Number,R&B,1994,Very Good Plus,US,220.0,3952.0,,,4.0,2025-06-25,87.6
VL2391,Amy Winehouse,Frank,Soul,2003,,Germany,202.4,17404.0,No,Yes,4.5,2026-05-18,61.34
VL2392,Amy Winehouse,Frank,Soul,2003,Very Good,Japan,215.4,20316.0,No,Yes,4.5,2025-04-09,14.38
VL2393,Radiohead,Hail to the Thief,Alternative,2003,Near Mint,US,182.4,24710.0,No,No,4.5,2024-12-05,52.68
VL2394,2Pac,Me Against the World,Hip-Hop,1995,Very Good,Australia,171.5,11635.0,No,No,5.0,2025-08-13,54.44
VL2395,Nina Simone,Pastel Blues,Jazz,1965,,Japan,175.7,27423.0,Yes,Yes,5.0,2025-12-15,81.94
VL2396,The Rolling Stones,Some Girls,Rock,1978,Near Mint,US,169.3,15151.0,No,Yes,4.3,2026-05-07,67.07
VL2397,Depeche Mode,Speak & Spell,Electronic,1981,Near Mint,UK,,23001.0,Yes,Yes,4.2,2025-05-15,29.28
VL2398,Pearl Jam,Ten,Rock,1991,Very Good Plus,Japan,167.5,6494.0,No,Yes,4.4,2026-01-06,34.47
VL2399,Depeche Mode,Speak & Spell,Electronic,1981,Very Good Plus,US,206.0,17001.0,Yes,Yes,4.8,2025-02-11,65.17
VL2400,Stevie Wonder,Talking Book,Soul,1972,Very Good,UK,172.0,16703.0,No,Yes,4.0,2026-03-27,
VL2401,Radiohead,Kid A,Alternative,2000,,US,175.4,5540.0,No,Yes,4.4,2024-08-25,120.72
VL2402,Nirvana,Nevermind,Rock,1991,Very Good Plus,Germany,152.0,8028.0,No,Yes,4.4,2024-10-15,78.74
VL2403,Michael Jackson,Off the Wall,Pop,1979,Very Good Plus,,160.3,16211.0,No,Yes,4.6,2025-03-23,
VL2404,Jay-Z,The Blueprint,Hip-Hop,2001,Very Good Plus,UK,150.4,32684.0,Yes,Yes,,2024-04-28,137.44
VL2405,Pink Floyd,More,Rock,1969,Very Good Plus,Netherlands,208.6,9807.0,No,Yes,4.6,2024-05-27,26.73
VL2406,Arctic Monkeys,Favourite Worst Nightmare,,2007,Very Good,US,159.6,,No,No,4.0,2024-11-21,40.46
VL2407,Red Hot Chili Peppers,By the Way,Rock,2002,Very Good,UK,180.7,6018.0,Yes,Yes,4.5,2025-12-03,65.56
VL2408,Simon & Garfunkel,Bookends,Folk,1968,Good,Germany,,4656.0,No,No,,2026-03-11,106.77
VL2409,Stevie Wonder,Songs in the Key of Life,Soul,1976,Very Good,Netherlands,195.2,11963.0,No,Yes,4.3,2025-09-25,
VL2410,Pink Floyd,Atom Heart Mother,Rock,1970,Very Good Plus,Japan,173.1,20669.0,No,Yes,4.5,2026-07-05,26.16
VL2411,Marvin Gaye,I Want You,Soul,1976,Very Good Plus,Netherlands,165.5,60000.0,No,No,4.3,,15.58
VL2412,Daft Punk,Discovery,Electronic,2001,Very Good Plus,Japan,151.3,8438.0,No,Yes,4.6,2024-12-15,34.94
VL2413,Michael Jackson,Bad,Pop,1987,Very Good Plus,Italy,163.7,21348.0,Yes,Yes,4.1,2026-05-08,37.58
VL2414,The Smiths,The Queen Is Dead,Alternative,1986,Near Mint,US,165.6,25304.0,No,Yes,4.6,2026-06-21,39.26
VL2415,Jimi Hendrix,Axis: Bold as Love,Rock,1967,Mint,France,197.3,7897.0,No,Yes,,2025-07-19,45.99
VL2416,The Smiths,The Queen Is Dead,Alternative,1986,Very Good,Australia,200.0,58774.0,Yes,Yes,5.0,,36.83
VL2417,Massive Attack,Blue Lines,Electronic,1991,Very Good Plus,Netherlands,175.7,22885.0,No,Yes,4.3,2026-03-19,26.03
VL2418,The Beatles,Help!,Rock,1965,Very Good Plus,Germany,189.9,27727.0,No,Yes,4.9,2025-05-11,37.68
VL2419,Lana Del Rey,Born to Die,Pop,2012,Very Good Plus,Germany,193.9,9391.0,No,Yes,3.9,2025-05-21,34.48
VL2420,Dr. Dre,2001,Hip-Hop,1999,Very Good Plus,US,195.9,,No,Yes,5.0,2025-04-21,46.52
VL2421,Lana Del Rey,Honeymoon,Pop,2015,Near Mint,Germany,184.8,10108.0,Yes,Yes,,2024-03-01,44.24
VL2422,Prince,,Pop,1984,Very Good,US,205.1,14867.0,No,,4.2,2026-04-04,44.34
VL2423,Fleetwood Mac,Fleetwood Mac,Rock,1975,Mint,Netherlands,172.3,4633.0,,Yes,4.6,2024-05-18,96.61
VL2424,Beyoncé,B'Day,R&B,2006,Very Good Plus,France,214.2,9405.0,No,Yes,4.7,,
VL2425,Johnny Cash,Johnny Cash at San Quentin,Country,1969,Near Mint,US,186.0,23599.0,No,Yes,4.3,,
VL2426,Kendrick Lamar,Mr. Morale & the Big Steppers,Hip-Hop,2022,Very Good Plus,US,200.5,5085.0,No,Yes,4.6,2026-06-28,42.08
VL2427,The Beach Boys,Sunflower,Rock,1970,Very Good Plus,US,180.9,5681.0,Yes,Yes,4.6,2025-06-20,
VL2428,Rihanna,Good Girl Gone Bad,Pop,2007,Good,US,154.4,3424.0,No,No,5.0,2025-05-26,11.62
VL2429,MF DOOM,Operation: Doomsday,Hip-Hop,1999,Very Good Plus,Canada,174.6,21675.0,No,Yes,4.5,2024-05-10,
VL2430,Kendrick Lamar,To Pimp a Butterfly,,2015,Very Good Plus,Germany,165.6,2835.0,Yes,Yes,3.9,2024-05-02,89.97
VL2431,Red Hot Chili Peppers,Californication,Rock,1999,Very Good,,178.4,19994.0,No,No,4.7,2024-07-26,83.46
VL2432,Lady Gaga,Born This Way,Pop,2011,Near Mint,Canada,153.4,,No,Yes,4.4,2024-06-24,217.04
VL2433,Nas,Illmatic,Hip-Hop,1994,Near Mint,,163.8,18533.0,No,Yes,4.9,2025-11-23,57.54
VL2434,Daft Punk,Homework,Electronic,1997,Near Mint,US,189.9,13681.0,No,Yes,,2026-02-20,76.03
VL2435,Radiohead,Hail to the Thief,Alternative,2003,Very Good,US,175.9,13816.0,No,Yes,,2025-10-15,77.15
VL2436,Björk,Homogenic,Electronic,1997,Good,US,145.6,3198.0,No,No,4.9,2024-03-17,25.29
VL2437,J Dilla,Donuts,Hip-Hop,2006,Very Good Plus,US,213.0,,No,Yes,4.7,2024-04-30,52.3
VL2438,A Tribe Called Quest,The Low End Theory,Hip-Hop,1991,Very Good Plus,US,153.5,13671.0,No,Yes,4.7,2025-05-05,98.68
VL2439,Stevie Wonder,Fulfillingness' First Finale,Soul,1974,Near Mint,Japan,165.9,28082.0,Yes,Yes,4.6,2024-11-09,136.97
VL2440,Marvin Gaye,What's Going On,Soul,1971,Very Good,Japan,191.5,12276.0,No,No,3.9,2024-03-01,46.48
VL2441,The Beatles,Sgt. Pepper's Lonely Hearts Club Band,Rock,1967,Very Good Plus,Germany,202.3,49837.0,No,Yes,4.4,2025-05-11,
VL2442,Billie Eilish,Happier Than Ever,Pop,2021,Very Good,US,189.1,6853.0,No,No,4.4,2024-06-17,51.87
VL2443,Johnny Cash,At Folsom Prison,Country,1968,Very Good,US,177.9,41012.0,No,Yes,4.4,2024-05-21,29.38
VL2444,The Doors,Strange Days,Rock,1967,Very Good Plus,Canada,201.1,25894.0,No,Yes,4.0,2024-01-21,70.38
VL2445,Wu-Tang Clan,Enter the Wu-Tang (36 Chambers),Hip-Hop,1993,Very Good Plus,Netherlands,174.0,9081.0,Yes,No,4.7,2025-12-11,46.56
VL2446,Stevie Wonder,Songs in the Key of Life,Soul,1976,Near Mint,US,159.8,5322.0,No,Yes,,2025-01-29,105.12
VL2447,Prince,Sign o' the Times,Pop,1987,Very Good,US,183.9,19201.0,No,No,4.7,2024-05-19,
VL2448,Prince,Purple Rain,Pop,1984,Very Good,Germany,186.4,14090.0,Yes,Yes,4.3,2024-01-04,36.73
VL2449,Marvin Gaye,What's Going On,Soul,1971,Very Good Plus,US,200.2,10658.0,No,,4.0,2025-02-18,56.48
VL2450,Radiohead,The Bends,Alternative,1995,Near Mint,Canada,202.4,10818.0,No,Yes,4.8,2025-06-23,46.75
VL2451,Madonna,Ray of Light,Pop,1998,Mint,,166.8,21173.0,No,Yes,4.9,2024-02-03,
VL2452,Bob Dylan,,Rock,1966,Very Good Plus,US,178.9,3156.0,No,No,4.5,2025-09-05,
VL2453,The Rolling Stones,Beggars Banquet,Rock,1968,Very Good,Germany,186.6,5667.0,No,Yes,4.6,2024-06-18,57.98
VL2454,Aaliyah,One in a Million,R&B,1996,Very Good Plus,Germany,212.9,16096.0,No,Yes,5.0,2024-07-17,81.05
VL2455,Björk,Post,Electronic,1995,Near Mint,Japan,161.2,13511.0,No,Yes,4.6,2024-11-04,47.95
VL2456,Mac Miller,Watching Movies with the Sound Off,Hip-Hop,2013,Very Good Plus,US,,31020.0,No,No,4.4,2024-01-13,50.3
VL2457,The Beatles,With the Beatles,Rock,1963,Very Good Plus,Canada,176.8,8672.0,No,,4.6,2024-04-24,124.97
VL2458,Lana Del Rey,Norman Fucking Rockwell!,Pop,2019,Near Mint,US,199.2,26419.0,No,,4.5,2026-06-18,65.28
VL2459,Björk,Vespertine,Electronic,2001,Very Good,US,178.3,5629.0,No,Yes,4.9,2024-03-09,50.91
VL2460,Rihanna,Loud,Pop,2010,Very Good,Netherlands,,9562.0,Yes,No,4.6,2026-04-20,93.93
VL2461,Taylor Swift,Red,Pop,2012,Very Good,Canada,174.8,7031.0,No,Yes,4.4,2026-07-19,35.5
VL2462,Radiohead,Hail to the Thief,Alternative,2003,Very Good Plus,,148.2,19383.0,,Yes,4.3,2025-02-09,36.51
VL2463,David Bowie,Heroes,Rock,1977,Very Good Plus,France,190.7,16412.0,No,Yes,5.0,2026-04-21,33.5
VL2464,Lana Del Rey,Born to Die,Pop,2012,Near Mint,US,196.4,3602.0,No,Yes,4.8,2024-01-03,86.56
VL2465,Marvin Gaye,I Want You,Soul,1976,Very Good,Netherlands,184.7,36794.0,No,,4.9,2026-07-01,32.21
VL2466,Kid Cudi,Man on the Moon II,Hip-Hop,2010,Near Mint,Japan,172.3,8370.0,No,Yes,4.7,2024-10-08,64.45
VL2467,Nina Simone,Pastel Blues,Jazz,1965,Very Good Plus,Germany,154.9,20380.0,No,Yes,4.0,2024-01-20,62.51
VL2468,Michael Jackson,Dangerous,Pop,1991,Near Mint,UK,185.5,19204.0,No,Yes,4.3,2024-03-10,28.73
VL2469,The Rolling Stones,Let It Bleed,Rock,1969,Very Good Plus,UK,192.2,8218.0,No,,4.6,2024-01-26,33.89
VL2470,Bob Marley & The Wailers,Natty Dread,Reggae,1974,Very Good,US,188.2,6516.0,No,Yes,4.4,2024-01-04,
VL2471,The Cure,Faith,Alternative,1981,Very Good,US,182.1,42121.0,No,Yes,3.9,2024-12-26,61.34
VL2472,Kendrick Lamar,Mr. Morale & the Big Steppers,Hip-Hop,2022,Very Good,US,179.5,3594.0,Yes,No,3.7,2024-05-20,47.16
VL2473,Bob Marley & The Wailers,Burnin',Reggae,1973,Very Good,UK,,7774.0,No,No,4.4,2025-03-14,55.38
VL2474,The Cure,Seventeen Seconds,Alternative,1980,Near Mint,Italy,153.7,11571.0,No,Yes,4.2,2024-01-12,122.29
VL2475,The Beach Boys,Pet Sounds,Rock,1966,Near Mint,UK,171.3,5872.0,Yes,Yes,3.7,2024-11-23,102.04
VL2476,The Cure,Pornography,Alternative,1982,Very Good,US,176.3,11303.0,No,Yes,5.0,2024-02-03,43.35
VL2477,Dr. Dre,2001,Hip-Hop,1999,Very Good Plus,Japan,168.1,15088.0,No,Yes,4.7,2024-11-23,31.86
VL2478,The Beatles,Help!,Rock,1965,Very Good,Germany,186.0,47321.0,No,No,4.5,2025-02-25,40.37
VL2479,Erykah Badu,New Amerykah Part One,R&B,2008,Near Mint,UK,174.2,20751.0,Yes,Yes,4.0,2025-10-31,38.78
VL2480,Michael Jackson,Dangerous,Pop,1991,Near Mint,,178.4,,No,,4.6,2025-03-03,
VL2481,Bruno Mars,24K Magic,Pop,2016,Very Good Plus,UK,187.6,22217.0,No,Yes,4.6,2026-02-28,30.12
VL2482,The Smiths,Meat Is Murder,Alternative,1985,Very Good Plus,Japan,170.0,20412.0,No,No,4.8,2024-06-01,23.43
VL2483,The Notorious B.I.G.,Ready to Die,Hip-Hop,1994,Good,US,169.7,9824.0,No,,4.7,2025-07-30,50.43
VL2484,Mac Miller,Blue Slide Park,Hip-Hop,2011,Very Good Plus,Netherlands,162.8,43573.0,No,Yes,4.2,2025-01-16,62.47
VL2485,Kate Bush,The Sensual World,Pop,1989,Very Good Plus,Germany,173.6,13668.0,No,Yes,4.6,2025-07-02,44.76
VL2486,The Beatles,,Rock,1965,Very Good Plus,US,186.9,10150.0,No,Yes,4.9,2025-07-22,18.08
VL2487,Kanye West,The College Dropout,Hip-Hop,2004,Near Mint,Canada,175.1,28802.0,No,,5.0,2024-06-10,27.26
VL2488,The Doors,Strange Days,Rock,1967,Good,Australia,145.9,4318.0,Yes,No,5.0,2026-01-27,53.17
VL2489,Lauryn Hill,The Miseducation of Lauryn Hill,R&B,1998,Very Good Plus,UK,187.2,21758.0,Yes,No,5.0,2024-03-29,42.32
VL2490,The Smiths,The Queen Is Dead,Alternative,1986,Good,Japan,154.9,3999.0,No,No,4.8,2025-09-19,62.82
VL2491,The Beatles,Sgt. Pepper's Lonely Hearts Club Band,Rock,1967,Near Mint,US,201.8,24837.0,No,Yes,4.4,2024-02-07,
VL2492,Beyoncé,4,,2011,Very Good Plus,UK,191.7,15683.0,Yes,No,4.2,2024-06-27,42.15
VL2493,Pearl Jam,Vitalogy,Rock,1994,,Canada,161.6,,Yes,,4.7,2025-06-08,93.45
VL2494,Queen,A Day at the Races,Rock,1976,Near Mint,Japan,172.0,39427.0,No,Yes,4.7,2024-04-15,71.67
VL2495,The Beatles,A Hard Day's Night,Rock,1964,Very Good Plus,Australia,,9323.0,No,Yes,4.6,2024-07-01,41.92
VL2496,Dolly Parton,Coat of Many Colors,Country,1971,Very Good Plus,US,179.7,21961.0,No,Yes,4.2,2025-01-26,58.12
VL2497,"Tyler, The Creator",CALL ME IF YOU GET LOST,Hip-Hop,2021,Near Mint,France,197.8,3099.0,No,Yes,4.1,2025-06-02,64.67
VL2498,Elton John,Elton John,Pop,1970,,Japan,169.8,4752.0,No,Yes,5.0,2025-06-30,
VL2499,Amy Winehouse,Frank,Soul,2003,Near Mint,Japan,,13026.0,No,Yes,4.1,2025-02-20,
VL2500,The Beatles,A Hard Day's Night,Rock,1964,Very Good Plus,UK,180.2,21196.0,Yes,Yes,4.4,2025-03-03,
VL2501,Red Hot Chili Peppers,Stadium Arcadium,Rock,2006,Near Mint,Germany,169.7,50809.0,No,Yes,4.3,2024-03-06,
VL2502,Madonna,Like a Prayer,Pop,1989,Very Good,Netherlands,179.3,2805.0,Yes,Yes,4.7,2025-02-27,71.64
VL2503,Aretha Franklin,Lady Soul,Soul,1968,Very Good Plus,Italy,203.1,14880.0,No,,4.3,2024-09-21,25.37
VL2504,The Rolling Stones,Let It Bleed,Rock,1969,Very Good,France,,1696.0,No,No,5.0,2024-08-20,38.75
VL2505,Massive Attack,Mezzanine,Electronic,1998,Very Good,,174.4,7486.0,No,No,4.4,2026-05-09,
VL2506,Tame Impala,Lonerism,Rock,2012,Near Mint,Germany,161.1,27610.0,No,Yes,4.4,2024-07-04,69.21
VL2507,Led Zeppelin,Houses of the Holy,Rock,1973,Near Mint,France,181.7,13049.0,,Yes,4.3,2024-12-11,169.82
VL2508,Erykah Badu,Worldwide Underground,,2003,Near Mint,Canada,196.3,8583.0,No,Yes,4.0,2024-01-07,
VL2509,David Bowie,The Rise and Fall of Ziggy Stardust and the Spiders from Mars,Rock,1972,Very Good,Canada,173.4,18034.0,No,Yes,4.4,2026-07-07,25.98
VL2510,David Bowie,Lodger,Rock,1979,Very Good Plus,Australia,177.8,11974.0,No,Yes,4.6,2024-04-08,64.77
VL2511,Pearl Jam,Ten,Rock,1991,Very Good Plus,Japan,188.0,11158.0,Yes,Yes,5.0,2026-01-03,141.19
VL2512,The Smiths,"Strangeways, Here We Come",Alternative,1987,,Germany,158.6,,Yes,Yes,4.4,2024-01-22,55.87
VL2513,Queen,The Game,Rock,1980,Mint,Italy,185.3,6245.0,No,Yes,4.0,2024-04-02,179.74
VL2514,Daft Punk,Homework,Electronic,1997,Near Mint,UK,167.9,8896.0,Yes,Yes,5.0,2024-04-26,60.65
VL2515,Simon & Garfunkel,Sounds of Silence,Folk,1966,Good,Germany,169.8,16455.0,No,Yes,4.4,2024-05-11,25.14
VL2516,"Tyler, The Creator",IGOR,Hip-Hop,2019,Very Good Plus,UK,159.7,,No,Yes,4.6,,31.57
VL2517,Elton John,Captain Fantastic and the Brown Dirt Cowboy,Rock,1975,Near Mint,US,167.4,14645.0,No,Yes,4.7,2025-11-11,71.16
VL2518,Stevie Wonder,Songs in the Key of Life,Soul,1976,Very Good,US,168.4,2590.0,No,Yes,4.3,2026-08-06,50.37
VL2519,Led Zeppelin,In Through the Out Door,Rock,1979,Very Good Plus,,166.4,6405.0,Yes,Yes,,2026-04-08,104.3
VL2520,Jay-Z,Reasonable Doubt,Hip-Hop,1996,Very Good,Italy,,18207.0,No,Yes,,2025-10-16,
VL2521,Pink Floyd,Ummagumma,Rock,1969,Very Good,UK,195.3,8379.0,No,Yes,,2026-08-08,26.67
VL2522,Pearl Jam,Vs.,Rock,1993,Near Mint,,173.9,7092.0,No,Yes,4.6,,46.69
VL2523,Red Hot Chili Peppers,Stadium Arcadium,Rock,2006,Very Good Plus,US,161.0,15813.0,No,Yes,4.0,2025-12-01,24.1
VL2524,Nina Simone,Pastel Blues,Jazz,1965,Very Good,Germany,184.8,4550.0,No,Yes,4.8,2025-10-07,47.03
VL2525,Stevie Wonder,Songs in the Key of Life,Soul,1976,Very Good,Netherlands,166.0,13787.0,No,Yes,4.4,2025-09-21,17.69
VL2526,John Coltrane,A Love Supreme,Jazz,1965,Very Good,Netherlands,181.8,10309.0,Yes,,,2024-08-17,139.25
VL2527,Depeche Mode,Violator,,1990,Very Good,UK,149.0,38206.0,No,Yes,5.0,2025-05-18,17.12
VL2528,Jimi Hendrix,Axis: Bold as Love,Rock,1967,Mint,UK,184.2,5146.0,Yes,Yes,4.0,2024-01-26,266.41
VL2529,Oasis,(What's the Story) Morning Glory?,Rock,1995,Good,,,3801.0,No,Yes,4.9,2025-02-04,83.16
VL2530,Outkast,Southernplayalisticadillacmuzik,Hip-Hop,1994,Very Good,France,211.6,12821.0,No,No,4.9,2025-10-26,43.48
VL2531,David Bowie,Heroes,Rock,1977,Very Good Plus,France,156.0,23210.0,No,Yes,4.6,2025-10-20,46.53
VL2532,Outkast,Stankonia,Hip-Hop,2000,Very Good,,169.5,6330.0,Yes,Yes,4.4,2026-07-02,41.58
VL2533,Jimi Hendrix,Axis: Bold as Love,Rock,1967,Very Good,US,172.7,19335.0,No,Yes,4.9,2025-10-13,28.75
VL2534,Rihanna,Loud,Pop,2010,Near Mint,UK,164.4,9500.0,Yes,Yes,3.9,2024-11-29,100.26
VL2535,Mac Miller,Watching Movies with the Sound Off,Hip-Hop,2013,Near Mint,US,197.6,24232.0,No,Yes,3.9,2024-02-07,24.13
VL2536,D'Angelo,Brown Sugar,R&B,1995,Mint,Germany,178.0,8478.0,No,Yes,4.2,2026-07-14,117.44
VL2537,Rihanna,ANTI,Pop,2016,Very Good Plus,Canada,160.7,8275.0,Yes,Yes,4.0,2025-07-24,58.44
VL2538,The Doors,The Soft Parade,Rock,1969,Good,UK,186.8,32997.0,No,Yes,4.5,2024-01-26,20.91
VL2539,Nirvana,In Utero,Rock,1993,Near Mint,US,190.0,17817.0,Yes,Yes,4.4,2024-01-02,42.7
VL2540,,Physical Graffiti,Rock,1975,Very Good Plus,Netherlands,177.4,10725.0,Yes,,4.9,2024-06-14,96.95
VL2541,Daft Punk,Human After All,Electronic,2005,Very Good Plus,Japan,199.2,30375.0,No,Yes,3.9,2024-03-12,25.92
VL2542,Adele,21,Pop,2011,Very Good Plus,US,193.7,14606.0,No,,4.6,2025-05-22,114.04
VL2543,Nina Simone,Little Girl Blue,Jazz,1959,Mint,Australia,202.5,15372.0,No,Yes,4.6,2025-12-07,83.82
VL2544,David Bowie,Aladdin Sane,Rock,1973,Very Good,US,170.8,11080.0,No,No,4.0,2024-01-27,25.35
VL2545,The Weeknd,Beauty Behind the Madness,R&B,2015,Very Good Plus,US,208.8,19119.0,Yes,Yes,4.5,2024-09-06,31.21
VL2546,Queen,Queen II,Rock,1974,Near Mint,US,193.6,26733.0,No,Yes,4.6,2024-09-18,163.65
VL2547,Led Zeppelin,Led Zeppelin,Rock,1969,,UK,151.9,29456.0,No,,,2025-04-21,25.62
VL2548,Gorillaz,Gorillaz,,2001,Near Mint,Netherlands,154.8,8547.0,No,Yes,4.9,2026-06-21,75.84
VL2549,The Beatles,Rubber Soul,Rock,1965,Good,Japan,192.1,27477.0,No,Yes,4.6,2025-09-19,32.11
VL2550,Fleetwood Mac,Rumours,Rock,1977,Mint,Australia,161.4,15572.0,No,Yes,4.4,2024-07-22,78.47
VL2551,The Cure,Faith,Alternative,1981,Near Mint,UK,204.3,28187.0,No,Yes,4.6,2026-01-01,49.89
VL2552,Pink Floyd,More,Rock,1969,Very Good Plus,Germany,192.4,6619.0,No,Yes,4.3,2025-05-24,98.98
VL2553,David Bowie,Aladdin Sane,Rock,1973,Near Mint,,179.9,4995.0,No,Yes,3.7,2024-07-06,54.15
VL2554,Pink Floyd,Ummagumma,Rock,1969,Near Mint,UK,172.9,10723.0,No,Yes,4.6,2025-02-13,
VL2555,The Weeknd,Beauty Behind the Madness,R&B,2015,Very Good Plus,,171.3,11819.0,,No,5.0,2024-06-18,50.04
VL2556,Michael Jackson,Thriller,Pop,1982,Very Good Plus,US,214.8,,No,Yes,5.0,2024-07-13,52.22
VL2557,"Tyler, The Creator",Goblin,Hip-Hop,2011,Very Good Plus,UK,178.4,29200.0,No,,5.0,2025-11-24,57.32
VL2558,Nirvana,Nevermind,Rock,1991,Mint,UK,183.1,16868.0,,Yes,4.5,2024-12-29,70.45
VL2559,Queen,Queen,Rock,1973,Near Mint,US,208.5,,No,Yes,4.2,2025-05-18,44.0
VL2560,The Rolling Stones,Exile on Main St.,Rock,1972,Very Good Plus,Netherlands,190.5,11880.0,Yes,Yes,4.0,2025-08-30,210.3
VL2561,Amy Winehouse,Back to Black,Soul,2006,Near Mint,France,159.0,26839.0,Yes,Yes,4.4,2024-03-23,
VL2562,Kid Cudi,Man on the Moon: The End of Day,Hip-Hop,2009,Very Good,Germany,184.6,23186.0,No,Yes,5.0,2024-12-26,
VL2563,Massive Attack,Protection,Electronic,1994,Very Good,Netherlands,179.3,60000.0,No,Yes,4.9,2024-03-04,28.76
VL2564,The Cure,Three Imaginary Boys,Rock,1979,Very Good,US,180.9,3471.0,Yes,Yes,4.3,2026-01-22,33.89
VL2565,Aphex Twin,Selected Ambient Works 85–92,Electronic,1992,Very Good Plus,Netherlands,203.9,1850.0,No,Yes,4.6,2024-08-09,35.94
VL2566,Radiohead,Amnesiac,Alternative,2001,Near Mint,US,158.9,7900.0,No,Yes,4.6,2025-01-05,51.26
VL2567,Oasis,Definitely Maybe,Rock,1994,Very Good,Japan,185.7,7069.0,No,Yes,4.3,2025-04-09,74.13
VL2568,Depeche Mode,Songs of Faith and Devotion,Electronic,1993,Near Mint,UK,203.1,50424.0,Yes,,4.4,2026-02-24,99.55
VL2569,,My Favorite Things,Jazz,1961,Very Good Plus,Germany,202.4,21447.0,Yes,Yes,4.4,2024-06-13,75.89
VL2570,Rihanna,Loud,Pop,2010,Very Good,US,176.4,5774.0,No,Yes,4.8,2024-12-29,28.51
VL2571,"Tyler, The Creator",Wolf,Hip-Hop,2013,Very Good Plus,UK,179.3,14613.0,No,Yes,4.2,2024-05-03,31.51
VL2572,Bob Marley & The Wailers,Exodus,Reggae,1977,Very Good Plus,US,194.1,11079.0,Yes,Yes,4.1,2024-07-05,87.55
VL2573,The Beatles,Revolver,Rock,1966,Very Good Plus,Germany,183.6,8732.0,Yes,No,3.8,,69.66
VL2574,Elton John,Honky Château,Rock,1972,Very Good Plus,Australia,203.9,14583.0,No,Yes,4.4,2026-05-21,63.05
VL2575,Erykah Badu,New Amerykah Part One,R&B,2008,Very Good Plus,Japan,191.0,24053.0,No,Yes,4.8,2025-03-07,50.73
VL2576,Stevie Wonder,Innervisions,Soul,1973,Very Good,Canada,200.7,19236.0,Yes,Yes,4.6,2026-01-06,43.16
VL2577,Massive Attack,100th Window,Electronic,2003,Very Good Plus,,174.7,32713.0,Yes,Yes,4.6,2024-04-19,164.54
VL2578,,Rubber Soul,Rock,1965,Very Good,UK,189.3,8086.0,No,Yes,4.5,2024-07-10,55.23
VL2579,Queen,News of the World,Rock,1977,Very Good,US,173.5,18633.0,No,Yes,5.0,2024-11-17,22.58
VL2580,The Rolling Stones,Goats Head Soup,Rock,1973,Very Good,US,159.1,11001.0,No,,5.0,2024-02-25,23.2
VL2581,Beyoncé,Lemonade,R&B,2016,,US,199.9,14558.0,No,Yes,4.3,2025-11-17,73.82
VL2582,Aretha Franklin,Spirit in the Dark,Soul,1970,Near Mint,US,168.1,,No,Yes,5.0,2025-12-06,78.37
VL2583,Gorillaz,Demon Days,Alternative,2005,Near Mint,US,190.0,8767.0,Yes,Yes,4.2,2026-06-22,59.83
VL2584,Nirvana,Nevermind,Rock,1991,Very Good,US,171.3,11632.0,No,Yes,4.9,2026-01-25,63.51
VL2585,Led Zeppelin,Led Zeppelin IV,Rock,1971,Very Good,US,176.8,19701.0,No,No,5.0,2024-11-20,
VL2586,Pink Floyd,A Saucerful of Secrets,Rock,1968,Near Mint,,181.1,21393.0,Yes,Yes,3.9,2024-02-04,88.59
VL2587,Pink Floyd,The Piper at the Gates of Dawn,Rock,1967,Very Good Plus,Germany,202.8,26210.0,Yes,,4.1,2025-10-10,102.91
VL2588,2Pac,All Eyez on Me,Hip-Hop,1996,Very Good,UK,188.2,9722.0,No,Yes,4.9,2025-04-07,44.68
VL2589,Kid Cudi,Man on the Moon: The End of Day,Hip-Hop,2009,Very Good Plus,UK,197.8,27389.0,No,Yes,4.2,2024-04-17,23.98
VL2590,Nina Simone,Silk & Soul,Soul,1967,Good,UK,166.0,11890.0,No,Yes,4.3,2025-05-14,22.56
VL2591,Adele,25,Pop,2015,Near Mint,US,183.0,15574.0,No,Yes,4.3,2025-05-05,39.49
VL2592,Billie Eilish,Happier Than Ever,Pop,2021,Very Good Plus,UK,190.7,35554.0,No,Yes,4.2,2025-10-11,31.14
VL2593,Dr. Dre,The Chronic,Hip-Hop,1992,Very Good Plus,US,197.0,6778.0,,Yes,4.6,2025-12-10,
VL2594,Madonna,Like a Virgin,Pop,1984,Very Good Plus,US,143.1,4782.0,No,Yes,4.6,2025-02-09,75.93
VL2595,Mac Miller,Swimming,Hip-Hop,2018,Very Good Plus,Netherlands,173.0,,Yes,Yes,4.2,2024-06-14,63.33
VL2596,The Beatles,Rubber Soul,Rock,1965,Very Good Plus,,186.4,14809.0,No,Yes,3.9,2025-11-27,72.86
VL2597,The Smiths,Meat Is Murder,Alternative,1985,Good,US,198.0,11745.0,No,Yes,4.8,2024-03-13,86.79
VL2598,Nas,It Was Written,Hip-Hop,1996,Mint,UK,161.9,40023.0,No,Yes,4.4,2024-07-11,23.1
VL2599,Bob Dylan,Blonde on Blonde,Rock,1966,Very Good,UK,139.2,6096.0,No,No,4.6,,125.35
VL2600,Lana Del Rey,Norman Fucking Rockwell!,Pop,2019,Very Good Plus,Australia,187.6,26402.0,No,Yes,4.1,2025-10-02,48.08
VL2601,Daft Punk,Human After All,Electronic,2005,Mint,Japan,185.5,6095.0,No,,4.8,2025-12-17,30.64
VL2602,Pink Floyd,The Wall,Rock,1979,Near Mint,Japan,161.6,30043.0,No,Yes,5.0,2024-09-30,44.31
VL2603,Bob Marley & The Wailers,Uprising,Reggae,1980,Very Good Plus,Japan,,23205.0,No,Yes,4.7,2025-03-05,82.54
VL2604,Fleetwood Mac,Tango in the Night,Rock,1987,Very Good Plus,US,169.6,14703.0,No,Yes,4.6,2024-05-27,30.23
VL2605,The Weeknd,Starboy,R&B,2016,Mint,Japan,185.3,2634.0,No,Yes,4.9,2025-05-03,70.67
VL2606,Rihanna,ANTI,Pop,2016,Near Mint,,153.4,38548.0,No,Yes,4.5,2025-02-19,65.42
VL2607,Radiohead,Pablo Honey,Alternative,1993,Very Good Plus,Germany,178.6,5282.0,No,,4.0,2024-11-15,22.48
VL2608,Nina Simone,Silk & Soul,Soul,1967,Near Mint,Germany,167.1,22168.0,No,Yes,4.7,2024-06-04,38.9
VL2609,Nina Simone,Little Girl Blue,Jazz,1959,Near Mint,UK,220.0,24453.0,Yes,Yes,4.6,2024-10-16,47.74
VL2610,Bob Dylan,John Wesley Harding,Rock,1967,Near Mint,Japan,186.1,3967.0,No,Yes,4.5,,94.82
VL2611,Taylor Swift,reputation,Pop,2017,Near Mint,UK,176.4,13892.0,No,,4.6,2024-09-01,25.63
VL2612,Pink Floyd,Animals,Rock,1977,Very Good,Germany,189.4,9941.0,No,Yes,3.8,2024-02-17,45.47
VL2613,David Bowie,Scary Monsters,Rock,1980,Very Good Plus,US,151.3,4950.0,No,Yes,4.5,2025-09-14,
VL2614,Radiohead,Amnesiac,Alternative,2001,Near Mint,,185.6,14388.0,Yes,Yes,4.5,2026-04-28,159.78
VL2615,The Rolling Stones,Beggars Banquet,Rock,1968,Mint,Netherlands,143.7,36629.0,Yes,Yes,4.2,2026-06-23,76.48
VL2616,Elton John,Captain Fantastic and the Brown Dirt Cowboy,Rock,1975,Near Mint,Canada,220.0,28219.0,No,Yes,4.4,2024-12-09,33.9
VL2617,The Weeknd,Trilogy,R&B,2012,Mint,Japan,,6058.0,Yes,Yes,4.4,2025-04-21,126.78
VL2618,Beyoncé,B'Day,R&B,2006,Very Good Plus,Australia,184.7,8549.0,No,Yes,4.8,2025-02-20,98.67
VL2619,Gorillaz,Demon Days,,2005,Very Good Plus,US,163.8,5331.0,No,Yes,4.2,2025-04-15,75.07
VL2620,Arctic Monkeys,AM,Rock,2013,Very Good,US,187.7,18982.0,No,Yes,4.3,2024-12-04,47.32
VL2621,Miles Davis,Sketches of Spain,Jazz,1960,Very Good,US,181.7,15692.0,Yes,Yes,4.6,,
VL2622,Simon & Garfunkel,Sounds of Silence,Folk,1966,Near Mint,Japan,164.5,,No,Yes,4.3,2024-01-05,56.29
VL2623,Red Hot Chili Peppers,Californication,Rock,1999,Very Good,Germany,159.0,17254.0,No,Yes,4.5,2024-07-20,33.87
VL2624,The Rolling Stones,Tattoo You,Rock,1981,Near Mint,Australia,196.0,13747.0,,Yes,4.4,2026-07-05,47.04
VL2625,The Weeknd,Beauty Behind the Madness,R&B,2015,Near Mint,US,192.6,60000.0,No,Yes,4.2,2026-03-25,62.93
VL2626,Mac Miller,GO:OD AM,Hip-Hop,2015,Very Good Plus,US,180.7,28636.0,Yes,Yes,4.4,2024-12-05,23.94
VL2627,Led Zeppelin,Led Zeppelin III,Rock,1970,Mint,Canada,175.4,18050.0,No,Yes,4.3,2025-12-03,67.02
VL2628,The Notorious B.I.G.,Ready to Die,Hip-Hop,1994,Very Good Plus,,196.8,22261.0,Yes,Yes,4.9,2026-06-24,92.31
VL2629,John Coltrane,My Favorite Things,Jazz,1961,Near Mint,Australia,173.6,22662.0,,Yes,4.6,2025-07-23,89.61
VL2630,Stevie Wonder,Songs in the Key of Life,Soul,1976,Near Mint,US,183.0,16733.0,No,Yes,4.6,2024-02-06,61.01
VL2631,Tame Impala,The Slow Rush,Rock,2020,Good,UK,185.6,15445.0,,Yes,4.8,2025-10-07,20.87
VL2632,Johnny Cash,Johnny Cash at San Quentin,Country,1969,Good,US,186.8,5657.0,No,No,4.4,2024-01-19,31.66
VL2633,Billie Eilish,"When We All Fall Asleep, Where Do We Go?",Pop,2019,Near Mint,,178.5,26004.0,No,Yes,4.4,2025-06-21,33.18
VL2634,Michael Jackson,Thriller,Pop,1982,Very Good,US,158.4,5266.0,,,4.9,2025-03-22,56.93
VL2635,Red Hot Chili Peppers,Californication,Rock,1999,Near Mint,Japan,,11135.0,No,Yes,4.3,2024-02-21,
VL2636,The Cure,Seventeen Seconds,Alternative,1980,,US,177.7,4857.0,No,No,4.3,2025-05-03,83.99
VL2637,Erykah Badu,Mama's Gun,R&B,2000,Near Mint,UK,220.0,5957.0,No,Yes,4.0,2025-02-13,50.7
VL2638,Miles Davis,Kind of Blue,Jazz,1959,Very Good,France,179.1,9728.0,No,Yes,4.0,2025-12-02,36.23
VL2639,Gorillaz,Plastic Beach,Alternative,2010,Very Good Plus,UK,188.3,19544.0,No,Yes,5.0,2024-10-26,35.19
VL2640,Bob Dylan,Blonde on Blonde,Rock,1966,Good,US,204.6,14749.0,No,Yes,5.0,2026-02-28,18.13
VL2641,David Bowie,Diamond Dogs,Rock,1974,Mint,Germany,182.6,5332.0,No,Yes,,2024-11-01,53.21
VL2642,Elton John,Tumbleweed Connection,Rock,1970,Very Good,US,200.1,4845.0,No,Yes,4.7,2024-04-26,48.4
VL2643,Johnny Cash,At Folsom Prison,Country,1968,Very Good Plus,US,191.3,11403.0,No,Yes,4.8,2026-01-02,50.74
VL2644,Michael Jackson,Bad,Pop,1987,,UK,154.1,4245.0,No,No,4.4,2024-08-28,37.3
VL2645,Kanye West,The College Dropout,Hip-Hop,2004,Near Mint,US,177.2,8365.0,Yes,Yes,4.7,2025-05-21,66.27
VL2646,Madonna,Ray of Light,Pop,1998,Very Good Plus,France,176.4,28479.0,,No,4.4,2025-06-28,30.31
VL2647,Bob Dylan,Blood on the Tracks,Rock,1975,Very Good,,194.1,11740.0,No,,4.8,2026-07-03,
VL2648,The Rolling Stones,Exile on Main St.,Rock,1972,Very Good Plus,Australia,209.6,12843.0,No,Yes,4.5,2024-01-25,39.14
VL2649,The Beatles,A Hard Day's Night,Rock,1964,,US,167.2,12710.0,No,Yes,3.9,2025-03-14,130.75
VL2650,Bob Marley & The Wailers,Burnin',Reggae,1973,Very Good Plus,Canada,182.8,48894.0,,Yes,3.9,2024-01-19,32.83
VL2651,The Doors,L.A. Woman,Rock,1971,Very Good,,195.8,6071.0,No,Yes,4.7,2024-12-17,53.01
VL2652,Elton John,Captain Fantastic and the Brown Dirt Cowboy,Rock,1975,Very Good,US,170.9,3020.0,No,No,4.3,2024-08-30,
VL2653,Aphex Twin,Richard D. James Album,Electronic,1996,Very Good,UK,,9030.0,Yes,No,4.7,2025-03-11,53.66
VL2654,Beyoncé,Lemonade,R&B,2016,Very Good,,181.8,,No,Yes,4.6,2025-06-07,18.39
VL2655,Lady Gaga,Born This Way,Pop,2011,Very Good Plus,US,162.9,14674.0,No,Yes,4.8,2024-07-18,107.73
VL2656,Elton John,Elton John,Pop,1970,Near Mint,US,157.9,3422.0,No,Yes,4.7,2025-09-11,
VL2657,Rihanna,ANTI,Pop,2016,Near Mint,US,182.3,4277.0,No,Yes,4.3,2026-02-14,48.17
VL2658,Stevie Wonder,Talking Book,Soul,1972,Very Good Plus,Japan,178.3,6183.0,No,Yes,4.0,,46.02
VL2659,Portishead,Dummy,Electronic,1994,Near Mint,,175.3,3704.0,No,Yes,4.6,2024-04-26,53.1
VL2660,Erykah Badu,Mama's Gun,R&B,2000,Near Mint,UK,163.6,17719.0,,,4.5,2024-08-10,65.8
VL2661,Aretha Franklin,Spirit in the Dark,Soul,1970,Very Good Plus,US,,8574.0,Yes,Yes,3.9,2024-06-06,112.77
VL2662,2Pac,Me Against the World,Hip-Hop,1995,Very Good Plus,France,176.3,8206.0,No,Yes,4.2,2024-07-02,65.0
VL2663,Pink Floyd,More,Rock,1969,Very Good Plus,Australia,178.4,13949.0,Yes,,4.0,2026-07-20,51.52
VL2664,The Doors,Morrison Hotel,Rock,1970,Near Mint,US,156.8,12969.0,Yes,Yes,,2025-11-07,69.14
VL2665,Pink Floyd,Meddle,Rock,1971,Near Mint,Japan,196.3,22421.0,No,Yes,3.9,2025-08-03,125.14
VL2666,Taylor Swift,Red,Pop,2012,Near Mint,France,166.4,17526.0,No,Yes,4.4,2026-07-04,85.33
VL2667,Bob Marley & The Wailers,Survival,Reggae,1979,Very Good Plus,UK,175.3,37662.0,No,Yes,4.0,2026-03-13,16.18
VL2668,John Coltrane,Giant Steps,Jazz,1960,Near Mint,US,173.1,19309.0,No,No,4.7,2024-01-21,44.83
VL2669,Outkast,Stankonia,Hip-Hop,2000,Mint,Canada,181.2,4535.0,No,Yes,4.3,,77.5
VL2670,Outkast,Southernplayalisticadillacmuzik,Hip-Hop,1994,Very Good Plus,US,178.7,32192.0,Yes,Yes,4.6,2026-04-30,33.96
VL2671,The Doors,The Doors,Rock,1967,Very Good,Japan,163.4,9287.0,No,,5.0,2026-08-09,
VL2672,Bob Dylan,Blood on the Tracks,Rock,1975,Very Good Plus,UK,194.4,60000.0,No,Yes,4.1,2024-01-10,34.74
VL2673,Led Zeppelin,Led Zeppelin III,,1970,Near Mint,UK,169.7,2880.0,No,,4.6,2026-05-15,47.68
VL2674,Nirvana,In Utero,Rock,1993,Near Mint,UK,175.0,13550.0,No,,4.7,2026-07-28,50.5
VL2675,Jimi Hendrix,Electric Ladyland,Rock,1968,Very Good Plus,Netherlands,215.8,21703.0,No,Yes,4.3,2025-07-24,
VL2676,Stevie Wonder,Talking Book,Soul,1972,Near Mint,US,201.3,4397.0,No,Yes,4.8,2024-11-26,44.13
VL2677,J Dilla,Welcome 2 Detroit,Hip-Hop,2001,Very Good Plus,Germany,165.2,10947.0,No,Yes,4.4,2026-02-05,28.51
VL2678,Elton John,Captain Fantastic and the Brown Dirt Cowboy,Rock,1975,Near Mint,UK,190.6,8709.0,No,Yes,4.8,2024-12-01,132.65
VL2679,J Dilla,Donuts,,2006,Near Mint,Germany,192.7,12135.0,Yes,Yes,4.8,,91.14
VL2680,Red Hot Chili Peppers,Californication,Rock,1999,Near Mint,Australia,174.3,10068.0,,Yes,4.7,2026-06-07,28.33
VL2681,Led Zeppelin,Presence,Rock,1976,Very Good,Canada,203.3,10727.0,No,Yes,5.0,2026-01-10,41.9
VL2682,The Rolling Stones,Sticky Fingers,Rock,1971,Very Good Plus,Germany,178.2,11199.0,No,Yes,4.7,2024-10-26,77.0
VL2683,Simon & Garfunkel,Sounds of Silence,Folk,1966,Very Good,France,164.7,30692.0,,Yes,4.9,2024-12-07,31.32
VL2684,Pink Floyd,The Wall,Rock,1979,Good,UK,185.5,59316.0,No,Yes,4.1,2026-05-29,24.63
VL2685,Bob Marley & The Wailers,Exodus,Reggae,1977,Very Good Plus,Germany,195.1,4393.0,Yes,No,4.6,2024-05-23,50.56
VL2686,The Rolling Stones,Let It Bleed,Rock,1969,Very Good Plus,Netherlands,168.1,15904.0,No,Yes,4.2,2026-04-21,39.03
VL2687,Queen,A Night at the Opera,Rock,1975,Very Good Plus,Netherlands,150.6,4173.0,No,Yes,4.1,2024-10-05,33.43
VL2688,Stevie Wonder,Songs in the Key of Life,Soul,1976,Near Mint,US,175.2,10848.0,,,3.8,2025-04-22,100.66
VL2689,Elton John,Goodbye Yellow Brick Road,Rock,1973,Good,UK,186.7,7527.0,No,Yes,4.1,2024-08-06,85.94
VL2690,The Notorious B.I.G.,Life After Death,Hip-Hop,1997,Very Good Plus,,174.7,20343.0,Yes,Yes,4.7,2025-01-16,48.93
VL2691,A Tribe Called Quest,Midnight Marauders,Hip-Hop,1993,Good,US,,27376.0,,Yes,4.1,2025-11-11,
VL2692,Bruno Mars,,Pop,2016,Near Mint,US,179.8,14392.0,No,Yes,4.7,2026-05-17,48.96
VL2693,Gorillaz,Demon Days,Alternative,2005,Near Mint,UK,187.1,12015.0,No,No,4.1,2024-12-16,37.9
VL2694,Stevie Wonder,Songs in the Key of Life,Soul,1976,Near Mint,US,199.0,4853.0,No,Yes,4.2,2024-07-04,95.42
VL2695,Queen,Queen II,Rock,1974,Very Good Plus,Australia,175.2,15889.0,No,Yes,4.7,2026-02-20,
VL2696,The Cure,Wish,Alternative,1992,,US,149.2,17987.0,No,Yes,4.8,2024-03-13,88.17
VL2697,Radiohead,Kid A,Alternative,2000,Very Good,US,190.8,23441.0,No,Yes,4.7,2025-09-25,37.44
VL2698,Lana Del Rey,Born to Die,Pop,2012,Very Good,Japan,174.2,18555.0,Yes,No,4.5,2025-01-28,31.64
VL2699,Stevie Wonder,Talking Book,Soul,1972,Very Good Plus,US,172.2,3483.0,No,Yes,4.8,2024-06-20,87.56
VL2700,Madonna,Like a Prayer,Pop,1989,Very Good Plus,Netherlands,192.0,7379.0,No,No,,2024-12-27,58.94
VL2701,Aretha Franklin,I Never Loved a Man the Way I Love You,Soul,1967,Very Good,Japan,171.3,18408.0,No,Yes,4.6,2025-06-21,22.76
VL2702,The Doors,L.A. Woman,Rock,1971,Good,Italy,192.8,15687.0,No,,4.6,2026-04-17,42.74
VL2703,Beyoncé,4,R&B,2011,Very Good Plus,US,174.5,3733.0,No,Yes,4.9,2026-04-25,65.91
VL2704,Nina Simone,Silk & Soul,Soul,1967,Near Mint,Italy,170.6,10506.0,No,Yes,4.6,2026-01-14,68.02
VL2705,Kid Cudi,Man on the Moon II,Hip-Hop,2010,Mint,Germany,162.1,10234.0,No,Yes,5.0,2024-02-15,149.47
VL2706,The Beatles,Revolver,Rock,1966,Very Good Plus,US,183.3,56215.0,No,Yes,4.2,2025-08-04,11.79
VL2707,Pink Floyd,The Dark Side of the Moon,Rock,1973,Very Good Plus,US,161.8,18271.0,No,Yes,4.9,2024-11-16,46.25
VL2708,Led Zeppelin,,Rock,1970,Very Good,Italy,177.7,7894.0,Yes,Yes,4.6,2026-01-20,
VL2709,"Tyler, The Creator",CALL ME IF YOU GET LOST,Hip-Hop,2021,Good,US,184.2,6301.0,Yes,No,4.4,2025-10-22,27.97
VL2710,Nina Simone,I Put a Spell on You,Jazz,1965,Good,Japan,,8415.0,Yes,No,4.9,2025-06-20,23.42
VL2711,Daft Punk,Discovery,Electronic,2001,Near Mint,Australia,195.6,23285.0,No,Yes,4.6,2024-07-30,73.03
VL2712,David Bowie,Aladdin Sane,Rock,1973,Very Good,UK,173.7,2497.0,Yes,Yes,4.9,2025-06-14,39.69
VL2713,Taylor Swift,Red,Pop,2012,Mint,UK,201.1,15591.0,No,Yes,4.3,2024-07-23,65.61
VL2714,Depeche Mode,Music for the Masses,Electronic,1987,Good,,171.5,11376.0,No,Yes,4.5,2026-08-01,33.91
VL2715,Aaliyah,Age Ain't Nothing but a Number,R&B,1994,,US,196.8,57316.0,No,,5.0,2025-04-11,35.37
VL2716,Amy Winehouse,Frank,Soul,2003,Very Good,Canada,205.6,16664.0,No,No,4.1,2026-04-11,16.51
VL2717,Erykah Badu,Mama's Gun,R&B,2000,Near Mint,UK,187.2,11622.0,No,Yes,4.0,2024-05-24,49.58
VL2718,Taylor Swift,Fearless,Pop,2008,Near Mint,UK,167.1,10195.0,No,Yes,4.7,2025-11-28,110.6
VL2719,Beyoncé,Lemonade,R&B,2016,Very Good,Japan,192.0,32577.0,No,,4.5,2025-09-30,22.72
VL2720,Tame Impala,Currents,Rock,2015,Very Good Plus,US,197.8,46144.0,Yes,Yes,4.6,2024-09-22,63.33
VL2721,Beyoncé,Lemonade,R&B,2016,Near Mint,,208.7,3693.0,No,Yes,4.3,2025-10-26,150.84
VL2722,Bruno Mars,Doo-Wops & Hooligans,Pop,2010,Very Good,France,203.0,16692.0,No,Yes,3.5,2024-07-22,48.29
VL2723,Bob Marley & The Wailers,Natty Dread,Reggae,1974,Very Good Plus,US,151.9,7494.0,No,Yes,4.9,2025-07-12,18.88
VL2724,Nirvana,In Utero,Rock,1993,Very Good,Germany,181.7,12455.0,No,No,4.3,2025-08-23,24.06
VL2725,The Weeknd,After Hours,R&B,2020,Good,,169.0,19788.0,No,Yes,4.7,2024-10-11,19.65
VL2726,Radiohead,In Rainbows,Alternative,2007,Near Mint,Japan,205.2,7111.0,No,Yes,,2025-01-22,120.37
VL2727,Fleetwood Mac,Tusk,Rock,1979,Near Mint,Australia,191.4,12784.0,No,No,4.0,2024-08-21,61.78
VL2728,Red Hot Chili Peppers,Stadium Arcadium,Rock,2006,Very Good Plus,UK,174.5,7775.0,No,Yes,4.6,2025-02-02,42.51
VL2729,Tame Impala,The Slow Rush,Rock,2020,,UK,170.3,15867.0,No,Yes,5.0,2024-05-04,32.38
VL2730,David Bowie,Aladdin Sane,Rock,1973,Very Good Plus,US,150.7,50317.0,No,Yes,4.2,2024-04-22,18.54
VL2731,Pink Floyd,Wish You Were Here,Rock,1975,Near Mint,Netherlands,220.0,,No,Yes,4.9,2025-12-04,54.79
VL2732,The Strokes,Room on Fire,Rock,2003,Very Good Plus,US,197.2,3970.0,No,Yes,5.0,2025-09-29,85.57
VL2733,Mac Miller,The Divine Feminine,Hip-Hop,2016,Very Good Plus,,205.1,15666.0,No,Yes,4.6,2024-01-19,123.37
VL2734,Pink Floyd,The Piper at the Gates of Dawn,Rock,1967,Very Good,US,,7575.0,No,No,4.6,2025-10-09,46.69
VL2735,Fleetwood Mac,Rumours,Rock,1977,Very Good Plus,US,147.1,,No,Yes,4.1,2025-05-21,15.14
VL2736,MF DOOM,Operation: Doomsday,Hip-Hop,1999,Near Mint,UK,180.5,,No,Yes,4.5,2026-04-07,59.11
VL2737,Frank Ocean,Blonde,R&B,2016,Very Good Plus,Germany,163.6,10014.0,No,Yes,3.9,2024-02-27,53.62
VL2738,Pink Floyd,The Piper at the Gates of Dawn,Rock,1967,Good,US,170.6,6784.0,No,No,3.8,2024-07-09,30.59
VL2739,Led Zeppelin,Physical Graffiti,Rock,1975,Good,US,198.0,16200.0,Yes,No,4.5,2025-07-10,
VL2740,Beyoncé,Lemonade,R&B,2016,Very Good Plus,US,205.8,1779.0,No,,4.0,2025-12-06,34.32
VL2741,2Pac,Me Against the World,Hip-Hop,1995,Very Good,Japan,173.8,5059.0,Yes,Yes,4.3,2024-03-05,37.75
VL2742,Queen,Sheer Heart Attack,Rock,1974,Very Good Plus,UK,149.6,45164.0,No,Yes,4.3,2025-05-08,69.61
VL2743,John Coltrane,My Favorite Things,Jazz,1961,Near Mint,Japan,179.6,29825.0,No,Yes,4.9,2025-06-25,46.04
VL2744,Kanye West,My Beautiful Dark Twisted Fantasy,Hip-Hop,2010,Very Good Plus,UK,163.0,27114.0,No,Yes,4.5,2025-05-12,27.2
VL2745,Björk,Homogenic,Electronic,1997,Near Mint,US,174.2,39498.0,Yes,Yes,4.3,2024-05-02,104.87
VL2746,Dolly Parton,Jolene,Country,1974,Near Mint,Netherlands,,8744.0,,No,4.9,,41.99
VL2747,Aaliyah,One in a Million,R&B,1996,Very Good Plus,Canada,177.4,2776.0,No,Yes,4.0,2024-02-15,53.68
VL2748,David Bowie,Station to Station,Rock,1976,Very Good Plus,Japan,187.0,52125.0,Yes,Yes,4.6,2026-02-28,27.83
VL2749,The Smiths,"Strangeways, Here We Come",Alternative,1987,Very Good,US,210.2,16924.0,No,Yes,4.6,2024-12-01,72.49
VL2750,Depeche Mode,Songs of Faith and Devotion,Electronic,1993,Very Good Plus,France,,14570.0,No,Yes,4.2,2024-05-01,51.2
VL2751,Taylor Swift,reputation,Pop,2017,Very Good,US,190.7,15628.0,Yes,Yes,5.0,2024-09-15,65.17
VL2752,The Beatles,Let It Be,Rock,1970,Very Good,UK,190.6,38403.0,No,Yes,4.5,2025-03-08,31.59
VL2753,Nirvana,Nevermind,Rock,1991,Very Good Plus,Germany,176.5,14383.0,No,Yes,3.9,2024-04-12,43.69
VL2754,Pearl Jam,Vitalogy,Rock,1994,Mint,US,193.5,4672.0,No,Yes,4.2,2024-08-03,113.03
VL2755,Elton John,Goodbye Yellow Brick Road,Rock,1973,Good,US,187.5,13400.0,No,Yes,4.5,2026-07-22,18.6
VL2756,Lana Del Rey,Honeymoon,Pop,2015,Near Mint,Canada,189.2,10036.0,Yes,Yes,4.3,2025-11-08,
VL2757,Pink Floyd,Meddle,Rock,1971,Good,US,,2309.0,No,Yes,3.5,2024-08-08,32.2
VL2758,David Bowie,The Rise and Fall of Ziggy Stardust and the Spiders from Mars,Rock,1972,Very Good,UK,169.0,7641.0,Yes,No,4.3,2024-08-03,23.3
VL2759,David Bowie,Station to Station,Rock,1976,Good,US,150.2,19804.0,No,Yes,4.4,2024-10-13,28.16
VL2760,David Bowie,Heroes,Rock,1977,Very Good Plus,Germany,168.6,5302.0,No,Yes,4.6,2024-05-04,
VL2761,Daft Punk,Discovery,Electronic,2001,Very Good Plus,Netherlands,165.4,35127.0,Yes,Yes,4.2,2025-07-21,55.63
VL2762,The Strokes,Is This It,Rock,2001,Good,US,185.8,5494.0,No,No,4.7,2024-03-17,27.06
VL2763,Jimi Hendrix,Electric Ladyland,Rock,1968,Near Mint,UK,171.7,13740.0,No,Yes,4.1,2025-10-07,116.3
VL2764,Oasis,Standing on the Shoulder of Giants,Rock,2000,Very Good Plus,UK,161.6,7197.0,No,Yes,3.9,2025-01-18,52.14
VL2765,Pink Floyd,Meddle,Rock,1971,Near Mint,France,172.8,11420.0,No,Yes,5.0,2026-07-07,81.19
VL2766,Pink Floyd,Animals,Rock,1977,Very Good,US,158.4,21249.0,No,No,5.0,2024-06-22,30.66
VL2767,Nina Simone,Silk & Soul,Soul,1967,Very Good Plus,UK,168.9,,Yes,No,4.3,2025-05-25,32.61
VL2768,Pink Floyd,A Saucerful of Secrets,Rock,1968,Near Mint,US,154.5,12022.0,No,Yes,4.8,2024-07-12,42.04
VL2769,Outkast,Aquemini,Hip-Hop,1998,Near Mint,Netherlands,162.5,13141.0,No,Yes,4.1,2025-07-24,62.15
VL2770,Adele,21,Pop,2011,Mint,Japan,189.9,60000.0,Yes,Yes,4.3,2024-07-03,87.95
VL2771,Elton John,Elton John,Pop,1970,Very Good,Italy,167.8,19139.0,No,Yes,4.4,2026-07-18,50.3
VL2772,Kendrick Lamar,DAMN.,Hip-Hop,2017,Near Mint,,187.8,3358.0,No,Yes,4.4,2025-03-15,62.7
VL2773,Beyoncé,B'Day,R&B,2006,Good,US,173.2,14159.0,Yes,Yes,4.8,2026-02-21,17.43
VL2774,Oasis,Definitely Maybe,Rock,1994,Near Mint,Germany,146.3,32766.0,No,Yes,4.5,2025-10-26,78.99
VL2775,MF DOOM,MM..FOOD,Hip-Hop,2004,Near Mint,Germany,202.1,31906.0,Yes,No,4.3,2025-12-13,76.51
VL2776,D'Angelo,Voodoo,R&B,2000,Good,Germany,146.3,28893.0,No,Yes,4.8,2025-10-06,45.83
VL2777,David Bowie,Diamond Dogs,,1974,Near Mint,Canada,149.8,11529.0,,Yes,4.9,2024-01-09,40.55
VL2778,Madonna,True Blue,Pop,1986,Near Mint,UK,,19845.0,Yes,Yes,4.4,2026-03-27,111.27
VL2779,David Bowie,Scary Monsters,Rock,1980,Very Good Plus,Germany,165.5,9279.0,No,Yes,4.5,2026-01-05,72.89
VL2780,Lauryn Hill,The Miseducation of Lauryn Hill,R&B,1998,Very Good Plus,UK,182.2,7801.0,Yes,No,4.4,2026-04-14,129.71
VL2781,Queen,A Night at the Opera,Rock,1975,Very Good Plus,Italy,163.2,17581.0,No,Yes,4.4,2024-09-22,
VL2782,The Beach Boys,Pet Sounds,Rock,1966,Very Good Plus,Netherlands,188.9,23093.0,No,Yes,5.0,2025-08-15,74.68
VL2783,The Rolling Stones,Beggars Banquet,Rock,1968,Mint,UK,170.3,36762.0,No,Yes,3.4,2026-03-28,107.95
VL2784,,Kid A,Alternative,2000,Very Good Plus,Japan,139.2,2841.0,No,Yes,4.8,2025-11-09,73.21
VL2785,D'Angelo,Brown Sugar,R&B,1995,Very Good Plus,US,201.2,8853.0,Yes,Yes,5.0,2026-03-16,187.63
VL2786,Bob Marley & The Wailers,Uprising,Reggae,1980,Very Good,,171.3,14912.0,No,No,4.2,,26.97
VL2787,SZA,SOS,R&B,2022,Very Good Plus,Japan,169.4,7531.0,No,Yes,4.4,2024-12-17,
VL2788,Mac Miller,Watching Movies with the Sound Off,Hip-Hop,2013,Near Mint,Germany,162.0,30183.0,No,Yes,4.3,2024-07-27,50.46
VL2789,John Coltrane,My Favorite Things,Jazz,1961,Very Good,Netherlands,164.3,5690.0,No,Yes,4.2,2025-04-11,69.29
VL2790,Nirvana,In Utero,Rock,1993,Very Good,US,166.2,13193.0,No,Yes,,2026-01-21,59.92
VL2791,Lana Del Rey,Norman Fucking Rockwell!,Pop,2019,Good,Netherlands,,14244.0,No,,4.8,2025-07-04,
VL2792,Stevie Wonder,Talking Book,Soul,1972,Very Good,UK,167.2,6235.0,No,Yes,4.5,2024-09-29,34.81
VL2793,Nas,It Was Written,Hip-Hop,1996,Very Good Plus,US,209.8,,No,Yes,,,44.01
VL2794,The Beatles,Sgt. Pepper's Lonely Hearts Club Band,Rock,1967,Good,Japan,156.3,7836.0,No,Yes,4.1,2025-04-03,12.03
VL2795,The Smiths,Meat Is Murder,Alternative,1985,Very Good Plus,UK,175.1,10776.0,No,Yes,4.3,2026-07-26,49.66
VL2796,Kanye West,Graduation,Hip-Hop,2007,Very Good,US,172.2,10559.0,No,No,4.1,2024-12-05,31.61
VL2797,Massive Attack,Blue Lines,Electronic,1991,Good,UK,191.9,46964.0,No,Yes,4.6,2026-02-16,30.19
VL2798,Bob Dylan,The Freewheelin' Bob Dylan,Folk,1963,Very Good,France,197.0,5041.0,No,Yes,4.9,2024-02-12,65.21
VL2799,,Hounds of Love,Pop,1985,Very Good Plus,US,174.1,2900.0,No,Yes,,2026-01-08,26.4
VL2800,Prince,Purple Rain,Pop,1984,Near Mint,Japan,,36328.0,No,Yes,4.5,2026-03-15,62.7
VL2801,Frank Ocean,Blonde,R&B,2016,Very Good Plus,Australia,168.6,,No,Yes,4.5,2024-01-15,44.42
VL2802,David Bowie,Low,Rock,1977,Very Good,US,188.0,4309.0,,Yes,4.9,2026-05-26,69.21
VL2803,Queen,Jazz,Rock,1978,Near Mint,,175.3,5499.0,No,,4.9,2026-03-22,102.88
VL2804,The Beatles,Please Please Me,Rock,1963,Mint,US,199.1,10097.0,No,Yes,4.0,2025-11-12,78.77
VL2805,Pink Floyd,Meddle,Rock,1971,Very Good,France,176.4,6589.0,No,No,4.8,2025-02-22,100.41
VL2806,The Beatles,Abbey Road,Rock,1969,Very Good,Italy,186.4,4103.0,No,Yes,3.9,2024-09-16,29.41
VL2807,Led Zeppelin,Physical Graffiti,Rock,1975,Mint,Canada,195.1,10454.0,No,Yes,4.5,2024-04-18,
VL2808,The Strokes,First Impressions of Earth,Rock,2005,Very Good Plus,UK,187.2,5924.0,No,Yes,4.5,2025-10-26,34.28
VL2809,Bob Marley & The Wailers,Kaya,Reggae,1978,Very Good Plus,UK,165.1,4760.0,No,No,4.8,2024-10-17,24.49
VL2810,Lana Del Rey,Ultraviolence,Pop,2014,Near Mint,US,185.0,11338.0,No,Yes,4.2,2025-10-28,78.74
VL2811,Prince,Sign o' the Times,Pop,1987,Very Good Plus,Germany,188.8,33227.0,No,,3.9,2025-06-12,37.96
VL2812,Kid Cudi,Man on the Moon: The End of Day,Hip-Hop,2009,Near Mint,US,180.9,2909.0,No,Yes,4.5,2024-03-22,
VL2813,Erykah Badu,New Amerykah Part One,R&B,2008,Near Mint,US,173.8,15093.0,No,Yes,4.4,,84.11
VL2814,Bob Marley & The Wailers,Survival,Reggae,1979,Very Good Plus,Italy,169.6,7754.0,No,No,4.3,2024-09-19,28.33
VL2815,Pink Floyd,Ummagumma,Rock,1969,Very Good,US,174.8,59768.0,Yes,Yes,,2025-12-29,80.5
VL2816,The Rolling Stones,Beggars Banquet,Rock,1968,Near Mint,Australia,160.8,8128.0,Yes,Yes,4.3,2024-09-13,87.36
VL2817,,John Wesley Harding,Rock,1967,Very Good,Netherlands,178.5,31539.0,No,Yes,4.7,2024-09-30,37.14
VL2818,The Rolling Stones,Exile on Main St.,Rock,1972,Near Mint,UK,176.5,9225.0,No,Yes,4.2,2026-02-03,59.99
VL2819,"Tyler, The Creator",Flower Boy,Hip-Hop,2017,Mint,UK,187.5,7880.0,No,Yes,3.9,2024-07-29,54.29
VL2820,The Weeknd,After Hours,R&B,2020,Very Good,UK,179.3,1408.0,No,Yes,4.0,2024-09-09,
VL2821,Beyoncé,Lemonade,R&B,2016,Near Mint,Japan,,4179.0,No,Yes,4.3,2024-08-07,136.82
VL2822,The Weeknd,After Hours,R&B,2020,Near Mint,Italy,196.4,19061.0,No,Yes,5.0,2026-05-28,48.65
VL2823,Pink Floyd,Atom Heart Mother,Rock,1970,Very Good,Germany,187.1,12672.0,No,Yes,4.5,2026-01-23,37.77
VL2824,Taylor Swift,folklore,Pop,2020,Very Good Plus,UK,,,No,Yes,4.0,2025-12-06,86.48
VL2825,Aaliyah,Age Ain't Nothing but a Number,R&B,1994,Near Mint,US,171.8,8190.0,No,Yes,4.8,2024-02-19,62.96
VL2826,Nina Simone,I Put a Spell on You,Jazz,1965,Very Good,Japan,183.2,15714.0,No,Yes,4.0,2024-09-17,
VL2827,Taylor Swift,Red,Pop,2012,Mint,US,,39763.0,No,Yes,4.1,2025-01-02,95.59
VL2828,The Notorious B.I.G.,Life After Death,Hip-Hop,1997,Near Mint,UK,177.8,28684.0,,Yes,5.0,2024-07-24,99.21
VL2829,Pearl Jam,Ten,Rock,1991,Very Good,Germany,174.2,6042.0,No,Yes,5.0,2026-08-05,
VL2830,The Beach Boys,Surf's Up,Rock,1971,Good,France,182.6,4512.0,Yes,Yes,4.7,2026-06-28,51.06
VL2831,Pearl Jam,Vitalogy,Rock,1994,Near Mint,Germany,169.7,60000.0,No,Yes,4.9,2025-10-09,58.62
VL2832,Fleetwood Mac,Rumours,Rock,1977,Near Mint,US,209.1,1175.0,No,,5.0,2024-08-18,57.71
VL2833,Queen,The Game,Rock,1980,Very Good Plus,US,211.5,18811.0,No,Yes,3.9,2026-02-18,35.76
VL2834,David Bowie,Lodger,Rock,1979,Near Mint,Germany,146.1,6260.0,No,Yes,4.0,2025-11-26,33.86
VL2835,Taylor Swift,reputation,Pop,2017,Very Good Plus,US,186.4,7846.0,No,,4.6,2024-12-30,
VL2836,Adele,19,Pop,2008,Near Mint,Japan,183.8,6743.0,No,Yes,4.6,2024-11-01,36.7
VL2837,Michael Jackson,Off the Wall,Pop,1979,Good,Italy,185.5,14518.0,No,No,5.0,2025-07-04,13.83
VL2838,Rihanna,Loud,Pop,2010,Very Good Plus,US,184.4,9933.0,Yes,Yes,4.7,2026-04-13,47.34
VL2839,"Tyler, The Creator",CALL ME IF YOU GET LOST,Hip-Hop,2021,Near Mint,US,176.9,60000.0,No,Yes,4.5,2025-05-05,
VL2840,Elton John,Elton John,Pop,1970,Mint,US,198.3,18879.0,No,Yes,4.9,2025-02-08,90.62
VL2841,Pink Floyd,The Dark Side of the Moon,Rock,1973,Very Good,,187.1,17839.0,,Yes,4.8,2024-02-29,55.64
VL2842,Erykah Badu,New Amerykah Part One,R&B,2008,Near Mint,France,174.2,21881.0,No,,4.2,2024-07-21,76.29
VL2843,Frank Ocean,Blonde,R&B,2016,Very Good Plus,US,207.8,10322.0,No,No,4.5,2025-08-17,47.78
VL2844,David Bowie,Station to Station,Rock,1976,Very Good,France,167.8,16460.0,,No,5.0,2025-01-31,43.6
VL2845,Jimi Hendrix,Are You Experienced,Rock,1967,Very Good Plus,Japan,211.6,10419.0,No,No,4.9,2024-09-25,20.65
VL2846,John Coltrane,Ascension,Jazz,1966,Very Good,Canada,,3580.0,,Yes,4.3,2026-01-01,81.66
VL2847,Johnny Cash,At Folsom Prison,Country,1968,Very Good Plus,US,169.6,5178.0,No,Yes,4.9,2024-09-19,62.11
VL2848,Mac Miller,GO:OD AM,Hip-Hop,2015,Very Good,Netherlands,193.8,4936.0,No,Yes,4.2,2025-08-01,97.45
VL2849,Depeche Mode,Speak & Spell,Electronic,1981,Very Good,Netherlands,182.6,9223.0,No,No,4.0,2024-05-22,
VL2850,Fleetwood Mac,Tusk,Rock,1979,Very Good,US,193.5,11127.0,No,Yes,4.0,2025-05-20,28.97
VL2851,Rihanna,Good Girl Gone Bad,Pop,2007,Very Good Plus,US,,42344.0,No,Yes,4.8,2025-04-26,21.41
VL2852,David Bowie,Lodger,Rock,1979,Very Good Plus,UK,173.6,3239.0,No,Yes,4.9,2026-03-21,116.98
VL2853,Bob Dylan,Blood on the Tracks,Rock,1975,Near Mint,UK,185.6,5381.0,No,Yes,4.0,2024-10-08,34.3
VL2854,A Tribe Called Quest,Midnight Marauders,Hip-Hop,1993,Mint,France,150.6,,No,Yes,3.9,2025-10-28,61.82
VL2855,Prince,Lovesexy,Pop,1988,Good,US,169.6,17691.0,Yes,Yes,4.8,2024-05-10,21.58
VL2856,Radiohead,Pablo Honey,Alternative,1993,Near Mint,US,163.0,54573.0,No,Yes,4.8,2024-06-16,27.55
VL2857,Oasis,(What's the Story) Morning Glory?,Rock,1995,Very Good Plus,US,169.4,15854.0,No,Yes,,2024-08-18,76.6
VL2858,Arctic Monkeys,Favourite Worst Nightmare,Rock,2007,Near Mint,Italy,152.2,29029.0,No,Yes,4.7,2024-07-15,77.3
VL2859,The Doors,The Doors,Rock,1967,Very Good Plus,Canada,207.5,6842.0,No,Yes,,2024-09-01,71.39
VL2860,Pink Floyd,Meddle,Rock,1971,Very Good,Netherlands,172.9,4707.0,Yes,Yes,4.6,2026-07-27,66.48
VL2861,Beyoncé,4,R&B,2011,Near Mint,France,165.4,9242.0,Yes,Yes,3.9,2025-03-14,89.09
VL2862,SZA,SOS,R&B,2022,Very Good,Netherlands,151.4,17831.0,No,Yes,3.8,2024-01-04,26.43
VL2863,Stevie Wonder,Innervisions,Soul,1973,Very Good,France,172.1,10610.0,No,Yes,4.6,2025-03-25,63.97
VL2864,Prince,Purple Rain,Pop,1984,Very Good Plus,Germany,162.5,15777.0,No,No,4.9,2024-05-16,47.77
VL2865,Erykah Badu,Worldwide Underground,R&B,2003,,US,186.8,13799.0,No,Yes,4.1,,74.69
VL2866,Lana Del Rey,Born to Die,Pop,2012,Mint,Germany,206.3,8811.0,No,Yes,4.5,2025-02-10,100.01
VL2867,Simon & Garfunkel,,Folk,1970,Good,Japan,168.4,17781.0,No,Yes,4.8,2024-05-17,47.51
VL2868,Taylor Swift,reputation,Pop,2017,Very Good Plus,UK,191.6,11763.0,No,Yes,4.7,2024-10-19,74.59
VL2869,Björk,Homogenic,,1997,Very Good Plus,Japan,180.6,12043.0,No,,4.5,2024-01-29,112.56
VL2870,Marvin Gaye,Let's Get It On,Soul,1973,Near Mint,US,163.6,5901.0,Yes,Yes,4.6,2025-09-13,36.83
VL2871,Red Hot Chili Peppers,Stadium Arcadium,Rock,2006,Mint,US,199.3,19207.0,No,Yes,4.3,2026-08-07,126.64
VL2872,,Honeymoon,Pop,2015,Very Good Plus,UK,182.7,15890.0,,Yes,4.1,2025-12-20,67.62
VL2873,The Beatles,Sgt. Pepper's Lonely Hearts Club Band,Rock,1967,Very Good Plus,US,180.0,8095.0,No,No,4.5,2024-07-03,36.96
VL2874,Massive Attack,Protection,Electronic,1994,Mint,France,195.3,42923.0,No,Yes,4.2,2025-03-04,110.8
VL2875,Taylor Swift,1989,Pop,2014,Very Good Plus,Italy,177.1,14495.0,No,Yes,5.0,2026-08-16,
VL2876,David Bowie,Diamond Dogs,Rock,1974,Near Mint,UK,194.7,16325.0,No,Yes,4.6,2025-05-15,
VL2877,The Beatles,The Beatles,Rock,1968,Very Good,Germany,164.6,3267.0,No,Yes,4.0,2024-08-30,33.37
VL2878,The Beach Boys,Pet Sounds,Rock,1966,Near Mint,France,,5056.0,No,No,5.0,2026-04-06,32.39
VL2879,Bob Marley & The Wailers,Uprising,Reggae,1980,Very Good Plus,UK,174.6,9476.0,Yes,Yes,4.6,2025-08-29,42.02
VL2880,Depeche Mode,Songs of Faith and Devotion,Electronic,1993,Near Mint,US,166.6,27094.0,No,Yes,4.9,2026-08-08,52.08
VL2881,,More,Rock,1969,Near Mint,,179.7,21748.0,No,Yes,3.6,,61.52
VL2882,Miles Davis,Kind of Blue,Jazz,1959,Very Good,Canada,180.1,14403.0,No,No,4.8,2025-03-23,28.36
VL2883,The Notorious B.I.G.,Ready to Die,Hip-Hop,1994,Near Mint,US,168.9,13524.0,No,Yes,4.5,2025-08-27,26.21
VL2884,Pearl Jam,Vs.,Rock,1993,Very Good,US,,4561.0,Yes,No,4.5,2025-06-05,45.57
VL2885,David Bowie,Scary Monsters,Rock,1980,Good,Japan,192.3,6202.0,No,Yes,4.3,2024-10-31,52.54
VL2886,Madonna,Like a Prayer,Pop,1989,Very Good Plus,Japan,200.0,31873.0,No,Yes,4.5,2024-03-03,79.4
VL2887,Nas,Illmatic,Hip-Hop,1994,Good,US,191.2,16772.0,No,Yes,4.1,2025-09-25,38.54
VL2888,Aretha Franklin,Spirit in the Dark,Soul,1970,Near Mint,UK,149.1,16451.0,No,Yes,,2024-07-09,38.27
VL2889,David Bowie,Aladdin Sane,Rock,1973,Good,Germany,180.3,5153.0,No,Yes,4.2,2026-03-14,37.11
VL2890,Daft Punk,Discovery,Electronic,2001,Very Good Plus,Japan,185.1,20308.0,No,Yes,4.4,2025-10-17,
VL2891,Arctic Monkeys,AM,Rock,2013,Very Good Plus,Germany,184.4,45723.0,No,No,5.0,2026-08-06,18.48
VL2892,Fleetwood Mac,Fleetwood Mac,Rock,1975,Very Good Plus,,173.1,54211.0,Yes,Yes,4.9,2024-08-19,122.15
VL2893,Aphex Twin,Selected Ambient Works 85–92,Electronic,1992,Very Good,Germany,156.7,14692.0,No,Yes,4.8,2026-01-11,18.85
VL2894,Lady Gaga,Chromatica,Pop,2020,Good,UK,177.5,16122.0,No,,,2025-07-30,25.35
VL2895,"Tyler, The Creator",Goblin,Hip-Hop,2011,Very Good,US,190.0,6726.0,No,No,4.7,2026-03-02,22.46
VL2896,Madonna,Ray of Light,Pop,1998,Very Good,Italy,164.2,16399.0,Yes,Yes,4.8,2026-04-07,36.58
VL2897,Daft Punk,Human After All,Electronic,2005,Very Good Plus,UK,173.4,8462.0,No,Yes,4.9,2024-04-07,53.06
VL2898,John Coltrane,A Love Supreme,Jazz,1965,Near Mint,,161.3,19831.0,No,Yes,,2026-05-14,53.28
VL2899,Outkast,Aquemini,Hip-Hop,1998,Very Good,,205.1,13778.0,No,Yes,4.6,2025-12-25,40.44
VL2900,Taylor Swift,Midnights,Pop,2022,Very Good,UK,172.9,7279.0,No,Yes,4.0,2026-07-16,67.2
VL2901,Prince,1999,Pop,1982,Very Good,Canada,190.9,5433.0,Yes,No,4.5,2026-07-29,46.48
VL2902,Radiohead,Kid A,Alternative,2000,Very Good Plus,UK,173.5,4822.0,No,Yes,4.2,2026-06-25,43.11
VL2903,David Bowie,Heroes,Rock,1977,Very Good,US,171.5,5080.0,Yes,Yes,4.7,2025-04-13,113.89
VL2904,Mac Miller,Blue Slide Park,Hip-Hop,2011,Near Mint,UK,198.5,16002.0,No,Yes,4.6,2024-10-15,150.0
VL2905,John Coltrane,Ascension,Jazz,1966,Very Good Plus,Italy,199.4,26117.0,No,Yes,4.6,2025-01-03,16.14
VL2906,Taylor Swift,folklore,Pop,2020,Mint,US,173.1,24173.0,,Yes,4.2,2025-01-21,99.21
VL2907,Led Zeppelin,In Through the Out Door,Rock,1979,Good,UK,163.8,12238.0,No,No,4.6,2026-05-16,26.41
VL2908,Taylor Swift,reputation,Pop,2017,Very Good Plus,UK,184.4,19417.0,No,Yes,4.7,,30.47
VL2909,The Beach Boys,Surf's Up,Rock,1971,Very Good,Japan,,4475.0,No,,5.0,2025-12-24,159.5
VL2910,The Cure,Disintegration,Alternative,1989,Very Good Plus,UK,179.4,,No,,4.4,2026-07-08,17.44
VL2911,The Strokes,Room on Fire,Rock,2003,Near Mint,US,176.7,14991.0,No,,4.2,2025-10-29,146.35
VL2912,Led Zeppelin,Presence,Rock,1976,Very Good,Japan,177.6,11594.0,,No,4.1,2025-11-21,81.32
VL2913,Adele,19,Pop,2008,Very Good Plus,Canada,186.6,6153.0,No,Yes,4.4,2025-07-05,44.1
VL2914,,A Day at the Races,Rock,1976,Near Mint,Japan,194.9,9354.0,No,,4.7,2024-04-20,116.57
VL2915,Queen,A Night at the Opera,Rock,1975,Very Good Plus,US,203.1,16822.0,,No,4.5,2026-04-26,46.38
VL2916,Lana Del Rey,Honeymoon,Pop,2015,Good,US,200.5,,No,Yes,4.3,,36.56
VL2917,Elton John,Honky Château,Rock,1972,Very Good,UK,176.1,13403.0,No,No,4.7,2026-04-05,24.87
VL2918,Fleetwood Mac,Fleetwood Mac,Rock,1975,Very Good,US,208.0,6016.0,No,Yes,4.8,2024-03-28,25.98
VL2919,Taylor Swift,1989,Pop,2014,Very Good Plus,France,198.7,4108.0,No,Yes,4.5,2024-09-04,55.82
VL2920,Elton John,Tumbleweed Connection,Rock,1970,,UK,148.7,5572.0,Yes,Yes,4.0,2025-12-06,57.12
VL2921,David Bowie,Low,Rock,1977,Very Good Plus,Netherlands,173.4,5790.0,No,Yes,3.9,2024-03-25,19.88
VL2922,Radiohead,Kid A,Alternative,2000,Very Good Plus,France,149.8,2508.0,No,Yes,4.5,2025-06-06,83.61
VL2923,Radiohead,Pablo Honey,Alternative,1993,Near Mint,US,,8795.0,Yes,Yes,4.2,2025-10-10,133.22
VL2924,Erykah Badu,Worldwide Underground,R&B,2003,Very Good Plus,Canada,194.5,,No,Yes,4.8,2025-11-07,36.48
VL2925,The Strokes,Is This It,Rock,2001,Near Mint,Canada,154.2,4894.0,Yes,Yes,4.5,2025-07-23,121.25
VL2926,Taylor Swift,Midnights,Pop,2022,Very Good,US,145.8,50064.0,No,No,3.9,2024-08-15,39.44
VL2927,Adele,25,Pop,2015,Very Good Plus,US,164.7,27122.0,No,Yes,4.5,2024-01-04,33.85
VL2928,Mac Miller,Watching Movies with the Sound Off,Hip-Hop,2013,Near Mint,UK,,16708.0,No,Yes,4.0,2025-08-21,111.13
VL2929,Björk,Post,Electronic,1995,Very Good Plus,Canada,175.7,4896.0,No,Yes,4.4,2025-06-18,60.36
VL2930,Tame Impala,The Slow Rush,Rock,2020,Very Good Plus,France,154.3,9701.0,No,Yes,4.5,2024-10-04,
VL2931,Led Zeppelin,Presence,Rock,1976,Near Mint,Japan,159.6,15725.0,No,Yes,4.2,2026-07-03,55.2
VL2932,Nina Simone,Pastel Blues,Jazz,1965,Very Good,Netherlands,187.3,3346.0,No,Yes,4.8,2026-02-25,61.53
VL2933,Lana Del Rey,Norman Fucking Rockwell!,Pop,2019,Very Good,UK,159.2,11501.0,Yes,No,5.0,2026-07-27,138.31
VL2934,Aphex Twin,Richard D. James Album,Electronic,1996,Very Good Plus,UK,180.4,27711.0,No,,,2026-04-14,
VL2935,Kendrick Lamar,To Pimp a Butterfly,Hip-Hop,2015,Mint,Netherlands,170.3,10710.0,No,Yes,4.6,2026-02-25,17.88
VL2936,Kanye West,Graduation,Hip-Hop,2007,Very Good,US,172.4,3619.0,No,Yes,4.0,2025-11-24,29.24
VL2937,The Strokes,Is This It,Rock,2001,Very Good,US,181.8,18175.0,No,Yes,4.8,2025-11-23,49.3
VL2938,Red Hot Chili Peppers,Californication,Rock,1999,Very Good,US,162.9,18237.0,Yes,Yes,5.0,2024-12-07,54.39
VL2939,The Cure,Three Imaginary Boys,Rock,1979,Near Mint,US,169.5,20545.0,,Yes,4.1,2024-05-17,131.7
VL2940,Massive Attack,Blue Lines,Electronic,1991,Very Good Plus,Italy,181.5,13248.0,,Yes,4.3,,23.81
VL2941,Miles Davis,Sketches of Spain,Jazz,1960,Very Good Plus,US,184.4,23065.0,Yes,,4.3,2026-01-08,78.29
VL2942,Queen,News of the World,Rock,1977,Very Good Plus,US,161.2,6633.0,No,Yes,4.6,2025-04-19,74.87
VL2943,Oasis,Standing on the Shoulder of Giants,Rock,2000,Near Mint,Germany,203.1,16764.0,No,Yes,3.9,2026-05-05,155.49
VL2944,Pink Floyd,A Saucerful of Secrets,Rock,1968,Very Good Plus,Japan,155.5,5008.0,No,Yes,4.6,2024-11-03,99.39
VL2945,Beyoncé,B'Day,R&B,2006,Very Good Plus,France,152.6,11085.0,No,Yes,4.4,2024-06-29,46.47
VL2946,Dr. Dre,The Chronic,Hip-Hop,1992,Very Good Plus,Netherlands,145.0,5768.0,Yes,Yes,4.9,2025-03-27,117.23
VL2947,Bob Dylan,Blonde on Blonde,Rock,1966,Very Good Plus,UK,171.2,2332.0,Yes,Yes,4.9,2026-06-24,148.87
VL2948,Mac Miller,Swimming,Hip-Hop,2018,Near Mint,Canada,165.9,2619.0,Yes,Yes,4.1,2024-01-23,221.15
VL2949,Miles Davis,Sketches of Spain,Jazz,1960,Near Mint,US,141.0,20809.0,No,Yes,4.7,2024-02-04,33.81
VL2950,Pink Floyd,Ummagumma,Rock,1969,Near Mint,Canada,194.0,6039.0,No,Yes,4.5,2026-04-17,55.08
VL2951,The Strokes,Room on Fire,Rock,2003,Very Good,UK,189.6,6726.0,No,No,4.2,2024-07-10,25.97
VL2952,Mac Miller,Swimming,Hip-Hop,2018,Very Good,Germany,178.2,11886.0,No,Yes,4.2,2026-03-05,73.26
VL2953,Nas,Illmatic,Hip-Hop,1994,Very Good,UK,204.7,48160.0,No,Yes,4.5,2024-02-08,26.53
VL2954,Adele,19,Pop,2008,Very Good Plus,Netherlands,168.6,16469.0,No,Yes,4.3,2024-06-08,44.58
VL2955,Bob Dylan,Bringing It All Back Home,Folk,1965,Mint,UK,170.8,46929.0,No,Yes,4.9,2024-07-14,61.38
VL2956,Aretha Franklin,Spirit in the Dark,Soul,1970,Very Good Plus,Netherlands,200.5,,No,No,4.4,2025-10-06,57.01
VL2957,Daft Punk,Random Access Memories,Electronic,2013,Very Good Plus,UK,194.4,17494.0,No,Yes,4.5,2026-04-12,22.44
VL2958,Jimi Hendrix,Are You Experienced,Rock,1967,Very Good Plus,US,174.7,14735.0,No,,4.6,2024-02-03,51.73
VL2959,Arctic Monkeys,"Whatever People Say I Am, That's What I'm Not",Rock,2006,Very Good,US,180.8,15963.0,,,4.0,2024-11-30,29.25
VL2960,SZA,Ctrl,R&B,2017,Near Mint,,156.5,17698.0,No,Yes,4.3,2026-04-28,83.43
VL2961,The Rolling Stones,Some Girls,Rock,1978,Near Mint,Japan,189.9,18424.0,,Yes,4.6,2024-07-08,60.36
VL2962,Björk,Vespertine,Electronic,2001,Near Mint,UK,190.2,2583.0,No,Yes,3.9,2025-10-15,146.22
VL2963,Billie Eilish,Happier Than Ever,Pop,2021,Very Good,Italy,168.7,4121.0,No,Yes,4.3,2025-02-26,27.1
VL2964,Daft Punk,Random Access Memories,Electronic,2013,Near Mint,US,182.9,12564.0,No,Yes,4.6,2026-03-24,49.54
VL2965,Kendrick Lamar,"good kid, m.A.A.d city",Hip-Hop,2012,Very Good Plus,France,177.5,13782.0,No,Yes,4.7,2025-10-13,34.41
VL2966,The Doors,L.A. Woman,Rock,1971,Very Good Plus,Germany,143.4,,No,Yes,4.1,,43.6
VL2967,Amy Winehouse,Frank,Soul,2003,Very Good,France,185.9,8868.0,Yes,Yes,4.7,2025-03-10,49.95
VL2968,Mac Miller,Swimming,Hip-Hop,2018,Very Good Plus,Germany,192.3,,Yes,Yes,3.8,2024-12-23,73.94
VL2969,SZA,Ctrl,R&B,2017,Very Good,UK,158.8,7493.0,Yes,Yes,4.7,2024-11-07,26.19
VL2970,The Rolling Stones,Tattoo You,Rock,1981,Very Good Plus,UK,180.6,4751.0,Yes,Yes,4.8,2024-04-15,72.8
VL2971,Lauryn Hill,The Miseducation of Lauryn Hill,R&B,1998,Very Good,US,184.4,5044.0,No,Yes,4.9,2024-10-02,
VL2972,Arctic Monkeys,AM,Rock,2013,Good,US,206.8,6905.0,No,Yes,5.0,2026-01-20,36.39
VL2973,Depeche Mode,Speak & Spell,Electronic,1981,Near Mint,Italy,161.4,1821.0,,,4.5,2025-07-29,153.6
VL2974,The Smiths,The Queen Is Dead,Alternative,1986,Very Good,Japan,191.5,14395.0,No,Yes,4.5,2026-02-28,28.69
VL2975,Kid Cudi,Man on the Moon II,Hip-Hop,2010,Very Good Plus,UK,175.4,8016.0,Yes,Yes,4.0,2024-08-24,86.92
VL2976,Daft Punk,Homework,Electronic,1997,Mint,US,187.6,9839.0,No,Yes,4.5,2025-02-10,59.61
VL2977,Radiohead,The Bends,Alternative,1995,Very Good,Japan,178.3,14133.0,No,No,4.6,2026-02-11,26.38
VL2978,Kid Cudi,Man on the Moon: The End of Day,Hip-Hop,2009,Near Mint,US,205.9,10883.0,Yes,Yes,4.2,2026-07-06,57.16
VL2979,Gorillaz,Demon Days,Alternative,2005,Very Good,US,152.6,7502.0,No,Yes,4.3,2026-01-17,66.24
VL2980,Adele,30,,2021,Very Good Plus,US,176.0,22723.0,No,,4.5,2025-02-01,67.43
VL2981,Mac Miller,Blue Slide Park,Hip-Hop,2011,Very Good Plus,Australia,197.7,1830.0,No,No,4.8,2024-07-15,82.71
VL2982,Nas,It Was Written,Hip-Hop,1996,Very Good,UK,189.7,8869.0,No,No,4.1,2025-06-03,42.3
VL2983,Depeche Mode,Music for the Masses,Electronic,1987,Very Good Plus,Italy,184.9,30124.0,Yes,Yes,4.2,2026-03-06,44.23
VL2984,Nirvana,Bleach,Rock,1989,Near Mint,UK,153.2,6240.0,No,Yes,4.3,2024-06-29,72.79
VL2985,The Beatles,The Beatles,Rock,1968,Very Good Plus,Netherlands,182.7,15822.0,No,Yes,4.8,2024-07-04,44.57
VL2986,Aaliyah,Age Ain't Nothing but a Number,R&B,1994,Very Good,Germany,179.8,34678.0,No,Yes,4.1,2025-10-20,37.65
VL2987,Frank Ocean,Blonde,R&B,2016,Very Good,US,183.1,37898.0,No,Yes,4.9,2024-10-28,29.78
VL2988,The Beach Boys,Sunflower,Rock,1970,,France,178.0,9993.0,Yes,Yes,4.5,2024-04-20,35.91
VL2989,John Coltrane,Ascension,Jazz,1966,,UK,165.7,6071.0,No,Yes,4.5,2025-07-06,124.26
VL2990,Kendrick Lamar,To Pimp a Butterfly,Hip-Hop,2015,Near Mint,Italy,187.0,34202.0,No,Yes,4.6,2025-08-07,115.6
VL2991,Erykah Badu,Worldwide Underground,R&B,2003,Near Mint,Germany,190.3,16217.0,No,Yes,3.9,2024-05-12,65.98
VL2992,David Bowie,Aladdin Sane,Rock,1973,Very Good Plus,Australia,166.5,60000.0,No,Yes,4.6,2026-02-28,64.94
VL2993,Fleetwood Mac,Fleetwood Mac,Rock,1975,Very Good Plus,UK,172.3,24004.0,No,,,2024-05-31,
VL2994,"Tyler, The Creator",Flower Boy,Hip-Hop,2017,Very Good Plus,Germany,180.4,3078.0,Yes,Yes,4.6,2026-04-27,59.03
VL2995,Prince,1999,Pop,1982,Mint,US,212.0,28907.0,No,Yes,4.2,2024-01-18,40.02
VL2996,Bruno Mars,Doo-Wops & Hooligans,Pop,2010,Very Good Plus,US,179.8,10560.0,No,Yes,4.2,2024-01-07,46.76
VL2997,Depeche Mode,Music for the Masses,Electronic,1987,,Italy,200.5,8358.0,No,Yes,4.0,2025-03-20,62.17
VL2998,Jay-Z,Reasonable Doubt,Hip-Hop,1996,Very Good,UK,186.5,15187.0,No,Yes,4.6,2026-04-29,57.54
VL2999,The Cure,Faith,Alternative,1981,,Italy,170.7,8518.0,No,Yes,,2024-11-03,84.67
VL3000,Aaliyah,Age Ain't Nothing but a Number,R&B,1994,Near Mint,UK,176.1,15129.0,No,Yes,3.5,2026-06-12,127.86
VL3001,Radiohead,Amnesiac,Alternative,2001,Very Good Plus,France,182.7,13318.0,No,Yes,3.9,2025-08-02,71.33
VL3002,Amy Winehouse,Back to Black,Soul,2006,Very Good,UK,166.0,13297.0,No,Yes,4.3,2024-11-12,29.68
VL3003,Bob Marley & The Wailers,Catch a Fire,Reggae,1973,Near Mint,Canada,177.5,5940.0,Yes,Yes,4.5,2026-01-30,130.08
VL3004,Depeche Mode,Speak & Spell,Electronic,1981,Near Mint,Japan,178.0,12123.0,No,,4.3,2025-05-26,41.07
VL3005,Arctic Monkeys,Favourite Worst Nightmare,Rock,2007,Good,US,178.0,6020.0,No,Yes,4.2,2024-06-19,35.16
VL3006,2Pac,Me Against the World,Hip-Hop,1995,Very Good Plus,Germany,196.1,12454.0,No,Yes,4.7,2025-10-25,60.85
VL3007,Depeche Mode,Speak & Spell,Electronic,1981,Very Good Plus,Netherlands,206.9,56113.0,Yes,Yes,4.5,2025-10-08,42.62
VL3008,Bob Dylan,Blood on the Tracks,Rock,1975,Very Good,Japan,156.3,10629.0,No,Yes,4.4,2025-01-18,21.17
VL3009,The Smiths,The Smiths,Alternative,1984,Very Good,US,185.2,10427.0,No,Yes,4.0,2025-07-06,27.55
VL3010,Led Zeppelin,Houses of the Holy,Rock,1973,Near Mint,US,149.3,8041.0,No,Yes,4.6,2025-08-12,55.56
VL3011,Beyoncé,Lemonade,R&B,2016,Good,US,193.8,52218.0,No,No,5.0,2026-03-30,12.92
VL3012,,Exile on Main St.,Rock,1972,Near Mint,Netherlands,189.8,4753.0,No,Yes,4.7,2026-02-25,23.59
VL3013,Fleetwood Mac,Tango in the Night,Rock,1987,Very Good Plus,Germany,177.7,,,Yes,4.7,2026-06-09,18.11
VL3014,Aaliyah,Age Ain't Nothing but a Number,R&B,1994,Very Good Plus,Canada,185.4,3710.0,,Yes,5.0,2024-11-09,63.13
VL3015,Tame Impala,The Slow Rush,Rock,2020,Very Good Plus,US,175.2,16965.0,No,,4.8,2025-03-12,71.93
VL3016,Taylor Swift,1989,Pop,2014,Very Good Plus,Japan,173.0,10727.0,Yes,Yes,4.5,2024-06-13,113.39
VL3017,J Dilla,Donuts,Hip-Hop,2006,Very Good Plus,US,184.0,14390.0,No,No,4.1,2026-02-09,22.14
VL3018,Elton John,Honky Château,Rock,1972,Very Good Plus,US,192.5,9883.0,No,Yes,4.9,2024-08-27,60.61
VL3019,The Beach Boys,Pet Sounds,Rock,1966,Very Good,Netherlands,175.6,11495.0,No,Yes,4.8,2026-02-01,43.71
VL3020,The Strokes,First Impressions of Earth,Rock,2005,Very Good Plus,Canada,188.4,13768.0,No,Yes,4.3,2026-04-22,50.1
VL3021,Elton John,Captain Fantastic and the Brown Dirt Cowboy,Rock,1975,Good,UK,190.7,1661.0,No,No,4.6,2024-10-29,51.92
VL3022,Outkast,Southernplayalisticadillacmuzik,Hip-Hop,1994,Very Good,UK,179.6,12672.0,No,Yes,4.5,2024-10-10,56.96
VL3023,Bob Dylan,Highway 61 Revisited,Rock,1965,Near Mint,Netherlands,201.7,7398.0,No,Yes,,2024-04-29,21.67
VL3024,Queen,Queen,Rock,1973,Very Good,US,170.2,14202.0,No,Yes,4.8,2025-06-25,23.87
VL3025,Adele,19,Pop,2008,Very Good Plus,Germany,194.2,15659.0,No,No,4.3,2025-07-08,20.46
VL3026,The Weeknd,Starboy,R&B,2016,Near Mint,France,178.8,5424.0,No,Yes,4.4,2025-09-22,
VL3027,Led Zeppelin,Led Zeppelin II,Rock,1969,Near Mint,Netherlands,184.2,4725.0,Yes,Yes,4.8,2024-11-22,100.85
VL3028,Adele,21,Pop,2011,Mint,US,201.4,35527.0,No,Yes,4.3,2024-05-19,74.05
VL3029,Bob Dylan,Blonde on Blonde,Rock,1966,Near Mint,Germany,187.8,6328.0,No,No,5.0,2024-11-10,63.0
VL3030,Radiohead,The King of Limbs,Alternative,2011,Very Good Plus,France,176.8,13351.0,No,Yes,4.5,,23.17
VL3031,A Tribe Called Quest,Midnight Marauders,Hip-Hop,1993,Very Good Plus,France,185.1,60000.0,No,No,4.5,2024-03-17,16.83
VL3032,Daft Punk,Homework,Electronic,1997,Good,France,165.4,5254.0,No,Yes,4.4,2024-03-15,46.37
VL3033,Led Zeppelin,Physical Graffiti,Rock,1975,Good,Germany,191.8,5180.0,No,Yes,4.1,,43.57
VL3034,Gorillaz,Demon Days,Alternative,2005,Very Good,Netherlands,190.0,5037.0,No,Yes,4.9,2026-07-22,40.83
VL3035,"Tyler, The Creator",Goblin,Hip-Hop,2011,Near Mint,,196.2,12871.0,No,,4.2,2024-10-21,42.46
VL3036,,Exodus,Reggae,1977,Very Good,Germany,199.7,26584.0,No,No,4.5,2025-05-16,
VL3037,Erykah Badu,Baduizm,R&B,1997,Very Good,France,174.5,14831.0,Yes,No,3.6,2025-03-28,27.98
VL3038,MF DOOM,Operation: Doomsday,Hip-Hop,1999,Very Good Plus,Japan,156.3,10361.0,,Yes,4.5,2025-08-20,55.09
VL3039,Radiohead,OK Computer,Alternative,1997,Near Mint,US,198.9,6492.0,No,Yes,4.7,2026-05-02,123.83
VL3040,The Weeknd,Starboy,R&B,2016,Very Good Plus,UK,175.5,52224.0,No,Yes,4.5,2024-07-12,35.29
VL3041,Radiohead,Kid A,Alternative,2000,Near Mint,US,174.8,25637.0,No,No,,2026-03-12,45.2
VL3042,Michael Jackson,Dangerous,Pop,1991,Very Good Plus,US,188.8,19552.0,Yes,Yes,,2026-02-10,39.29
VL3043,Adele,30,Pop,2021,Near Mint,Netherlands,173.6,18388.0,No,No,4.6,2025-12-31,24.28
VL3044,Fleetwood Mac,Mirage,Rock,1982,Very Good Plus,UK,174.2,,No,No,,2025-07-31,28.96
VL3045,Radiohead,OK Computer,Alternative,1997,Very Good Plus,Netherlands,167.1,17979.0,No,Yes,4.1,2026-02-23,81.12
VL3046,"Tyler, The Creator",IGOR,Hip-Hop,2019,Very Good,UK,176.9,10986.0,No,Yes,4.3,2024-08-03,67.4
VL3047,Gorillaz,Demon Days,Alternative,2005,Very Good Plus,,187.2,3235.0,No,Yes,4.4,2024-03-13,85.73
VL3048,Marvin Gaye,What's Going On,Soul,1971,Very Good,US,204.6,26733.0,No,Yes,,2025-09-19,26.3
VL3049,Erykah Badu,Baduizm,R&B,1997,Very Good Plus,Italy,201.2,10120.0,Yes,Yes,4.4,2024-02-19,47.32
VL3050,D'Angelo,Brown Sugar,R&B,1995,Near Mint,Germany,175.7,8919.0,No,Yes,4.6,2024-02-05,68.41
VL3051,Mac Miller,The Divine Feminine,Hip-Hop,2016,Near Mint,Australia,166.3,28094.0,No,Yes,4.6,2024-12-06,49.66
VL3052,Radiohead,The King of Limbs,Alternative,2011,Mint,Japan,203.1,30165.0,No,,4.3,2026-06-24,117.34
VL3053,J Dilla,Welcome 2 Detroit,Hip-Hop,2001,Very Good Plus,,187.3,29533.0,Yes,No,4.7,2024-03-14,46.07
VL3054,Billie Eilish,Hit Me Hard and Soft,Pop,2024,Very Good Plus,Canada,166.5,12672.0,No,Yes,4.5,2026-04-20,53.22
VL3055,Radiohead,The Bends,Alternative,1995,Near Mint,US,203.0,4587.0,,Yes,4.7,,105.88
VL3056,Outkast,Southernplayalisticadillacmuzik,Hip-Hop,1994,Very Good,US,204.0,8048.0,No,Yes,3.9,2025-08-26,76.53
VL3057,Bob Marley & The Wailers,Uprising,Reggae,1980,Very Good Plus,Italy,202.0,,No,Yes,4.3,2025-08-05,33.56
VL3058,David Bowie,Heroes,Rock,1977,Very Good,US,184.7,20931.0,Yes,Yes,4.3,2024-11-18,58.37
VL3059,Björk,Debut,Electronic,1993,Near Mint,US,194.6,35307.0,No,No,3.9,2024-08-15,29.43
VL3060,The Beach Boys,Sunflower,Rock,1970,Very Good Plus,Netherlands,160.6,2532.0,No,No,4.4,2024-04-12,35.4
VL3061,The Cure,Wish,Alternative,1992,Near Mint,Italy,191.9,17701.0,No,No,4.6,2025-06-10,
VL3062,Marvin Gaye,What's Going On,Soul,1971,Near Mint,Australia,169.2,15369.0,No,Yes,3.9,2025-02-01,56.87
VL3063,Outkast,Southernplayalisticadillacmuzik,Hip-Hop,1994,Near Mint,UK,,44220.0,No,Yes,4.2,2025-04-10,30.14
VL3064,Mac Miller,GO:OD AM,Hip-Hop,2015,Very Good,Australia,159.2,2612.0,No,Yes,4.3,2025-12-07,139.8
VL3065,Marvin Gaye,What's Going On,Soul,1971,Mint,US,191.0,2979.0,No,Yes,4.2,2026-01-02,77.42
VL3066,Pearl Jam,Vitalogy,Rock,1994,Very Good Plus,France,195.7,33110.0,No,Yes,4.5,2025-01-11,63.65
VL3067,Aretha Franklin,Lady Soul,Soul,1968,Very Good,US,197.9,979.0,No,No,4.2,2024-01-01,26.02
VL3068,Bob Marley & The Wailers,Catch a Fire,,1973,Very Good,US,220.0,,No,No,4.4,2025-12-12,26.03
VL3069,Tame Impala,Innerspeaker,Rock,2010,Near Mint,Netherlands,175.9,19110.0,No,Yes,4.5,2025-10-17,89.11
VL3070,Elton John,Tumbleweed Connection,Rock,1970,Very Good Plus,US,190.9,60000.0,No,Yes,4.7,2024-05-28,67.35
VL3071,Erykah Badu,Baduizm,R&B,1997,Mint,UK,209.4,7887.0,No,Yes,4.6,2026-05-12,73.48
VL3072,John Coltrane,A Love Supreme,Jazz,1965,Near Mint,,178.2,16058.0,No,Yes,4.6,2025-06-15,131.0
VL3073,Amy Winehouse,Frank,Soul,2003,Near Mint,France,155.0,12532.0,No,Yes,,2025-09-15,48.26
VL3074,,L.A. Woman,Rock,1971,Near Mint,France,184.8,,Yes,Yes,,2024-10-05,84.7
VL3075,The Weeknd,Trilogy,R&B,2012,Near Mint,US,194.4,10160.0,Yes,Yes,4.9,2024-07-30,65.73
VL3076,The Strokes,Is This It,Rock,2001,Very Good,Germany,169.9,23607.0,No,Yes,4.6,2024-04-05,22.88
VL3077,The Notorious B.I.G.,Ready to Die,Hip-Hop,1994,Very Good Plus,UK,179.5,18140.0,No,Yes,4.3,2026-07-01,26.94
VL3078,Red Hot Chili Peppers,Blood Sugar Sex Magik,Rock,1991,Very Good Plus,UK,173.0,15562.0,No,Yes,4.1,2024-07-18,26.4
VL3079,The Beach Boys,Surf's Up,Rock,1971,Very Good Plus,Canada,182.5,60000.0,No,Yes,4.6,2026-03-17,48.73
VL3080,The Beach Boys,Sunflower,Rock,1970,Near Mint,Australia,212.3,6880.0,No,Yes,4.7,2025-10-02,116.93
VL3081,Taylor Swift,Fearless,Pop,2008,Near Mint,UK,184.3,60000.0,No,,4.4,2026-04-14,56.96
VL3082,Pink Floyd,Ummagumma,Rock,1969,Very Good,Canada,201.0,7947.0,Yes,No,4.5,2024-08-08,72.75
VL3083,Nina Simone,Silk & Soul,Soul,1967,Near Mint,US,193.5,12297.0,No,Yes,4.8,2026-04-08,97.55
VL3084,Kate Bush,The Sensual World,Pop,1989,Very Good,UK,179.1,24016.0,No,Yes,4.4,2025-09-02,35.17
VL3085,Pink Floyd,A Saucerful of Secrets,Rock,1968,Near Mint,Canada,194.8,7985.0,,Yes,5.0,2025-08-05,52.75
VL3086,Arctic Monkeys,"Whatever People Say I Am, That's What I'm Not",Rock,2006,Very Good Plus,UK,192.0,7850.0,No,Yes,4.7,2025-05-04,115.97
VL3087,Marvin Gaye,I Want You,Soul,1976,Near Mint,Netherlands,200.7,7370.0,No,Yes,4.8,2024-11-06,93.74
VL3088,Billie Eilish,"When We All Fall Asleep, Where Do We Go?",Pop,2019,Very Good,,210.2,11498.0,No,,4.3,2026-04-23,37.6
VL3089,Outkast,Southernplayalisticadillacmuzik,Hip-Hop,1994,Near Mint,France,167.5,7205.0,No,Yes,4.6,2026-05-13,48.97
VL3090,Lana Del Rey,,Pop,2019,Near Mint,Netherlands,168.0,,Yes,Yes,4.3,2024-02-12,118.16
VL3091,Tame Impala,The Slow Rush,Rock,2020,Very Good Plus,US,163.6,31088.0,Yes,,4.5,2026-02-07,71.78
VL3092,David Bowie,Aladdin Sane,Rock,1973,Very Good Plus,US,159.3,10657.0,Yes,Yes,4.0,,113.56
VL3093,Jimi Hendrix,Axis: Bold as Love,,1967,Very Good Plus,Netherlands,137.0,20888.0,,Yes,4.3,2026-01-03,32.47
VL3094,Pink Floyd,Ummagumma,Rock,1969,Mint,US,172.2,46336.0,Yes,Yes,4.3,2024-03-11,103.19
VL3095,The Rolling Stones,Sticky Fingers,Rock,1971,Very Good,US,176.5,19789.0,No,Yes,,2026-03-06,
VL3096,Mac Miller,Swimming,Hip-Hop,2018,Very Good,UK,170.0,,No,Yes,4.2,2025-01-16,13.35
VL3097,D'Angelo,Brown Sugar,R&B,1995,Good,,172.5,37240.0,No,,5.0,2025-03-12,28.0
VL3098,Led Zeppelin,Physical Graffiti,Rock,1975,Very Good Plus,Germany,,14025.0,Yes,Yes,4.5,2026-05-12,54.78
VL3099,Jay-Z,The Blueprint,Hip-Hop,2001,Very Good,UK,194.8,9776.0,No,Yes,,2025-05-14,
VL3100,The Smiths,The Smiths,Alternative,1984,Very Good,US,188.4,11267.0,No,Yes,4.0,2025-07-24,50.16
VL3101,Portishead,Dummy,Electronic,1994,Very Good Plus,Japan,169.5,27683.0,No,Yes,4.7,2025-07-01,59.18
VL3102,Pink Floyd,The Wall,Rock,1979,Very Good Plus,Italy,179.1,8021.0,No,No,4.6,2024-09-27,30.25
VL3103,Johnny Cash,Johnny Cash at San Quentin,Country,1969,Very Good Plus,UK,211.3,3091.0,No,Yes,4.9,2024-02-13,188.85
VL3104,Miles Davis,Bitches Brew,Jazz,1970,Very Good,US,181.0,41779.0,No,Yes,4.4,2026-01-14,21.26
VL3105,Madonna,Like a Virgin,,1984,Very Good,US,189.2,26197.0,No,,4.7,2024-09-16,49.26
VL3106,The Cure,Wish,Alternative,1992,Mint,US,155.3,22670.0,No,Yes,5.0,2026-04-21,71.72
VL3107,The Notorious B.I.G.,Life After Death,Hip-Hop,1997,Very Good,UK,,2842.0,No,No,4.9,2024-10-12,22.22
VL3108,Led Zeppelin,Led Zeppelin III,Rock,1970,Near Mint,US,182.2,18277.0,Yes,Yes,4.2,,26.88
VL3109,Whitney Houston,Whitney Houston,Pop,1985,Very Good,Canada,167.2,27069.0,,Yes,4.6,2024-05-30,23.44
VL3110,Nina Simone,Pastel Blues,Jazz,1965,Very Good Plus,Netherlands,161.9,7136.0,No,Yes,4.6,2025-03-18,53.25
VL3111,Jay-Z,Reasonable Doubt,Hip-Hop,1996,Near Mint,US,189.7,15835.0,Yes,Yes,4.8,2025-12-10,92.36
VL3112,Outkast,Southernplayalisticadillacmuzik,Hip-Hop,1994,Good,Netherlands,208.0,7104.0,No,,4.5,2025-11-01,40.34
VL3113,Stevie Wonder,Songs in the Key of Life,Soul,1976,Very Good Plus,France,186.9,21307.0,No,Yes,4.4,2026-05-28,85.61
VL3114,Elton John,Madman Across the Water,Rock,1971,Near Mint,Germany,,4316.0,No,Yes,,2025-01-03,68.11
VL3115,Marvin Gaye,I Want You,Soul,1976,Very Good Plus,Australia,186.6,4301.0,No,No,4.1,2025-02-16,52.26
VL3116,Nas,Illmatic,Hip-Hop,1994,Very Good,US,185.9,10227.0,No,Yes,4.0,2024-12-29,
VL3117,Billie Eilish,Happier Than Ever,Pop,2021,Good,Netherlands,184.8,3308.0,No,Yes,3.9,2024-06-29,45.32
VL3118,Bob Marley & The Wailers,Rastaman Vibration,Reggae,1976,Near Mint,Germany,,6565.0,No,No,4.6,2024-12-12,
VL3119,Beyoncé,Dangerously in Love,R&B,2003,Very Good,US,,16503.0,No,No,4.4,2024-06-29,24.84
VL3120,Bob Dylan,John Wesley Harding,Rock,1967,Good,US,,49184.0,No,Yes,4.4,2025-07-22,19.77
VL3121,Radiohead,Pablo Honey,Alternative,1993,Near Mint,US,179.2,12999.0,No,Yes,4.6,2025-05-30,55.09
VL3122,Oasis,Standing on the Shoulder of Giants,Rock,2000,Mint,France,213.3,15234.0,,,4.4,2026-03-19,80.87
VL3123,Outkast,Aquemini,,1998,Near Mint,Canada,187.8,6428.0,Yes,Yes,4.7,2024-06-26,76.65
VL3124,Prince,Purple Rain,Pop,1984,Good,Netherlands,199.0,5133.0,No,Yes,4.4,2025-05-20,37.68
VL3125,Stevie Wonder,Talking Book,Soul,1972,Near Mint,Germany,187.7,6546.0,No,Yes,4.5,2025-11-25,37.96
VL3126,Red Hot Chili Peppers,By the Way,Rock,2002,Very Good Plus,France,169.7,16941.0,No,Yes,,2026-06-28,70.8
VL3127,The Doors,Morrison Hotel,Rock,1970,Mint,Canada,186.2,,No,Yes,3.9,2026-05-17,117.91
VL3128,Radiohead,Pablo Honey,Alternative,1993,Very Good Plus,France,183.4,8791.0,No,Yes,4.7,2025-07-12,40.42
VL3129,Bruno Mars,Doo-Wops & Hooligans,Pop,2010,Very Good,Japan,217.8,5564.0,No,No,5.0,2024-06-13,
VL3130,Fleetwood Mac,Behind the Mask,Rock,1990,Very Good,Japan,,15500.0,No,No,4.5,,22.65
VL3131,Led Zeppelin,Led Zeppelin II,Rock,1969,Mint,Japan,215.8,7356.0,,Yes,4.2,2026-06-21,82.89
VL3132,Pink Floyd,Ummagumma,Rock,1969,Good,Germany,174.1,34811.0,Yes,Yes,4.2,2025-11-24,35.7
VL3133,"Tyler, The Creator",Goblin,Hip-Hop,2011,Very Good Plus,UK,,17632.0,Yes,No,4.7,2024-05-02,75.21
VL3134,Madonna,Like a Prayer,Pop,1989,,US,175.5,4468.0,No,Yes,3.8,2025-06-01,34.9
VL3135,The Rolling Stones,Sticky Fingers,Rock,1971,Very Good Plus,US,161.3,13308.0,No,Yes,4.8,2024-06-19,29.61
VL3136,Jay-Z,Reasonable Doubt,Hip-Hop,1996,Mint,US,185.6,8064.0,No,Yes,4.8,2024-05-31,54.48
VL3137,The Smiths,Meat Is Murder,Alternative,1985,Near Mint,,169.4,,No,Yes,4.6,2025-05-28,91.15
VL3138,Marvin Gaye,I Want You,Soul,1976,Near Mint,US,143.9,48311.0,No,Yes,,2025-06-25,48.34
VL3139,Tame Impala,Lonerism,Rock,2012,Very Good,UK,,9955.0,No,Yes,4.8,2024-10-23,
VL3140,The Beach Boys,Sunflower,,1970,Near Mint,,166.3,13309.0,No,Yes,4.5,2025-07-27,34.4
VL3141,Daft Punk,Discovery,Electronic,2001,Very Good,US,187.6,60000.0,Yes,Yes,4.7,2024-07-13,66.45
VL3142,Pink Floyd,The Wall,Rock,1979,Very Good Plus,US,163.2,52036.0,No,Yes,4.0,2025-02-15,64.19
VL3143,Nina Simone,Silk & Soul,Soul,1967,Very Good,Germany,186.5,35959.0,No,Yes,,2026-03-05,10.0
VL3144,Aretha Franklin,Lady Soul,Soul,1968,Good,France,189.6,18558.0,,No,4.0,2025-10-01,51.63
VL3145,Rihanna,Good Girl Gone Bad,Pop,2007,Very Good Plus,Italy,,7406.0,No,Yes,3.8,2024-05-24,86.14
VL3146,The Weeknd,Trilogy,R&B,2012,Very Good Plus,Netherlands,187.1,11509.0,No,Yes,4.5,2025-02-26,64.53
VL3147,Radiohead,Amnesiac,Alternative,2001,Good,US,202.8,13868.0,No,Yes,,2025-04-14,52.03
VL3148,Daft Punk,Discovery,Electronic,2001,Very Good Plus,,,,No,Yes,5.0,2025-10-26,58.18
VL3149,D'Angelo,Brown Sugar,R&B,1995,Very Good,US,170.7,48013.0,No,No,3.7,2026-01-25,26.23
VL3150,Massive Attack,Mezzanine,Electronic,1998,Very Good,UK,187.4,8760.0,,Yes,4.5,2024-03-07,39.81
VL3151,The Strokes,First Impressions of Earth,Rock,2005,Near Mint,Netherlands,,,No,Yes,3.6,2025-01-10,48.96
VL3152,David Bowie,Young Americans,Rock,1975,Very Good Plus,Japan,173.2,7930.0,Yes,No,4.0,2025-03-19,67.12
VL3153,The Rolling Stones,Aftermath,Rock,1966,,US,149.0,2468.0,Yes,No,4.6,2025-06-21,31.13
VL3154,Led Zeppelin,Led Zeppelin IV,Rock,1971,Good,UK,199.5,5201.0,Yes,No,4.6,2025-01-29,65.72
VL3155,Red Hot Chili Peppers,By the Way,Rock,2002,Very Good,US,191.5,27893.0,No,Yes,,2024-09-29,27.58
VL3156,Prince,Lovesexy,Pop,1988,Very Good Plus,US,180.9,11140.0,No,Yes,4.5,,33.4
VL3157,A Tribe Called Quest,Midnight Marauders,Hip-Hop,1993,Good,Germany,153.6,13223.0,No,No,4.8,,36.16
VL3158,Pink Floyd,Wish You Were Here,Rock,1975,Very Good Plus,US,181.7,14837.0,No,Yes,4.8,2024-07-24,
VL3159,Bob Dylan,The Freewheelin' Bob Dylan,Folk,1963,Near Mint,Germany,162.2,11430.0,,Yes,4.9,2025-01-19,122.23
VL3160,Nina Simone,I Put a Spell on You,Jazz,1965,Good,Netherlands,167.6,31322.0,No,No,4.0,2025-06-28,33.75
VL3161,Elton John,Tumbleweed Connection,Rock,1970,Near Mint,US,180.6,19059.0,,Yes,4.1,2025-07-20,80.73
VL3162,Mac Miller,The Divine Feminine,Hip-Hop,2016,Near Mint,Italy,203.5,24716.0,No,Yes,4.2,2026-04-11,22.9
VL3163,Beyoncé,4,R&B,2011,Very Good Plus,UK,189.9,7678.0,Yes,Yes,4.3,2025-02-01,110.5
VL3164,Oasis,Be Here Now,Rock,1997,Very Good Plus,Netherlands,189.0,37543.0,Yes,Yes,3.3,2024-01-31,67.9
VL3165,Massive Attack,Mezzanine,Electronic,1998,Very Good Plus,Italy,176.3,9284.0,Yes,Yes,4.1,2026-01-04,124.26
VL3166,Billie Eilish,Hit Me Hard and Soft,Pop,2024,Very Good,Italy,184.9,5400.0,Yes,Yes,4.5,2026-02-20,50.53
VL3167,Erykah Badu,Worldwide Underground,R&B,2003,Very Good Plus,Netherlands,,20613.0,,Yes,5.0,2025-08-15,73.22
VL3168,Nina Simone,I Put a Spell on You,Jazz,1965,Very Good,US,158.2,60000.0,No,No,4.3,2025-06-05,27.37
VL3169,Jimi Hendrix,Electric Ladyland,Rock,1968,Very Good Plus,Japan,,12328.0,No,Yes,4.9,2026-05-23,
VL3170,The Strokes,Room on Fire,Rock,2003,Near Mint,Japan,176.2,10275.0,No,No,4.5,2024-07-20,52.4
VL3171,D'Angelo,Brown Sugar,R&B,1995,Good,US,173.6,18507.0,No,No,4.2,2025-10-11,10.0
VL3172,Tame Impala,Currents,Rock,2015,Very Good,Germany,,9537.0,No,Yes,4.5,2025-08-19,35.47
VL3173,SZA,Ctrl,R&B,2017,Very Good,France,182.8,19071.0,No,Yes,4.8,2024-05-03,58.65
VL3174,Marvin Gaye,What's Going On,Soul,1971,,Canada,184.1,21448.0,No,,4.8,2026-04-10,63.42
VL3175,Queen,Jazz,Rock,1978,Near Mint,Canada,169.2,4714.0,No,Yes,4.5,2024-09-01,99.73
VL3176,Pink Floyd,The Piper at the Gates of Dawn,Rock,1967,Very Good,US,194.8,22862.0,No,Yes,4.3,2024-09-28,27.51
VL3177,The Smiths,Meat Is Murder,Alternative,1985,Very Good,France,183.6,6187.0,Yes,Yes,4.3,2024-04-01,63.2
VL3178,Depeche Mode,Speak & Spell,Electronic,1981,Very Good Plus,Germany,202.0,11052.0,No,,4.8,2026-01-18,21.98
VL3179,Aretha Franklin,I Never Loved a Man the Way I Love You,Soul,1967,Good,Italy,195.8,11709.0,No,Yes,,2024-11-27,23.82
VL3180,David Bowie,The Rise and Fall of Ziggy Stardust and the Spiders from Mars,Rock,1972,Mint,UK,176.1,2792.0,Yes,Yes,4.3,2026-01-17,176.41
VL3181,Bruno Mars,24K Magic,Pop,2016,Very Good,UK,,17919.0,No,Yes,3.8,2025-09-23,17.1
VL3182,Queen,Sheer Heart Attack,Rock,1974,Very Good Plus,US,,9570.0,No,Yes,4.4,2024-11-18,43.77
VL3183,Daft Punk,Random Access Memories,Electronic,2013,Very Good Plus,US,190.7,,No,Yes,,2024-06-10,26.59
VL3184,Pink Floyd,The Piper at the Gates of Dawn,Rock,1967,,US,176.0,12396.0,No,No,4.5,2025-07-26,30.12
VL3185,Kendrick Lamar,Mr. Morale & the Big Steppers,Hip-Hop,2022,Very Good Plus,US,186.5,5740.0,No,Yes,4.9,2024-02-23,57.06
VL3186,Madonna,True Blue,Pop,1986,Near Mint,UK,165.6,4544.0,No,No,5.0,2024-11-12,
VL3187,Bob Marley & The Wailers,Rastaman Vibration,Reggae,1976,,Netherlands,185.2,60000.0,No,Yes,4.2,2024-08-25,40.93
VL3188,Billie Eilish,Hit Me Hard and Soft,Pop,2024,Near Mint,Canada,171.6,15539.0,Yes,Yes,4.8,2026-02-25,231.41
VL3189,The Beatles,A Hard Day's Night,Rock,1964,Very Good,Australia,164.3,14217.0,Yes,Yes,4.2,2026-04-14,96.86
VL3190,Marvin Gaye,What's Going On,Soul,1971,Very Good Plus,Italy,192.2,4567.0,No,Yes,4.8,2024-01-08,22.9
VL3191,Beyoncé,Lemonade,R&B,2016,Very Good Plus,France,167.9,5496.0,No,Yes,4.2,2026-02-21,
VL3192,Elton John,Captain Fantastic and the Brown Dirt Cowboy,Rock,1975,Very Good Plus,US,192.6,6496.0,No,Yes,4.4,2025-06-09,22.69
VL3193,Taylor Swift,reputation,Pop,2017,Near Mint,Germany,163.0,11726.0,No,Yes,4.4,,25.18
VL3194,The Rolling Stones,Tattoo You,Rock,1981,Good,US,177.9,21145.0,Yes,No,3.8,2024-01-26,17.36
VL3195,Lana Del Rey,Born to Die,Pop,2012,Very Good Plus,,201.4,6044.0,No,Yes,4.2,2025-06-20,51.44
VL3196,Depeche Mode,Violator,Electronic,1990,Very Good,US,182.7,2727.0,No,Yes,4.7,2026-04-22,15.87
VL3197,Erykah Badu,New Amerykah Part One,R&B,2008,Very Good,US,184.1,10994.0,No,Yes,4.2,2026-08-02,37.32
VL3198,Miles Davis,Bitches Brew,Jazz,1970,Very Good Plus,UK,149.1,16778.0,No,,4.2,2026-01-09,69.81
VL3199,Whitney Houston,Whitney Houston,Pop,1985,Very Good,US,168.5,13538.0,No,No,4.5,2024-11-01,31.88
VL3200,David Bowie,Young Americans,,1975,Mint,Japan,159.8,3594.0,No,,4.8,2024-01-29,95.57
VL3201,MF DOOM,MM..FOOD,Hip-Hop,2004,Very Good,France,183.0,9635.0,Yes,No,4.8,2024-05-28,47.63
VL3202,Michael Jackson,Off the Wall,Pop,1979,Very Good Plus,Germany,203.1,11276.0,No,Yes,3.9,2025-09-07,47.77
VL3203,"Tyler, The Creator",Goblin,Hip-Hop,2011,Mint,Italy,203.9,773.0,No,Yes,4.5,2024-05-09,136.27
VL3204,The Doors,Waiting for the Sun,Rock,1968,Mint,US,192.0,26786.0,No,Yes,3.9,2025-07-15,41.54
VL3205,Bob Marley & The Wailers,Natty Dread,Reggae,1974,Very Good Plus,Australia,188.7,43657.0,No,Yes,4.5,2025-02-15,39.59
VL3206,David Bowie,Diamond Dogs,Rock,1974,Very Good Plus,Germany,201.3,34721.0,No,Yes,4.7,2025-03-21,17.53
VL3207,Adele,21,Pop,2011,Good,Japan,188.3,,No,Yes,4.1,2025-03-07,35.33
VL3208,The Doors,Morrison Hotel,Rock,1970,Very Good Plus,Netherlands,212.7,3836.0,No,Yes,4.2,2026-07-25,62.07
VL3209,Oasis,Definitely Maybe,Rock,1994,Near Mint,Germany,,13470.0,No,Yes,4.6,2025-05-30,66.34
VL3210,Queen,Queen II,Rock,1974,,,193.4,8065.0,No,Yes,4.9,2025-09-17,24.47
VL3211,Led Zeppelin,In Through the Out Door,Rock,1979,Mint,Germany,182.0,16265.0,Yes,Yes,,2026-03-09,82.96
VL3212,Portishead,Dummy,Electronic,1994,Good,France,158.3,15309.0,No,Yes,4.2,2025-10-20,20.57
VL3213,Radiohead,The King of Limbs,,2011,Very Good Plus,US,200.8,3390.0,No,Yes,4.6,2024-07-19,53.76
VL3214,Kanye West,Late Registration,Hip-Hop,2005,Very Good,Japan,153.3,5785.0,,Yes,4.6,2024-01-15,86.39
VL3215,Queen,Sheer Heart Attack,Rock,1974,Near Mint,US,163.5,8863.0,Yes,Yes,3.7,2024-09-26,112.98
VL3216,Fleetwood Mac,Behind the Mask,Rock,1990,,Japan,203.7,5628.0,No,Yes,,2026-01-28,62.21
VL3217,John Coltrane,A Love Supreme,Jazz,1965,Very Good,Netherlands,209.8,7275.0,No,Yes,,2026-03-20,50.53
VL3218,Mac Miller,GO:OD AM,Hip-Hop,2015,Very Good,US,144.4,43438.0,Yes,Yes,4.6,2025-07-28,84.05
VL3219,The Strokes,Is This It,Rock,2001,Near Mint,Germany,177.1,29378.0,No,Yes,4.5,2026-08-17,48.26
VL3220,Massive Attack,Blue Lines,Electronic,1991,Very Good,UK,188.5,4471.0,No,Yes,3.5,2024-11-28,66.12
VL3221,Radiohead,Pablo Honey,Alternative,1993,Very Good,France,177.8,4369.0,Yes,,4.5,2025-02-24,36.79
VL3222,Aretha Franklin,Lady Soul,Soul,1968,Good,,191.1,20804.0,No,No,4.1,2024-07-29,33.92
VL3223,Queen,A Night at the Opera,Rock,1975,Very Good,US,185.1,12546.0,Yes,No,5.0,,84.18
VL3224,Whitney Houston,Whitney,Pop,1987,Very Good,UK,198.9,5568.0,No,Yes,4.1,2024-03-23,44.93
VL3225,Erykah Badu,Baduizm,R&B,1997,,US,187.5,4783.0,No,Yes,4.4,2026-03-18,50.01
VL3226,Gorillaz,Demon Days,Alternative,2005,Very Good Plus,UK,174.6,7098.0,No,,4.5,2024-12-12,27.09
VL3227,Adele,25,Pop,2015,Very Good Plus,Netherlands,196.9,5283.0,No,,4.6,2024-02-22,155.97
VL3228,The Weeknd,Trilogy,R&B,2012,Very Good Plus,UK,,6230.0,No,Yes,4.2,2025-09-01,44.89
VL3229,Beyoncé,B'Day,R&B,2006,Very Good Plus,US,195.2,13443.0,No,Yes,4.4,2024-01-04,25.04
VL3230,Michael Jackson,Dangerous,Pop,1991,Very Good,UK,155.5,7353.0,No,Yes,4.6,2024-03-24,29.15
VL3231,Radiohead,A Moon Shaped Pool,Alternative,2016,Very Good Plus,Germany,184.8,5494.0,No,Yes,4.5,2024-10-18,58.39
VL3232,Marvin Gaye,Let's Get It On,Soul,1973,Near Mint,US,186.7,14768.0,No,Yes,4.4,2025-12-25,
VL3233,Miles Davis,Kind of Blue,Jazz,1959,Near Mint,US,159.4,,Yes,Yes,4.7,2025-11-08,65.79
VL3234,Queen,A Day at the Races,Rock,1976,Very Good Plus,Germany,182.7,35416.0,Yes,Yes,,2024-12-18,35.41
VL3235,Rihanna,ANTI,Pop,2016,Near Mint,UK,169.0,3468.0,No,Yes,,2024-09-20,91.99
VL3236,Lady Gaga,Chromatica,Pop,2020,Very Good,UK,181.1,4681.0,No,Yes,4.3,2025-12-28,
VL3237,Pink Floyd,Meddle,Rock,1971,Near Mint,US,172.0,17565.0,No,Yes,4.2,2024-03-01,71.2
VL3238,Queen,Sheer Heart Attack,Rock,1974,Near Mint,Australia,172.0,56582.0,,No,4.1,2024-10-26,38.89
VL3239,Elton John,Goodbye Yellow Brick Road,Rock,1973,Very Good Plus,Japan,,12399.0,No,Yes,4.8,2025-04-10,
VL3240,Miles Davis,Bitches Brew,Jazz,1970,Very Good Plus,US,180.1,60000.0,No,Yes,4.4,2025-10-03,72.0
VL3241,Prince,Sign o' the Times,Pop,1987,Near Mint,Netherlands,162.7,4111.0,Yes,Yes,4.5,2024-03-06,115.76
VL3242,Red Hot Chili Peppers,Blood Sugar Sex Magik,Rock,1991,Very Good Plus,US,,1959.0,No,No,4.7,2024-03-20,
VL3243,Dolly Parton,Jolene,Country,1974,Very Good Plus,Netherlands,195.4,,Yes,Yes,4.9,2026-06-06,53.29
VL3244,Depeche Mode,Music for the Masses,Electronic,1987,Near Mint,US,204.6,14935.0,No,No,4.9,2025-06-26,29.18
VL3245,"Tyler, The Creator",CALL ME IF YOU GET LOST,,2021,Good,UK,165.9,20264.0,Yes,No,4.6,2025-09-18,34.97
VL3246,Kanye West,Graduation,Hip-Hop,2007,Very Good Plus,Italy,179.7,9014.0,No,Yes,4.4,,121.61
VL3247,,Sunflower,Rock,1970,Very Good Plus,US,150.6,26458.0,No,Yes,3.8,2025-04-21,29.64
VL3248,Taylor Swift,Fearless,Pop,2008,Mint,Italy,167.5,16217.0,,Yes,4.4,2025-10-11,55.5
VL3249,Mac Miller,Swimming,Hip-Hop,2018,Near Mint,Netherlands,172.1,22505.0,No,Yes,4.2,2025-04-13,50.21
VL3250,Wu-Tang Clan,Enter the Wu-Tang (36 Chambers),Hip-Hop,1993,Very Good,Germany,177.3,4368.0,Yes,No,4.3,2026-04-13,20.73
VL3251,Stevie Wonder,Talking Book,Soul,1972,Good,US,201.5,27274.0,Yes,Yes,4.2,2024-12-06,20.42
VL3252,Michael Jackson,Off the Wall,Pop,1979,Very Good Plus,US,204.1,14791.0,No,Yes,5.0,2024-12-12,34.35
VL3253,Marvin Gaye,Let's Get It On,Soul,1973,Mint,UK,178.1,53792.0,Yes,Yes,4.3,2025-11-16,91.97
VL3254,The Smiths,The Smiths,Alternative,1984,Near Mint,France,,7720.0,No,Yes,4.9,2025-02-21,
VL3255,Prince,Dirty Mind,Pop,1980,Near Mint,Japan,188.7,4380.0,Yes,No,4.1,2024-05-23,59.88
VL3256,The Cure,Wish,Alternative,1992,Very Good Plus,Italy,179.1,4479.0,,Yes,4.1,2025-03-22,173.59
VL3257,Beyoncé,4,R&B,2011,Very Good Plus,US,167.8,5786.0,Yes,Yes,4.6,2026-08-01,121.21
VL3258,Prince,Sign o' the Times,Pop,1987,,US,193.1,,Yes,Yes,4.7,2025-07-23,43.9
VL3259,The Smiths,The Smiths,Alternative,1984,Very Good Plus,Italy,176.2,4305.0,No,Yes,5.0,2025-10-31,76.6
VL3260,Led Zeppelin,Led Zeppelin III,Rock,1970,Very Good Plus,Japan,174.5,60000.0,No,Yes,4.9,2024-03-23,78.98
VL3261,Taylor Swift,folklore,,2020,Near Mint,Japan,158.5,6651.0,No,Yes,5.0,2026-07-16,43.07
VL3262,Taylor Swift,reputation,Pop,2017,Very Good Plus,US,184.4,18538.0,No,No,4.0,2025-11-01,47.85
VL3263,Rihanna,,Pop,2007,Near Mint,US,138.5,26756.0,No,Yes,4.1,2025-01-04,45.88
VL3264,Pink Floyd,A Saucerful of Secrets,Rock,1968,Very Good,US,153.0,19475.0,No,Yes,3.9,2025-05-18,30.99
VL3265,The Strokes,Room on Fire,Rock,2003,Near Mint,UK,192.1,23816.0,No,Yes,4.8,2025-09-30,34.25
VL3266,Bob Dylan,Highway 61 Revisited,Rock,1965,Very Good Plus,US,220.0,6160.0,Yes,Yes,3.8,2025-02-17,53.53
VL3267,The Weeknd,Trilogy,R&B,2012,Very Good Plus,France,184.9,17479.0,No,No,4.3,2025-11-16,14.24
VL3268,Bob Dylan,Highway 61 Revisited,Rock,1965,Mint,Canada,178.9,23885.0,No,Yes,4.5,2026-03-25,85.1
VL3269,Red Hot Chili Peppers,By the Way,Rock,2002,Very Good,UK,181.1,5414.0,No,No,4.6,2024-02-13,24.92
VL3270,The Beatles,Help!,Rock,1965,Mint,US,185.5,7558.0,,Yes,3.9,2025-05-25,82.01
VL3271,John Coltrane,Giant Steps,Jazz,1960,Very Good Plus,US,193.3,23898.0,Yes,Yes,4.5,2026-05-07,76.46
VL3272,Mac Miller,Swimming,Hip-Hop,2018,Very Good Plus,UK,159.1,19158.0,No,Yes,4.6,2024-06-19,46.04
VL3273,Bruno Mars,24K Magic,Pop,2016,,US,167.0,13435.0,Yes,,4.3,2026-01-18,50.92
VL3274,Aretha Franklin,I Never Loved a Man the Way I Love You,Soul,1967,Near Mint,UK,184.4,9145.0,Yes,Yes,5.0,2025-12-05,100.51
VL3275,Arctic Monkeys,AM,Rock,2013,Very Good Plus,UK,160.5,6328.0,No,Yes,4.3,2026-01-30,
VL3276,David Bowie,Aladdin Sane,Rock,1973,Very Good Plus,Germany,183.2,4863.0,No,Yes,4.4,2024-10-03,36.06
VL3277,John Coltrane,A Love Supreme,,1965,Near Mint,UK,,3914.0,No,Yes,4.1,2025-09-14,
VL3278,2Pac,Me Against the World,Hip-Hop,1995,Very Good,US,,8130.0,No,Yes,3.9,2024-07-16,35.24
VL3279,The Rolling Stones,Let It Bleed,Rock,1969,Near Mint,France,183.9,19666.0,No,Yes,4.3,2024-07-28,75.79
VL3280,Lana Del Rey,Ultraviolence,Pop,2014,Very Good,US,202.8,10268.0,No,,,2025-12-28,58.99
VL3281,The Beatles,A Hard Day's Night,Rock,1964,Very Good Plus,US,172.8,7644.0,Yes,Yes,4.5,2024-04-02,48.68
VL3282,Nina Simone,Silk & Soul,Soul,1967,Good,Germany,183.4,11112.0,No,Yes,4.1,2025-08-08,43.97
VL3283,Elton John,Goodbye Yellow Brick Road,Rock,1973,Very Good,US,176.0,1666.0,No,,4.3,2025-03-29,43.21
VL3284,Björk,Vespertine,Electronic,2001,Very Good,Netherlands,177.6,9080.0,No,Yes,4.2,2025-02-18,76.48
VL3285,Red Hot Chili Peppers,By the Way,Rock,2002,Very Good,US,207.1,7337.0,No,Yes,4.6,2025-08-11,35.99
VL3286,Pink Floyd,A Saucerful of Secrets,Rock,1968,Very Good,Germany,200.0,10972.0,Yes,Yes,4.7,2025-09-25,68.53
VL3287,Michael Jackson,Dangerous,Pop,1991,Good,US,163.6,24112.0,No,No,4.4,2026-06-07,38.75
VL3288,The Beatles,Revolver,Rock,1966,Very Good Plus,UK,161.9,6359.0,Yes,Yes,4.6,2025-01-22,73.38
VL3289,Fleetwood Mac,Behind the Mask,Rock,1990,Near Mint,Japan,185.6,5001.0,No,No,4.7,2025-10-07,25.54
VL3290,D'Angelo,Brown Sugar,R&B,1995,Near Mint,Germany,194.2,8572.0,No,Yes,4.4,2024-04-01,64.04
VL3291,Pearl Jam,Vs.,Rock,1993,Mint,UK,195.0,8960.0,No,Yes,4.0,2026-02-06,94.07
VL3292,Queen,Jazz,Rock,1978,Very Good,Italy,172.1,9002.0,,,5.0,2024-02-24,18.64
VL3293,The Rolling Stones,Tattoo You,Rock,1981,Good,US,177.9,9437.0,,Yes,4.0,2025-05-23,50.84
VL3294,Queen,A Day at the Races,Rock,1976,Near Mint,US,187.7,24420.0,No,Yes,5.0,2024-04-19,56.16
VL3295,Kendrick Lamar,,Hip-Hop,2017,Very Good Plus,Japan,175.4,5867.0,No,Yes,4.0,2025-09-01,20.51
VL3296,Pink Floyd,A Saucerful of Secrets,Rock,1968,Near Mint,UK,184.8,8835.0,Yes,,4.3,2026-05-26,74.7
VL3297,Massive Attack,Protection,Electronic,1994,Very Good Plus,US,181.4,13520.0,No,No,4.4,2025-07-30,118.36
VL3298,Bob Marley & The Wailers,Exodus,Reggae,1977,Near Mint,Italy,,37541.0,No,Yes,4.3,2024-12-01,47.95
VL3299,Mac Miller,,,2015,Very Good,Germany,191.8,3837.0,Yes,Yes,4.0,2025-07-22,
VL3300,Pink Floyd,More,Rock,1969,Very Good Plus,Netherlands,180.7,31465.0,No,Yes,4.0,2025-04-21,55.57
VL3301,Billie Eilish,Hit Me Hard and Soft,Pop,2024,Good,Japan,171.7,16407.0,No,Yes,4.2,2024-09-16,
VL3302,Aretha Franklin,I Never Loved a Man the Way I Love You,Soul,1967,Very Good Plus,US,166.5,10744.0,No,Yes,,2025-09-12,38.05
VL3303,Madonna,True Blue,Pop,1986,Very Good,Italy,191.7,13514.0,No,Yes,4.3,,52.39
VL3304,The Smiths,The Smiths,Alternative,1984,Very Good Plus,Japan,184.7,18271.0,No,Yes,4.2,2025-04-01,36.76
VL3305,The Doors,L.A. Woman,Rock,1971,Very Good Plus,Germany,174.0,,No,Yes,4.4,2026-05-30,37.7
VL3306,Nirvana,In Utero,Rock,1993,Mint,Japan,,11264.0,Yes,Yes,3.9,2024-03-11,345.59
VL3307,The Weeknd,Trilogy,R&B,2012,Very Good,US,181.0,17025.0,Yes,No,5.0,2026-07-01,30.46
VL3308,Led Zeppelin,Houses of the Holy,Rock,1973,Near Mint,US,218.3,10275.0,No,Yes,4.2,2024-08-06,33.66
VL3309,D'Angelo,Voodoo,R&B,2000,Near Mint,Germany,189.1,9645.0,Yes,Yes,4.9,2025-08-07,74.57
VL3310,Bob Marley & The Wailers,Kaya,Reggae,1978,Very Good Plus,US,171.2,3474.0,No,Yes,4.1,2025-07-16,58.03
VL3311,Queen,Queen II,Rock,1974,Very Good Plus,Japan,198.2,10880.0,Yes,Yes,5.0,2024-08-02,57.5
VL3312,Bob Marley & The Wailers,Burnin',Reggae,1973,Very Good Plus,Germany,167.2,4784.0,No,Yes,3.9,2024-02-01,33.33
VL3313,The Beatles,Rubber Soul,Rock,1965,Very Good Plus,US,160.7,3325.0,No,Yes,4.9,2024-01-07,78.02
VL3314,Radiohead,In Rainbows,Alternative,2007,Very Good Plus,US,207.3,3613.0,No,Yes,4.8,,
VL3315,Aretha Franklin,Spirit in the Dark,Soul,1970,Very Good,US,177.4,47480.0,Yes,No,4.7,2026-07-11,43.67
VL3316,2Pac,Me Against the World,Hip-Hop,1995,Very Good,US,183.5,12894.0,No,Yes,4.2,2024-05-08,31.98
VL3317,The Cure,Seventeen Seconds,Alternative,1980,Very Good,US,161.4,37261.0,Yes,Yes,5.0,2026-04-27,32.39
VL3318,Pink Floyd,Wish You Were Here,Rock,1975,Near Mint,Netherlands,188.2,28150.0,,No,4.2,2024-08-09,26.03
VL3319,The Smiths,The Smiths,Alternative,1984,Near Mint,,195.9,16339.0,Yes,Yes,4.8,2026-07-02,140.98
VL3320,Bob Dylan,The Freewheelin' Bob Dylan,Folk,1963,Very Good,US,175.4,9116.0,No,Yes,4.8,2024-04-22,
VL3321,Dr. Dre,2001,Hip-Hop,1999,Very Good Plus,France,196.6,24081.0,,Yes,4.4,2025-06-18,
VL3322,The Cure,Wish,Alternative,1992,Very Good Plus,Germany,200.9,16691.0,No,Yes,4.0,2025-08-10,123.76
VL3323,Tame Impala,Innerspeaker,Rock,2010,Very Good,Japan,205.6,11287.0,Yes,Yes,4.4,2026-07-16,31.17
VL3324,Stevie Wonder,Innervisions,Soul,1973,Very Good Plus,Canada,,23715.0,No,Yes,4.5,2024-08-15,56.28
VL3325,Nas,Illmatic,Hip-Hop,1994,Very Good Plus,Netherlands,171.3,10679.0,No,Yes,,2025-12-23,
VL3326,Beyoncé,Dangerously in Love,R&B,2003,Near Mint,Netherlands,190.5,3645.0,No,Yes,4.6,2026-06-27,44.16
VL3327,Lana Del Rey,Honeymoon,Pop,2015,Near Mint,UK,178.8,,No,Yes,4.4,2026-01-26,23.7
VL3328,Lady Gaga,The Fame,Pop,2008,Near Mint,Japan,184.2,14013.0,No,Yes,4.0,2026-01-11,92.25
VL3329,Radiohead,A Moon Shaped Pool,Alternative,2016,Good,,161.7,18356.0,Yes,No,4.2,2024-11-22,21.48
VL3330,Bob Marley & The Wailers,Rastaman Vibration,Reggae,1976,Mint,Netherlands,182.2,13226.0,No,Yes,4.7,2024-05-22,242.38
VL3331,Whitney Houston,Whitney Houston,Pop,1985,Very Good Plus,Japan,143.2,9622.0,No,Yes,4.8,2024-03-30,18.82
VL3332,The Beatles,Revolver,Rock,1966,Very Good,Germany,194.6,9992.0,No,Yes,,2025-03-28,54.98
VL3333,Nina Simone,Pastel Blues,Jazz,1965,Good,UK,202.4,30339.0,No,Yes,4.7,2024-05-14,33.81
VL3334,John Coltrane,Ascension,Jazz,1966,Very Good Plus,Japan,179.7,8544.0,,Yes,,2025-06-19,70.65
VL3335,A Tribe Called Quest,Midnight Marauders,Hip-Hop,1993,Very Good,US,180.3,4485.0,Yes,Yes,4.9,2026-06-26,75.48
VL3336,Whitney Houston,I'm Your Baby Tonight,Pop,1990,Near Mint,US,174.2,8476.0,No,Yes,4.1,2024-12-29,93.88
VL3337,Nas,It Was Written,Hip-Hop,1996,,UK,180.8,4330.0,No,Yes,4.5,2024-06-08,35.75
VL3338,Erykah Badu,Baduizm,R&B,1997,Very Good Plus,US,200.2,7942.0,No,Yes,4.5,2024-06-01,81.5
VL3339,Outkast,Stankonia,Hip-Hop,2000,Very Good Plus,Italy,150.7,30794.0,No,Yes,4.1,2026-02-08,41.88
VL3340,Depeche Mode,Speak & Spell,Electronic,1981,Very Good Plus,UK,160.3,8330.0,No,Yes,5.0,2025-12-15,54.01
VL3341,Bob Dylan,Blonde on Blonde,Rock,1966,Very Good Plus,US,167.4,6292.0,Yes,Yes,4.2,2024-07-14,55.01
VL3342,"Tyler, The Creator",CALL ME IF YOU GET LOST,Hip-Hop,2021,Very Good,France,190.4,33410.0,No,Yes,4.1,2025-07-07,12.56
VL3343,Aphex Twin,Richard D. James Album,Electronic,1996,Near Mint,US,165.9,8090.0,No,,4.3,2025-10-27,97.19
VL3344,The Rolling Stones,Let It Bleed,Rock,1969,Near Mint,US,171.3,,No,,5.0,2025-06-06,
VL3345,Gorillaz,Plastic Beach,Alternative,2010,Very Good Plus,Australia,200.1,11526.0,Yes,Yes,4.6,2025-01-27,60.14
VL3346,Kate Bush,The Kick Inside,Pop,1978,Very Good Plus,Japan,169.5,5866.0,No,Yes,5.0,2025-04-24,29.41
VL3347,SZA,Ctrl,,2017,Good,US,193.6,3515.0,No,Yes,3.6,2024-12-24,
VL3348,Led Zeppelin,Led Zeppelin III,Rock,1970,Very Good Plus,US,,24712.0,No,Yes,4.9,2024-10-17,48.66
VL3349,Nirvana,In Utero,Rock,1993,Very Good,UK,174.5,9107.0,No,Yes,4.1,2025-01-22,19.13
VL3350,The Weeknd,Starboy,R&B,2016,Very Good Plus,Australia,160.1,16852.0,Yes,No,4.5,2025-04-02,24.43
VL3351,Lana Del Rey,Norman Fucking Rockwell!,Pop,2019,Very Good,France,174.7,7802.0,No,,4.6,2024-09-26,64.66
VL3352,Massive Attack,100th Window,Electronic,2003,Very Good,Japan,170.6,39655.0,No,Yes,4.8,,28.48
VL3353,The Doors,The Soft Parade,Rock,1969,Very Good Plus,US,161.3,8051.0,No,Yes,4.3,2026-05-08,
VL3354,The Beach Boys,Sunflower,Rock,1970,Good,UK,164.4,8694.0,No,No,4.2,2024-07-24,21.6
VL3355,Daft Punk,Homework,,1997,Good,UK,155.4,3987.0,Yes,Yes,4.1,2025-05-17,89.71
VL3356,Beyoncé,Lemonade,R&B,2016,Very Good Plus,US,183.8,4531.0,No,Yes,4.2,2025-06-29,42.97
VL3357,Mac Miller,Watching Movies with the Sound Off,Hip-Hop,2013,Very Good Plus,US,185.4,21456.0,No,Yes,4.9,2026-05-21,23.52
VL3358,Oasis,Be Here Now,Rock,1997,Very Good,US,182.4,10369.0,No,No,4.4,2025-04-01,21.92
VL3359,Queen,Queen II,Rock,1974,Very Good Plus,Australia,153.4,9814.0,No,No,4.2,2025-03-07,32.87
VL3360,The Beatles,Rubber Soul,Rock,1965,Near Mint,Japan,196.4,17106.0,No,Yes,4.4,2025-04-21,67.07
VL3361,Nina Simone,Pastel Blues,Jazz,1965,Very Good Plus,UK,187.6,2346.0,No,No,,2024-11-11,53.54
VL3362,Kid Cudi,Man on the Moon: The End of Day,Hip-Hop,2009,Very Good Plus,US,182.7,12028.0,No,No,4.4,2024-06-23,38.63
VL3363,Queen,The Game,Rock,1980,Very Good,UK,185.7,23575.0,No,,4.6,2026-02-13,79.35
VL3364,Amy Winehouse,Back to Black,Soul,2006,Very Good,US,170.0,54587.0,No,Yes,4.4,2026-03-10,36.94
VL3365,Massive Attack,Protection,Electronic,1994,,US,164.6,11099.0,Yes,Yes,4.6,2026-05-10,20.53
VL3366,The Beatles,Abbey Road,Rock,1969,Near Mint,UK,202.6,12687.0,Yes,No,3.6,2024-06-09,62.19
VL3367,Taylor Swift,1989,Pop,2014,Near Mint,Germany,182.3,14263.0,No,No,4.2,2024-08-23,52.31
VL3368,Oasis,(What's the Story) Morning Glory?,Rock,1995,Very Good Plus,US,203.1,8215.0,No,No,4.7,2025-01-06,47.53
VL3369,J Dilla,Donuts,Hip-Hop,2006,Good,UK,174.2,9044.0,No,Yes,4.6,2025-03-05,25.77
VL3370,Aphex Twin,Selected Ambient Works 85–92,Electronic,1992,Good,Netherlands,195.5,19564.0,No,Yes,3.8,2025-12-16,24.67
VL3371,John Coltrane,Ascension,Jazz,1966,Near Mint,Australia,173.2,20423.0,No,Yes,,2025-02-08,55.22
VL3372,Lady Gaga,The Fame,Pop,2008,Very Good Plus,Japan,207.2,25070.0,No,Yes,4.7,2025-04-24,48.52
VL3373,Frank Ocean,Channel Orange,R&B,2012,Very Good Plus,UK,154.9,,No,Yes,4.3,2024-08-22,36.67
VL3374,Gorillaz,Plastic Beach,Alternative,2010,Good,US,,16380.0,No,Yes,4.5,2025-04-04,17.43
VL3375,Kanye West,My Beautiful Dark Twisted Fantasy,Hip-Hop,2010,Very Good,UK,155.0,4002.0,No,,4.4,2025-11-21,38.0
VL3376,Massive Attack,Blue Lines,Electronic,1991,Very Good,Netherlands,168.2,29087.0,No,Yes,,2026-02-25,23.76
VL3377,Pink Floyd,The Piper at the Gates of Dawn,Rock,1967,Good,Canada,,13831.0,No,Yes,4.3,2026-03-31,50.67
VL3378,Gorillaz,Demon Days,Alternative,2005,Very Good Plus,Japan,,9927.0,No,Yes,4.2,2026-08-09,58.32
VL3379,Nirvana,Bleach,Rock,1989,Very Good,UK,176.4,10683.0,No,No,4.7,2025-12-24,45.85
VL3380,Stevie Wonder,Talking Book,Soul,1972,Near Mint,Japan,213.0,16087.0,No,Yes,4.0,2024-09-09,23.99
VL3381,The Beatles,Let It Be,Rock,1970,Very Good,Italy,176.5,60000.0,No,Yes,3.9,2025-01-08,28.1
VL3382,Kanye West,My Beautiful Dark Twisted Fantasy,Hip-Hop,2010,Very Good,UK,202.2,14563.0,No,Yes,4.4,2025-05-30,63.3
VL3383,The Cure,Wish,Alternative,1992,Very Good Plus,US,169.0,27264.0,No,Yes,4.4,2024-03-06,
VL3384,Bruno Mars,24K Magic,Pop,2016,Very Good Plus,US,,5620.0,No,Yes,4.7,2026-03-09,25.92
VL3385,Queen,A Day at the Races,Rock,1976,Very Good Plus,Australia,168.9,15070.0,No,No,4.7,2024-06-04,68.5
VL3386,MF DOOM,MM..FOOD,Hip-Hop,2004,Very Good Plus,Japan,202.3,10627.0,No,Yes,,2026-03-02,29.61
VL3387,Bob Dylan,Bringing It All Back Home,Folk,1965,Very Good,France,175.5,8683.0,No,Yes,4.9,2025-08-25,66.22
VL3388,Lana Del Rey,Born to Die,Pop,2012,Very Good Plus,Canada,186.8,25514.0,No,No,4.2,2024-06-07,41.62
VL3389,Portishead,Portishead,Electronic,1997,Very Good,UK,173.6,22194.0,,No,4.3,2026-06-05,
VL3390,David Bowie,Scary Monsters,Rock,1980,Good,Canada,175.9,33631.0,Yes,No,5.0,2024-11-22,
VL3391,Arctic Monkeys,Favourite Worst Nightmare,Rock,2007,Very Good,Germany,174.7,13403.0,No,Yes,4.2,2026-04-14,10.72
VL3392,Bob Dylan,Highway 61 Revisited,Rock,1965,Near Mint,UK,161.3,14899.0,No,,4.2,2025-03-21,72.0
VL3393,Johnny Cash,At Folsom Prison,Country,1968,Near Mint,Canada,,14765.0,Yes,Yes,4.2,2024-11-12,
VL3394,The Cure,Disintegration,Alternative,1989,Good,US,163.4,16760.0,No,Yes,4.0,2024-12-12,
VL3395,Kanye West,Graduation,Hip-Hop,2007,Very Good Plus,Canada,165.6,6474.0,No,Yes,4.2,2026-04-18,62.91
VL3396,Amy Winehouse,Back to Black,Soul,2006,Very Good Plus,Japan,151.6,,No,Yes,4.5,,
VL3397,Taylor Swift,1989,Pop,2014,Very Good Plus,Germany,,5885.0,No,Yes,4.4,2025-06-10,29.27
VL3398,SZA,SOS,R&B,2022,Very Good Plus,UK,167.3,2994.0,No,No,4.2,2024-05-31,177.25
VL3399,Kid Cudi,Man on the Moon: The End of Day,Hip-Hop,2009,Mint,US,191.8,,No,Yes,4.4,2025-09-16,75.26
VL3400,Massive Attack,100th Window,Electronic,2003,Near Mint,,,14315.0,No,Yes,4.6,2025-01-17,61.86
VL3401,Kate Bush,The Kick Inside,Pop,1978,Near Mint,US,167.1,60000.0,No,No,4.1,2025-11-29,30.9
VL3402,Pink Floyd,The Dark Side of the Moon,Rock,1973,Near Mint,US,182.4,5214.0,No,Yes,3.9,2024-01-20,120.74
VL3403,Bob Marley & The Wailers,Natty Dread,Reggae,1974,,US,166.3,60000.0,Yes,Yes,4.2,2025-02-05,24.16
VL3404,Billie Eilish,Happier Than Ever,Pop,2021,Near Mint,US,194.7,3438.0,No,Yes,4.4,2025-07-12,70.66
VL3405,Dr. Dre,2001,Hip-Hop,1999,Near Mint,UK,198.9,60000.0,No,Yes,4.4,2025-02-19,35.94
VL3406,Gorillaz,Gorillaz,Alternative,2001,Very Good,Canada,,13318.0,No,Yes,4.3,2024-01-23,54.95
VL3407,Adele,25,Pop,2015,Very Good Plus,Netherlands,151.9,26322.0,No,No,4.9,2026-02-26,33.57
VL3408,Kanye West,Late Registration,Hip-Hop,2005,Very Good,Netherlands,,22333.0,No,Yes,4.5,2026-04-01,
VL3409,The Beatles,Help!,Rock,1965,Very Good Plus,Australia,188.1,27771.0,Yes,Yes,4.9,2025-08-22,52.12
VL3410,Aphex Twin,Selected Ambient Works 85–92,Electronic,1992,Very Good Plus,Japan,188.7,1318.0,No,Yes,3.8,2025-07-17,
VL3411,Outkast,ATLiens,Hip-Hop,1996,Very Good Plus,UK,205.2,3178.0,Yes,Yes,4.4,2026-04-03,28.61
VL3412,Bruno Mars,Doo-Wops & Hooligans,Pop,2010,Very Good Plus,Netherlands,184.5,60000.0,No,Yes,,2024-12-10,102.79
VL3413,"Tyler, The Creator",Wolf,Hip-Hop,2013,Near Mint,Germany,180.5,28299.0,No,Yes,4.1,2024-03-11,55.19
VL3414,Madonna,Ray of Light,Pop,1998,Very Good,Australia,199.3,8062.0,No,No,4.8,2024-08-10,58.68
VL3415,Jimi Hendrix,Electric Ladyland,Rock,1968,Near Mint,US,188.8,12198.0,No,Yes,4.5,2025-04-11,127.26
VL3416,Erykah Badu,Worldwide Underground,R&B,2003,Very Good,UK,206.2,3367.0,,Yes,4.4,2025-02-22,67.6
VL3417,David Bowie,Aladdin Sane,Rock,1973,Very Good,US,176.0,10099.0,No,Yes,4.2,2024-01-01,
VL3418,Pink Floyd,Ummagumma,Rock,1969,Near Mint,US,178.3,30590.0,No,Yes,4.2,2025-12-04,29.73
VL3419,The Weeknd,After Hours,R&B,2020,Near Mint,UK,174.3,10144.0,No,Yes,3.9,2025-08-28,35.83
VL3420,Kendrick Lamar,"good kid, m.A.A.d city",Hip-Hop,2012,,Canada,178.4,5207.0,Yes,No,4.2,2024-12-14,82.21
VL3421,Aretha Franklin,I Never Loved a Man the Way I Love You,Soul,1967,Very Good Plus,UK,175.2,9974.0,,Yes,5.0,2024-03-18,40.5
VL3422,The Beatles,Let It Be,Rock,1970,Near Mint,US,215.0,14916.0,No,Yes,5.0,2026-06-24,88.17
VL3423,Bob Marley & The Wailers,Uprising,Reggae,1980,Near Mint,UK,205.0,10772.0,,Yes,5.0,2025-03-05,31.08
VL3424,Stevie Wonder,Fulfillingness' First Finale,Soul,1974,Very Good,US,191.7,19311.0,No,Yes,5.0,2024-02-24,44.58
VL3425,Frank Ocean,Blonde,R&B,2016,Mint,US,209.5,1934.0,No,No,,2025-01-30,90.92
VL3426,The Doors,L.A. Woman,Rock,1971,Near Mint,Germany,185.9,5801.0,No,Yes,4.3,2024-11-19,29.33
VL3427,The Beatles,The Beatles,Rock,1968,Near Mint,Netherlands,181.8,60000.0,No,Yes,4.7,2024-11-19,53.44
VL3428,Lana Del Rey,Honeymoon,Pop,2015,Very Good,US,168.7,9084.0,Yes,Yes,4.3,2025-01-10,33.22
VL3429,Erykah Badu,Worldwide Underground,R&B,2003,Very Good Plus,Italy,181.5,10325.0,No,Yes,4.7,2026-06-13,31.88
VL3430,The Doors,The Soft Parade,Rock,1969,Very Good Plus,US,174.2,41962.0,No,No,5.0,2025-10-04,32.99
VL3431,The Doors,L.A. Woman,Rock,1971,Very Good Plus,UK,186.4,37950.0,Yes,Yes,4.8,2026-04-06,31.65
VL3432,David Bowie,Heroes,,1977,Very Good Plus,Australia,209.1,11219.0,Yes,Yes,5.0,2024-10-28,63.0
VL3433,Stevie Wonder,Songs in the Key of Life,Soul,1976,Very Good Plus,UK,171.2,26976.0,No,Yes,4.3,2024-11-21,46.35
VL3434,Adele,21,Pop,2011,Very Good,US,189.0,17118.0,No,Yes,4.6,2024-08-24,39.77
VL3435,Elton John,Honky Château,Rock,1972,Very Good Plus,UK,204.8,37195.0,No,Yes,4.2,2024-09-06,15.82
VL3436,Oasis,Standing on the Shoulder of Giants,Rock,2000,Very Good Plus,Netherlands,193.8,18239.0,No,Yes,4.6,2024-06-14,140.51
VL3437,Madonna,Ray of Light,Pop,1998,Good,Canada,171.8,31917.0,Yes,Yes,4.6,2024-12-24,54.28
VL3438,Fleetwood Mac,Rumours,Rock,1977,Very Good Plus,Italy,147.2,35656.0,Yes,Yes,4.5,2025-09-14,125.33
VL3439,Fleetwood Mac,Fleetwood Mac,Rock,1975,Very Good Plus,UK,160.3,8311.0,No,Yes,4.0,2024-07-20,49.53
VL3440,Stevie Wonder,Innervisions,Soul,1973,Very Good,US,170.2,16103.0,No,,4.0,2026-06-05,16.31
VL3441,MF DOOM,Operation: Doomsday,Hip-Hop,1999,Near Mint,Japan,179.4,20574.0,No,Yes,3.9,2025-01-02,
VL3442,Lana Del Rey,Born to Die,Pop,2012,Very Good Plus,Germany,163.6,10885.0,No,Yes,4.7,2024-09-16,112.22
VL3443,Kanye West,Graduation,Hip-Hop,2007,Very Good Plus,US,169.8,5551.0,No,Yes,4.0,2024-11-26,70.13
VL3444,Taylor Swift,Fearless,Pop,2008,Near Mint,UK,175.2,8448.0,No,,,2026-04-15,54.17
VL3445,A Tribe Called Quest,Midnight Marauders,Hip-Hop,1993,Very Good,US,180.3,4889.0,No,No,,2025-08-08,12.9
VL3446,D'Angelo,Voodoo,R&B,2000,Very Good Plus,Italy,188.1,7051.0,Yes,Yes,4.3,2024-12-16,59.05
VL3447,Queen,,Rock,1978,Very Good Plus,US,194.8,5288.0,No,Yes,4.6,2026-04-25,33.53
VL3448,MF DOOM,MM..FOOD,Hip-Hop,2004,Very Good,Netherlands,177.8,34361.0,No,No,4.7,2025-11-01,22.41
VL3449,Frank Ocean,Channel Orange,,2012,Very Good,US,184.3,40898.0,Yes,Yes,5.0,2024-07-25,62.32
VL3450,Taylor Swift,Midnights,Pop,2022,Very Good,US,187.4,42275.0,No,,4.2,2025-10-31,14.32
VL3451,Portishead,Portishead,Electronic,1997,Very Good Plus,Germany,192.2,6733.0,No,No,4.7,2025-05-31,36.52
VL3452,Daft Punk,Homework,Electronic,1997,Very Good,US,172.5,5355.0,No,Yes,4.2,2026-01-26,24.6
VL3453,David Bowie,Diamond Dogs,Rock,1974,Very Good Plus,Japan,188.8,4042.0,No,No,4.3,2026-05-20,
VL3454,Oasis,,Rock,1997,Very Good Plus,UK,181.0,10142.0,No,Yes,4.4,2025-11-17,108.68
VL3455,Frank Ocean,Blonde,R&B,2016,Very Good Plus,Germany,186.0,2963.0,Yes,,4.8,2024-05-20,137.12
VL3456,The Weeknd,After Hours,R&B,2020,Very Good Plus,Netherlands,149.9,17966.0,Yes,Yes,4.3,2025-12-09,35.81
VL3457,Pink Floyd,Animals,Rock,1977,Very Good Plus,US,181.2,,No,,4.6,2024-09-09,53.43
VL3458,Bob Dylan,John Wesley Harding,Rock,1967,Very Good,US,201.3,,No,Yes,4.3,2025-05-30,33.11
VL3459,The Cure,Faith,Alternative,1981,Very Good Plus,US,189.5,11791.0,No,Yes,4.4,2026-06-09,47.3
VL3460,Elton John,Elton John,Pop,1970,,Netherlands,175.0,7825.0,No,Yes,4.2,2024-03-15,34.43
VL3461,MF DOOM,MM..FOOD,Hip-Hop,2004,Very Good Plus,US,196.6,15156.0,No,Yes,4.8,2024-01-13,28.32
VL3462,Led Zeppelin,Led Zeppelin,Rock,1969,Very Good,UK,182.8,5241.0,No,Yes,5.0,2024-08-14,38.59
VL3463,Led Zeppelin,Led Zeppelin,Rock,1969,Very Good,France,,10438.0,No,No,4.1,2025-08-15,44.38
VL3464,Prince,1999,Pop,1982,Very Good,UK,,10974.0,No,No,4.6,2026-02-14,49.9
VL3465,Portishead,Portishead,Electronic,1997,Very Good Plus,US,164.3,27638.0,No,,4.2,2024-07-19,35.67
VL3466,2Pac,Me Against the World,Hip-Hop,1995,Good,US,180.9,3400.0,Yes,No,4.5,2024-07-17,44.03
VL3467,Taylor Swift,Red,,2012,Near Mint,Germany,172.0,41421.0,Yes,Yes,4.5,,89.51
VL3468,Massive Attack,Blue Lines,Electronic,1991,Very Good Plus,UK,185.0,5906.0,No,Yes,,2025-09-18,26.39
VL3469,The Beach Boys,Sunflower,Rock,1970,Very Good,US,172.7,19498.0,Yes,Yes,4.9,2024-02-01,56.46
VL3470,Outkast,Aquemini,Hip-Hop,1998,Near Mint,US,161.6,,Yes,Yes,4.4,2025-04-18,165.32
VL3471,Bob Marley & The Wailers,Catch a Fire,Reggae,1973,Very Good Plus,US,179.9,15152.0,,No,4.9,2025-12-15,52.15
VL3472,,Queen II,Rock,1974,Very Good,US,192.1,14325.0,No,Yes,4.2,2025-03-11,43.28
VL3473,Nirvana,Nevermind,Rock,1991,Very Good Plus,US,165.5,5739.0,No,Yes,4.4,2024-09-10,45.68
VL3474,John Coltrane,Ascension,Jazz,1966,Good,UK,186.9,18290.0,No,Yes,4.4,2025-12-19,78.17
VL3475,Elton John,Elton John,Pop,1970,Near Mint,Germany,174.0,7004.0,No,Yes,4.1,2026-08-17,64.86
VL3476,Prince,Dirty Mind,Pop,1980,Very Good Plus,US,177.0,4200.0,No,Yes,4.8,2025-11-08,64.61
VL3477,John Coltrane,My Favorite Things,Jazz,1961,Near Mint,US,164.9,23708.0,Yes,Yes,4.2,2024-07-27,44.76
VL3478,The Cure,Wish,Alternative,1992,Very Good Plus,US,165.8,24162.0,Yes,Yes,4.6,2025-03-28,105.78
VL3479,Pink Floyd,Animals,Rock,1977,Very Good Plus,Netherlands,192.7,5751.0,Yes,Yes,3.6,2024-05-15,
VL3480,Björk,Post,Electronic,1995,Very Good,US,,,No,Yes,4.2,2026-07-26,152.14
VL3481,Pink Floyd,The Piper at the Gates of Dawn,Rock,1967,Good,UK,174.0,26429.0,No,No,3.9,2024-09-15,20.25
VL3482,Wu-Tang Clan,Enter the Wu-Tang (36 Chambers),Hip-Hop,1993,Mint,UK,192.4,7189.0,No,Yes,4.6,2025-06-13,
VL3483,Elton John,Madman Across the Water,Rock,1971,Very Good,US,188.4,7713.0,Yes,No,4.7,2026-05-24,114.97
VL3484,Led Zeppelin,Led Zeppelin IV,Rock,1971,Near Mint,US,150.9,6523.0,No,Yes,4.7,2024-01-05,40.93
VL3485,Led Zeppelin,Houses of the Holy,Rock,1973,Near Mint,Japan,177.8,24105.0,Yes,Yes,4.3,2026-03-12,86.13
VL3486,Miles Davis,Kind of Blue,Jazz,1959,Very Good,Canada,185.0,15203.0,Yes,No,4.6,2024-08-16,52.08
VL3487,The Weeknd,Starboy,R&B,2016,Very Good,France,200.4,7573.0,No,Yes,4.2,2024-04-07,33.2
VL3488,Nirvana,Nevermind,Rock,1991,Very Good,Italy,175.9,3894.0,No,Yes,4.8,2025-05-18,30.58
VL3489,Pink Floyd,Wish You Were Here,Rock,1975,Very Good Plus,France,177.2,8965.0,Yes,No,4.5,,24.67
VL3490,Michael Jackson,Off the Wall,Pop,1979,Very Good,UK,175.9,9554.0,No,No,4.4,2024-02-24,13.88
VL3491,Bob Dylan,Blonde on Blonde,Rock,1966,Very Good,US,172.8,15880.0,No,Yes,4.5,2024-11-28,
VL3492,Adele,30,Pop,2021,Very Good Plus,Netherlands,155.9,3448.0,Yes,Yes,4.6,2024-11-28,63.92
VL3493,Jimi Hendrix,Electric Ladyland,Rock,1968,Very Good Plus,Germany,163.4,5623.0,Yes,Yes,4.7,2025-09-30,67.61
VL3494,2Pac,Me Against the World,Hip-Hop,1995,Near Mint,US,183.0,8237.0,No,No,4.7,2026-04-19,33.4
VL3495,David Bowie,,Rock,1977,Near Mint,Germany,192.8,17132.0,No,Yes,4.2,2026-08-09,71.97
VL3496,Billie Eilish,,Pop,2021,Very Good Plus,UK,192.5,11900.0,No,Yes,4.6,2024-07-16,29.96
VL3497,Outkast,Aquemini,Hip-Hop,1998,Very Good Plus,Japan,177.4,9763.0,Yes,Yes,4.7,2025-11-10,
VL3498,Aphex Twin,Selected Ambient Works 85–92,Electronic,1992,Good,Netherlands,177.2,13588.0,No,Yes,,2025-06-29,17.2
VL3499,Kate Bush,The Sensual World,Pop,1989,Very Good,Germany,165.4,10521.0,No,No,4.2,2025-07-29,
VL3500,The Weeknd,Trilogy,R&B,2012,Near Mint,UK,158.4,5926.0,,Yes,4.4,2026-02-24,73.6
VL3501,Aphex Twin,Richard D. James Album,Electronic,1996,Very Good,Italy,168.0,51058.0,No,Yes,4.6,2024-07-19,22.24
VL3502,The Rolling Stones,Exile on Main St.,Rock,1972,Very Good Plus,US,178.3,28128.0,Yes,Yes,4.8,2025-07-11,95.11
VL3503,Madonna,Like a Virgin,Pop,1984,Near Mint,Germany,180.9,5127.0,No,Yes,4.4,2025-01-24,105.87
VL3504,Pink Floyd,Animals,Rock,1977,Very Good Plus,Japan,147.7,8692.0,,,4.7,2025-05-12,69.02
VL3505,Kid Cudi,Man on the Moon II,Hip-Hop,2010,Very Good Plus,,176.5,7223.0,No,No,4.9,,11.28
VL3506,Led Zeppelin,In Through the Out Door,Rock,1979,Near Mint,Italy,171.6,24325.0,No,Yes,4.6,2024-09-12,64.8
VL3507,David Bowie,Diamond Dogs,,1974,Mint,US,189.3,8390.0,No,Yes,3.8,2024-07-05,130.04
VL3508,Pink Floyd,Atom Heart Mother,Rock,1970,Very Good Plus,UK,194.7,30121.0,No,Yes,4.4,2024-05-21,24.07
VL3509,D'Angelo,Voodoo,R&B,2000,Good,Germany,161.3,7013.0,No,Yes,4.6,2025-07-06,21.38
VL3510,Bob Marley & The Wailers,Kaya,Reggae,1978,Good,Australia,150.6,5281.0,No,No,4.2,2025-05-27,18.15
VL3511,2Pac,All Eyez on Me,Hip-Hop,1996,Very Good Plus,US,177.5,15828.0,No,Yes,3.8,2026-04-29,45.46
VL3512,"Tyler, The Creator",IGOR,Hip-Hop,2019,Very Good,US,175.2,6098.0,No,Yes,4.1,2025-04-27,18.29
VL3513,Led Zeppelin,Houses of the Holy,Rock,1973,Very Good Plus,US,167.8,17704.0,No,No,3.9,,29.78
VL3514,Bob Dylan,Highway 61 Revisited,Rock,1965,Very Good,UK,156.6,3647.0,No,,4.6,2025-04-11,47.59
VL3515,The Cure,Three Imaginary Boys,Rock,1979,Very Good Plus,Japan,197.6,7362.0,No,Yes,4.4,2024-09-19,71.93
VL3516,Led Zeppelin,Led Zeppelin III,Rock,1970,Very Good,Netherlands,152.7,17114.0,No,No,4.4,2024-11-24,20.0
VL3517,The Strokes,Room on Fire,Rock,2003,Very Good Plus,Germany,189.3,21294.0,No,Yes,4.7,2024-12-31,50.0
VL3518,David Bowie,Lodger,Rock,1979,Very Good Plus,Germany,143.2,16646.0,Yes,Yes,3.8,2025-04-30,149.6
VL3519,MF DOOM,MM..FOOD,Hip-Hop,2004,Near Mint,US,177.9,4072.0,No,Yes,4.5,2026-07-08,
VL3520,Led Zeppelin,Led Zeppelin II,Rock,1969,,Netherlands,176.8,11272.0,Yes,Yes,4.5,2024-04-03,86.45
VL3521,Stevie Wonder,Innervisions,Soul,1973,Very Good Plus,Japan,,8268.0,No,Yes,4.3,2024-01-28,41.02
VL3522,David Bowie,Station to Station,Rock,1976,Mint,Germany,177.0,13795.0,No,Yes,4.3,2025-05-03,
VL3523,Depeche Mode,Music for the Masses,Electronic,1987,Very Good Plus,US,180.9,13149.0,No,Yes,5.0,2026-02-02,30.74
VL3524,David Bowie,,Rock,1977,Good,Japan,174.5,21862.0,No,No,4.7,2024-07-05,26.07
VL3525,Michael Jackson,Dangerous,Pop,1991,Very Good,US,172.5,20495.0,No,Yes,,2025-05-03,28.68
VL3526,"Tyler, The Creator",Cherry Bomb,Hip-Hop,2015,Very Good Plus,UK,164.9,31590.0,No,Yes,4.4,2026-06-12,
VL3527,Kanye West,My Beautiful Dark Twisted Fantasy,Hip-Hop,2010,Good,Japan,132.7,4631.0,No,No,4.3,2025-10-01,53.6
VL3528,Radiohead,In Rainbows,Alternative,2007,Very Good,Germany,198.0,11086.0,,Yes,4.7,2026-07-31,42.51
VL3529,Adele,30,Pop,2021,Good,France,186.2,11386.0,Yes,No,4.1,2025-04-28,35.74
VL3530,David Bowie,Diamond Dogs,Rock,1974,Very Good Plus,,183.4,11384.0,No,Yes,4.4,2025-07-22,56.37
VL3531,The Beatles,Revolver,Rock,1966,Very Good,UK,207.9,16120.0,No,Yes,4.0,2024-05-11,21.9
VL3532,Bob Dylan,John Wesley Harding,Rock,1967,Very Good Plus,Netherlands,161.7,9359.0,No,Yes,5.0,2026-08-15,35.82
VL3533,Erykah Badu,New Amerykah Part One,R&B,2008,Near Mint,UK,192.4,18598.0,No,Yes,4.6,2025-10-31,59.62
VL3534,Massive Attack,Mezzanine,Electronic,1998,Very Good,UK,191.5,10129.0,Yes,Yes,4.7,2024-05-09,22.57
VL3535,Prince,Purple Rain,Pop,1984,Very Good Plus,UK,188.9,27686.0,Yes,Yes,4.3,2025-07-02,26.6
VL3536,Nina Simone,I Put a Spell on You,Jazz,1965,Very Good Plus,US,172.3,19666.0,No,Yes,4.3,2024-06-13,62.45
VL3537,Radiohead,Pablo Honey,Alternative,1993,Very Good Plus,Germany,192.6,10339.0,No,Yes,4.5,2024-11-14,85.0
VL3538,Adele,30,Pop,2021,Very Good Plus,US,202.8,23822.0,No,,,2024-06-23,102.44
VL3539,Bob Marley & The Wailers,Survival,Reggae,1979,Near Mint,US,177.1,2685.0,Yes,Yes,4.7,2024-10-17,
VL3540,"Tyler, The Creator",Wolf,Hip-Hop,2013,Near Mint,UK,203.6,25411.0,No,Yes,4.2,2025-10-02,55.48
VL3541,Rihanna,Good Girl Gone Bad,Pop,2007,Very Good,US,201.3,34590.0,No,No,4.9,2025-12-15,36.17
VL3542,Radiohead,The King of Limbs,Alternative,2011,Very Good Plus,US,187.3,8776.0,No,Yes,4.3,2025-05-12,72.4
VL3543,Prince,1999,Pop,1982,Very Good Plus,US,165.5,7923.0,No,Yes,4.6,2025-04-08,47.56
VL3544,Oasis,Definitely Maybe,Rock,1994,Very Good,Germany,194.5,29204.0,No,Yes,3.9,2026-06-18,18.1
VL3545,Jimi Hendrix,Electric Ladyland,Rock,1968,Very Good Plus,Japan,166.0,10409.0,No,Yes,3.5,2024-01-23,38.28
VL3546,David Bowie,Heroes,Rock,1977,Near Mint,US,177.6,16517.0,No,Yes,4.7,2024-09-17,44.54
VL3547,Rihanna,Good Girl Gone Bad,Pop,2007,Near Mint,Netherlands,196.5,30547.0,No,,4.6,2026-07-08,91.58
VL3548,The Notorious B.I.G.,,Hip-Hop,1997,Near Mint,US,194.7,10465.0,Yes,Yes,5.0,2025-10-26,75.43
VL3549,Erykah Badu,Mama's Gun,R&B,2000,Very Good,US,160.2,14751.0,Yes,Yes,,2024-04-22,20.8
VL3550,Simon & Garfunkel,Bridge over Troubled Water,,1970,Very Good,Canada,198.0,5071.0,Yes,Yes,4.5,2025-12-19,78.19
VL3551,2Pac,All Eyez on Me,Hip-Hop,1996,Near Mint,US,210.0,,No,Yes,4.5,2025-08-13,19.13
VL3552,Taylor Swift,reputation,Pop,2017,Good,US,178.8,40208.0,Yes,Yes,4.4,2026-06-03,44.79
VL3553,Queen,Queen II,Rock,1974,Very Good Plus,US,185.2,26736.0,No,Yes,4.8,2024-12-13,61.74
VL3554,The Beatles,Please Please Me,Rock,1963,Near Mint,Netherlands,191.5,12699.0,No,Yes,5.0,2024-03-11,57.0
VL3555,Miles Davis,Sketches of Spain,,1960,Near Mint,US,159.2,33648.0,Yes,Yes,4.2,2025-02-26,130.18
VL3556,Elton John,Tumbleweed Connection,Rock,1970,Near Mint,US,166.0,8003.0,Yes,Yes,4.7,2026-07-22,77.9
VL3557,Madonna,True Blue,Pop,1986,Very Good,UK,175.0,4857.0,Yes,Yes,4.6,2025-04-17,56.21
VL3558,The Rolling Stones,Exile on Main St.,Rock,1972,Near Mint,US,180.8,60000.0,Yes,Yes,4.4,2026-02-16,41.59
VL3559,Oasis,Be Here Now,Rock,1997,Very Good,US,162.1,5096.0,No,Yes,,2026-03-21,27.18
VL3560,Taylor Swift,Midnights,Pop,2022,Near Mint,Germany,196.5,38754.0,No,Yes,4.7,2026-05-09,78.22
VL3561,Aretha Franklin,Lady Soul,Soul,1968,Very Good Plus,UK,166.1,26770.0,No,Yes,4.3,2024-09-03,32.06
VL3562,Gorillaz,Plastic Beach,Alternative,2010,Very Good Plus,UK,210.0,14660.0,No,Yes,3.9,2025-10-18,69.89
VL3563,Beyoncé,Dangerously in Love,R&B,2003,Near Mint,US,186.6,17331.0,No,Yes,3.8,2025-03-31,
VL3564,D'Angelo,Voodoo,R&B,2000,Very Good,US,167.6,21578.0,Yes,No,4.7,2026-04-21,46.08
VL3565,Elton John,Tumbleweed Connection,Rock,1970,Very Good Plus,US,187.2,9043.0,,Yes,4.7,2024-03-31,70.05
VL3566,Jimi Hendrix,Are You Experienced,Rock,1967,Very Good Plus,UK,208.6,5668.0,,Yes,4.2,2025-12-24,40.87
VL3567,Bob Marley & The Wailers,Rastaman Vibration,,1976,Near Mint,,,7868.0,No,No,4.6,2024-02-18,51.71
VL3568,Rihanna,Good Girl Gone Bad,Pop,2007,Very Good Plus,Germany,172.9,4401.0,,Yes,4.5,2024-07-09,
VL3569,The Weeknd,Trilogy,R&B,2012,Near Mint,US,,6570.0,No,Yes,4.8,2024-01-20,
VL3570,The Beach Boys,Sunflower,Rock,1970,Near Mint,Germany,188.3,4617.0,No,Yes,,2026-03-29,217.4
VL3571,The Cure,Seventeen Seconds,Alternative,1980,Very Good Plus,UK,164.2,28108.0,Yes,Yes,4.1,2024-12-20,35.45
VL3572,Daft Punk,Human After All,Electronic,2005,Near Mint,US,195.9,10346.0,Yes,Yes,4.4,2024-01-17,99.95
VL3573,Taylor Swift,reputation,Pop,2017,Very Good,US,168.3,30420.0,No,Yes,4.3,2026-02-13,23.45
VL3574,David Bowie,Aladdin Sane,Rock,1973,Very Good,US,155.0,20811.0,No,Yes,5.0,2025-06-03,47.57
VL3575,Pink Floyd,A Saucerful of Secrets,Rock,1968,Very Good Plus,US,169.1,23023.0,No,Yes,4.7,2025-08-08,36.95
VL3576,Lana Del Rey,Ultraviolence,Pop,2014,,Netherlands,192.5,14746.0,No,Yes,4.3,2025-11-19,
VL3577,Outkast,Southernplayalisticadillacmuzik,Hip-Hop,1994,Very Good,US,190.1,5989.0,No,Yes,4.8,2025-12-15,66.46
VL3578,The Beatles,Let It Be,Rock,1970,Very Good Plus,Germany,185.0,11595.0,Yes,No,4.1,2025-01-04,76.43
VL3579,Daft Punk,Human After All,Electronic,2005,Mint,US,171.0,11728.0,No,Yes,4.4,2026-06-01,80.22
VL3580,Lana Del Rey,Ultraviolence,Pop,2014,Good,Germany,160.2,13426.0,No,Yes,4.4,2025-02-20,12.68
VL3581,Tame Impala,Innerspeaker,Rock,2010,,US,172.4,11689.0,No,Yes,,2026-05-03,
VL3582,Rihanna,Loud,Pop,2010,Near Mint,Netherlands,220.0,8047.0,No,No,4.6,2024-11-30,54.29
VL3583,Amy Winehouse,Back to Black,Soul,2006,Near Mint,UK,189.0,5982.0,No,Yes,4.4,2025-12-22,
VL3584,The Beatles,Help!,Rock,1965,Very Good Plus,,209.2,4532.0,No,Yes,4.7,2025-08-26,
VL3585,Dolly Parton,Coat of Many Colors,Country,1971,,Japan,198.0,24884.0,No,Yes,4.2,2024-12-06,14.99
VL3586,Led Zeppelin,Led Zeppelin,Rock,1969,Very Good Plus,,182.4,7275.0,No,No,4.4,2026-03-13,34.47
VL3587,Stevie Wonder,Talking Book,Soul,1972,Very Good,UK,161.8,60000.0,No,Yes,4.2,2024-04-23,61.65
VL3588,,Sticky Fingers,Rock,1971,Very Good Plus,US,177.9,12639.0,No,Yes,4.1,2025-05-22,
VL3589,Aphex Twin,Selected Ambient Works 85–92,Electronic,1992,Very Good Plus,UK,192.0,11640.0,No,Yes,4.2,2025-08-19,44.03
VL3590,A Tribe Called Quest,Midnight Marauders,Hip-Hop,1993,Mint,UK,159.7,14050.0,Yes,Yes,4.7,2025-07-22,
VL3591,Madonna,True Blue,Pop,1986,Near Mint,US,203.0,9303.0,Yes,Yes,4.5,2024-03-14,45.97
VL3592,Gorillaz,Demon Days,Alternative,2005,Very Good,Japan,157.6,60000.0,No,Yes,4.6,2024-01-17,66.88
VL3593,J Dilla,Donuts,Hip-Hop,2006,Very Good,UK,173.6,11945.0,No,Yes,4.5,2024-08-29,43.62
VL3594,Whitney Houston,I'm Your Baby Tonight,Pop,1990,Mint,US,192.2,,No,Yes,4.5,,219.56
VL3595,Michael Jackson,Bad,Pop,1987,Very Good,France,161.9,9458.0,,Yes,4.7,2025-08-18,
VL3596,The Cure,Faith,Alternative,1981,Very Good Plus,US,166.5,2628.0,No,Yes,4.9,2026-05-30,94.63
VL3597,David Bowie,Young Americans,Rock,1975,Very Good Plus,Australia,215.7,7973.0,No,No,4.3,2024-06-06,40.38
VL3598,D'Angelo,Voodoo,R&B,2000,Near Mint,Canada,164.4,33392.0,No,No,4.2,2024-05-17,62.18
VL3599,The Notorious B.I.G.,Life After Death,Hip-Hop,1997,,Germany,203.5,9402.0,No,Yes,4.7,2024-07-24,67.65
VL3600,David Bowie,Young Americans,Rock,1975,Near Mint,,189.8,,No,Yes,4.3,2024-10-06,80.03
VL3601,Aphex Twin,Richard D. James Album,Electronic,1996,Near Mint,,161.9,17522.0,No,,4.0,2025-10-01,
VL3602,"Tyler, The Creator",Goblin,Hip-Hop,2011,,Australia,163.6,20321.0,No,No,4.1,2025-06-07,34.43
VL3603,Bob Marley & The Wailers,Catch a Fire,Reggae,1973,Very Good Plus,Italy,177.4,14891.0,No,Yes,4.3,2025-09-17,51.85
VL3604,D'Angelo,Voodoo,R&B,2000,Near Mint,US,171.9,7482.0,No,Yes,4.4,2026-08-18,67.46
VL3605,D'Angelo,Brown Sugar,R&B,1995,Good,Japan,187.6,23445.0,No,No,4.5,,57.1
VL3606,Kanye West,The College Dropout,Hip-Hop,2004,Very Good Plus,,187.8,,Yes,No,4.7,2025-06-16,49.16
VL3607,Red Hot Chili Peppers,Blood Sugar Sex Magik,Rock,1991,Very Good Plus,Netherlands,213.2,34254.0,No,Yes,4.4,2025-02-24,22.04
VL3608,Rihanna,Rated R,Pop,2009,Near Mint,Japan,179.9,8094.0,No,Yes,4.5,2025-12-27,30.36
VL3609,Aaliyah,One in a Million,R&B,1996,Near Mint,France,174.4,,No,Yes,4.6,2026-07-25,61.51
VL3610,Bob Marley & The Wailers,Burnin',Reggae,1973,,Australia,166.3,30608.0,No,,4.3,2026-02-10,72.81
VL3611,Björk,Vespertine,Electronic,2001,Very Good Plus,Japan,176.5,14502.0,,Yes,4.7,2024-07-22,42.15
VL3612,Miles Davis,In a Silent Way,Jazz,1969,Very Good,UK,198.1,8312.0,No,No,5.0,2026-08-09,40.9
VL3613,J Dilla,Donuts,Hip-Hop,2006,Mint,Japan,154.1,11131.0,Yes,Yes,4.6,2025-11-01,136.29
VL3614,Queen,Queen,Rock,1973,Very Good,,163.0,7917.0,No,Yes,,2026-02-01,68.35
VL3615,The Rolling Stones,Aftermath,Rock,1966,Near Mint,UK,215.8,4685.0,,No,4.3,2024-05-14,37.54
VL3616,Queen,Queen,Rock,1973,Very Good,Japan,183.5,12639.0,No,Yes,4.5,2024-10-31,37.52
VL3617,Amy Winehouse,Back to Black,Soul,2006,Very Good Plus,US,190.7,26813.0,No,Yes,4.4,2025-12-25,52.52
VL3618,The Beach Boys,,Rock,1966,Very Good Plus,Italy,183.0,26062.0,No,Yes,5.0,2025-01-17,40.78
VL3619,D'Angelo,Brown Sugar,R&B,1995,Very Good Plus,Netherlands,208.2,,No,Yes,5.0,2024-05-25,50.25
VL3620,Prince,Dirty Mind,Pop,1980,Very Good Plus,US,172.4,11165.0,No,No,4.5,2024-11-20,84.61
VL3621,"Tyler, The Creator",Cherry Bomb,Hip-Hop,2015,Very Good,US,183.8,1610.0,Yes,Yes,4.1,2025-09-01,92.49
VL3622,Mac Miller,GO:OD AM,Hip-Hop,2015,,Netherlands,,23578.0,Yes,Yes,4.6,2025-09-27,58.14
VL3623,Beyoncé,Lemonade,R&B,2016,Good,Netherlands,196.3,16568.0,Yes,No,4.5,2024-10-06,46.21
VL3624,The Beatles,Please Please Me,Rock,1963,Mint,France,167.5,7782.0,No,No,4.7,2025-01-20,68.38
VL3625,The Smiths,"Strangeways, Here We Come",Alternative,1987,Mint,France,208.9,22662.0,No,Yes,4.2,2026-03-14,71.32
VL3626,Rihanna,Good Girl Gone Bad,Pop,2007,Very Good Plus,Germany,179.7,6461.0,No,Yes,4.5,2024-06-26,107.58
VL3627,Michael Jackson,Bad,Pop,1987,Very Good,US,201.4,9728.0,No,No,4.4,2025-05-09,31.11
VL3628,J Dilla,Welcome 2 Detroit,Hip-Hop,2001,Very Good Plus,Japan,182.0,17862.0,No,No,4.8,2026-01-13,44.89
VL3629,The Weeknd,After Hours,,2020,Very Good Plus,Netherlands,177.0,7164.0,No,Yes,4.5,2024-01-03,226.25
VL3630,Michael Jackson,Bad,Pop,1987,Near Mint,US,192.0,4067.0,No,Yes,4.3,2024-10-28,75.78
VL3631,David Bowie,Heroes,Rock,1977,Mint,US,,8578.0,No,Yes,,2024-10-13,38.66
VL3632,The Rolling Stones,Sticky Fingers,Rock,1971,Good,Japan,,34240.0,No,Yes,4.1,2024-10-04,12.57
VL3633,Pink Floyd,Wish You Were Here,Rock,1975,Near Mint,Italy,176.5,8499.0,Yes,No,4.9,2024-12-30,55.02
VL3634,Mac Miller,Watching Movies with the Sound Off,Hip-Hop,2013,Very Good,US,189.5,7264.0,No,Yes,3.6,2024-10-25,
VL3635,Red Hot Chili Peppers,Blood Sugar Sex Magik,Rock,1991,Near Mint,,184.3,9616.0,No,No,4.4,2024-09-28,79.52
VL3636,Daft Punk,Human After All,Electronic,2005,Very Good Plus,Netherlands,186.7,13079.0,No,Yes,4.2,2025-07-17,31.58
VL3637,The Rolling Stones,Beggars Banquet,Rock,1968,Good,US,157.9,,No,No,4.1,2024-02-13,14.71
VL3638,Kanye West,My Beautiful Dark Twisted Fantasy,Hip-Hop,2010,Very Good,US,197.7,7209.0,No,No,4.1,2024-06-19,28.46
VL3639,Michael Jackson,Thriller,Pop,1982,Very Good Plus,Germany,170.2,,Yes,Yes,4.5,2026-08-16,151.75
VL3640,Daft Punk,Human After All,Electronic,2005,Near Mint,Japan,183.1,17007.0,No,Yes,,,46.86
VL3641,Aretha Franklin,Spirit in the Dark,Soul,1970,Very Good Plus,,190.9,9756.0,No,Yes,4.4,2024-12-02,84.17
VL3642,Pearl Jam,Ten,Rock,1991,Very Good,US,202.6,3396.0,No,Yes,3.9,2025-11-02,33.34
VL3643,Dr. Dre,The Chronic,Hip-Hop,1992,Near Mint,Australia,184.4,11854.0,No,Yes,4.1,2025-01-01,138.31
VL3644,Radiohead,The King of Limbs,Alternative,2011,Near Mint,UK,160.6,41322.0,No,Yes,4.5,2026-04-01,51.17
VL3645,The Rolling Stones,Beggars Banquet,Rock,1968,Very Good Plus,US,185.0,3179.0,No,Yes,4.6,2024-02-13,
VL3646,David Bowie,Station to Station,Rock,1976,Very Good Plus,US,184.1,,No,Yes,4.4,2026-03-20,27.53
VL3647,Miles Davis,Kind of Blue,Jazz,1959,Very Good,Italy,206.9,5733.0,No,Yes,4.1,2026-08-14,48.41
VL3648,David Bowie,Diamond Dogs,Rock,1974,Near Mint,US,167.7,17623.0,No,Yes,4.3,2024-02-13,110.7
VL3649,Lady Gaga,The Fame,Pop,2008,Mint,UK,174.0,9040.0,No,Yes,4.4,2024-04-05,62.62
VL3650,Lady Gaga,Chromatica,Pop,2020,Very Good Plus,US,149.9,12753.0,Yes,Yes,4.2,2024-06-04,114.2
VL3651,Bob Marley & The Wailers,Kaya,Reggae,1978,,Netherlands,198.6,4749.0,No,Yes,4.2,2024-05-25,33.43
VL3652,Aretha Franklin,Lady Soul,Soul,1968,Very Good Plus,US,194.7,19277.0,No,,4.3,2025-09-07,23.31
VL3653,Prince,Lovesexy,Pop,1988,Near Mint,US,,18879.0,No,Yes,4.6,2025-07-04,40.7
VL3654,Pink Floyd,More,Rock,1969,Mint,US,168.6,31297.0,Yes,Yes,4.4,2026-01-01,226.7
VL3655,David Bowie,Lodger,Rock,1979,Very Good Plus,US,171.4,19552.0,,Yes,4.6,2024-03-01,54.92
VL3656,Bob Dylan,Blonde on Blonde,Rock,1966,Very Good Plus,Germany,212.1,19656.0,No,Yes,4.8,2024-05-02,39.45
VL3657,Adele,21,Pop,2011,Very Good,Japan,,35609.0,No,No,4.5,2024-11-22,14.54
VL3658,The Weeknd,Trilogy,R&B,2012,Near Mint,Japan,175.0,34781.0,No,Yes,4.7,2024-08-19,49.69
VL3659,J Dilla,Donuts,Hip-Hop,2006,Very Good,US,171.5,6109.0,Yes,Yes,4.1,2024-01-31,58.92
VL3660,Kid Cudi,Man on the Moon II,Hip-Hop,2010,Very Good,US,178.0,2807.0,No,Yes,4.4,2024-06-11,76.82
VL3661,Taylor Swift,reputation,Pop,2017,Very Good,Canada,169.2,46667.0,No,No,4.7,2025-12-10,16.01
VL3662,Pink Floyd,The Piper at the Gates of Dawn,Rock,1967,Very Good Plus,Germany,173.3,25543.0,No,,4.4,2026-01-15,36.23
VL3663,Björk,Post,Electronic,1995,Very Good Plus,Netherlands,,11818.0,Yes,,4.9,2024-11-23,56.14
VL3664,Nas,It Was Written,Hip-Hop,1996,Very Good Plus,US,,11969.0,No,Yes,4.4,2024-11-09,42.69
VL3665,Aretha Franklin,I Never Loved a Man the Way I Love You,Soul,1967,Very Good Plus,US,199.9,15212.0,No,No,4.9,2025-12-03,51.14
VL3666,The Cure,,Alternative,1980,Very Good,,185.6,18751.0,No,Yes,4.2,2025-06-14,62.84
VL3667,Nina Simone,Pastel Blues,Jazz,1965,,US,195.9,17645.0,No,Yes,4.7,,22.09
VL3668,The Strokes,Is This It,Rock,2001,Near Mint,Japan,187.1,18179.0,No,Yes,,2025-02-02,125.17
VL3669,Adele,30,Pop,2021,Very Good Plus,US,189.9,25723.0,No,Yes,4.5,2025-01-19,73.79
VL3670,Queen,A Night at the Opera,,1975,Very Good,US,155.9,4757.0,Yes,Yes,4.4,2025-07-02,76.74
VL3671,Elton John,Elton John,Pop,1970,Very Good,Italy,173.6,11254.0,No,Yes,4.6,2025-12-16,42.87
VL3672,Nina Simone,Little Girl Blue,Jazz,1959,,Australia,196.0,40784.0,No,,4.6,2026-02-08,32.89
VL3673,"Tyler, The Creator",CALL ME IF YOU GET LOST,Hip-Hop,2021,Very Good,US,185.9,14221.0,No,Yes,4.5,2026-07-09,43.99
VL3674,Fleetwood Mac,Tango in the Night,Rock,1987,Very Good Plus,,173.8,5615.0,Yes,Yes,4.2,2025-09-16,
VL3675,Kendrick Lamar,DAMN.,Hip-Hop,2017,Near Mint,Australia,169.4,5927.0,No,Yes,5.0,2024-07-15,57.25
VL3676,Fleetwood Mac,Mirage,Rock,1982,Near Mint,Netherlands,180.2,27332.0,No,Yes,4.1,2025-12-16,77.83
VL3677,Lana Del Rey,Ultraviolence,Pop,2014,Near Mint,Canada,159.7,23088.0,Yes,,4.9,2025-05-06,124.46
VL3678,Queen,Sheer Heart Attack,Rock,1974,Very Good,UK,169.9,5148.0,No,No,4.3,2024-08-11,62.55
VL3679,Marvin Gaye,I Want You,Soul,1976,Very Good,,151.8,,No,Yes,4.9,2025-03-19,21.87
VL3680,Gorillaz,Plastic Beach,Alternative,2010,Very Good Plus,Canada,190.0,36916.0,No,Yes,,2024-05-31,28.96
VL3681,Nina Simone,Little Girl Blue,Jazz,1959,Very Good,Japan,,18010.0,No,Yes,4.1,2025-05-03,38.9
VL3682,Bob Dylan,Blonde on Blonde,Rock,1966,Very Good,Germany,207.4,10152.0,No,No,4.1,2025-07-17,25.3
VL3683,Daft Punk,Random Access Memories,Electronic,2013,Near Mint,Italy,219.5,3023.0,No,Yes,4.9,2025-05-20,48.18
VL3684,Depeche Mode,Songs of Faith and Devotion,Electronic,1993,Very Good,UK,174.3,22602.0,No,Yes,4.4,2025-04-22,40.39
VL3685,Pink Floyd,Meddle,Rock,1971,Very Good Plus,UK,169.8,45442.0,No,Yes,4.3,2026-04-15,27.84
VL3686,Miles Davis,In a Silent Way,Jazz,1969,Near Mint,US,159.8,39478.0,Yes,Yes,4.7,2026-02-23,36.51
VL3687,Queen,News of the World,Rock,1977,Very Good,Germany,166.5,5605.0,No,Yes,4.1,2026-08-14,31.16
VL3688,Rihanna,Good Girl Gone Bad,Pop,2007,Very Good,Germany,158.9,35841.0,No,No,4.2,2026-03-04,18.2
VL3689,The Beach Boys,Pet Sounds,Rock,1966,Very Good Plus,Japan,196.6,10092.0,No,Yes,,2024-11-29,56.85
VL3690,Stevie Wonder,Innervisions,Soul,1973,Near Mint,UK,191.9,24484.0,Yes,Yes,4.9,2025-11-04,115.78
VL3691,2Pac,Me Against the World,Hip-Hop,1995,Very Good Plus,France,178.6,13770.0,No,Yes,5.0,2025-04-14,44.87
VL3692,Björk,Debut,Electronic,1993,,Germany,201.0,13965.0,No,Yes,4.6,2025-05-05,104.14
VL3693,Jay-Z,Reasonable Doubt,Hip-Hop,1996,Very Good Plus,Germany,184.7,8530.0,No,Yes,4.4,2026-05-26,35.58
VL3694,John Coltrane,My Favorite Things,Jazz,1961,Very Good Plus,UK,,10854.0,No,Yes,4.5,2025-01-25,37.9
VL3695,Tame Impala,Currents,Rock,2015,Very Good Plus,UK,196.0,14195.0,No,Yes,4.9,2024-05-23,98.94
VL3696,Stevie Wonder,Songs in the Key of Life,Soul,1976,Near Mint,France,196.4,4323.0,,Yes,4.9,2025-05-06,65.33
VL3697,Beyoncé,Dangerously in Love,R&B,2003,Very Good Plus,France,209.8,37069.0,No,,4.4,2024-02-25,90.53
VL3698,Gorillaz,Demon Days,Alternative,2005,Mint,Japan,193.1,2946.0,No,,4.4,2026-07-11,87.37
VL3699,Elton John,Elton John,Pop,1970,Near Mint,US,183.3,16308.0,No,Yes,4.6,2024-04-25,32.24
VL3700,Adele,25,Pop,2015,Good,US,173.7,12455.0,Yes,No,4.7,2025-06-18,42.28
VL3701,Nirvana,Nevermind,Rock,1991,Very Good,US,,14639.0,Yes,Yes,4.2,2025-03-13,77.16
VL3702,Oasis,(What's the Story) Morning Glory?,Rock,1995,,US,178.5,2605.0,No,Yes,5.0,2024-07-15,79.55
VL3703,Gorillaz,Demon Days,Alternative,2005,Very Good Plus,,214.8,10192.0,Yes,Yes,4.9,2024-10-07,41.42
VL3704,Led Zeppelin,Led Zeppelin,Rock,1969,Very Good,France,185.3,24574.0,No,Yes,4.3,2025-06-07,41.0
VL3705,Bob Dylan,Blood on the Tracks,Rock,1975,Very Good Plus,US,161.9,19977.0,Yes,Yes,4.6,2024-04-03,84.1
VL3706,Jimi Hendrix,Are You Experienced,Rock,1967,Near Mint,France,178.5,60000.0,No,No,4.5,2024-06-17,47.89
VL3707,David Bowie,Heroes,Rock,1977,Good,US,191.4,27632.0,No,No,4.2,2024-10-07,31.78
VL3708,"Tyler, The Creator",CALL ME IF YOU GET LOST,Hip-Hop,2021,Very Good,US,172.2,5148.0,No,Yes,4.3,2026-06-20,144.4
VL3709,Arctic Monkeys,Favourite Worst Nightmare,Rock,2007,Near Mint,UK,,17124.0,Yes,No,5.0,,65.62
VL3710,Taylor Swift,folklore,Pop,2020,Near Mint,,181.9,,Yes,Yes,4.5,2025-05-11,107.26
VL3711,MF DOOM,Operation: Doomsday,Hip-Hop,1999,Near Mint,Japan,157.3,12782.0,No,Yes,4.1,2026-07-25,
VL3712,The Rolling Stones,Sticky Fingers,Rock,1971,Very Good,Germany,172.9,13854.0,No,No,4.4,2026-06-15,27.23
VL3713,Fleetwood Mac,Tusk,Rock,1979,Good,Germany,,1275.0,No,Yes,,2026-07-25,60.77
VL3714,Radiohead,Hail to the Thief,Alternative,2003,Very Good,US,214.9,5332.0,,Yes,4.7,2025-10-11,86.52
VL3715,Oasis,(What's the Story) Morning Glory?,Rock,1995,Very Good Plus,Japan,188.7,9838.0,No,Yes,4.7,2026-02-28,86.26
VL3716,J Dilla,Welcome 2 Detroit,Hip-Hop,2001,Very Good,France,194.6,39069.0,No,Yes,4.2,2026-06-30,
VL3717,Nina Simone,Pastel Blues,Jazz,1965,Very Good Plus,UK,196.0,19675.0,No,Yes,4.0,2026-01-29,43.66
VL3718,Depeche Mode,Music for the Masses,Electronic,1987,Very Good Plus,,175.1,21943.0,No,Yes,4.9,2024-01-17,59.41
VL3719,Kendrick Lamar,"good kid, m.A.A.d city",Hip-Hop,2012,Near Mint,UK,145.3,2105.0,Yes,Yes,4.3,2025-02-07,142.07
VL3720,Pink Floyd,Animals,Rock,1977,,US,151.2,6100.0,No,No,,2025-10-10,42.33
VL3721,Madonna,Ray of Light,Pop,1998,Very Good,Netherlands,175.5,3184.0,No,No,4.8,2026-05-21,62.4
VL3722,Taylor Swift,Midnights,Pop,2022,Near Mint,UK,190.9,24489.0,No,Yes,4.7,2025-06-02,46.22
VL3723,Queen,A Day at the Races,Rock,1976,Good,France,151.2,4509.0,No,No,4.6,2026-07-02,28.47
VL3724,Radiohead,The Bends,Alternative,1995,Very Good Plus,Japan,188.5,20038.0,Yes,No,4.2,2026-04-27,10.0
VL3725,Queen,,Rock,1977,Near Mint,Japan,175.8,5304.0,No,Yes,4.6,2026-04-25,65.72
VL3726,The Doors,The Soft Parade,Rock,1969,Very Good Plus,US,171.9,26351.0,Yes,No,4.5,2024-03-09,24.41
VL3727,Taylor Swift,Fearless,Pop,2008,Very Good Plus,US,213.3,39128.0,No,Yes,4.1,2025-09-21,22.01
VL3728,Stevie Wonder,Innervisions,Soul,1973,Very Good Plus,US,172.4,15543.0,No,Yes,4.7,2026-07-31,
VL3729,Nina Simone,Silk & Soul,Soul,1967,Very Good Plus,France,168.2,6683.0,No,Yes,4.4,2025-04-21,84.08
VL3730,The Beatles,Abbey Road,Rock,1969,Good,UK,194.9,36706.0,No,No,4.3,2025-02-13,21.08
VL3731,SZA,Ctrl,R&B,2017,Very Good Plus,Canada,188.1,10317.0,Yes,No,4.6,2025-04-09,
VL3732,Taylor Swift,1989,,2014,Very Good Plus,US,188.1,11899.0,No,Yes,3.9,2026-05-16,44.47
VL3733,David Bowie,Diamond Dogs,Rock,1974,Very Good Plus,Japan,176.0,11986.0,Yes,Yes,4.3,2024-04-25,35.71
VL3734,Jimi Hendrix,Are You Experienced,Rock,1967,Very Good Plus,Netherlands,197.0,8581.0,No,,4.6,2025-08-23,
VL3735,Elton John,Honky Château,Rock,1972,Very Good,US,165.4,10473.0,No,Yes,4.8,2025-02-11,29.78
VL3736,Kid Cudi,Man on the Moon: The End of Day,Hip-Hop,2009,Good,US,195.1,20946.0,No,No,4.1,2026-03-06,81.07
VL3737,Pink Floyd,More,Rock,1969,,Netherlands,186.8,10164.0,No,No,4.4,2026-06-05,33.35
VL3738,Simon & Garfunkel,Bookends,Folk,1968,Near Mint,Germany,169.1,21086.0,No,No,5.0,2026-07-15,44.55
VL3739,Elton John,Elton John,Pop,1970,Very Good Plus,Germany,175.2,30151.0,No,Yes,4.7,2024-02-14,59.7
VL3740,Led Zeppelin,Led Zeppelin III,Rock,1970,Mint,US,176.4,16910.0,No,Yes,4.7,2026-01-05,94.15
VL3741,Miles Davis,Kind of Blue,Jazz,1959,Very Good,UK,,25160.0,No,Yes,4.7,2026-06-28,35.55
VL3742,Dolly Parton,Jolene,Country,1974,Near Mint,US,163.4,2217.0,No,Yes,3.6,2024-06-09,
VL3743,Elton John,Honky Château,Rock,1972,Very Good Plus,Netherlands,193.9,4433.0,No,Yes,4.7,2025-07-28,29.28
VL3744,Radiohead,Pablo Honey,Alternative,1993,Very Good,UK,215.2,22902.0,No,Yes,4.1,2026-02-16,45.65
VL3745,Prince,Sign o' the Times,Pop,1987,Very Good Plus,Japan,192.6,7676.0,Yes,Yes,4.4,2024-10-29,56.75
VL3746,Pearl Jam,Vs.,Rock,1993,Very Good Plus,Netherlands,184.8,12232.0,No,Yes,4.6,2026-05-27,
VL3747,The Cure,Pornography,Alternative,1982,Very Good Plus,US,177.1,4335.0,No,Yes,4.7,2024-11-14,
VL3748,The Doors,L.A. Woman,Rock,1971,Very Good Plus,Germany,183.6,12134.0,No,Yes,4.3,2026-01-13,24.42
VL3749,The Doors,Waiting for the Sun,Rock,1968,Near Mint,Canada,183.8,2622.0,No,Yes,4.8,2024-02-08,60.92
VL3750,Adele,19,Pop,2008,Very Good,US,176.5,13643.0,No,Yes,4.1,,36.95
VL3751,Taylor Swift,1989,Pop,2014,Mint,US,202.8,5494.0,No,Yes,4.7,2024-09-22,173.85
VL3752,The Rolling Stones,Tattoo You,Rock,1981,Very Good,US,175.7,37333.0,No,Yes,4.1,2025-09-30,34.09
VL3753,Pink Floyd,The Piper at the Gates of Dawn,Rock,1967,Near Mint,,182.7,5767.0,Yes,Yes,4.8,2026-04-30,78.85
VL3754,The Strokes,Room on Fire,Rock,2003,Near Mint,US,195.1,5832.0,No,Yes,4.6,2024-10-22,34.62
VL3755,The Rolling Stones,Tattoo You,Rock,1981,Mint,UK,182.6,11730.0,No,,4.2,2026-02-01,53.1
VL3756,2Pac,All Eyez on Me,Hip-Hop,1996,Very Good,Germany,172.3,16196.0,No,Yes,4.5,2025-12-26,43.25
VL3757,Aphex Twin,Selected Ambient Works 85–92,Electronic,1992,Very Good,US,163.7,6290.0,Yes,Yes,4.2,2025-06-01,117.55
VL3758,Michael Jackson,Off the Wall,Pop,1979,Very Good Plus,UK,162.2,33355.0,Yes,Yes,4.9,2025-11-25,44.69
VL3759,Arctic Monkeys,"Whatever People Say I Am, That's What I'm Not",Rock,2006,Very Good Plus,Germany,176.9,4163.0,No,Yes,4.5,2026-05-09,74.19
VL3760,The Beatles,Abbey Road,Rock,1969,Mint,Italy,179.2,7083.0,No,Yes,4.1,2024-02-21,130.75
VL3761,Nirvana,Bleach,Rock,1989,Very Good Plus,Germany,150.4,9844.0,No,No,,2024-12-31,21.94
VL3762,Elton John,Madman Across the Water,Rock,1971,Very Good Plus,Germany,169.1,6750.0,No,Yes,4.3,2024-08-31,26.82
VL3763,David Bowie,Station to Station,Rock,1976,Very Good Plus,Germany,203.3,15556.0,No,Yes,4.1,2025-04-03,43.69
VL3764,Aretha Franklin,Lady Soul,Soul,1968,Very Good Plus,Netherlands,189.7,18363.0,No,Yes,3.6,2025-04-25,22.41
VL3765,The Beatles,A Hard Day's Night,Rock,1964,Near Mint,US,187.8,14242.0,No,Yes,4.0,2026-08-06,44.09
VL3766,Björk,Vespertine,Electronic,2001,Good,Japan,170.4,8407.0,No,No,4.6,2024-05-17,16.13
VL3767,David Bowie,The Rise and Fall of Ziggy Stardust and the Spiders from Mars,Rock,1972,Very Good,Canada,,14116.0,,No,,2025-01-31,
VL3768,Led Zeppelin,Houses of the Holy,Rock,1973,Very Good Plus,Canada,179.8,3118.0,No,No,4.8,2025-10-22,40.57
VL3769,David Bowie,Station to Station,Rock,1976,Near Mint,UK,177.6,4904.0,No,Yes,4.4,2025-04-07,65.34
VL3770,Kendrick Lamar,"good kid, m.A.A.d city",Hip-Hop,2012,Very Good Plus,Netherlands,189.0,7960.0,No,Yes,4.1,2025-03-19,102.44
VL3771,A Tribe Called Quest,The Low End Theory,Hip-Hop,1991,Near Mint,UK,,20168.0,Yes,Yes,4.6,2026-02-05,65.16
VL3772,Portishead,Portishead,Electronic,1997,Near Mint,Germany,193.9,4081.0,No,Yes,4.2,2024-10-20,68.94
VL3773,Whitney Houston,I'm Your Baby Tonight,Pop,1990,Good,Japan,185.8,60000.0,Yes,Yes,3.8,2026-06-09,76.1
VL3774,Tame Impala,The Slow Rush,Rock,2020,Very Good Plus,Germany,191.6,24769.0,No,No,4.9,2024-04-19,12.6
VL3775,"Tyler, The Creator",Wolf,Hip-Hop,2013,Very Good Plus,Netherlands,201.9,5531.0,No,Yes,5.0,2026-02-12,65.65
VL3776,The Rolling Stones,Exile on Main St.,Rock,1972,Near Mint,US,181.6,20492.0,Yes,Yes,4.7,2026-08-08,187.35
VL3777,Oasis,Be Here Now,Rock,1997,Very Good Plus,Japan,177.9,25475.0,Yes,Yes,4.8,2024-07-11,77.99
VL3778,Nirvana,Nevermind,Rock,1991,Very Good Plus,US,187.6,26324.0,No,Yes,3.9,2024-01-13,
VL3779,Prince,Sign o' the Times,Pop,1987,Very Good,UK,164.9,30699.0,No,No,3.9,2025-07-27,31.55
VL3780,Aaliyah,Age Ain't Nothing but a Number,R&B,1994,Very Good Plus,UK,153.6,4598.0,No,Yes,4.3,2024-06-26,93.25
VL3781,MF DOOM,MM..FOOD,Hip-Hop,2004,Near Mint,Italy,189.5,10364.0,Yes,Yes,5.0,2024-05-05,36.53
VL3782,Mac Miller,Watching Movies with the Sound Off,Hip-Hop,2013,Near Mint,Japan,194.2,34733.0,Yes,,,2024-03-24,106.05
VL3783,Taylor Swift,Midnights,Pop,2022,Good,UK,167.5,4145.0,No,Yes,4.4,2026-06-16,35.33
VL3784,Red Hot Chili Peppers,Californication,Rock,1999,Very Good Plus,Japan,,2854.0,No,No,4.2,2026-08-08,24.66
VL3785,Portishead,Dummy,Electronic,1994,Good,Italy,198.5,21123.0,No,Yes,4.8,2026-07-17,37.78
VL3786,Queen,A Day at the Races,Rock,1976,Very Good,US,190.9,57218.0,No,Yes,4.5,2024-04-24,36.91
VL3787,Prince,Dirty Mind,Pop,1980,Very Good Plus,US,161.2,,Yes,Yes,4.5,2026-06-16,94.12
VL3788,Björk,Vespertine,Electronic,2001,Very Good,Netherlands,159.3,11064.0,Yes,Yes,4.2,2024-08-12,
VL3789,Bruno Mars,24K Magic,Pop,2016,Very Good,US,138.1,4975.0,No,Yes,4.2,2024-02-06,46.61
VL3790,Simon & Garfunkel,Sounds of Silence,Folk,1966,Very Good Plus,US,194.7,32412.0,No,Yes,4.4,2024-11-24,33.17
VL3791,Daft Punk,Discovery,Electronic,2001,Very Good,Germany,168.1,6522.0,No,Yes,4.7,2026-02-04,50.94
VL3792,The Rolling Stones,Goats Head Soup,Rock,1973,Very Good,US,,6090.0,No,Yes,5.0,2024-02-27,61.81
VL3793,Simon & Garfunkel,Sounds of Silence,Folk,1966,Good,US,206.2,11017.0,No,No,4.2,2025-03-09,18.87
VL3794,David Bowie,Scary Monsters,Rock,1980,Very Good,US,193.5,5027.0,No,Yes,4.3,2026-03-24,18.28
VL3795,The Beach Boys,Sunflower,Rock,1970,Near Mint,France,189.8,10347.0,No,Yes,4.8,2025-04-23,42.79
VL3796,Miles Davis,Sketches of Spain,Jazz,1960,Very Good Plus,US,192.0,25063.0,No,Yes,4.5,,15.7
VL3797,Lana Del Rey,Ultraviolence,Pop,2014,Very Good Plus,US,210.1,11559.0,Yes,No,4.8,2025-09-29,126.76
VL3798,2Pac,All Eyez on Me,Hip-Hop,1996,Very Good,Netherlands,183.5,30123.0,No,Yes,4.6,2024-12-20,50.9
VL3799,Pink Floyd,The Dark Side of the Moon,Rock,1973,Very Good,US,166.2,10474.0,Yes,Yes,4.2,2025-03-27,63.81
VL3800,Pink Floyd,Ummagumma,Rock,1969,Very Good Plus,Canada,188.7,9103.0,No,Yes,,2025-05-29,66.27
VL3801,Gorillaz,Gorillaz,,2001,,Netherlands,163.1,21478.0,No,Yes,4.5,2024-09-25,28.8
VL3802,Taylor Swift,Fearless,Pop,2008,Very Good,,171.0,30509.0,,Yes,4.3,2026-05-03,37.66
VL3803,Mac Miller,Swimming,Hip-Hop,2018,Very Good,UK,212.3,6023.0,,Yes,,2026-04-21,88.45
VL3804,Miles Davis,In a Silent Way,Jazz,1969,Near Mint,US,203.2,19374.0,No,Yes,4.7,2025-03-10,40.34
VL3805,The Strokes,First Impressions of Earth,Rock,2005,Near Mint,Germany,149.6,2904.0,No,Yes,4.7,2025-04-25,170.23
VL3806,SZA,Ctrl,R&B,2017,Good,US,193.5,10799.0,No,No,4.3,2025-05-05,34.51
VL3807,John Coltrane,My Favorite Things,Jazz,1961,Very Good Plus,US,180.6,8072.0,No,Yes,4.6,2024-07-20,
VL3808,The Rolling Stones,Aftermath,Rock,1966,Very Good,Canada,170.5,4657.0,No,Yes,4.4,2026-06-21,52.69
VL3809,Nirvana,Nevermind,Rock,1991,Very Good Plus,,166.4,9868.0,No,Yes,4.7,2024-10-24,31.69
VL3810,The Beatles,Let It Be,Rock,1970,Very Good Plus,US,157.2,27608.0,No,Yes,4.3,2024-02-17,47.96
VL3811,Erykah Badu,Mama's Gun,R&B,2000,Very Good Plus,Japan,147.7,38434.0,No,Yes,4.5,2024-07-20,41.91
VL3812,The Beach Boys,Sunflower,Rock,1970,Very Good,US,159.8,21745.0,No,Yes,4.6,2024-04-07,42.91
VL3813,Elton John,Captain Fantastic and the Brown Dirt Cowboy,Rock,1975,Good,Italy,181.1,10387.0,Yes,No,3.4,2025-12-13,103.3
VL3814,The Beatles,Revolver,Rock,1966,Near Mint,US,168.2,4491.0,No,Yes,4.8,2025-07-16,74.91
VL3815,Miles Davis,In a Silent Way,Jazz,1969,Good,US,189.3,45081.0,Yes,No,4.5,2024-04-10,24.78
VL3816,Elton John,Elton John,Pop,1970,Very Good Plus,UK,203.0,14383.0,,Yes,4.8,2024-11-28,32.31
VL3817,Portishead,,Electronic,1997,Near Mint,Australia,162.5,,No,Yes,4.5,2026-07-27,79.19
VL3818,Lana Del Rey,Norman Fucking Rockwell!,Pop,2019,Very Good Plus,US,160.3,24304.0,No,Yes,5.0,2026-07-31,78.12
VL3819,Gorillaz,Plastic Beach,Alternative,2010,Near Mint,Germany,160.2,3337.0,,Yes,4.1,2025-01-07,135.9
VL3820,Aaliyah,Age Ain't Nothing but a Number,R&B,1994,Very Good Plus,US,168.7,17739.0,No,Yes,4.1,2025-06-07,91.14
VL3821,Elton John,Captain Fantastic and the Brown Dirt Cowboy,Rock,1975,Very Good Plus,Italy,188.6,8927.0,No,Yes,3.8,2026-06-29,50.75
VL3822,The Smiths,,Alternative,1984,Very Good Plus,UK,196.1,6811.0,Yes,Yes,4.6,2024-01-22,79.02
VL3823,The Rolling Stones,Let It Bleed,Rock,1969,Near Mint,US,196.0,5080.0,No,No,4.6,2024-04-04,39.74
VL3824,Stevie Wonder,Songs in the Key of Life,Soul,1976,Very Good Plus,UK,178.4,14997.0,No,No,4.4,2026-02-14,35.9
VL3825,The Doors,Strange Days,Rock,1967,Near Mint,US,182.7,18303.0,No,Yes,,2026-05-04,71.71
VL3826,Björk,Homogenic,Electronic,1997,Very Good,France,142.5,30364.0,Yes,Yes,4.3,2024-03-25,62.22
VL3827,David Bowie,Aladdin Sane,Rock,1973,Very Good,US,157.8,6953.0,No,,4.8,2025-09-19,78.46
VL3828,Nirvana,In Utero,Rock,1993,Near Mint,US,178.0,5491.0,Yes,Yes,4.1,2025-08-18,
VL3829,Mac Miller,Blue Slide Park,Hip-Hop,2011,Very Good Plus,Germany,152.0,10143.0,No,Yes,4.8,2025-08-17,33.62
VL3830,Lana Del Rey,Norman Fucking Rockwell!,Pop,2019,Very Good Plus,France,178.6,8109.0,No,No,,2024-01-11,69.15
VL3831,Bob Marley & The Wailers,Kaya,Reggae,1978,Very Good Plus,Japan,190.6,5760.0,No,Yes,3.9,2025-07-11,57.33
VL3832,Mac Miller,Swimming,Hip-Hop,2018,Very Good Plus,France,169.6,11080.0,No,,3.7,2026-04-22,16.74
VL3833,Madonna,True Blue,Pop,1986,Very Good,US,190.3,14237.0,No,No,5.0,2025-07-04,31.59
VL3834,"Tyler, The Creator",Goblin,,2011,Very Good Plus,US,,21117.0,Yes,Yes,4.6,2026-01-14,43.48
VL3835,The Beatles,Rubber Soul,Rock,1965,Near Mint,US,208.5,8927.0,No,Yes,4.6,,82.83
VL3836,Jay-Z,The Blueprint,Hip-Hop,2001,Near Mint,Canada,168.0,8047.0,No,Yes,3.8,2024-11-18,37.01
VL3837,Jay-Z,The Blueprint,Hip-Hop,2001,Very Good Plus,Japan,183.2,8180.0,No,Yes,4.3,2026-05-16,40.75
VL3838,The Doors,Waiting for the Sun,Rock,1968,Very Good,UK,180.6,5878.0,No,Yes,5.0,2026-05-18,25.4
VL3839,Aaliyah,Age Ain't Nothing but a Number,R&B,1994,Near Mint,Germany,182.6,13171.0,Yes,Yes,3.8,2025-02-10,62.81
VL3840,The Beatles,Rubber Soul,Rock,1965,Very Good,UK,161.6,8018.0,,Yes,4.4,2026-03-25,90.52
VL3841,Bruno Mars,24K Magic,Pop,2016,Very Good,US,159.6,5710.0,No,Yes,4.6,2026-03-19,130.16
VL3842,David Bowie,Low,Rock,1977,Mint,France,192.9,14389.0,No,Yes,,2026-04-28,105.46
VL3843,David Bowie,Low,Rock,1977,Mint,US,200.8,6419.0,No,Yes,4.3,2026-04-22,99.87
VL3844,Massive Attack,100th Window,Electronic,2003,Very Good,Italy,191.3,4876.0,No,No,,2026-03-28,62.64
VL3845,Michael Jackson,Bad,Pop,1987,Mint,France,178.0,14546.0,No,Yes,4.3,2025-10-08,
VL3846,"Tyler, The Creator",Cherry Bomb,Hip-Hop,2015,Near Mint,Italy,180.9,10617.0,Yes,Yes,4.4,2026-03-06,48.0
VL3847,The Beach Boys,Pet Sounds,Rock,1966,Good,Canada,,,No,No,4.3,2025-06-13,39.08
VL3848,A Tribe Called Quest,Midnight Marauders,Hip-Hop,1993,Near Mint,UK,193.2,,,Yes,4.9,2024-09-06,93.3
VL3849,The Strokes,Room on Fire,Rock,2003,Good,Japan,185.7,21571.0,No,No,4.5,2026-01-07,20.37
VL3850,Rihanna,Loud,Pop,2010,Very Good Plus,US,195.5,26891.0,No,Yes,4.2,2026-07-31,73.12
VL3851,Rihanna,Loud,Pop,2010,Very Good,US,188.8,11370.0,No,Yes,,2026-02-14,36.85
VL3852,Taylor Swift,Red,Pop,2012,Mint,UK,161.6,59481.0,No,Yes,4.7,2024-11-16,75.08
VL3853,The Beatles,Help!,Rock,1965,Near Mint,Italy,199.3,11776.0,No,Yes,4.8,2026-03-04,120.59
VL3854,Massive Attack,Blue Lines,Electronic,1991,Mint,UK,,18393.0,No,Yes,4.2,2025-08-06,123.32
VL3855,Pearl Jam,Ten,Rock,1991,Very Good Plus,Netherlands,196.6,18811.0,Yes,Yes,3.9,,88.07
VL3856,Pink Floyd,The Dark Side of the Moon,Rock,1973,Very Good Plus,US,169.4,3663.0,No,Yes,4.4,2025-05-19,106.82
VL3857,Lady Gaga,Chromatica,Pop,2020,Good,US,181.6,10311.0,Yes,No,4.7,2025-04-29,16.23
VL3858,Kid Cudi,Man on the Moon: The End of Day,Hip-Hop,2009,Very Good Plus,Netherlands,185.7,28898.0,No,Yes,4.6,2024-11-22,
VL3859,Erykah Badu,New Amerykah Part One,R&B,2008,Very Good,Germany,194.5,60000.0,No,Yes,4.5,2025-12-26,28.27
VL3860,Gorillaz,Demon Days,Alternative,2005,Good,Canada,193.5,4231.0,No,Yes,4.0,2024-01-10,49.97
VL3861,The Beatles,Let It Be,Rock,1970,Very Good,UK,,9454.0,No,No,3.9,2025-05-15,21.6
VL3862,Bruno Mars,Doo-Wops & Hooligans,Pop,2010,Good,Italy,189.9,11634.0,Yes,Yes,3.7,2025-07-27,30.37
VL3863,Bob Marley & The Wailers,Exodus,Reggae,1977,Very Good,Germany,188.4,48021.0,No,Yes,3.8,2025-02-15,61.75
VL3864,Radiohead,Kid A,Alternative,2000,Near Mint,Netherlands,178.2,7955.0,No,Yes,4.5,2025-05-16,130.07
VL3865,D'Angelo,Voodoo,R&B,2000,Very Good Plus,US,196.8,20800.0,No,Yes,4.3,2025-10-30,53.62
VL3866,Jimi Hendrix,Axis: Bold as Love,Rock,1967,Very Good,France,181.3,10229.0,No,Yes,3.9,2026-07-04,53.68
VL3867,The Notorious B.I.G.,Life After Death,Hip-Hop,1997,Very Good,Australia,159.4,16032.0,No,Yes,4.3,2025-12-12,42.82
VL3868,Bob Dylan,Highway 61 Revisited,Rock,1965,Mint,US,191.6,31068.0,No,Yes,4.8,2025-08-04,26.84
VL3869,Prince,Lovesexy,Pop,1988,Very Good Plus,Japan,197.9,10600.0,No,Yes,4.1,2024-03-19,38.85
VL3870,Queen,News of the World,Rock,1977,Very Good,US,176.7,4757.0,No,Yes,4.1,2025-02-22,54.31
VL3871,Nina Simone,Little Girl Blue,Jazz,1959,Very Good,Netherlands,188.5,29584.0,No,No,4.5,,38.26
VL3872,Taylor Swift,Fearless,Pop,2008,Very Good Plus,US,171.7,,No,Yes,4.7,2026-07-08,28.79
VL3873,Mac Miller,Watching Movies with the Sound Off,Hip-Hop,2013,Very Good Plus,UK,176.8,10490.0,No,,4.4,2025-07-23,44.92
VL3874,Pink Floyd,The Wall,Rock,1979,Very Good Plus,Canada,178.3,18113.0,No,Yes,4.6,,57.79
VL3875,Billie Eilish,"When We All Fall Asleep, Where Do We Go?",Pop,2019,Near Mint,US,186.4,31382.0,No,Yes,4.6,2025-06-07,132.5
VL3876,Bob Dylan,Highway 61 Revisited,Rock,1965,Very Good Plus,Italy,,11923.0,No,Yes,4.4,,43.19
VL3877,Whitney Houston,Whitney,Pop,1987,Very Good Plus,UK,144.4,60000.0,No,Yes,,2024-05-11,86.68
VL3878,Kate Bush,The Kick Inside,Pop,1978,Very Good Plus,Japan,195.0,5409.0,Yes,No,4.9,2025-11-27,67.11
VL3879,Rihanna,Good Girl Gone Bad,Pop,2007,Near Mint,US,191.5,9007.0,No,Yes,4.5,,107.48
VL3880,Oasis,Be Here Now,,1997,Mint,Germany,191.7,1684.0,Yes,Yes,4.7,2025-09-19,115.82
VL3881,Bob Marley & The Wailers,Kaya,Reggae,1978,Near Mint,Germany,180.6,16359.0,No,Yes,4.0,2026-04-21,75.62
VL3882,The Cure,Disintegration,Alternative,1989,Very Good,US,,60000.0,No,No,4.1,2025-07-10,27.41
VL3883,Aretha Franklin,I Never Loved a Man the Way I Love You,Soul,1967,Very Good,US,193.1,39500.0,No,Yes,4.1,2025-05-22,22.6
VL3884,Aphex Twin,Richard D. James Album,Electronic,1996,Very Good,Canada,,12684.0,No,No,4.0,2026-07-31,46.12
VL3885,Led Zeppelin,Led Zeppelin,Rock,1969,Near Mint,Netherlands,,44969.0,Yes,Yes,4.6,2024-08-01,56.55
VL3886,The Beach Boys,Sunflower,Rock,1970,Very Good Plus,US,177.5,6994.0,No,No,4.5,2025-02-05,90.96
VL3887,John Coltrane,Ascension,Jazz,1966,Very Good,Japan,184.3,7801.0,Yes,No,3.6,2024-09-12,25.68
VL3888,A Tribe Called Quest,The Low End Theory,Hip-Hop,1991,Very Good,Japan,197.4,11680.0,Yes,Yes,4.9,2024-09-17,24.31
VL3889,Kid Cudi,Man on the Moon II,Hip-Hop,2010,Very Good Plus,UK,193.7,11714.0,,Yes,4.6,2024-06-17,46.7
VL3890,Tame Impala,Lonerism,Rock,2012,Very Good,US,189.5,5746.0,Yes,Yes,5.0,2024-12-20,39.19
VL3891,Taylor Swift,reputation,Pop,2017,Near Mint,US,161.1,8498.0,No,Yes,4.0,2025-01-14,43.52
VL3892,Jimi Hendrix,,Rock,1967,Near Mint,Italy,183.5,25618.0,No,,5.0,2025-09-03,37.27
VL3893,Jimi Hendrix,Axis: Bold as Love,Rock,1967,Very Good,Australia,175.4,33273.0,Yes,,4.0,2025-04-22,19.9
VL3894,Marvin Gaye,Let's Get It On,Soul,1973,Very Good,Canada,179.7,16276.0,No,Yes,4.2,2025-06-11,50.77
VL3895,Pearl Jam,Vs.,Rock,1993,Very Good,Netherlands,172.2,16865.0,No,Yes,,2024-11-21,24.76
VL3896,Jay-Z,Reasonable Doubt,Hip-Hop,1996,Very Good Plus,France,167.4,,No,No,3.8,2026-05-29,42.34
VL3897,Fleetwood Mac,Behind the Mask,Rock,1990,Near Mint,US,,51849.0,No,Yes,4.3,2024-09-20,54.41
VL3898,Red Hot Chili Peppers,Californication,Rock,1999,Very Good,Germany,156.6,22636.0,No,No,5.0,2024-08-08,74.05
VL3899,Elton John,Goodbye Yellow Brick Road,Rock,1973,Very Good Plus,US,162.0,23540.0,No,Yes,4.4,2025-12-15,25.88
VL3900,Fleetwood Mac,Rumours,,1977,Very Good Plus,Germany,194.3,17906.0,Yes,Yes,4.4,2025-06-01,36.85
VL3901,Elton John,Goodbye Yellow Brick Road,Rock,1973,Very Good Plus,US,160.2,4427.0,No,,4.8,2025-01-30,36.74
VL3902,2Pac,Me Against the World,Hip-Hop,1995,Near Mint,,163.1,20007.0,No,Yes,4.4,2026-03-05,132.26
VL3903,,Reasonable Doubt,Hip-Hop,1996,Very Good,,192.3,4187.0,No,No,4.6,2024-06-27,73.0
VL3904,Kendrick Lamar,To Pimp a Butterfly,Hip-Hop,2015,Near Mint,US,172.9,3614.0,No,Yes,4.7,2026-03-21,
VL3905,Dr. Dre,2001,Hip-Hop,1999,Very Good Plus,UK,203.4,4825.0,No,Yes,4.4,2026-04-19,68.18
VL3906,Fleetwood Mac,Tango in the Night,Rock,1987,Very Good Plus,UK,194.4,5332.0,No,Yes,4.8,2025-08-11,77.87
VL3907,David Bowie,Heroes,Rock,1977,Very Good Plus,US,184.5,,No,Yes,4.6,2024-07-20,106.54
VL3908,Rihanna,Loud,Pop,2010,Very Good Plus,US,172.4,9566.0,No,Yes,4.1,2026-03-10,61.68
VL3909,The Doors,Morrison Hotel,Rock,1970,Very Good,US,220.0,6105.0,No,,4.4,2026-02-21,94.62
VL3910,Johnny Cash,Johnny Cash at San Quentin,Country,1969,Near Mint,Italy,,40480.0,No,Yes,4.5,2024-09-06,69.06
VL3911,Led Zeppelin,Led Zeppelin,Rock,1969,Near Mint,UK,180.4,17888.0,Yes,Yes,,2025-09-30,56.07
VL3912,John Coltrane,My Favorite Things,Jazz,1961,Near Mint,US,184.7,19845.0,No,Yes,4.6,2025-03-04,38.62
VL3913,The Rolling Stones,Exile on Main St.,Rock,1972,Very Good Plus,Japan,164.9,26311.0,,Yes,4.5,2025-06-24,125.2
VL3914,The Beatles,The Beatles,Rock,1968,Very Good,US,150.0,13335.0,No,Yes,4.4,,29.09
VL3915,Elton John,Tumbleweed Connection,Rock,1970,Near Mint,Germany,194.6,4083.0,No,Yes,4.5,2025-01-24,
VL3916,Tame Impala,The Slow Rush,Rock,2020,Very Good Plus,UK,176.3,5182.0,No,Yes,4.1,2024-02-10,
VL3917,,Age Ain't Nothing but a Number,R&B,1994,Near Mint,US,168.8,8131.0,Yes,Yes,3.7,2024-08-21,
VL3918,Nirvana,Bleach,Rock,1989,Very Good Plus,US,182.6,11647.0,No,Yes,4.5,2024-07-22,31.75
VL3919,Queen,Jazz,Rock,1978,Very Good Plus,UK,144.5,6055.0,No,,4.2,2025-09-22,16.59
VL3920,Oasis,Definitely Maybe,Rock,1994,Very Good Plus,US,169.1,13281.0,No,No,4.0,2026-02-14,
VL3921,Tame Impala,The Slow Rush,Rock,2020,Mint,Netherlands,,4230.0,No,Yes,4.4,2024-05-29,85.96
VL3922,Simon & Garfunkel,Sounds of Silence,Folk,1966,Very Good Plus,Japan,187.3,,Yes,Yes,4.4,2024-06-25,51.5
VL3923,Depeche Mode,Music for the Masses,Electronic,1987,Very Good Plus,UK,172.5,53222.0,No,No,4.4,2026-08-18,40.4
VL3924,Taylor Swift,reputation,Pop,2017,Very Good Plus,Germany,198.9,8390.0,No,Yes,4.5,2024-03-08,77.78
VL3925,The Rolling Stones,Beggars Banquet,Rock,1968,Very Good Plus,US,178.1,9561.0,No,Yes,4.2,2025-10-17,33.26
VL3926,Elton John,Elton John,Pop,1970,Near Mint,UK,189.6,7058.0,No,Yes,,2024-11-06,68.92
VL3927,Taylor Swift,1989,Pop,2014,Very Good,UK,183.9,7087.0,No,Yes,4.9,2026-01-10,
VL3928,The Cure,Pornography,Alternative,1982,Very Good Plus,Germany,172.4,15705.0,No,Yes,4.5,2026-07-17,79.24
VL3929,2Pac,All Eyez on Me,Hip-Hop,1996,Very Good Plus,France,197.6,10695.0,No,,4.9,2024-07-10,36.08
VL3930,Lana Del Rey,Ultraviolence,Pop,2014,Near Mint,Germany,,8747.0,No,Yes,4.2,2024-08-27,82.57
VL3931,Lana Del Rey,Norman Fucking Rockwell!,Pop,2019,Mint,Germany,179.2,4684.0,,Yes,4.5,2025-06-05,41.66
VL3932,Depeche Mode,Songs of Faith and Devotion,Electronic,1993,Very Good Plus,US,179.3,6760.0,Yes,Yes,,2025-10-21,36.73
VL3933,John Coltrane,Ascension,Jazz,1966,Mint,US,180.0,6792.0,No,Yes,4.3,2025-11-11,47.25
VL3934,The Doors,Morrison Hotel,Rock,1970,Very Good,Germany,157.5,5855.0,No,Yes,4.1,2026-06-01,66.08
VL3935,Elton John,Goodbye Yellow Brick Road,Rock,1973,Very Good Plus,Japan,186.6,8182.0,No,Yes,4.3,2024-08-09,43.98
VL3936,David Bowie,Station to Station,Rock,1976,Good,Australia,178.2,16898.0,Yes,No,4.7,2025-05-25,47.07
VL3937,Pink Floyd,Meddle,Rock,1971,Very Good Plus,US,167.0,5857.0,No,Yes,4.7,2026-05-30,97.82
VL3938,Depeche Mode,Songs of Faith and Devotion,Electronic,1993,Near Mint,US,152.9,14327.0,No,Yes,4.1,2026-01-21,66.97
VL3939,Outkast,ATLiens,,1996,,Germany,189.3,6005.0,Yes,Yes,4.2,2026-07-09,136.12
VL3940,The Beach Boys,Surf's Up,Rock,1971,Good,US,,24060.0,No,No,4.6,2025-03-30,20.06
VL3941,The Cure,Three Imaginary Boys,Rock,1979,Near Mint,Germany,157.6,3843.0,No,Yes,4.7,2024-10-29,89.87
VL3942,Taylor Swift,folklore,Pop,2020,Very Good,Germany,171.4,,No,Yes,4.9,2026-04-04,29.47
VL3943,Nina Simone,Little Girl Blue,Jazz,1959,Near Mint,,155.9,18298.0,No,Yes,,2026-07-04,70.11
VL3944,Oasis,Standing on the Shoulder of Giants,Rock,2000,Very Good Plus,Netherlands,187.1,4108.0,No,Yes,4.3,2026-08-09,78.18
VL3945,Elton John,Captain Fantastic and the Brown Dirt Cowboy,Rock,1975,Very Good Plus,Japan,182.1,18750.0,No,Yes,4.4,2024-03-07,34.48
VL3946,Nina Simone,I Put a Spell on You,Jazz,1965,,US,151.1,5276.0,No,No,4.6,2025-12-24,46.75
VL3947,Radiohead,A Moon Shaped Pool,Alternative,2016,Near Mint,US,175.5,25054.0,Yes,Yes,4.9,2025-02-14,33.11
VL3948,Daft Punk,Homework,Electronic,1997,Good,UK,136.2,39334.0,No,Yes,4.6,2024-01-27,15.34
VL3949,Queen,Jazz,Rock,1978,Very Good Plus,US,169.7,15614.0,No,Yes,4.3,2026-05-05,
VL3950,Led Zeppelin,Led Zeppelin IV,Rock,1971,,,172.6,28197.0,No,Yes,,2024-01-29,98.25
VL3951,Portishead,Dummy,Electronic,1994,Near Mint,France,174.7,17334.0,No,Yes,5.0,2025-06-16,96.47
VL3952,Depeche Mode,Violator,Electronic,1990,Very Good Plus,Japan,156.9,,No,,4.7,2025-09-23,66.33
VL3953,"Tyler, The Creator",Wolf,Hip-Hop,2013,,Germany,178.9,9549.0,No,No,4.7,2025-07-04,26.03
VL3954,John Coltrane,Giant Steps,,1960,Near Mint,France,191.1,20549.0,Yes,No,3.9,2025-02-17,68.14
VL3955,Bob Marley & The Wailers,Catch a Fire,Reggae,1973,Near Mint,Japan,193.6,20378.0,No,,4.8,2026-04-30,73.47
VL3956,Michael Jackson,Off the Wall,Pop,1979,Near Mint,UK,195.8,9791.0,No,Yes,4.4,2024-09-01,160.44
VL3957,The Weeknd,After Hours,R&B,2020,Very Good Plus,Germany,179.1,11522.0,No,Yes,3.9,2024-09-17,33.04
VL3958,The Doors,Strange Days,Rock,1967,Good,France,182.0,10029.0,Yes,Yes,5.0,2025-08-31,40.75
VL3959,David Bowie,The Rise and Fall of Ziggy Stardust and the Spiders from Mars,Rock,1972,Near Mint,UK,159.8,13588.0,No,Yes,,2025-11-18,71.78
VL3960,The Cure,Three Imaginary Boys,Rock,1979,Very Good Plus,Italy,176.6,4281.0,No,Yes,4.1,2024-08-04,29.58
VL3961,"Tyler, The Creator",Flower Boy,Hip-Hop,2017,Very Good,UK,,14821.0,No,,4.1,2025-07-15,33.64
VL3962,Miles Davis,Bitches Brew,Jazz,1970,Near Mint,US,188.5,20228.0,No,Yes,4.6,2024-12-21,
VL3963,David Bowie,Young Americans,Rock,1975,Near Mint,,161.9,4485.0,Yes,Yes,4.5,2025-08-17,123.94
VL3964,Bob Dylan,Bringing It All Back Home,Folk,1965,Very Good Plus,UK,186.1,11223.0,No,No,4.0,2025-02-24,59.55
VL3965,The Weeknd,Starboy,R&B,2016,Very Good Plus,France,178.1,13359.0,No,Yes,4.4,2025-09-06,39.69
VL3966,Miles Davis,In a Silent Way,Jazz,1969,Near Mint,US,161.6,6688.0,No,Yes,4.2,2026-03-06,137.41
VL3967,The Rolling Stones,Aftermath,Rock,1966,Very Good Plus,Canada,181.9,3644.0,No,,4.4,2026-06-10,141.61
VL3968,Kate Bush,The Sensual World,Pop,1989,Near Mint,Canada,181.6,6456.0,Yes,Yes,4.9,2024-09-15,47.61
VL3969,The Cure,Pornography,Alternative,1982,Very Good Plus,US,,22064.0,No,Yes,4.4,2026-06-22,
VL3970,"Tyler, The Creator",CALL ME IF YOU GET LOST,Hip-Hop,2021,Near Mint,Italy,195.9,5351.0,No,Yes,4.3,2024-05-31,197.64
VL3971,Mac Miller,The Divine Feminine,Hip-Hop,2016,Near Mint,UK,200.7,43237.0,No,Yes,4.8,2024-05-24,42.09
VL3972,Portishead,Portishead,Electronic,1997,Near Mint,US,172.3,7598.0,No,Yes,4.2,2024-02-22,202.85
VL3973,Radiohead,OK Computer,Alternative,1997,Near Mint,UK,191.1,,No,Yes,4.4,2026-07-07,59.69
VL3974,Billie Eilish,Hit Me Hard and Soft,,2024,Near Mint,Germany,165.0,33272.0,No,No,4.9,2026-08-01,49.78
VL3975,Bruno Mars,24K Magic,Pop,2016,Very Good Plus,UK,207.6,17141.0,,Yes,4.7,2024-05-01,24.02
VL3976,Portishead,Dummy,Electronic,1994,Very Good Plus,UK,154.0,6086.0,No,Yes,,2025-06-18,18.75
VL3977,Queen,Queen,Rock,1973,Very Good Plus,UK,187.9,29097.0,No,,3.9,2024-05-20,37.3
VL3978,The Beatles,A Hard Day's Night,Rock,1964,Very Good,Canada,174.4,18543.0,No,No,4.7,2024-12-16,39.53
VL3979,David Bowie,Aladdin Sane,Rock,1973,Near Mint,Netherlands,183.1,11244.0,Yes,Yes,4.6,2024-06-15,60.29
VL3980,MF DOOM,Operation: Doomsday,Hip-Hop,1999,Very Good,UK,,16101.0,No,No,4.5,2025-12-14,26.71
VL3981,Bob Dylan,Bringing It All Back Home,Folk,1965,Very Good Plus,Australia,152.9,6781.0,Yes,,,2025-05-27,93.67
VL3982,The Beatles,The Beatles,Rock,1968,Mint,Italy,140.9,11263.0,No,Yes,4.6,2024-02-17,79.24
VL3983,Kanye West,The College Dropout,Hip-Hop,2004,Near Mint,UK,192.2,5061.0,No,Yes,4.3,2024-05-02,33.89
VL3984,Lauryn Hill,The Miseducation of Lauryn Hill,R&B,1998,Very Good,UK,210.4,23853.0,No,Yes,4.7,2026-04-16,32.64
VL3985,David Bowie,The Rise and Fall of Ziggy Stardust and the Spiders from Mars,Rock,1972,Near Mint,UK,200.6,31201.0,No,No,4.4,2026-02-01,13.84
VL3986,Billie Eilish,Hit Me Hard and Soft,Pop,2024,Very Good Plus,US,183.7,24202.0,No,Yes,4.1,2025-10-13,35.74
VL3987,Jimi Hendrix,Axis: Bold as Love,Rock,1967,Near Mint,Japan,186.1,7507.0,No,Yes,4.3,2024-11-19,107.3
VL3988,Bob Dylan,Blood on the Tracks,Rock,1975,Very Good Plus,Canada,198.0,7216.0,No,Yes,4.7,2024-07-06,45.23
VL3989,Pink Floyd,Ummagumma,Rock,1969,Very Good,Netherlands,186.6,17186.0,No,No,4.4,2025-01-27,76.84
VL3990,The Beach Boys,Pet Sounds,Rock,1966,Near Mint,Japan,192.1,3084.0,No,Yes,4.5,2024-07-03,57.11
VL3991,The Doors,The Doors,,1967,Very Good Plus,Germany,189.8,,No,Yes,4.4,2025-12-15,33.37
VL3992,The Doors,Morrison Hotel,Rock,1970,Good,Germany,179.4,4186.0,No,No,4.7,2025-03-15,46.29
VL3993,Fleetwood Mac,Behind the Mask,Rock,1990,Near Mint,UK,181.8,10654.0,No,Yes,3.9,2025-02-04,50.19
VL3994,Pink Floyd,Animals,Rock,1977,Mint,Japan,,26352.0,Yes,,4.2,2024-07-08,
VL3995,Pearl Jam,Vitalogy,Rock,1994,Near Mint,UK,,5552.0,No,No,3.7,2024-10-10,68.74
VL3996,Lana Del Rey,Born to Die,Pop,2012,Very Good,Japan,205.8,5752.0,No,Yes,4.3,2025-10-20,38.13
VL3997,Mac Miller,Blue Slide Park,,2011,Very Good Plus,UK,182.2,9580.0,No,Yes,3.6,2024-05-24,51.1
VL3998,Radiohead,OK Computer,Alternative,1997,Near Mint,US,157.5,3187.0,Yes,Yes,4.1,2025-08-29,80.14
VL3999,Led Zeppelin,Led Zeppelin III,Rock,1970,Very Good Plus,UK,210.0,8133.0,Yes,Yes,3.8,2024-04-11,85.52
VL4000,Aretha Franklin,Lady Soul,Soul,1968,Very Good,US,220.0,13253.0,No,,4.0,2024-07-05,37.48
VL4001,The Smiths,The Queen Is Dead,Alternative,1986,Near Mint,,193.0,10845.0,No,Yes,5.0,2024-09-11,77.33
VL4002,Bob Dylan,John Wesley Harding,Rock,1967,Good,US,188.9,21034.0,No,No,,2026-04-25,24.99
VL4003,Led Zeppelin,In Through the Out Door,Rock,1979,Very Good Plus,UK,179.3,7529.0,No,Yes,4.8,2025-10-26,61.9
VL4004,The Cure,Disintegration,Alternative,1989,Very Good Plus,UK,179.2,8393.0,No,No,4.9,2025-04-21,39.57
VL4005,Fleetwood Mac,,Rock,1987,Very Good Plus,UK,186.0,7555.0,No,Yes,5.0,2024-12-02,56.06
VL4006,Kanye West,My Beautiful Dark Twisted Fantasy,Hip-Hop,2010,Near Mint,US,166.6,6949.0,No,Yes,4.1,2024-02-26,40.15
VL4007,The Weeknd,Trilogy,R&B,2012,Near Mint,Germany,175.3,12163.0,No,No,4.6,2025-04-15,49.59
VL4008,Pearl Jam,Vitalogy,Rock,1994,Very Good,UK,185.4,16267.0,No,Yes,4.8,2024-12-06,42.09
VL4009,Mac Miller,The Divine Feminine,Hip-Hop,2016,Good,Canada,173.5,6675.0,,Yes,4.0,2025-10-11,21.25
VL4010,Pink Floyd,Meddle,Rock,1971,Very Good Plus,US,182.8,3088.0,Yes,Yes,4.6,2026-06-12,50.4
VL4011,Jimi Hendrix,Are You Experienced,Rock,1967,Good,Japan,159.7,13093.0,No,Yes,4.3,2024-06-19,17.07
VL4012,The Beach Boys,Pet Sounds,Rock,1966,Near Mint,US,164.1,25130.0,Yes,Yes,4.1,2025-03-09,43.47
VL4013,Lana Del Rey,Ultraviolence,Pop,2014,Very Good Plus,France,171.8,4232.0,No,Yes,3.9,2025-03-24,
VL4014,John Coltrane,Giant Steps,Jazz,1960,Very Good Plus,UK,178.3,31186.0,No,Yes,,2025-05-18,54.69
VL4015,The Rolling Stones,Tattoo You,Rock,1981,Near Mint,US,,15462.0,No,Yes,4.7,2026-02-08,80.83
VL4016,Taylor Swift,Midnights,Pop,2022,Near Mint,UK,155.2,23919.0,No,Yes,5.0,2025-06-03,29.38
VL4017,The Doors,Strange Days,Rock,1967,Very Good Plus,Japan,182.6,21492.0,No,Yes,5.0,2025-01-08,68.09
VL4018,Lana Del Rey,Honeymoon,Pop,2015,Near Mint,Canada,,19509.0,Yes,Yes,4.9,2024-06-28,75.16
VL4019,Radiohead,Pablo Honey,Alternative,1993,Near Mint,UK,168.0,40849.0,No,Yes,4.1,2026-08-08,61.15
VL4020,The Rolling Stones,Sticky Fingers,Rock,1971,Good,US,156.0,12498.0,No,,4.7,2024-12-04,11.38
VL4021,Massive Attack,Protection,Electronic,1994,Near Mint,US,161.8,21386.0,No,Yes,4.5,2025-04-07,59.16
VL4022,Madonna,Like a Virgin,Pop,1984,Very Good Plus,Netherlands,,5600.0,No,,5.0,2026-01-03,54.41
VL4023,Outkast,Southernplayalisticadillacmuzik,Hip-Hop,1994,Very Good,Italy,170.2,10595.0,Yes,No,4.6,2025-03-07,48.57
VL4024,Queen,The Game,Rock,1980,Good,France,175.9,8331.0,No,No,4.0,2024-03-04,
VL4025,The Rolling Stones,Sticky Fingers,Rock,1971,Near Mint,US,188.7,35193.0,Yes,Yes,4.4,2024-02-22,119.91
VL4026,Erykah Badu,Baduizm,R&B,1997,Near Mint,Australia,205.8,4617.0,No,Yes,4.2,2025-02-24,38.5
VL4027,Marvin Gaye,Let's Get It On,Soul,1973,Very Good,UK,206.5,12703.0,No,No,5.0,2024-06-25,56.72
VL4028,Beyoncé,Lemonade,R&B,2016,Good,Japan,174.6,8679.0,Yes,Yes,4.2,2024-05-04,
VL4029,Nirvana,In Utero,Rock,1993,Very Good,US,200.2,6592.0,No,Yes,4.4,2024-07-14,49.62
VL4030,Beyoncé,B'Day,R&B,2006,Very Good,Germany,142.1,6947.0,No,Yes,4.2,2025-10-13,30.01
VL4031,David Bowie,Aladdin Sane,Rock,1973,Very Good,Netherlands,205.2,19413.0,Yes,Yes,4.1,2025-01-25,61.06
VL4032,Miles Davis,Kind of Blue,Jazz,1959,Near Mint,France,153.1,17023.0,No,Yes,5.0,2026-01-13,28.06
VL4033,Kate Bush,Hounds of Love,Pop,1985,Very Good Plus,Germany,219.0,7438.0,No,Yes,4.3,2024-01-07,32.48
VL4034,Adele,25,Pop,2015,Very Good Plus,US,187.5,13650.0,No,Yes,4.3,2026-03-15,44.33
VL4035,Tame Impala,The Slow Rush,Rock,2020,Very Good,Germany,162.0,10091.0,Yes,Yes,4.1,2024-03-04,120.56
VL4036,Erykah Badu,Baduizm,R&B,1997,Near Mint,US,192.3,10805.0,No,Yes,4.1,2024-03-14,47.77
VL4037,Simon & Garfunkel,Bridge over Troubled Water,Folk,1970,Very Good Plus,Australia,164.9,11313.0,Yes,Yes,,2024-12-04,42.74
VL4038,A Tribe Called Quest,The Low End Theory,Hip-Hop,1991,Mint,Japan,184.4,29217.0,No,,4.6,2024-11-05,89.69
VL4039,,Led Zeppelin III,Rock,1970,Very Good Plus,UK,157.6,11441.0,Yes,Yes,4.9,2024-03-24,185.01
VL4040,Outkast,ATLiens,Hip-Hop,1996,Very Good,Japan,150.9,27282.0,No,No,4.3,2026-01-07,93.21
VL4041,Bruno Mars,Doo-Wops & Hooligans,Pop,2010,Near Mint,US,176.4,22596.0,Yes,Yes,4.2,2025-08-31,107.67
VL4042,Outkast,ATLiens,Hip-Hop,1996,Very Good Plus,US,193.1,17087.0,No,Yes,,2024-03-13,81.38
VL4043,Madonna,True Blue,Pop,1986,Very Good Plus,Canada,,13925.0,No,Yes,4.4,2024-04-24,70.89
VL4044,Rihanna,Loud,Pop,2010,Good,Germany,143.0,6568.0,No,No,4.6,2026-07-13,22.01
VL4045,Michael Jackson,Bad,Pop,1987,Very Good Plus,France,,14906.0,No,Yes,4.7,2024-03-25,33.56
VL4046,Taylor Swift,Fearless,Pop,2008,Very Good Plus,,,6058.0,Yes,Yes,4.1,2024-07-04,99.21
VL4047,Miles Davis,Kind of Blue,Jazz,1959,Good,US,159.2,9809.0,Yes,No,5.0,2026-01-31,
VL4048,Bob Marley & The Wailers,Rastaman Vibration,Reggae,1976,Near Mint,US,173.6,5382.0,Yes,Yes,3.7,2026-08-17,120.82
VL4049,Tame Impala,Lonerism,Rock,2012,Near Mint,US,206.5,12093.0,No,No,4.5,2025-07-09,32.23
VL4050,Billie Eilish,"When We All Fall Asleep, Where Do We Go?",Pop,2019,Near Mint,Japan,185.5,10459.0,No,Yes,4.5,2025-07-22,72.75
VL4051,Rihanna,Good Girl Gone Bad,Pop,2007,Good,Netherlands,181.8,,Yes,,4.0,2025-09-16,39.02
VL4052,The Strokes,First Impressions of Earth,Rock,2005,Very Good,US,167.4,4780.0,Yes,No,3.9,2024-12-03,108.22
VL4053,The Weeknd,Trilogy,R&B,2012,Near Mint,France,144.2,4246.0,No,,4.6,2025-12-17,70.96
VL4054,Whitney Houston,I'm Your Baby Tonight,Pop,1990,Very Good Plus,Canada,168.1,12816.0,Yes,Yes,,2025-05-15,64.39
VL4055,The Beatles,A Hard Day's Night,Rock,1964,Very Good Plus,,199.3,8863.0,Yes,Yes,4.1,2024-01-15,53.47
VL4056,Bob Dylan,Blonde on Blonde,Rock,1966,Very Good Plus,US,220.0,30785.0,No,Yes,4.5,2024-06-28,271.84
VL4057,Erykah Badu,Mama's Gun,R&B,2000,,France,179.1,17378.0,No,Yes,4.0,2024-11-29,74.83
VL4058,Björk,Debut,Electronic,1993,Very Good Plus,UK,172.2,6250.0,Yes,Yes,3.6,2026-02-07,112.71
VL4059,Jimi Hendrix,Electric Ladyland,Rock,1968,Very Good,US,183.8,9712.0,No,Yes,4.2,2026-07-31,96.92
VL4060,Red Hot Chili Peppers,By the Way,Rock,2002,Near Mint,UK,,14357.0,No,Yes,4.3,2025-11-23,31.06
VL4061,Björk,Debut,Electronic,1993,Very Good,US,204.7,6589.0,No,,4.2,2024-02-13,59.49
VL4062,The Cure,Three Imaginary Boys,Rock,1979,Very Good Plus,Canada,188.0,25458.0,No,Yes,4.6,2024-12-11,30.91
VL4063,Prince,Sign o' the Times,Pop,1987,Very Good Plus,Netherlands,,,,Yes,4.5,2025-12-04,70.77
VL4064,Simon & Garfunkel,Bridge over Troubled Water,Folk,1970,Good,Japan,158.3,6473.0,No,No,4.4,,17.51
VL4065,The Weeknd,Trilogy,R&B,2012,Very Good,Australia,194.8,14128.0,Yes,Yes,4.4,2025-10-30,57.06
VL4066,Bob Marley & The Wailers,Exodus,Reggae,1977,Very Good Plus,US,172.0,10618.0,No,Yes,4.2,2026-02-02,34.12
VL4067,Björk,Debut,Electronic,1993,Mint,US,193.8,36126.0,No,Yes,4.5,2025-05-27,59.46
VL4068,Queen,Queen,Rock,1973,Near Mint,US,,24157.0,No,Yes,3.4,2025-11-26,61.06
VL4069,Rihanna,Loud,Pop,2010,Good,Netherlands,161.4,15990.0,No,,4.5,2024-02-17,22.0
VL4070,Pink Floyd,Meddle,Rock,1971,Near Mint,US,191.9,17175.0,Yes,,4.8,2024-04-05,71.85
VL4071,The Beatles,Revolver,Rock,1966,Very Good,US,188.4,8528.0,No,No,5.0,2024-06-23,16.79
VL4072,Queen,A Day at the Races,Rock,1976,Very Good,US,171.0,7259.0,Yes,Yes,4.6,2025-10-22,27.94
VL4073,The Doors,L.A. Woman,Rock,1971,Near Mint,UK,168.8,45583.0,Yes,Yes,4.6,2024-05-08,205.12
VL4074,Red Hot Chili Peppers,By the Way,Rock,2002,Near Mint,Netherlands,163.0,7452.0,No,,5.0,2025-02-11,
VL4075,Wu-Tang Clan,Enter the Wu-Tang (36 Chambers),Hip-Hop,1993,Near Mint,Australia,184.1,37123.0,Yes,Yes,3.9,2025-06-08,82.16
VL4076,Madonna,True Blue,Pop,1986,Good,Italy,208.1,,Yes,Yes,4.1,2026-05-07,39.85
VL4077,Queen,A Day at the Races,Rock,1976,Near Mint,US,199.8,24688.0,No,Yes,4.7,2026-06-12,36.31
VL4078,Pearl Jam,Vitalogy,Rock,1994,Very Good Plus,Italy,186.2,8245.0,No,Yes,4.1,2025-01-20,39.93
VL4079,Stevie Wonder,Songs in the Key of Life,Soul,1976,Very Good Plus,France,197.0,4962.0,No,No,4.9,2025-02-12,
VL4080,Led Zeppelin,In Through the Out Door,Rock,1979,Near Mint,US,167.9,7100.0,No,Yes,4.2,2024-08-26,83.84
VL4081,The Doors,Waiting for the Sun,Rock,1968,Good,US,203.0,22179.0,No,,4.6,2024-09-21,19.55
VL4082,Nina Simone,Silk & Soul,Soul,1967,Very Good Plus,Italy,177.8,23799.0,No,No,4.7,2026-05-15,30.79
VL4083,Daft Punk,Random Access Memories,Electronic,2013,Very Good Plus,Canada,165.2,23512.0,No,Yes,4.0,2025-03-17,22.44
VL4084,Pink Floyd,Animals,Rock,1977,Very Good,UK,162.9,26592.0,Yes,Yes,4.2,2025-07-03,32.32
VL4085,Red Hot Chili Peppers,Californication,Rock,1999,Near Mint,Germany,163.5,33054.0,No,Yes,4.5,2026-01-20,25.04
VL4086,Erykah Badu,New Amerykah Part One,R&B,2008,Mint,UK,185.1,12758.0,No,Yes,3.9,2024-11-12,55.54
VL4087,Miles Davis,Bitches Brew,Jazz,1970,Good,Netherlands,180.5,11534.0,No,,4.7,,34.36
VL4088,Fleetwood Mac,Behind the Mask,Rock,1990,Very Good,Germany,,22241.0,Yes,Yes,4.6,2024-06-14,66.07
VL4089,D'Angelo,Brown Sugar,R&B,1995,Near Mint,France,175.3,8958.0,No,Yes,4.3,2024-08-19,
VL4090,Queen,A Day at the Races,Rock,1976,Near Mint,US,158.3,20228.0,No,Yes,3.6,2025-10-11,66.19
VL4091,The Weeknd,Trilogy,R&B,2012,Very Good Plus,US,171.9,5628.0,No,Yes,4.9,2026-05-10,
VL4092,The Weeknd,After Hours,R&B,2020,Near Mint,Netherlands,201.9,7650.0,,Yes,4.4,2025-03-04,90.22
VL4093,Radiohead,OK Computer,Alternative,1997,Very Good Plus,Japan,178.8,59874.0,No,Yes,4.5,2025-09-10,39.11
VL4094,Fleetwood Mac,Mirage,Rock,1982,Very Good,Japan,184.8,40529.0,No,Yes,4.5,2024-09-18,68.05
VL4095,Miles Davis,Bitches Brew,Jazz,1970,Very Good Plus,Netherlands,179.5,13808.0,No,Yes,4.2,2026-04-04,21.64
VL4096,Radiohead,Amnesiac,,2001,Very Good Plus,Canada,169.9,,No,Yes,4.3,2025-11-05,
VL4097,The Weeknd,Trilogy,R&B,2012,Very Good Plus,Netherlands,204.8,21149.0,No,Yes,4.9,2026-05-21,26.4
VL4098,Pink Floyd,Meddle,Rock,1971,Near Mint,US,164.0,7816.0,No,Yes,,2026-04-27,67.13
VL4099,Wu-Tang Clan,Enter the Wu-Tang (36 Chambers),Hip-Hop,1993,Good,France,169.2,19937.0,No,No,,2026-07-28,28.53
VL4100,Björk,Vespertine,Electronic,2001,Near Mint,US,180.6,5012.0,Yes,Yes,4.3,2026-08-03,107.18
VL4101,Aphex Twin,Selected Ambient Works 85–92,Electronic,1992,Very Good,Germany,179.4,15399.0,No,Yes,4.7,2024-02-27,25.42
VL4102,Kate Bush,Hounds of Love,Pop,1985,Near Mint,UK,,17669.0,No,Yes,4.8,2024-10-25,57.38
VL4103,Kendrick Lamar,DAMN.,Hip-Hop,2017,Near Mint,US,181.0,4339.0,No,Yes,4.9,,89.38
VL4104,The Weeknd,Starboy,R&B,2016,Near Mint,Australia,,7089.0,Yes,Yes,4.4,2026-04-27,280.82
VL4105,Pink Floyd,Atom Heart Mother,Rock,1970,Very Good Plus,US,195.9,37374.0,Yes,Yes,4.3,2025-12-08,68.2
VL4106,Outkast,Southernplayalisticadillacmuzik,Hip-Hop,1994,Very Good,Australia,187.4,42364.0,No,Yes,4.5,2026-06-20,45.34
VL4107,The Beatles,Sgt. Pepper's Lonely Hearts Club Band,Rock,1967,Near Mint,US,183.2,,No,Yes,4.2,2024-07-23,
VL4108,Lady Gaga,The Fame,Pop,2008,Very Good,Italy,183.3,5785.0,Yes,Yes,4.6,2024-06-19,
VL4109,Jimi Hendrix,Electric Ladyland,Rock,1968,Very Good,US,183.3,12970.0,No,,4.2,2024-03-28,47.41
VL4110,The Weeknd,Beauty Behind the Madness,R&B,2015,Near Mint,US,190.4,13608.0,No,No,4.0,2026-01-03,96.0
VL4111,The Cure,Seventeen Seconds,Alternative,1980,Good,UK,176.0,2816.0,No,No,5.0,2024-07-29,22.35
VL4112,Led Zeppelin,Physical Graffiti,Rock,1975,Near Mint,US,181.5,20099.0,No,Yes,3.8,2026-04-09,90.32
VL4113,Depeche Mode,Speak & Spell,Electronic,1981,Very Good Plus,UK,188.3,15545.0,No,Yes,4.9,2024-05-26,75.97
VL4114,John Coltrane,Giant Steps,Jazz,1960,Near Mint,Australia,167.8,3217.0,No,Yes,4.3,2026-08-10,25.38
VL4115,Queen,Queen II,Rock,1974,Very Good Plus,France,153.2,1533.0,No,Yes,4.5,2024-07-07,54.87
VL4116,The Notorious B.I.G.,Life After Death,Hip-Hop,1997,Very Good,US,185.0,10208.0,No,Yes,4.6,2025-06-02,36.36
VL4117,The Beatles,Help!,Rock,1965,Very Good Plus,UK,183.7,24647.0,No,Yes,4.1,2024-11-07,36.58
VL4118,Bruno Mars,24K Magic,Pop,2016,Very Good Plus,US,179.4,20746.0,Yes,,4.4,2025-08-02,83.98
VL4119,Stevie Wonder,Innervisions,Soul,1973,Near Mint,Germany,164.3,2907.0,Yes,Yes,4.2,2026-02-09,58.88
VL4120,Madonna,Ray of Light,Pop,1998,Near Mint,Canada,185.0,2192.0,Yes,Yes,4.7,2024-03-21,122.51
VL4121,David Bowie,Station to Station,Rock,1976,Very Good Plus,US,178.3,,No,Yes,4.9,2025-03-15,19.62
VL4122,The Beatles,With the Beatles,Rock,1963,Very Good,Netherlands,196.7,45100.0,No,Yes,3.9,2025-10-08,43.29
VL4123,Miles Davis,Kind of Blue,Jazz,1959,Very Good,US,126.2,11080.0,No,Yes,,2025-09-26,33.03
VL4124,D'Angelo,Voodoo,R&B,2000,Very Good,UK,170.5,8533.0,Yes,Yes,4.3,2024-12-25,53.38
VL4125,Elton John,Honky Château,Rock,1972,Very Good,UK,181.2,5013.0,No,No,,2025-05-20,37.13
VL4126,Dolly Parton,Jolene,Country,1974,Very Good Plus,Germany,145.0,5093.0,No,Yes,4.8,2025-03-01,61.49
VL4127,Oasis,Standing on the Shoulder of Giants,Rock,2000,Very Good Plus,UK,201.2,12720.0,No,,4.3,2024-07-05,100.37
VL4128,The Weeknd,Starboy,R&B,2016,Very Good Plus,US,182.9,9371.0,No,Yes,5.0,2026-01-28,61.12
VL4129,Radiohead,OK Computer,Alternative,1997,Mint,UK,196.8,12205.0,No,Yes,4.4,2024-08-03,91.32
VL4130,Dolly Parton,Coat of Many Colors,Country,1971,Near Mint,France,,19191.0,Yes,Yes,4.0,2025-05-12,197.84
VL4131,The Cure,Disintegration,Alternative,1989,Very Good Plus,Germany,171.5,60000.0,No,Yes,4.4,,69.32
VL4132,Whitney Houston,Whitney,Pop,1987,Very Good Plus,US,171.2,3522.0,No,Yes,4.2,2025-01-07,47.59
VL4133,Michael Jackson,Bad,Pop,1987,Near Mint,,176.5,23745.0,No,Yes,4.8,2026-07-22,38.65
VL4134,Nirvana,Bleach,Rock,1989,Very Good,Australia,186.3,,No,Yes,4.4,2025-01-05,
VL4135,The Weeknd,Trilogy,R&B,2012,Very Good Plus,US,176.4,4702.0,No,Yes,3.5,2024-07-01,84.0
VL4136,Tame Impala,Currents,Rock,2015,Near Mint,UK,198.6,8052.0,No,Yes,,2024-03-18,
VL4137,Pearl Jam,Vs.,Rock,1993,Very Good Plus,US,170.7,7379.0,No,Yes,4.7,2026-07-27,72.89
VL4138,SZA,SOS,R&B,2022,Very Good Plus,Japan,194.0,5853.0,No,Yes,4.2,2025-09-26,153.21
VL4139,Madonna,Like a Virgin,Pop,1984,Very Good Plus,France,173.8,1673.0,No,No,4.1,2025-07-07,51.39
VL4140,The Rolling Stones,Let It Bleed,Rock,1969,Very Good,US,178.8,9255.0,No,Yes,4.6,2025-05-27,40.57
VL4141,The Weeknd,Trilogy,R&B,2012,Very Good,UK,190.9,16431.0,No,No,4.0,2026-03-24,25.55
VL4142,Led Zeppelin,In Through the Out Door,Rock,1979,Very Good Plus,Netherlands,191.0,20073.0,No,Yes,4.4,,31.37
VL4143,Pink Floyd,Ummagumma,Rock,1969,Near Mint,UK,170.5,20261.0,Yes,Yes,4.2,2024-05-20,100.68
VL4144,,Lodger,Rock,1979,Very Good Plus,UK,133.1,,No,Yes,4.6,2024-04-09,26.14
VL4145,Prince,Dirty Mind,Pop,1980,Near Mint,Japan,158.1,4394.0,No,Yes,4.2,2026-07-13,
VL4146,Dr. Dre,The Chronic,Hip-Hop,1992,Very Good Plus,US,,60000.0,No,Yes,4.8,2026-02-15,52.63
VL4147,Radiohead,Pablo Honey,Alternative,1993,Very Good,Italy,177.5,14994.0,No,Yes,5.0,2025-03-04,46.03
VL4148,Michael Jackson,Thriller,Pop,1982,Near Mint,Germany,191.2,60000.0,No,Yes,5.0,2026-07-30,76.76
VL4149,Bob Dylan,The Freewheelin' Bob Dylan,Folk,1963,Near Mint,UK,175.1,1992.0,No,,,2025-06-14,260.49
VL4150,The Cure,Wish,Alternative,1992,Very Good Plus,US,177.8,6948.0,No,Yes,,2024-04-16,36.44
VL4151,The Strokes,First Impressions of Earth,Rock,2005,Near Mint,Japan,,10077.0,No,Yes,4.7,2025-09-10,86.77
VL4152,Led Zeppelin,Houses of the Holy,Rock,1973,Very Good Plus,UK,175.7,5607.0,No,Yes,4.9,2024-05-12,55.45
VL4153,Mac Miller,Blue Slide Park,Hip-Hop,2011,Very Good Plus,UK,171.4,21513.0,Yes,Yes,4.3,2024-11-30,76.42
VL4154,Lana Del Rey,Honeymoon,Pop,2015,Very Good Plus,Netherlands,,22265.0,No,Yes,4.1,2026-05-29,40.81
VL4155,Aphex Twin,Selected Ambient Works 85–92,Electronic,1992,Very Good,UK,170.8,14172.0,No,Yes,4.4,2025-09-19,40.63
VL4156,Aretha Franklin,Lady Soul,Soul,1968,Very Good,Japan,172.0,21531.0,No,Yes,3.9,2025-05-12,21.68
VL4157,Billie Eilish,Hit Me Hard and Soft,Pop,2024,Very Good Plus,US,172.3,10147.0,No,Yes,4.4,2024-12-06,
VL4158,Outkast,Aquemini,Hip-Hop,1998,Near Mint,US,172.8,4706.0,No,Yes,5.0,2024-12-14,62.94
VL4159,A Tribe Called Quest,The Low End Theory,,1991,Very Good,France,151.9,60000.0,No,Yes,4.4,2024-09-09,26.61
VL4160,Pink Floyd,More,Rock,1969,,,161.5,60000.0,Yes,Yes,4.9,2024-01-02,62.7
VL4161,Simon & Garfunkel,Bridge over Troubled Water,Folk,1970,Near Mint,UK,208.1,17113.0,No,Yes,4.8,2026-05-01,
VL4162,Nina Simone,Pastel Blues,Jazz,1965,Near Mint,Germany,187.1,10915.0,No,Yes,4.3,,82.45
VL4163,Oasis,Standing on the Shoulder of Giants,Rock,2000,Very Good Plus,Germany,194.8,7090.0,No,Yes,4.2,2025-12-03,39.11
VL4164,Bob Dylan,The Freewheelin' Bob Dylan,Folk,1963,Very Good,UK,184.6,16105.0,No,No,4.7,2025-11-02,83.84
VL4165,Billie Eilish,Hit Me Hard and Soft,Pop,2024,Very Good,Germany,183.1,24490.0,No,No,4.0,2025-09-18,19.97
VL4166,Madonna,Ray of Light,Pop,1998,Very Good,Germany,153.4,5568.0,No,,,2024-11-22,23.66
VL4167,Red Hot Chili Peppers,Stadium Arcadium,Rock,2006,Very Good,Germany,200.7,4313.0,No,No,4.7,2024-07-27,105.99
VL4168,Miles Davis,Bitches Brew,,1970,Very Good Plus,Japan,149.3,29296.0,No,Yes,4.5,2024-10-27,29.56
VL4169,Taylor Swift,1989,Pop,2014,Near Mint,,193.3,33530.0,Yes,Yes,4.6,2025-01-11,56.3
VL4170,The Beach Boys,Sunflower,Rock,1970,Very Good,Japan,172.6,15204.0,No,No,4.8,2026-03-12,25.73
VL4171,Radiohead,A Moon Shaped Pool,Alternative,2016,Very Good Plus,France,156.2,6631.0,Yes,Yes,4.9,2024-08-13,53.27
VL4172,Lady Gaga,Born This Way,Pop,2011,Very Good,Germany,187.9,1470.0,No,No,4.2,2026-08-03,30.16
VL4173,Fleetwood Mac,Tusk,Rock,1979,Very Good,US,164.7,17455.0,No,Yes,4.8,2025-10-20,62.25
VL4174,D'Angelo,Voodoo,R&B,2000,Very Good Plus,Germany,161.1,12417.0,No,Yes,3.6,2025-11-09,33.37
VL4175,Fleetwood Mac,Behind the Mask,Rock,1990,Very Good Plus,UK,192.1,3275.0,No,No,4.8,2026-07-18,36.53
VL4176,The Smiths,The Queen Is Dead,Alternative,1986,Very Good,UK,156.8,4879.0,No,Yes,,2024-11-12,62.51
VL4177,Elton John,Tumbleweed Connection,Rock,1970,Very Good,France,185.0,17223.0,Yes,Yes,3.9,2025-05-29,64.45
VL4178,Erykah Badu,Worldwide Underground,R&B,2003,Very Good Plus,UK,186.3,8875.0,,Yes,4.8,2024-04-05,136.75
VL4179,Mac Miller,Blue Slide Park,Hip-Hop,2011,Very Good,,181.0,,No,No,4.4,2024-05-29,39.85
VL4180,Bob Dylan,Blood on the Tracks,Rock,1975,Very Good Plus,US,198.5,7690.0,No,Yes,4.6,2025-01-27,
VL4181,Bruno Mars,24K Magic,Pop,2016,Very Good Plus,US,186.3,4663.0,No,Yes,5.0,2025-05-14,29.02
VL4182,Prince,1999,Pop,1982,Very Good Plus,US,211.0,22758.0,Yes,No,4.0,,27.92
VL4183,Outkast,Stankonia,Hip-Hop,2000,Near Mint,UK,202.6,36549.0,No,Yes,4.4,2024-11-24,58.37
VL4184,Nina Simone,I Put a Spell on You,Jazz,1965,Mint,Australia,198.1,8034.0,No,Yes,4.2,2026-02-25,140.24
VL4185,Prince,1999,Pop,1982,Very Good Plus,US,220.0,11313.0,No,Yes,4.4,2024-11-04,76.49
VL4186,Miles Davis,Bitches Brew,Jazz,1970,Very Good,,188.4,60000.0,No,Yes,4.5,2024-03-19,43.63
VL4187,Nirvana,In Utero,Rock,1993,Mint,Germany,171.2,7185.0,No,Yes,4.3,2025-05-23,96.95
VL4188,Radiohead,Hail to the Thief,Alternative,2003,Very Good Plus,Netherlands,,13079.0,No,Yes,4.9,2026-03-01,87.11
VL4189,Jimi Hendrix,Are You Experienced,Rock,1967,Near Mint,Japan,165.2,,Yes,Yes,,2024-12-19,103.7
VL4190,The Weeknd,After Hours,R&B,2020,Near Mint,US,,6905.0,No,No,4.3,2025-03-06,76.65
VL4191,The Doors,The Soft Parade,Rock,1969,Very Good Plus,Germany,173.3,15641.0,No,Yes,4.3,2024-06-28,37.35
VL4192,Kanye West,The College Dropout,Hip-Hop,2004,Very Good Plus,US,214.7,14790.0,No,Yes,4.6,2024-10-27,47.85
VL4193,Prince,Lovesexy,Pop,1988,Very Good Plus,Germany,174.3,40280.0,Yes,Yes,4.5,2025-08-25,90.09
VL4194,The Beach Boys,Surf's Up,Rock,1971,Very Good,US,193.5,21220.0,No,Yes,4.3,2026-03-24,20.26
VL4195,The Beatles,Please Please Me,Rock,1963,Very Good,Netherlands,163.4,26078.0,No,Yes,4.5,2025-04-08,148.92
VL4196,MF DOOM,Operation: Doomsday,Hip-Hop,1999,Very Good Plus,UK,199.5,20564.0,No,Yes,4.2,2026-04-06,22.46
VL4197,Tame Impala,Lonerism,Rock,2012,Mint,France,171.0,,No,Yes,4.5,2025-09-14,56.31
VL4198,Led Zeppelin,Led Zeppelin,Rock,1969,Very Good Plus,Japan,138.6,10876.0,No,No,4.3,2025-08-26,
VL4199,Stevie Wonder,,Soul,1973,Very Good Plus,US,199.0,11284.0,No,No,4.2,2024-12-04,55.04
VL4200,Daft Punk,Homework,,1997,Very Good Plus,US,194.6,15992.0,No,Yes,4.8,2025-02-10,82.06
VL4201,Adele,19,Pop,2008,Very Good Plus,UK,178.2,14830.0,No,Yes,4.5,2024-11-13,51.44
VL4202,Adele,25,Pop,2015,Very Good Plus,Japan,175.8,31386.0,No,Yes,4.7,2024-12-07,23.78
VL4203,Beyoncé,Lemonade,R&B,2016,Very Good,,,11505.0,No,No,4.0,2025-11-28,
VL4204,Kate Bush,The Sensual World,Pop,1989,Very Good Plus,UK,185.4,,No,No,4.2,2024-06-16,61.1
VL4205,Fleetwood Mac,Tusk,Rock,1979,Very Good Plus,US,168.0,4277.0,No,Yes,4.7,2026-07-03,50.21
VL4206,Lana Del Rey,Born to Die,Pop,2012,Very Good Plus,Japan,171.5,31135.0,No,Yes,4.5,2025-04-25,131.34
VL4207,The Rolling Stones,Exile on Main St.,Rock,1972,Very Good,US,200.6,8119.0,No,Yes,4.8,2024-10-29,55.09
VL4208,Kid Cudi,Man on the Moon II,Hip-Hop,2010,Very Good Plus,France,188.7,21788.0,No,Yes,4.1,2024-01-24,39.77
VL4209,The Cure,Seventeen Seconds,Alternative,1980,Near Mint,France,197.0,,No,Yes,4.9,2024-12-12,59.41
VL4210,Queen,The Game,Rock,1980,Very Good Plus,France,193.2,4973.0,No,Yes,5.0,2025-12-21,107.16
VL4211,Dr. Dre,2001,Hip-Hop,1999,Near Mint,UK,205.3,,No,Yes,4.8,2026-05-31,62.84
VL4212,Tame Impala,Lonerism,Rock,2012,Very Good,UK,192.1,10943.0,No,No,5.0,2025-04-20,27.03
VL4213,Johnny Cash,Johnny Cash at San Quentin,Country,1969,Very Good,US,154.9,12142.0,No,No,4.5,2025-05-24,27.1
VL4214,Kid Cudi,Man on the Moon II,Hip-Hop,2010,Very Good Plus,US,178.9,22612.0,Yes,Yes,4.4,2025-07-10,126.49
VL4215,The Cure,Seventeen Seconds,Alternative,1980,Very Good,US,,5061.0,No,Yes,4.1,2025-09-06,61.86
VL4216,The Doors,L.A. Woman,Rock,1971,Very Good,Italy,181.4,38643.0,No,Yes,4.1,2024-12-03,
VL4217,MF DOOM,MM..FOOD,Hip-Hop,2004,Near Mint,Japan,155.4,9137.0,No,Yes,4.4,2025-01-11,91.27
VL4218,"Tyler, The Creator",CALL ME IF YOU GET LOST,Hip-Hop,2021,Very Good,Germany,200.6,6621.0,No,No,4.6,2024-09-11,82.63
VL4219,Pearl Jam,Vs.,Rock,1993,Very Good Plus,UK,183.4,12602.0,No,Yes,4.2,2024-06-29,65.74
VL4220,Pink Floyd,The Wall,Rock,1979,Very Good Plus,France,191.3,22113.0,,Yes,3.7,2026-04-21,63.01
VL4221,Billie Eilish,Happier Than Ever,Pop,2021,Good,,175.9,41468.0,No,Yes,4.4,2024-07-29,47.46
VL4222,Nina Simone,Pastel Blues,Jazz,1965,Near Mint,UK,172.6,27106.0,No,,4.3,2025-03-03,64.07
VL4223,Beyoncé,4,R&B,2011,Near Mint,UK,171.3,8507.0,No,Yes,4.8,,
VL4224,The Beatles,The Beatles,Rock,1968,Very Good,Germany,177.3,28707.0,No,Yes,4.1,2026-05-08,48.19
VL4225,Marvin Gaye,What's Going On,Soul,1971,Near Mint,UK,201.0,32475.0,No,Yes,4.6,2024-08-22,48.08
VL4226,The Beatles,With the Beatles,Rock,1963,Very Good Plus,US,214.0,7778.0,No,Yes,4.8,2025-02-18,29.24
VL4227,Led Zeppelin,Led Zeppelin II,Rock,1969,Very Good Plus,Germany,201.4,31508.0,No,No,4.5,2025-01-16,15.77
VL4228,Pink Floyd,The Wall,Rock,1979,Near Mint,UK,216.2,,No,Yes,4.2,2025-12-11,67.45
VL4229,"Tyler, The Creator",Wolf,Hip-Hop,2013,Very Good Plus,UK,179.1,10612.0,No,Yes,4.5,2024-09-18,60.01
VL4230,D'Angelo,Voodoo,R&B,2000,Very Good Plus,US,185.9,12762.0,No,Yes,4.4,2026-04-11,38.64
VL4231,Arctic Monkeys,Favourite Worst Nightmare,Rock,2007,Near Mint,Germany,161.1,10351.0,No,Yes,4.3,2024-07-21,
VL4232,Madonna,Like a Virgin,Pop,1984,Very Good,Japan,156.9,18917.0,Yes,Yes,4.3,2024-09-15,111.89
VL4233,Stevie Wonder,Talking Book,Soul,1972,Near Mint,Japan,163.9,9278.0,No,Yes,4.9,,53.5
VL4234,Daft Punk,Human After All,Electronic,2005,Very Good,,166.7,16363.0,No,Yes,4.6,2025-05-05,14.44
VL4235,Queen,A Day at the Races,Rock,1976,Mint,UK,164.0,22796.0,Yes,Yes,4.1,2026-01-02,113.67
VL4236,Björk,Homogenic,Electronic,1997,Near Mint,Netherlands,219.8,8825.0,No,Yes,4.0,2026-06-21,
VL4237,Whitney Houston,I'm Your Baby Tonight,Pop,1990,Mint,,200.7,8350.0,No,Yes,4.8,2026-06-28,57.43
VL4238,Gorillaz,Gorillaz,Alternative,2001,Very Good Plus,US,186.6,8663.0,No,Yes,4.3,2024-12-06,108.24
VL4239,Bruno Mars,24K Magic,Pop,2016,Near Mint,US,174.6,,No,Yes,4.2,2026-02-14,121.8
VL4240,Red Hot Chili Peppers,Blood Sugar Sex Magik,,1991,Near Mint,Japan,179.3,20012.0,No,Yes,4.2,2024-07-23,48.1
VL4241,Red Hot Chili Peppers,Blood Sugar Sex Magik,Rock,1991,Very Good Plus,Netherlands,189.9,52148.0,,Yes,4.9,2026-04-12,36.09
VL4242,Prince,Sign o' the Times,Pop,1987,Near Mint,US,188.5,10779.0,No,Yes,4.6,,56.41
VL4243,The Beatles,Help!,Rock,1965,Near Mint,US,200.1,14799.0,No,Yes,5.0,2024-11-10,75.83
VL4244,J Dilla,Donuts,Hip-Hop,2006,Very Good,Japan,186.4,22079.0,No,Yes,,2026-07-23,31.88
VL4245,Radiohead,Kid A,Alternative,2000,Very Good Plus,Australia,188.1,5003.0,No,Yes,4.1,2025-04-19,35.53
VL4246,Beyoncé,Dangerously in Love,R&B,2003,Good,US,,1727.0,No,Yes,4.0,2024-05-20,38.36
VL4247,Miles Davis,Bitches Brew,Jazz,1970,Very Good,US,158.5,13063.0,Yes,No,4.2,2026-07-07,67.75
VL4248,,30,Pop,2021,Very Good Plus,US,182.5,8329.0,No,Yes,5.0,2025-12-22,114.59
VL4249,Radiohead,The King of Limbs,Alternative,2011,Very Good Plus,,187.6,8975.0,No,Yes,4.5,2025-05-06,43.99
VL4250,Frank Ocean,Blonde,R&B,2016,Very Good,UK,212.9,,No,No,4.6,2025-10-27,19.18
VL4251,Kendrick Lamar,DAMN.,Hip-Hop,2017,Near Mint,US,150.7,14846.0,Yes,Yes,4.8,,68.76
VL4252,David Bowie,Aladdin Sane,Rock,1973,Very Good Plus,Germany,172.5,,No,No,4.8,2026-02-10,
VL4253,Massive Attack,100th Window,Electronic,2003,Near Mint,Canada,184.3,32775.0,No,Yes,4.7,2025-11-27,84.03
VL4254,Fleetwood Mac,Tusk,Rock,1979,Very Good,UK,169.3,5557.0,Yes,Yes,4.3,2024-08-09,
VL4255,Madonna,True Blue,Pop,1986,Near Mint,,,21093.0,,Yes,3.9,2024-09-06,56.21
VL4256,Frank Ocean,Blonde,R&B,2016,Very Good Plus,US,168.2,28447.0,No,Yes,4.3,2025-03-20,63.06
VL4257,Simon & Garfunkel,Bridge over Troubled Water,Folk,1970,Very Good,UK,177.9,9072.0,No,Yes,3.9,2024-06-13,64.06
VL4258,Erykah Badu,Worldwide Underground,R&B,2003,Very Good,US,158.5,3837.0,No,Yes,4.9,2026-04-24,148.51
VL4259,Tame Impala,Innerspeaker,Rock,2010,Mint,UK,183.1,8554.0,No,Yes,4.7,2024-12-10,37.72
VL4260,John Coltrane,My Favorite Things,Jazz,1961,Very Good,Japan,176.3,9908.0,No,Yes,4.3,2026-01-02,51.92
VL4261,A Tribe Called Quest,Midnight Marauders,Hip-Hop,1993,Near Mint,Netherlands,161.1,18684.0,No,Yes,5.0,2024-02-19,75.25
VL4262,Fleetwood Mac,Behind the Mask,,1990,Near Mint,Japan,170.3,21532.0,No,,4.5,2025-09-03,92.25
VL4263,Taylor Swift,Midnights,Pop,2022,Very Good,Germany,152.0,13826.0,No,Yes,,2025-08-01,
VL4264,John Coltrane,A Love Supreme,Jazz,1965,Very Good,UK,140.6,,No,Yes,4.9,2024-08-07,44.19
VL4265,Queen,Jazz,Rock,1978,Near Mint,Germany,166.8,15248.0,No,Yes,4.1,2024-03-19,94.33
VL4266,Adele,,Pop,2011,Very Good,France,155.9,5804.0,No,Yes,4.3,2026-05-30,58.32
VL4267,The Doors,The Soft Parade,Rock,1969,Good,UK,181.7,18810.0,No,No,4.5,2024-10-01,
VL4268,Kendrick Lamar,Mr. Morale & the Big Steppers,Hip-Hop,2022,Near Mint,Germany,,3244.0,,No,4.2,2025-01-05,46.71
VL4269,2Pac,All Eyez on Me,Hip-Hop,1996,Very Good Plus,US,155.3,12245.0,Yes,Yes,5.0,2025-12-24,56.8
VL4270,John Coltrane,A Love Supreme,Jazz,1965,Very Good Plus,Japan,191.7,21716.0,No,No,4.0,2025-08-06,34.29
VL4271,Johnny Cash,Johnny Cash at San Quentin,Country,1969,Good,Australia,174.3,26110.0,No,No,4.4,2024-12-13,10.44
VL4272,Pink Floyd,A Saucerful of Secrets,Rock,1968,Mint,US,168.0,60000.0,No,Yes,4.4,2024-10-02,99.45
VL4273,"Tyler, The Creator",Flower Boy,Hip-Hop,2017,Very Good,UK,195.0,,Yes,Yes,3.9,2025-08-06,23.72
VL4274,,Midnight Marauders,Hip-Hop,1993,Very Good,Italy,192.7,5267.0,No,Yes,4.7,2024-07-06,
VL4275,SZA,SOS,R&B,2022,Very Good,UK,,,No,Yes,4.1,2024-08-15,24.73
VL4276,,Songs in the Key of Life,Soul,1976,Very Good Plus,Australia,,16201.0,No,,4.2,2025-12-20,55.15
VL4277,J Dilla,Donuts,Hip-Hop,2006,Near Mint,US,173.6,3156.0,No,Yes,4.6,,65.31
VL4278,Pearl Jam,Ten,Rock,1991,Very Good,US,186.9,46148.0,No,Yes,4.1,2025-03-22,39.38
VL4279,Radiohead,Hail to the Thief,Alternative,2003,Very Good,US,184.6,7689.0,Yes,Yes,4.3,2024-04-20,50.63
VL4280,Wu-Tang Clan,Enter the Wu-Tang (36 Chambers),Hip-Hop,1993,Very Good Plus,Netherlands,147.1,17400.0,Yes,No,4.9,2025-03-13,71.03
VL4281,"Tyler, The Creator",Flower Boy,Hip-Hop,2017,Very Good Plus,UK,187.5,19614.0,Yes,No,3.8,2026-04-05,102.91
VL4282,Madonna,Like a Virgin,Pop,1984,Near Mint,Japan,188.7,40481.0,No,Yes,4.5,,68.33
VL4283,John Coltrane,Ascension,Jazz,1966,Very Good Plus,Germany,198.8,37134.0,No,Yes,4.4,2025-01-04,40.61
VL4284,Led Zeppelin,,Rock,1969,Very Good Plus,US,201.3,,No,Yes,,2026-06-04,
VL4285,Massive Attack,Protection,Electronic,1994,Very Good Plus,UK,173.9,3680.0,No,Yes,4.5,2024-10-22,25.37
VL4286,D'Angelo,Brown Sugar,R&B,1995,Very Good,UK,158.4,11749.0,Yes,No,3.9,2024-08-15,40.55
VL4287,Massive Attack,100th Window,Electronic,2003,Very Good Plus,Italy,,12064.0,No,Yes,4.4,2024-04-04,72.81
VL4288,Taylor Swift,reputation,Pop,2017,Good,US,159.8,,Yes,No,4.7,2026-02-13,45.48
VL4289,Lana Del Rey,Born to Die,Pop,2012,Very Good Plus,Netherlands,182.4,10118.0,No,No,4.4,2025-03-28,72.08
VL4290,Elton John,Madman Across the Water,Rock,1971,Very Good Plus,UK,172.3,3135.0,No,Yes,4.4,2026-05-07,46.17
VL4291,David Bowie,Low,Rock,1977,Very Good Plus,US,203.7,,No,No,4.6,2024-11-28,61.75
VL4292,Johnny Cash,Johnny Cash at San Quentin,Country,1969,Mint,Germany,187.3,10603.0,No,Yes,4.6,2025-05-26,77.79
VL4293,Elton John,Goodbye Yellow Brick Road,Rock,1973,,UK,185.4,6351.0,No,,4.0,2025-12-16,73.07
VL4294,Radiohead,In Rainbows,Alternative,2007,Near Mint,US,,60000.0,No,Yes,4.8,2025-11-14,
VL4295,The Rolling Stones,Tattoo You,Rock,1981,Good,Italy,199.1,25778.0,No,No,,2025-05-27,10.0
VL4296,,The Dark Side of the Moon,Rock,1973,Very Good Plus,France,171.4,25789.0,,,5.0,2024-03-16,35.79
VL4297,The Rolling Stones,Some Girls,Rock,1978,Very Good Plus,US,182.2,16317.0,No,,4.5,2024-08-21,57.19
VL4298,The Doors,Strange Days,Rock,1967,Very Good,Netherlands,181.7,3956.0,No,Yes,4.5,2026-01-03,34.05
VL4299,Radiohead,Hail to the Thief,Alternative,2003,Very Good,US,189.3,9389.0,,Yes,4.9,2024-10-27,59.17
VL4300,Simon & Garfunkel,Bridge over Troubled Water,Folk,1970,Very Good Plus,Germany,190.8,11648.0,No,Yes,4.6,2026-04-09,50.14
VL4301,Aaliyah,Age Ain't Nothing but a Number,R&B,1994,Very Good,Japan,175.5,6820.0,No,Yes,4.2,2024-08-08,28.53
VL4302,Depeche Mode,Music for the Masses,Electronic,1987,Very Good Plus,Japan,184.1,5563.0,No,Yes,4.5,2025-09-09,43.41
VL4303,Rihanna,Loud,Pop,2010,Very Good Plus,Netherlands,183.5,6519.0,Yes,Yes,3.8,2024-04-27,149.61
VL4304,Bob Marley & The Wailers,Natty Dread,Reggae,1974,Near Mint,US,171.5,,No,Yes,4.7,2026-05-03,85.26
VL4305,Lana Del Rey,Honeymoon,Pop,2015,Very Good Plus,Canada,182.1,,,Yes,4.7,2026-07-19,47.45
VL4306,Red Hot Chili Peppers,Stadium Arcadium,Rock,2006,Very Good,US,172.6,3625.0,No,Yes,4.3,2026-01-04,102.61
VL4307,Amy Winehouse,Frank,Soul,2003,Very Good Plus,UK,167.0,8556.0,No,Yes,4.9,2026-05-27,105.67
VL4308,Oasis,Be Here Now,Rock,1997,Very Good Plus,Netherlands,197.5,23117.0,Yes,Yes,5.0,2024-01-10,79.82
VL4309,,Worldwide Underground,R&B,2003,Very Good Plus,,191.9,16779.0,No,Yes,4.3,2025-03-16,43.55
VL4310,The Beatles,Revolver,Rock,1966,Very Good Plus,US,186.7,42441.0,No,Yes,3.9,2025-05-19,
VL4311,Fleetwood Mac,Rumours,Rock,1977,Very Good Plus,US,177.9,5616.0,No,Yes,4.7,2025-10-11,72.21
VL4312,Tame Impala,Lonerism,Rock,2012,Very Good Plus,Netherlands,185.6,7260.0,No,Yes,4.4,2024-11-28,
VL4313,Kendrick Lamar,Mr. Morale & the Big Steppers,Hip-Hop,2022,Very Good,UK,219.4,,Yes,Yes,4.8,2025-12-04,56.55
VL4314,Aretha Franklin,Spirit in the Dark,Soul,1970,Very Good Plus,Netherlands,197.2,21396.0,No,Yes,4.4,2024-05-28,58.59
VL4315,Kate Bush,The Kick Inside,Pop,1978,Near Mint,Germany,146.0,6919.0,Yes,Yes,4.3,2025-09-05,138.15
VL4316,Radiohead,A Moon Shaped Pool,Alternative,2016,Good,US,188.4,6467.0,Yes,Yes,4.4,2026-08-02,42.78
VL4317,Pink Floyd,Ummagumma,Rock,1969,Near Mint,Netherlands,,17942.0,No,Yes,3.9,2024-01-25,
VL4318,Queen,Queen,Rock,1973,Near Mint,Italy,183.3,2284.0,No,No,4.5,2025-09-19,32.32
VL4319,D'Angelo,Brown Sugar,R&B,1995,Near Mint,Japan,,6622.0,No,Yes,4.5,2024-03-26,106.01
VL4320,Kanye West,My Beautiful Dark Twisted Fantasy,Hip-Hop,2010,Very Good Plus,Australia,200.8,9882.0,,Yes,4.9,2025-02-12,74.39
VL4321,Aaliyah,Age Ain't Nothing but a Number,,1994,Very Good,US,161.9,18402.0,No,Yes,4.4,2024-03-13,26.11
VL4322,Taylor Swift,Midnights,Pop,2022,Very Good Plus,Japan,176.2,2544.0,No,Yes,3.9,2024-03-19,93.0
VL4323,Fleetwood Mac,Fleetwood Mac,Rock,1975,Very Good Plus,Canada,180.8,25524.0,Yes,Yes,4.4,2024-10-06,40.85
VL4324,Led Zeppelin,Led Zeppelin IV,Rock,1971,Good,US,187.5,16860.0,No,,4.0,2024-08-07,17.65
VL4325,Bob Marley & The Wailers,Catch a Fire,Reggae,1973,Very Good,,180.8,7494.0,No,Yes,4.6,2025-07-05,37.3
VL4326,Rihanna,Loud,Pop,2010,Very Good Plus,US,,9126.0,No,Yes,3.4,2024-04-24,96.56
VL4327,Queen,Queen II,Rock,1974,Very Good,US,205.8,10891.0,No,Yes,4.1,2025-12-18,20.46
VL4328,Elton John,Elton John,Pop,1970,Near Mint,US,157.6,14778.0,No,Yes,4.8,2025-09-18,217.13
VL4329,Bob Dylan,Blood on the Tracks,Rock,1975,Very Good Plus,,179.3,9291.0,Yes,No,4.0,2026-01-31,29.16
VL4330,MF DOOM,Operation: Doomsday,Hip-Hop,1999,Very Good Plus,UK,179.7,20303.0,,Yes,4.6,2024-09-21,32.5
VL4331,Lady Gaga,The Fame,Pop,2008,Very Good Plus,Netherlands,175.0,3619.0,No,Yes,3.7,2025-10-05,50.45
VL4332,Aphex Twin,Richard D. James Album,Electronic,1996,Very Good Plus,Italy,169.1,34839.0,Yes,Yes,4.5,2025-01-28,61.32
VL4333,,Purple Rain,Pop,1984,Very Good,Germany,185.4,13835.0,No,Yes,4.4,2026-07-12,44.88
VL4334,,A Moon Shaped Pool,Alternative,2016,Very Good Plus,Canada,168.0,4824.0,No,Yes,4.4,2025-11-24,39.18
VL4335,Adele,19,Pop,2008,Near Mint,US,,18739.0,,Yes,4.2,2026-03-11,144.51
VL4336,Dolly Parton,Jolene,Country,1974,Near Mint,UK,184.2,27529.0,No,Yes,,2024-11-01,27.02
VL4337,Rihanna,Good Girl Gone Bad,Pop,2007,Near Mint,Japan,176.0,20661.0,Yes,Yes,4.5,2024-11-01,55.64
VL4338,Billie Eilish,Happier Than Ever,Pop,2021,Very Good Plus,UK,190.0,15712.0,No,Yes,4.6,2025-06-13,
VL4339,Rihanna,ANTI,Pop,2016,,US,184.0,60000.0,No,Yes,4.9,2024-10-11,29.0
VL4340,The Cure,Faith,Alternative,1981,Near Mint,France,177.6,12528.0,No,No,4.5,2026-07-15,72.62
VL4341,Red Hot Chili Peppers,Stadium Arcadium,Rock,2006,Near Mint,US,191.6,16599.0,No,Yes,4.8,2026-06-04,68.03
VL4342,Dr. Dre,,Hip-Hop,1999,Very Good Plus,US,163.5,18339.0,No,Yes,4.2,2025-05-09,48.72
VL4343,Billie Eilish,Happier Than Ever,,2021,Near Mint,Italy,182.7,7724.0,No,Yes,4.7,2025-04-15,34.93
VL4344,The Weeknd,Starboy,R&B,2016,Very Good,Japan,167.9,12779.0,No,Yes,4.6,2026-03-03,26.67
VL4345,Tame Impala,Lonerism,Rock,2012,Near Mint,Germany,174.0,10107.0,No,Yes,4.4,2026-05-30,39.46
VL4346,Lana Del Rey,Honeymoon,Pop,2015,Near Mint,Japan,168.5,6658.0,Yes,Yes,5.0,2026-02-07,79.35
VL4347,The Beatles,Please Please Me,Rock,1963,Good,Netherlands,173.7,12672.0,Yes,Yes,4.7,2024-10-17,47.34
VL4348,Lana Del Rey,Honeymoon,Pop,2015,Very Good Plus,US,169.7,46077.0,No,Yes,4.5,2024-07-28,39.74
VL4349,Bruno Mars,Doo-Wops & Hooligans,Pop,2010,Mint,US,184.9,53138.0,No,Yes,4.3,2024-08-19,44.74
VL4350,Björk,Vespertine,Electronic,2001,Very Good Plus,Canada,177.2,4225.0,Yes,Yes,4.2,2026-06-08,34.53
VL4351,Prince,1999,Pop,1982,Near Mint,UK,154.8,,No,No,5.0,2024-10-16,57.94
VL4352,Kanye West,The College Dropout,Hip-Hop,2004,Very Good,,190.4,4801.0,Yes,No,5.0,2024-09-24,39.46
VL4353,Mac Miller,Blue Slide Park,Hip-Hop,2011,Very Good Plus,US,205.5,24576.0,,Yes,4.2,2024-01-18,56.92
VL4354,Daft Punk,Random Access Memories,Electronic,2013,Very Good,US,167.9,3267.0,No,Yes,3.9,2025-10-15,41.04
VL4355,The Strokes,First Impressions of Earth,Rock,2005,Very Good Plus,Germany,164.1,14723.0,,,5.0,2026-06-13,
VL4356,Michael Jackson,Thriller,Pop,1982,Very Good Plus,Canada,152.5,15164.0,No,,4.0,2024-04-03,25.36
VL4357,The Weeknd,Trilogy,R&B,2012,Very Good,,202.6,17019.0,No,Yes,,2025-03-14,54.29
VL4358,Fleetwood Mac,Tango in the Night,Rock,1987,Good,US,174.1,37812.0,No,No,4.5,2025-04-03,36.36
VL4359,Nas,Illmatic,Hip-Hop,1994,Very Good Plus,US,195.8,12500.0,Yes,Yes,,2026-06-09,29.08
VL4360,Red Hot Chili Peppers,By the Way,Rock,2002,Good,Netherlands,187.8,9974.0,No,Yes,4.2,2024-07-07,17.3
VL4361,Michael Jackson,Dangerous,Pop,1991,Very Good,US,177.0,43349.0,No,,4.2,2024-02-27,39.25
VL4362,Kid Cudi,Man on the Moon II,Hip-Hop,2010,Good,Germany,180.4,53700.0,No,Yes,4.9,2026-08-10,
VL4363,Jay-Z,The Blueprint,Hip-Hop,2001,Very Good,UK,210.5,,No,Yes,3.7,2024-05-10,40.29
VL4364,Beyoncé,Lemonade,R&B,2016,Near Mint,Canada,179.9,2983.0,No,Yes,5.0,2024-03-18,64.6
VL4365,Red Hot Chili Peppers,Californication,Rock,1999,Good,Netherlands,161.5,23364.0,,Yes,4.3,2024-01-21,17.89
VL4366,Elton John,Honky Château,Rock,1972,Near Mint,,199.6,8864.0,Yes,,4.4,2024-11-07,141.24
VL4367,Miles Davis,Kind of Blue,Jazz,1959,Very Good Plus,US,181.3,22662.0,,Yes,4.2,2026-06-19,79.32
VL4368,Pink Floyd,A Saucerful of Secrets,Rock,1968,Mint,France,,8749.0,No,Yes,5.0,2026-08-02,58.2
VL4369,Pearl Jam,Vs.,Rock,1993,Very Good,France,,2341.0,No,Yes,,2024-06-25,47.73
VL4370,Led Zeppelin,Presence,Rock,1976,Near Mint,US,171.5,10521.0,Yes,Yes,,2025-12-21,79.22
VL4371,Radiohead,The King of Limbs,Alternative,2011,Good,UK,203.2,6491.0,Yes,No,4.5,2025-01-25,84.96
VL4372,John Coltrane,My Favorite Things,Jazz,1961,,France,187.1,14139.0,Yes,Yes,,2026-07-06,47.37
VL4373,The Beatles,,Rock,1966,Very Good,Germany,220.0,,No,Yes,3.9,2026-07-17,18.4
VL4374,Björk,Debut,Electronic,1993,Very Good,Netherlands,166.5,17622.0,No,No,4.8,2025-10-26,35.5
VL4375,Portishead,Portishead,Electronic,1997,Very Good Plus,US,,15381.0,No,Yes,5.0,2024-09-19,186.06
VL4376,Björk,Homogenic,Electronic,1997,Very Good Plus,Japan,155.5,11907.0,No,Yes,,2026-07-02,43.13
VL4377,Fleetwood Mac,Mirage,Rock,1982,Near Mint,US,208.4,42158.0,No,No,4.3,2024-06-19,
VL4378,The Strokes,Room on Fire,Rock,2003,Very Good Plus,Germany,,16492.0,No,Yes,4.1,2025-11-28,63.39
VL4379,Björk,Debut,Electronic,1993,Near Mint,US,177.0,15202.0,Yes,Yes,4.3,2026-07-18,26.97
VL4380,Taylor Swift,folklore,Pop,2020,Near Mint,UK,188.7,6706.0,No,Yes,,2024-10-25,145.91
VL4381,Fleetwood Mac,Tusk,Rock,1979,Good,UK,197.5,23155.0,No,Yes,4.2,2024-09-25,41.43
VL4382,Red Hot Chili Peppers,Stadium Arcadium,Rock,2006,Very Good,Netherlands,177.6,6371.0,,Yes,4.1,2026-03-11,43.23
VL4383,Daft Punk,Random Access Memories,Electronic,2013,Very Good,France,185.5,10586.0,Yes,Yes,4.5,2025-04-04,64.75
VL4384,MF DOOM,Operation: Doomsday,Hip-Hop,1999,Good,US,172.1,7976.0,No,Yes,4.9,,19.73
VL4385,Aphex Twin,Selected Ambient Works 85–92,Electronic,1992,Very Good Plus,US,165.4,20606.0,No,Yes,4.6,2025-08-10,73.9
VL4386,Massive Attack,Mezzanine,Electronic,1998,Near Mint,Canada,198.7,55251.0,No,Yes,4.3,2024-11-08,64.13
VL4387,Queen,Sheer Heart Attack,Rock,1974,Good,US,150.0,7118.0,Yes,No,4.3,2024-05-28,24.57
VL4388,Radiohead,Hail to the Thief,Alternative,2003,Good,US,190.8,4684.0,No,Yes,4.7,2026-02-02,41.16
VL4389,Bob Marley & The Wailers,Rastaman Vibration,Reggae,1976,Near Mint,UK,170.1,12462.0,No,,4.6,2024-07-13,40.28
VL4390,The Rolling Stones,Sticky Fingers,Rock,1971,Very Good Plus,UK,209.2,5767.0,No,No,4.8,2024-11-22,28.74
VL4391,David Bowie,Diamond Dogs,Rock,1974,Near Mint,UK,176.8,17472.0,No,,4.3,2026-04-01,94.1
VL4392,Aphex Twin,Richard D. James Album,Electronic,1996,Good,,172.5,31842.0,No,No,4.4,2025-11-10,15.41
VL4393,The Beatles,The Beatles,Rock,1968,Near Mint,Netherlands,195.6,9022.0,No,Yes,,,67.03
VL4394,Lana Del Rey,Honeymoon,Pop,2015,Very Good Plus,US,163.4,,Yes,Yes,4.1,2024-03-13,55.41
VL4395,Pink Floyd,Atom Heart Mother,Rock,1970,Mint,Australia,189.6,15592.0,No,Yes,4.5,2024-02-03,47.11
VL4396,Led Zeppelin,Led Zeppelin III,Rock,1970,Near Mint,US,200.6,23301.0,No,Yes,4.7,2025-07-03,60.17
VL4397,Prince,1999,Pop,1982,Very Good,Italy,189.9,3008.0,No,Yes,4.4,2024-01-30,113.76
VL4398,David Bowie,Station to Station,Rock,1976,Very Good Plus,US,168.1,8570.0,Yes,No,4.7,,64.0
VL4399,Arctic Monkeys,,Rock,2007,Very Good,Japan,203.7,9787.0,Yes,Yes,4.2,2024-11-19,84.36
VL4400,David Bowie,Lodger,Rock,1979,Near Mint,UK,170.3,19896.0,No,Yes,4.4,2024-04-30,59.96
VL4401,Lady Gaga,Born This Way,Pop,2011,Very Good Plus,US,,5364.0,Yes,Yes,4.0,2025-07-28,181.76
VL4402,Dolly Parton,Jolene,Country,1974,Very Good Plus,US,177.7,44790.0,No,Yes,4.3,,45.58
VL4403,Queen,A Day at the Races,Rock,1976,Very Good,UK,181.2,44542.0,No,No,4.9,2024-07-11,32.94
VL4404,Led Zeppelin,Houses of the Holy,Rock,1973,Very Good Plus,UK,162.5,35200.0,No,Yes,4.1,2024-10-05,129.61
VL4405,Fleetwood Mac,Tusk,Rock,1979,Near Mint,US,188.5,9881.0,No,Yes,4.4,2026-07-13,
VL4406,Oasis,Standing on the Shoulder of Giants,Rock,2000,Very Good,Japan,185.4,9810.0,No,Yes,4.4,2025-09-18,27.57
VL4407,Nas,It Was Written,Hip-Hop,1996,Near Mint,UK,198.1,18619.0,No,No,4.7,2024-09-06,44.02
VL4408,Tame Impala,,Rock,2010,Very Good,Italy,,12008.0,No,No,4.2,2024-04-24,36.86
VL4409,Tame Impala,Innerspeaker,Rock,2010,Near Mint,France,195.6,13424.0,Yes,Yes,4.3,2025-02-14,189.88
VL4410,The Beatles,Let It Be,Rock,1970,Very Good,Germany,,5942.0,No,Yes,4.5,2024-11-13,22.3
VL4411,John Coltrane,A Love Supreme,Jazz,1965,Very Good,Netherlands,195.1,10198.0,No,No,4.4,2026-04-10,33.2
VL4412,Madonna,Like a Prayer,Pop,1989,Very Good Plus,US,161.6,2926.0,No,No,3.9,2024-11-02,50.39
VL4413,Pink Floyd,Animals,Rock,1977,Very Good Plus,,192.1,20351.0,No,No,4.8,2026-05-30,30.37
VL4414,Pink Floyd,A Saucerful of Secrets,Rock,1968,Near Mint,,192.5,5637.0,No,Yes,4.1,2024-11-21,
VL4415,Fleetwood Mac,Tusk,Rock,1979,Good,US,178.5,36807.0,No,No,4.1,2025-05-07,42.64
VL4416,Pink Floyd,Atom Heart Mother,Rock,1970,Near Mint,US,178.9,33680.0,No,,,2026-06-24,32.42
VL4417,The Cure,Wish,Alternative,1992,Near Mint,US,183.8,2566.0,No,Yes,4.4,,107.25
VL4418,Led Zeppelin,Led Zeppelin II,Rock,1969,Very Good Plus,US,,6154.0,No,Yes,4.8,2026-01-12,88.17
VL4419,The Rolling Stones,Aftermath,Rock,1966,,Italy,185.0,12269.0,Yes,Yes,4.7,2024-01-13,32.03
VL4420,Radiohead,Pablo Honey,Alternative,1993,Very Good Plus,UK,140.6,7789.0,,,4.8,2025-08-08,53.52
VL4421,Stevie Wonder,Songs in the Key of Life,Soul,1976,Near Mint,US,199.8,9767.0,No,Yes,5.0,2025-09-18,37.36
VL4422,Fleetwood Mac,Mirage,Rock,1982,Very Good,France,,3333.0,No,No,4.6,2025-06-25,48.5
VL4423,A Tribe Called Quest,Midnight Marauders,Hip-Hop,1993,Good,Japan,,27599.0,Yes,No,4.3,2026-04-07,14.48
VL4424,Taylor Swift,Midnights,Pop,2022,Mint,UK,190.3,9129.0,No,Yes,4.6,,90.6
VL4425,MF DOOM,Operation: Doomsday,Hip-Hop,1999,Very Good,UK,188.1,60000.0,No,Yes,4.2,2025-01-15,22.77
VL4426,The Strokes,Is This It,Rock,2001,Good,US,163.5,,,Yes,4.7,2025-11-05,18.02
VL4427,The Smiths,The Queen Is Dead,Alternative,1986,Very Good Plus,Japan,151.3,3639.0,Yes,No,4.3,2026-05-29,212.91
VL4428,Massive Attack,Blue Lines,Electronic,1991,Near Mint,Netherlands,147.6,9757.0,,,4.3,2024-03-15,107.05
VL4429,Elton John,Elton John,Pop,1970,Very Good,US,,29085.0,Yes,Yes,4.1,2026-07-20,66.49
VL4430,,Rated R,Pop,2009,Good,France,164.7,3712.0,No,No,4.7,2026-05-27,38.57
VL4431,Whitney Houston,I'm Your Baby Tonight,Pop,1990,Very Good Plus,Germany,167.6,60000.0,Yes,Yes,4.4,2025-11-27,48.08
VL4432,Led Zeppelin,Led Zeppelin III,Rock,1970,Very Good Plus,US,213.4,42488.0,No,Yes,4.7,2025-02-01,40.78
VL4433,Prince,Sign o' the Times,Pop,1987,Near Mint,US,167.5,6060.0,No,,4.7,2024-11-09,120.91
VL4434,Johnny Cash,Johnny Cash at San Quentin,,1969,Good,US,145.7,20723.0,No,No,5.0,2025-05-16,23.21
VL4435,Nina Simone,I Put a Spell on You,Jazz,1965,Very Good Plus,Italy,178.1,15217.0,Yes,Yes,4.6,2024-06-16,109.93
VL4436,Pink Floyd,Meddle,Rock,1971,Near Mint,UK,177.5,9661.0,Yes,Yes,4.4,2026-03-23,87.82
VL4437,MF DOOM,MM..FOOD,Hip-Hop,2004,Very Good,Germany,175.7,12237.0,Yes,Yes,4.6,2024-04-19,42.75
VL4438,A Tribe Called Quest,Midnight Marauders,Hip-Hop,1993,Very Good Plus,,186.7,4877.0,,Yes,4.0,2024-05-31,54.9
VL4439,Radiohead,The Bends,Alternative,1995,Near Mint,Germany,173.5,8143.0,No,Yes,4.8,2026-07-15,70.99
VL4440,"Tyler, The Creator",Wolf,Hip-Hop,2013,Very Good Plus,US,186.0,12602.0,No,Yes,,2026-08-04,
VL4441,Billie Eilish,Happier Than Ever,Pop,2021,Good,France,181.3,10958.0,No,,,2024-08-08,31.28
VL4442,Jay-Z,The Blueprint,Hip-Hop,2001,Near Mint,US,149.1,25104.0,,Yes,4.5,2026-07-05,141.06
VL4443,Nas,It Was Written,Hip-Hop,1996,Very Good,US,,5659.0,Yes,Yes,4.3,2025-10-21,33.43
VL4444,Aretha Franklin,Spirit in the Dark,Soul,1970,Very Good,Japan,208.6,9609.0,Yes,No,3.9,2026-04-26,45.1
VL4445,Kate Bush,The Kick Inside,Pop,1978,Near Mint,Netherlands,198.9,22088.0,No,Yes,4.4,2025-09-18,
VL4446,"Tyler, The Creator",CALL ME IF YOU GET LOST,Hip-Hop,2021,Very Good Plus,US,179.8,26804.0,No,Yes,4.1,2024-01-29,21.54
VL4447,Stevie Wonder,Fulfillingness' First Finale,Soul,1974,Very Good Plus,Germany,191.2,14299.0,Yes,No,4.4,2026-06-14,46.56
VL4448,Björk,Debut,Electronic,1993,Near Mint,US,156.7,16967.0,Yes,Yes,4.6,2025-04-12,77.05
VL4449,Dolly Parton,Coat of Many Colors,Country,1971,Very Good Plus,,186.8,8550.0,No,Yes,4.3,2025-07-04,
VL4450,Lauryn Hill,The Miseducation of Lauryn Hill,R&B,1998,Mint,UK,188.9,10110.0,Yes,Yes,4.2,2024-09-23,143.58
VL4451,Whitney Houston,Whitney,Pop,1987,Very Good Plus,Netherlands,167.9,,No,No,4.5,2024-10-21,52.68
VL4452,The Cure,Pornography,Alternative,1982,Good,UK,154.6,,No,Yes,5.0,2025-01-20,28.12
VL4453,The Notorious B.I.G.,Life After Death,Hip-Hop,1997,Very Good Plus,France,158.1,11145.0,No,Yes,5.0,2025-01-20,87.5
VL4454,Pink Floyd,The Dark Side of the Moon,Rock,1973,Very Good,US,166.8,10497.0,No,,4.2,2025-03-11,17.15
VL4455,Kendrick Lamar,DAMN.,Hip-Hop,2017,Very Good Plus,US,189.3,8228.0,Yes,Yes,4.4,,41.55
VL4456,The Beatles,Let It Be,Rock,1970,Near Mint,France,174.5,16989.0,Yes,Yes,4.6,2024-08-20,102.65
VL4457,Pink Floyd,Meddle,,1971,Near Mint,US,161.5,10700.0,Yes,Yes,4.8,2024-09-17,
VL4458,Kanye West,My Beautiful Dark Twisted Fantasy,Hip-Hop,2010,Very Good,US,179.7,32492.0,No,Yes,4.8,2024-04-05,34.6
VL4459,Stevie Wonder,Fulfillingness' First Finale,Soul,1974,Mint,US,163.8,60000.0,No,Yes,4.8,2025-07-20,113.71
VL4460,Michael Jackson,Off the Wall,Pop,1979,Very Good Plus,US,178.1,3136.0,No,Yes,4.6,2025-06-13,79.4
VL4461,Bob Dylan,Blood on the Tracks,Rock,1975,Mint,Germany,220.0,11433.0,No,Yes,4.7,2024-02-13,
VL4462,Pink Floyd,Wish You Were Here,Rock,1975,Very Good,Japan,192.5,8590.0,No,Yes,4.4,2025-06-07,43.07
VL4463,Gorillaz,Demon Days,Alternative,2005,Very Good,US,191.6,3390.0,No,Yes,4.2,2025-10-20,50.15
VL4464,The Notorious B.I.G.,Life After Death,Hip-Hop,1997,Very Good,France,150.2,4939.0,No,Yes,4.3,2025-07-16,54.97
VL4465,Portishead,Portishead,Electronic,1997,,US,183.4,17579.0,No,,4.3,2024-02-07,43.48
VL4466,The Weeknd,After Hours,R&B,2020,Very Good,UK,198.0,17764.0,No,,4.4,2024-07-08,32.74
VL4467,Bob Dylan,John Wesley Harding,Rock,1967,Very Good Plus,Japan,193.7,24928.0,No,Yes,4.9,2024-12-02,39.1
VL4468,The Beatles,Let It Be,Rock,1970,Very Good,US,176.7,7233.0,Yes,Yes,4.3,2024-01-13,93.19
VL4469,Kanye West,My Beautiful Dark Twisted Fantasy,Hip-Hop,2010,Very Good Plus,US,169.2,50147.0,No,Yes,4.0,2024-08-05,32.82
VL4470,Radiohead,In Rainbows,Alternative,2007,Very Good Plus,Germany,184.2,9930.0,No,Yes,4.1,2024-06-08,44.34
VL4471,Elton John,Madman Across the Water,Rock,1971,Near Mint,Canada,185.5,26376.0,No,,4.8,2024-02-17,49.79
VL4472,Pearl Jam,Vitalogy,Rock,1994,Near Mint,Netherlands,209.1,54522.0,No,Yes,4.6,2024-09-09,34.43
VL4473,Frank Ocean,Blonde,R&B,2016,Very Good,Canada,193.9,5952.0,No,Yes,4.7,2024-07-20,45.01
VL4474,Queen,A Day at the Races,Rock,1976,Very Good Plus,Canada,170.7,26473.0,No,Yes,4.1,2024-10-22,59.09
VL4475,The Rolling Stones,Goats Head Soup,Rock,1973,Near Mint,US,187.8,14000.0,No,No,4.8,2026-03-07,94.19
VL4476,Queen,Sheer Heart Attack,Rock,1974,Mint,US,197.6,7538.0,No,Yes,4.5,2024-12-31,89.53
VL4477,2Pac,Me Against the World,Hip-Hop,1995,Very Good Plus,Canada,203.1,4012.0,,Yes,,2025-05-02,
VL4478,David Bowie,Young Americans,Rock,1975,Very Good Plus,UK,192.4,10792.0,No,Yes,4.9,2025-11-03,77.15
VL4479,David Bowie,The Rise and Fall of Ziggy Stardust and the Spiders from Mars,Rock,1972,Near Mint,UK,,21589.0,,Yes,5.0,2025-06-30,60.65
VL4480,Bob Marley & The Wailers,Catch a Fire,Reggae,1973,Very Good Plus,US,186.1,16953.0,No,Yes,,2025-06-14,19.35
VL4481,Gorillaz,Gorillaz,Alternative,2001,Near Mint,US,195.4,8451.0,No,Yes,4.3,2025-11-04,53.08
VL4482,2Pac,All Eyez on Me,,1996,Near Mint,Germany,209.7,12189.0,No,Yes,4.4,2026-07-10,
VL4483,Arctic Monkeys,AM,Rock,2013,Very Good,UK,160.0,8000.0,No,Yes,5.0,2024-04-16,30.51
VL4484,Bob Marley & The Wailers,Rastaman Vibration,Reggae,1976,Very Good Plus,Italy,158.3,2167.0,No,Yes,4.5,2025-08-21,
VL4485,Kanye West,Graduation,Hip-Hop,2007,Very Good,,185.9,1646.0,No,Yes,4.5,2024-12-31,
VL4486,Gorillaz,Plastic Beach,Alternative,2010,Mint,Germany,163.9,29505.0,No,Yes,3.9,2025-09-04,77.68
VL4487,Pink Floyd,The Wall,Rock,1979,Very Good,Netherlands,193.3,32152.0,No,Yes,4.9,2025-12-07,
VL4488,The Strokes,First Impressions of Earth,Rock,2005,Very Good,,188.1,36086.0,No,Yes,4.1,2025-11-15,62.17
VL4489,Erykah Badu,Baduizm,R&B,1997,Very Good,US,170.0,9493.0,No,Yes,4.2,2024-07-16,31.37
VL4490,The Cure,Wish,Alternative,1992,Near Mint,Netherlands,181.7,14804.0,No,Yes,4.2,2025-02-14,64.37
VL4491,Lana Del Rey,Honeymoon,Pop,2015,Very Good,Japan,175.0,4156.0,No,No,4.3,2024-08-13,
VL4492,David Bowie,The Rise and Fall of Ziggy Stardust and the Spiders from Mars,Rock,1972,Very Good Plus,Canada,165.0,4012.0,No,Yes,4.4,2025-08-04,75.47
VL4493,Gorillaz,Demon Days,Alternative,2005,Very Good,UK,190.5,4230.0,No,No,4.3,2024-04-20,52.79
VL4494,2Pac,Me Against the World,Hip-Hop,1995,Near Mint,UK,208.8,21159.0,No,Yes,4.2,2025-06-28,19.51
VL4495,Nina Simone,Silk & Soul,Soul,1967,Very Good,Germany,180.4,15126.0,No,Yes,4.3,2024-12-12,43.65
VL4496,The Rolling Stones,Sticky Fingers,Rock,1971,Near Mint,UK,202.5,60000.0,No,Yes,4.2,2025-12-09,35.9
VL4497,Prince,Purple Rain,Pop,1984,Near Mint,Germany,176.3,13912.0,No,Yes,4.4,,
VL4498,The Beatles,A Hard Day's Night,Rock,1964,Very Good Plus,Canada,192.3,19765.0,No,Yes,4.3,2024-01-01,53.66
VL4499,Simon & Garfunkel,Bridge over Troubled Water,Folk,1970,Very Good Plus,Japan,167.6,7844.0,No,Yes,4.4,2024-01-15,85.48
VL4500,Bob Marley & The Wailers,Exodus,Reggae,1977,Near Mint,Japan,194.5,6253.0,No,No,4.7,2026-01-12,
VL4501,J Dilla,,Hip-Hop,2006,Very Good Plus,France,162.7,45598.0,Yes,Yes,4.5,2024-04-23,95.88
VL4502,Madonna,True Blue,Pop,1986,Mint,Netherlands,,13957.0,No,Yes,4.2,2024-04-02,43.62
VL4503,Michael Jackson,Off the Wall,Pop,1979,Very Good Plus,UK,158.8,22020.0,No,Yes,4.2,2024-04-19,36.31
VL4504,Radiohead,Amnesiac,Alternative,2001,Near Mint,Netherlands,,19944.0,No,Yes,4.7,2025-03-04,122.75
VL4505,The Smiths,Meat Is Murder,Alternative,1985,Near Mint,UK,198.8,,No,Yes,4.0,2025-04-01,63.47
VL4506,Massive Attack,Mezzanine,Electronic,1998,Mint,US,170.2,12114.0,No,Yes,4.8,2026-08-03,83.97
VL4507,Dolly Parton,Coat of Many Colors,Country,1971,Very Good Plus,US,162.6,31018.0,No,Yes,,2024-09-18,121.01
VL4508,Bob Marley & The Wailers,Survival,Reggae,1979,Very Good Plus,Japan,184.9,2821.0,No,No,4.5,2024-10-04,24.88
VL4509,The Smiths,"Strangeways, Here We Come",Alternative,1987,Very Good,Japan,154.3,9847.0,No,Yes,4.7,2026-05-30,10.31
VL4510,The Smiths,The Queen Is Dead,Alternative,1986,Very Good Plus,US,187.2,3810.0,No,Yes,4.2,2024-03-17,37.86
VL4511,"Tyler, The Creator",CALL ME IF YOU GET LOST,Hip-Hop,2021,Near Mint,US,177.4,5734.0,,Yes,,2024-10-01,65.59
VL4512,Outkast,Stankonia,Hip-Hop,2000,Near Mint,Netherlands,179.8,13754.0,Yes,Yes,4.4,2024-10-30,61.89
VL4513,The Rolling Stones,Goats Head Soup,Rock,1973,Near Mint,Netherlands,180.5,45840.0,No,Yes,4.4,2025-05-20,43.05
VL4514,Beyoncé,4,R&B,2011,Near Mint,US,180.6,16430.0,No,Yes,4.2,2025-10-26,82.61
VL4515,Bob Marley & The Wailers,Uprising,Reggae,1980,Very Good,UK,192.7,8128.0,No,Yes,4.2,2025-02-17,51.6
VL4516,Fleetwood Mac,Behind the Mask,Rock,1990,Near Mint,Germany,202.5,3117.0,No,Yes,3.6,2025-06-30,44.18
VL4517,David Bowie,Station to Station,Rock,1976,Very Good Plus,US,177.1,13879.0,Yes,Yes,4.7,2024-04-08,95.88
VL4518,The Weeknd,Beauty Behind the Madness,R&B,2015,Very Good,Australia,192.6,17206.0,No,,5.0,2026-06-27,19.61
VL4519,Bob Marley & The Wailers,Burnin',Reggae,1973,Very Good Plus,Italy,162.6,3243.0,No,Yes,4.2,2025-09-06,39.14
VL4520,The Beach Boys,Sunflower,Rock,1970,Very Good,US,,3624.0,No,Yes,4.4,2024-10-27,35.9
VL4521,Aretha Franklin,Spirit in the Dark,Soul,1970,Very Good,Australia,175.0,13015.0,No,Yes,4.7,2025-06-30,37.0
VL4522,Aretha Franklin,Spirit in the Dark,Soul,1970,Good,UK,196.7,6851.0,No,Yes,4.8,2025-10-10,32.06
VL4523,Pearl Jam,Vitalogy,Rock,1994,Very Good Plus,US,158.4,1714.0,No,Yes,,2025-09-29,104.57
VL4524,Bob Marley & The Wailers,Kaya,Reggae,1978,Near Mint,US,,24186.0,No,Yes,4.2,2026-01-23,113.62
VL4525,Lady Gaga,The Fame,Pop,2008,Near Mint,Japan,198.1,7707.0,No,Yes,4.5,2025-01-11,
VL4526,Outkast,Southernplayalisticadillacmuzik,Hip-Hop,1994,Mint,US,,33711.0,No,Yes,5.0,2025-09-03,36.2
VL4527,Bob Dylan,John Wesley Harding,Rock,1967,Near Mint,UK,200.2,7232.0,Yes,Yes,4.7,2024-04-19,120.97
VL4528,Radiohead,Amnesiac,Alternative,2001,Near Mint,Germany,185.0,21027.0,No,Yes,4.5,2024-09-28,39.27
VL4529,Michael Jackson,Dangerous,Pop,1991,Near Mint,UK,,7685.0,No,Yes,4.6,,88.45
VL4530,Aaliyah,Age Ain't Nothing but a Number,R&B,1994,Near Mint,Netherlands,193.2,13435.0,No,Yes,4.3,2025-06-21,74.09
VL4531,Kid Cudi,Man on the Moon II,Hip-Hop,2010,Good,Japan,206.6,5856.0,,No,4.8,2025-06-18,48.92
VL4532,Mac Miller,Blue Slide Park,Hip-Hop,2011,Good,Canada,190.2,17593.0,,Yes,4.2,2026-02-08,
VL4533,Marvin Gaye,What's Going On,Soul,1971,Very Good,Germany,185.7,27275.0,Yes,No,4.4,2025-10-11,21.76
VL4534,Gorillaz,Gorillaz,Alternative,2001,Near Mint,US,216.3,56926.0,No,Yes,4.4,2026-03-19,59.15
VL4535,Bob Marley & The Wailers,Uprising,Reggae,1980,,UK,175.8,4138.0,Yes,Yes,4.8,2026-03-20,24.8
VL4536,The Doors,Morrison Hotel,Rock,1970,Good,Netherlands,180.2,13828.0,No,Yes,4.6,2024-10-22,27.92
VL4537,Queen,Queen,Rock,1973,Near Mint,Germany,176.7,26258.0,No,Yes,4.2,2026-04-01,92.34
VL4538,Elton John,Captain Fantastic and the Brown Dirt Cowboy,Rock,1975,Very Good Plus,UK,156.6,4381.0,No,Yes,4.7,2024-06-08,87.8
VL4539,Led Zeppelin,Presence,Rock,1976,Mint,Canada,181.3,18952.0,No,Yes,4.9,2024-09-23,80.39
VL4540,Led Zeppelin,Led Zeppelin,Rock,1969,Near Mint,France,161.5,6481.0,No,Yes,3.9,2025-07-27,47.81
VL4541,The Doors,Waiting for the Sun,Rock,1968,Near Mint,US,152.6,2324.0,No,Yes,4.1,2026-08-05,246.28
VL4542,David Bowie,Young Americans,Rock,1975,Very Good Plus,US,142.4,10317.0,No,No,4.1,2026-08-18,39.83
VL4543,Adele,19,Pop,2008,Near Mint,France,,5107.0,No,Yes,4.5,2025-02-04,102.05
VL4544,Prince,Dirty Mind,Pop,1980,Very Good Plus,Germany,,44440.0,No,Yes,5.0,2024-11-23,82.87
VL4545,J Dilla,Welcome 2 Detroit,Hip-Hop,2001,Very Good,UK,186.0,9325.0,No,Yes,4.5,2026-02-14,42.56
VL4546,Queen,Sheer Heart Attack,Rock,1974,Good,UK,183.8,26980.0,No,Yes,4.3,2026-05-05,33.01
VL4547,Stevie Wonder,Songs in the Key of Life,Soul,1976,Very Good,France,198.4,13302.0,No,Yes,4.5,2025-02-09,45.63
VL4548,John Coltrane,A Love Supreme,Jazz,1965,Good,US,190.6,11971.0,,Yes,4.9,2025-09-27,24.86
VL4549,Fleetwood Mac,Behind the Mask,Rock,1990,Very Good,Japan,173.6,9493.0,No,Yes,4.1,2025-07-24,86.21
VL4550,Daft Punk,Homework,Electronic,1997,Very Good,Italy,172.3,16529.0,No,No,4.2,2024-04-11,10.0
VL4551,Jimi Hendrix,Electric Ladyland,Rock,1968,Near Mint,US,171.6,,No,Yes,4.4,2026-03-25,31.09
VL4552,Red Hot Chili Peppers,Blood Sugar Sex Magik,Rock,1991,Very Good,US,193.2,4225.0,Yes,Yes,4.9,2026-07-09,76.0
VL4553,David Bowie,Heroes,Rock,1977,Near Mint,Canada,178.0,6153.0,No,Yes,4.5,2025-12-15,57.76
VL4554,Pink Floyd,A Saucerful of Secrets,Rock,1968,Very Good Plus,Germany,172.9,45748.0,No,Yes,4.1,2024-01-24,31.52
VL4555,Kendrick Lamar,"good kid, m.A.A.d city",Hip-Hop,2012,Near Mint,US,193.6,19087.0,No,Yes,4.7,2024-12-31,71.69
VL4556,Bob Dylan,,,1975,Near Mint,France,174.3,3529.0,Yes,Yes,4.5,2025-07-15,128.73
VL4557,David Bowie,Station to Station,Rock,1976,Good,US,,10944.0,No,,4.5,2026-06-01,
VL4558,Gorillaz,Gorillaz,Alternative,2001,Near Mint,Germany,171.3,6051.0,Yes,Yes,4.7,2026-03-02,199.17
VL4559,Radiohead,A Moon Shaped Pool,Alternative,2016,Near Mint,Germany,,23947.0,No,No,4.4,2024-05-24,49.07
VL4560,Rihanna,Loud,Pop,2010,Very Good Plus,Canada,203.4,4771.0,No,Yes,4.1,2024-05-14,71.84
VL4561,Arctic Monkeys,AM,Rock,2013,,UK,187.8,5188.0,Yes,Yes,4.2,2024-11-28,64.4
VL4562,Frank Ocean,Blonde,R&B,2016,Near Mint,US,168.2,18140.0,Yes,Yes,4.7,2024-05-09,80.92
VL4563,Simon & Garfunkel,Bookends,,1968,Near Mint,US,220.0,8653.0,No,Yes,3.9,2025-07-16,53.08
VL4564,The Smiths,The Queen Is Dead,Alternative,1986,Very Good,US,171.4,10908.0,No,Yes,4.2,2026-02-05,17.45
VL4565,Aphex Twin,Richard D. James Album,Electronic,1996,Good,UK,,8399.0,Yes,No,4.5,2024-06-16,25.1
VL4566,Queen,Jazz,Rock,1978,Very Good Plus,Japan,168.7,30884.0,No,Yes,4.5,2026-04-01,51.2
VL4567,A Tribe Called Quest,The Low End Theory,Hip-Hop,1991,Very Good Plus,Italy,174.5,3243.0,No,No,4.9,2025-06-01,50.83
VL4568,David Bowie,Lodger,Rock,1979,Very Good Plus,,204.8,8980.0,,Yes,4.5,2025-05-07,63.35
VL4569,The Beatles,Rubber Soul,Rock,1965,Near Mint,Italy,180.8,13346.0,Yes,Yes,4.5,2025-09-29,94.47
VL4570,Prince,Dirty Mind,Pop,1980,Very Good,UK,187.0,3703.0,No,Yes,4.0,2024-01-03,34.01
VL4571,Radiohead,OK Computer,Alternative,1997,Very Good Plus,,200.5,14961.0,No,Yes,4.8,2025-06-30,46.9
VL4572,Kendrick Lamar,"good kid, m.A.A.d city",Hip-Hop,2012,Very Good,UK,207.0,4116.0,No,Yes,4.7,2025-06-02,73.24
VL4573,Outkast,Southernplayalisticadillacmuzik,Hip-Hop,1994,,US,154.9,19495.0,No,Yes,4.4,2026-05-21,27.93
VL4574,The Rolling Stones,Goats Head Soup,Rock,1973,Very Good,US,145.8,17849.0,No,No,4.5,2026-04-24,31.02
VL4575,Mac Miller,Swimming,Hip-Hop,2018,Very Good Plus,Japan,187.1,9704.0,No,Yes,4.0,2024-04-09,24.61
VL4576,Fleetwood Mac,Tusk,Rock,1979,Very Good Plus,Netherlands,157.9,12340.0,No,Yes,4.5,,31.88
VL4577,Johnny Cash,Johnny Cash at San Quentin,Country,1969,Very Good Plus,US,187.8,16629.0,No,Yes,4.3,2025-12-12,55.68
VL4578,Kanye West,,Hip-Hop,2007,Very Good,Japan,209.4,5520.0,Yes,Yes,4.6,2024-04-08,49.19
VL4579,Kanye West,My Beautiful Dark Twisted Fantasy,Hip-Hop,2010,Very Good,US,183.4,3515.0,No,No,4.5,2024-08-07,23.18
VL4580,Radiohead,Amnesiac,Alternative,2001,Very Good Plus,Canada,179.3,3577.0,No,Yes,3.9,2024-07-02,75.09
VL4581,David Bowie,Scary Monsters,Rock,1980,Very Good,US,189.2,19490.0,No,Yes,4.2,2024-01-14,40.06
VL4582,Bob Marley & The Wailers,Uprising,Reggae,1980,Very Good Plus,Netherlands,162.6,2534.0,No,Yes,4.3,2025-01-17,48.93
VL4583,Wu-Tang Clan,Enter the Wu-Tang (36 Chambers),Hip-Hop,1993,Very Good Plus,US,161.1,20107.0,No,Yes,,2025-02-15,107.12
VL4584,Björk,Homogenic,Electronic,1997,Very Good,Japan,172.0,7313.0,Yes,Yes,4.5,2024-12-05,106.05
VL4585,Daft Punk,Discovery,Electronic,2001,Mint,Germany,159.9,5919.0,No,Yes,4.6,2024-08-22,47.09
VL4586,Whitney Houston,Whitney,Pop,1987,Very Good Plus,US,200.2,13631.0,No,Yes,3.7,2025-06-24,59.44
VL4587,Nas,Illmatic,Hip-Hop,1994,Very Good Plus,Netherlands,195.8,17069.0,No,No,4.7,2026-07-14,24.51
VL4588,SZA,SOS,R&B,2022,Very Good Plus,Canada,168.7,27870.0,No,Yes,4.8,2025-11-03,16.93
VL4589,David Bowie,Young Americans,Rock,1975,Near Mint,Netherlands,157.4,8441.0,No,Yes,4.4,2025-09-20,45.08
VL4590,Queen,News of the World,Rock,1977,Mint,US,171.9,60000.0,No,Yes,4.6,2025-02-14,115.03
VL4591,Fleetwood Mac,Mirage,Rock,1982,Near Mint,Netherlands,173.6,30172.0,No,Yes,4.4,2026-04-27,62.19
VL4592,Kendrick Lamar,Mr. Morale & the Big Steppers,Hip-Hop,2022,Very Good Plus,US,159.9,12795.0,No,Yes,4.6,2024-11-25,
VL4593,Marvin Gaye,I Want You,Soul,1976,Very Good Plus,UK,184.6,12922.0,No,Yes,4.4,2024-08-22,57.26
VL4594,John Coltrane,Ascension,Jazz,1966,Very Good Plus,Germany,190.2,,No,Yes,,2025-03-03,58.14
VL4595,Nina Simone,Pastel Blues,Jazz,1965,Very Good,US,202.3,12666.0,No,Yes,4.1,2026-05-14,110.67
VL4596,Daft Punk,Discovery,Electronic,2001,Near Mint,Netherlands,,8465.0,Yes,Yes,4.8,2024-11-30,48.95
VL4597,The Strokes,Is This It,Rock,2001,Very Good Plus,US,185.7,9882.0,No,Yes,4.6,2025-09-12,60.76
VL4598,The Beach Boys,Pet Sounds,Rock,1966,Near Mint,Canada,165.3,7019.0,Yes,Yes,4.5,2024-04-07,
VL4599,Nas,Illmatic,Hip-Hop,1994,Near Mint,Japan,180.7,15008.0,No,Yes,3.9,2025-08-23,41.14
VL4600,Mac Miller,Blue Slide Park,Hip-Hop,2011,Very Good,Germany,197.7,13901.0,No,No,4.7,2025-07-30,49.34
VL4601,Nirvana,Nevermind,Rock,1991,Very Good,US,168.6,4162.0,No,Yes,4.7,2024-04-08,82.88
VL4602,David Bowie,Scary Monsters,Rock,1980,Very Good Plus,UK,193.9,16836.0,,Yes,4.0,2024-01-16,39.96
VL4603,David Bowie,Young Americans,Rock,1975,Near Mint,US,164.8,12715.0,No,Yes,4.3,2024-07-21,62.15
VL4604,Billie Eilish,"When We All Fall Asleep, Where Do We Go?",Pop,2019,Near Mint,Germany,189.2,15055.0,No,Yes,4.4,2025-06-08,67.94
VL4605,Gorillaz,Demon Days,Alternative,2005,Very Good,Germany,185.0,,No,Yes,4.6,2026-05-15,59.33
VL4606,Kid Cudi,Man on the Moon II,Hip-Hop,2010,Very Good Plus,US,202.1,18013.0,No,Yes,4.9,2026-07-10,46.2
VL4607,"Tyler, The Creator",Cherry Bomb,Hip-Hop,2015,Very Good,UK,199.3,12170.0,No,Yes,4.8,2024-08-21,68.13
VL4608,Nirvana,In Utero,Rock,1993,Near Mint,Germany,178.4,4708.0,No,Yes,4.3,2025-06-11,45.66
VL4609,Dr. Dre,2001,Hip-Hop,1999,Mint,Japan,,3327.0,,Yes,4.1,2026-03-24,247.86
VL4610,John Coltrane,Giant Steps,Jazz,1960,Near Mint,US,158.0,37519.0,Yes,Yes,3.9,2025-01-02,30.2
VL4611,Nina Simone,Silk & Soul,Soul,1967,Very Good Plus,Germany,213.4,37406.0,No,No,4.2,2025-02-15,
VL4612,Nas,Illmatic,Hip-Hop,1994,Very Good Plus,Australia,184.4,8555.0,No,Yes,5.0,2025-06-13,137.05
VL4613,Prince,Dirty Mind,Pop,1980,Very Good,UK,172.4,7369.0,,Yes,4.9,2025-08-20,67.97
VL4614,Taylor Swift,Fearless,Pop,2008,Very Good,US,170.5,25641.0,No,Yes,3.6,2025-09-19,23.45
VL4615,Kid Cudi,Man on the Moon II,Hip-Hop,2010,Very Good Plus,US,183.5,11633.0,No,Yes,4.0,2025-10-12,76.51
VL4616,David Bowie,Scary Monsters,Rock,1980,Very Good,,174.9,32578.0,Yes,No,4.1,2026-05-06,
VL4617,Arctic Monkeys,AM,Rock,2013,Very Good,UK,163.0,7588.0,No,Yes,3.9,2025-04-30,36.5
VL4618,Aretha Franklin,Lady Soul,Soul,1968,,US,179.2,6250.0,No,Yes,4.4,2026-05-13,
VL4619,The Smiths,Meat Is Murder,Alternative,1985,Very Good Plus,France,182.7,34810.0,,No,4.2,2024-11-15,68.1
VL4620,Oasis,(What's the Story) Morning Glory?,Rock,1995,Near Mint,US,166.6,4462.0,Yes,No,4.4,2025-08-29,
VL4621,Pink Floyd,Meddle,Rock,1971,Very Good Plus,UK,186.7,45050.0,No,Yes,,2024-09-28,
VL4622,Lady Gaga,Born This Way,Pop,2011,Near Mint,Germany,202.0,24586.0,No,Yes,5.0,2025-01-26,45.22
VL4623,Jimi Hendrix,Electric Ladyland,Rock,1968,Near Mint,Germany,,43223.0,No,Yes,4.0,2026-05-22,25.34
VL4624,Fleetwood Mac,Mirage,Rock,1982,Very Good,Netherlands,,15067.0,,Yes,5.0,2025-09-23,64.64
VL4625,Oasis,Standing on the Shoulder of Giants,Rock,2000,Very Good Plus,US,181.5,11645.0,No,No,4.9,2025-03-29,62.97
VL4626,SZA,SOS,R&B,2022,Mint,Germany,160.5,9685.0,No,Yes,4.7,2025-01-25,65.17
VL4627,David Bowie,The Rise and Fall of Ziggy Stardust and the Spiders from Mars,Rock,1972,Very Good,UK,,16923.0,No,,4.0,2024-07-13,83.08
VL4628,Tame Impala,Currents,Rock,2015,Very Good Plus,US,160.8,4463.0,Yes,,4.5,2024-06-13,
VL4629,Gorillaz,Demon Days,Alternative,2005,Good,US,220.0,7298.0,No,No,4.4,2026-07-01,18.38
VL4630,John Coltrane,A Love Supreme,Jazz,1965,Very Good Plus,France,162.6,4277.0,No,Yes,4.7,2025-11-28,130.98
VL4631,Prince,1999,Pop,1982,Near Mint,US,174.7,55369.0,No,Yes,4.5,2024-09-13,51.29
VL4632,Pink Floyd,The Piper at the Gates of Dawn,Rock,1967,Very Good,UK,149.3,8241.0,No,Yes,4.9,2024-11-25,72.29
VL4633,Simon & Garfunkel,Bookends,Folk,1968,Very Good Plus,UK,206.0,10718.0,No,Yes,4.9,2025-04-24,17.1
VL4634,A Tribe Called Quest,The Low End Theory,Hip-Hop,1991,Very Good,US,156.9,14562.0,No,Yes,4.6,2026-08-17,39.14
VL4635,The Beatles,Abbey Road,Rock,1969,Near Mint,US,178.9,4864.0,Yes,Yes,4.7,2024-09-22,43.78
VL4636,Depeche Mode,Music for the Masses,Electronic,1987,Very Good Plus,Australia,196.6,5867.0,No,Yes,4.5,2024-09-01,52.28
VL4637,The Rolling Stones,Sticky Fingers,Rock,1971,Very Good,Germany,178.4,12782.0,No,No,4.8,2026-07-01,34.54
VL4638,2Pac,All Eyez on Me,Hip-Hop,1996,Very Good Plus,UK,179.4,2683.0,Yes,Yes,4.2,2024-09-25,59.36
VL4639,Kanye West,The College Dropout,Hip-Hop,2004,Very Good Plus,UK,211.5,7249.0,No,No,4.5,2024-11-22,57.59
VL4640,The Cure,Pornography,Alternative,1982,Very Good Plus,Germany,171.6,22501.0,No,Yes,5.0,2024-08-11,
VL4641,Beyoncé,Dangerously in Love,R&B,2003,Very Good Plus,Canada,161.1,14727.0,No,Yes,5.0,2024-01-25,68.19
VL4642,Tame Impala,Lonerism,Rock,2012,Very Good Plus,US,164.3,6152.0,No,Yes,4.2,2025-05-16,34.59
VL4643,Billie Eilish,Happier Than Ever,Pop,2021,Mint,UK,,9573.0,No,No,4.3,2024-10-28,84.57
VL4644,Beyoncé,Dangerously in Love,R&B,2003,Very Good Plus,Netherlands,172.5,35724.0,No,Yes,4.5,2025-09-19,28.64
VL4645,Michael Jackson,Off the Wall,Pop,1979,Near Mint,France,176.5,6483.0,,No,3.9,2026-07-02,25.69
VL4646,Daft Punk,Homework,Electronic,1997,Very Good Plus,UK,175.5,5112.0,No,Yes,4.1,2025-01-15,
VL4647,Erykah Badu,Baduizm,R&B,1997,Good,US,167.9,8759.0,Yes,No,4.0,2024-01-09,
VL4648,The Doors,The Doors,Rock,1967,Very Good Plus,US,209.7,11552.0,No,,4.2,2024-10-22,45.05
VL4649,Portishead,Dummy,Electronic,1994,Very Good Plus,UK,182.9,12943.0,No,Yes,,2024-05-20,38.27
VL4650,Nirvana,In Utero,Rock,1993,Very Good Plus,Australia,189.5,4329.0,No,,4.6,2024-02-25,
VL4651,The Doors,The Doors,Rock,1967,Very Good,UK,172.9,6429.0,No,Yes,,2024-08-14,
VL4652,The Doors,Strange Days,Rock,1967,Very Good Plus,UK,165.8,11154.0,No,Yes,4.4,2025-08-24,29.33
VL4653,Frank Ocean,Channel Orange,R&B,2012,Near Mint,UK,164.5,19408.0,No,Yes,4.8,,30.42
VL4654,The Beatles,Revolver,Rock,1966,Good,US,194.4,29592.0,No,Yes,4.2,2024-04-29,24.53
VL4655,Mac Miller,The Divine Feminine,Hip-Hop,2016,Very Good,Germany,160.4,6424.0,Yes,,4.0,2024-09-20,126.68
VL4656,Billie Eilish,Hit Me Hard and Soft,Pop,2024,Very Good Plus,France,173.4,8447.0,No,Yes,4.2,2024-07-10,44.36
VL4657,The Beatles,With the Beatles,Rock,1963,Near Mint,US,147.3,5076.0,Yes,Yes,4.4,2025-10-12,65.58
VL4658,Led Zeppelin,Presence,Rock,1976,Very Good,US,190.5,10105.0,No,Yes,4.3,2025-02-09,15.69
VL4659,David Bowie,Diamond Dogs,,1974,Near Mint,US,178.8,2920.0,No,Yes,4.6,2024-03-01,173.91
VL4660,Tame Impala,Innerspeaker,Rock,2010,Very Good Plus,US,181.0,30753.0,Yes,,4.9,2025-06-06,43.89
VL4661,Bruno Mars,Doo-Wops & Hooligans,Pop,2010,Very Good Plus,US,211.9,4662.0,Yes,Yes,4.8,2024-12-21,176.76
VL4662,Prince,Sign o' the Times,Pop,1987,Near Mint,Germany,205.8,4803.0,Yes,Yes,4.2,,419.32
VL4663,David Bowie,Diamond Dogs,Rock,1974,Very Good,UK,183.4,10950.0,No,No,4.4,2024-06-10,43.02
VL4664,Taylor Swift,Fearless,Pop,2008,Very Good Plus,Germany,199.0,2784.0,,Yes,4.4,2024-01-02,
VL4665,David Bowie,The Rise and Fall of Ziggy Stardust and the Spiders from Mars,Rock,1972,Very Good,Netherlands,182.0,14144.0,No,No,4.9,2025-02-26,45.83
VL4666,The Beatles,The Beatles,Rock,1968,Very Good,US,220.0,,No,Yes,4.3,2025-08-06,
VL4667,The Cure,Seventeen Seconds,Alternative,1980,,Germany,189.8,40782.0,No,Yes,4.4,2024-12-16,17.67
VL4668,The Rolling Stones,Beggars Banquet,Rock,1968,Very Good,US,180.7,4096.0,No,Yes,4.7,2024-12-26,
VL4669,The Weeknd,Beauty Behind the Madness,R&B,2015,Very Good,UK,157.0,9989.0,Yes,,4.4,2024-04-01,
VL4670,Dr. Dre,The Chronic,Hip-Hop,1992,Very Good,,148.9,,,Yes,4.6,2024-03-26,86.77
VL4671,Bob Marley & The Wailers,Exodus,Reggae,1977,Near Mint,UK,167.3,6354.0,No,Yes,4.2,2026-04-30,27.94
VL4672,The Doors,Morrison Hotel,Rock,1970,Mint,Netherlands,184.0,17636.0,No,Yes,4.1,2024-12-29,88.2
VL4673,2Pac,All Eyez on Me,Hip-Hop,1996,Very Good Plus,UK,184.4,27963.0,No,Yes,4.2,2024-07-08,70.32
VL4674,Fleetwood Mac,Fleetwood Mac,Rock,1975,Mint,Italy,162.0,,No,Yes,4.7,2025-07-01,41.09
VL4675,Nas,It Was Written,Hip-Hop,1996,Good,Germany,,19661.0,No,No,5.0,2025-04-01,27.03
VL4676,Kate Bush,Hounds of Love,Pop,1985,Very Good Plus,US,191.0,9460.0,No,No,4.4,2025-07-22,26.77
VL4677,David Bowie,Young Americans,Rock,1975,Very Good Plus,US,168.4,3526.0,,Yes,4.8,,70.9
VL4678,Wu-Tang Clan,Enter the Wu-Tang (36 Chambers),Hip-Hop,1993,Good,US,172.6,,No,Yes,,2025-03-24,26.52
VL4679,Pink Floyd,Atom Heart Mother,Rock,1970,Near Mint,Japan,166.2,21692.0,Yes,Yes,5.0,2025-02-03,73.44
VL4680,Björk,Vespertine,Electronic,2001,Near Mint,UK,185.5,32772.0,No,Yes,4.3,2025-05-21,133.43
VL4681,The Strokes,Is This It,Rock,2001,Good,US,175.6,60000.0,No,Yes,4.2,2024-08-29,26.4
VL4682,A Tribe Called Quest,The Low End Theory,Hip-Hop,1991,Very Good,US,155.1,60000.0,,Yes,4.6,2025-11-02,30.55
VL4683,Massive Attack,100th Window,Electronic,2003,Very Good,UK,182.6,3627.0,Yes,Yes,5.0,2024-04-09,58.03
VL4684,D'Angelo,Brown Sugar,R&B,1995,Mint,Netherlands,162.1,18935.0,No,Yes,4.1,2025-07-16,21.91
VL4685,Erykah Badu,New Amerykah Part One,R&B,2008,Very Good,Japan,152.9,13227.0,No,No,4.3,2026-05-12,36.99
VL4686,Led Zeppelin,Led Zeppelin,Rock,1969,Very Good,,180.5,3381.0,No,Yes,4.1,2024-07-04,54.98
VL4687,Radiohead,Kid A,Alternative,2000,Good,US,157.5,28793.0,Yes,No,4.2,2024-10-27,28.15
VL4688,Elton John,Elton John,Pop,1970,Very Good,UK,162.6,12432.0,No,,4.5,2025-08-24,51.23
VL4689,Madonna,Ray of Light,Pop,1998,Very Good Plus,US,185.6,18971.0,,Yes,4.3,2025-08-06,41.38
VL4690,The Beatles,Abbey Road,Rock,1969,Very Good Plus,Japan,168.9,29455.0,No,Yes,,2024-10-18,
VL4691,Arctic Monkeys,Favourite Worst Nightmare,Rock,2007,,US,181.7,2832.0,No,Yes,4.5,2025-07-13,52.51
VL4692,Led Zeppelin,Houses of the Holy,Rock,1973,Very Good,Japan,191.0,6608.0,No,Yes,4.4,2025-10-08,63.08
VL4693,Billie Eilish,Hit Me Hard and Soft,Pop,2024,Very Good,Germany,174.2,42251.0,No,,4.0,2024-01-18,63.27
VL4694,Prince,Lovesexy,Pop,1988,Near Mint,,180.6,14439.0,Yes,Yes,4.2,2026-01-31,95.23
VL4695,"Tyler, The Creator",Wolf,Hip-Hop,2013,Very Good Plus,Japan,152.6,10776.0,No,Yes,4.5,2026-01-24,19.23
VL4696,Gorillaz,Demon Days,Alternative,2005,Very Good,Germany,161.7,17555.0,Yes,Yes,4.9,2025-07-08,27.32
VL4697,SZA,SOS,R&B,2022,Very Good Plus,Japan,179.4,5936.0,No,Yes,,2025-11-20,90.83
VL4698,Fleetwood Mac,Behind the Mask,Rock,1990,Near Mint,France,179.6,13490.0,No,Yes,4.0,2025-02-07,80.34
VL4699,The Cure,Wish,Alternative,1992,Very Good Plus,US,165.8,,Yes,Yes,4.3,2024-05-10,91.59
VL4700,Aaliyah,Age Ain't Nothing but a Number,R&B,1994,Very Good Plus,Netherlands,186.3,10002.0,,Yes,4.6,2026-06-18,86.87
VL4701,Queen,Queen II,Rock,1974,Near Mint,US,193.6,9116.0,No,Yes,4.4,2024-04-30,40.25
VL4702,"Tyler, The Creator",Flower Boy,Hip-Hop,2017,,Germany,199.3,9637.0,Yes,Yes,4.1,2025-09-23,90.51
VL4703,Taylor Swift,folklore,Pop,2020,Near Mint,US,220.0,10896.0,,Yes,4.1,2024-02-18,62.54
VL4704,The Beach Boys,Sunflower,Rock,1970,Mint,Italy,201.9,5943.0,No,Yes,4.6,2024-03-05,43.13
VL4705,The Strokes,Room on Fire,Rock,2003,Near Mint,UK,182.3,,No,No,5.0,2026-04-21,40.42
VL4706,Björk,Homogenic,Electronic,1997,Very Good,US,196.7,52208.0,No,No,4.8,2024-06-09,15.87
VL4707,Lady Gaga,Chromatica,Pop,2020,Very Good Plus,Italy,166.4,,No,Yes,4.9,2025-06-25,39.1
VL4708,Billie Eilish,Happier Than Ever,Pop,2021,,Japan,177.6,8090.0,No,Yes,4.3,2024-05-20,27.0
VL4709,Wu-Tang Clan,Enter the Wu-Tang (36 Chambers),Hip-Hop,1993,Very Good Plus,UK,,11806.0,No,No,4.8,2024-09-10,32.73
VL4710,The Doors,Strange Days,,1967,Very Good,US,200.2,6856.0,Yes,Yes,4.3,2025-11-02,38.96
VL4711,Fleetwood Mac,Fleetwood Mac,Rock,1975,Very Good Plus,UK,213.0,44507.0,Yes,Yes,4.4,2026-07-10,55.96
VL4712,Depeche Mode,Violator,Electronic,1990,Near Mint,US,165.6,32673.0,,Yes,5.0,2026-02-22,77.14
VL4713,Michael Jackson,Bad,Pop,1987,Near Mint,US,177.9,60000.0,No,Yes,,,27.34
VL4714,David Bowie,Low,Rock,1977,Very Good Plus,Germany,168.3,,Yes,Yes,4.7,2025-03-25,69.47
VL4715,The Smiths,"Strangeways, Here We Come",Alternative,1987,Very Good Plus,Netherlands,160.2,30469.0,No,Yes,4.4,2025-09-26,109.63
VL4716,Elton John,Honky Château,Rock,1972,Near Mint,Netherlands,180.4,29983.0,Yes,Yes,,2025-05-07,46.78
VL4717,Depeche Mode,Music for the Masses,Electronic,1987,Near Mint,UK,201.9,35566.0,No,Yes,,2026-01-16,20.79
VL4718,Lana Del Rey,Ultraviolence,,2014,Very Good,UK,205.4,24003.0,,Yes,4.4,2024-03-20,
VL4719,Kanye West,Late Registration,Hip-Hop,2005,Very Good Plus,US,171.3,11745.0,Yes,,3.7,2026-03-21,49.8
VL4720,Stevie Wonder,Innervisions,Soul,1973,Near Mint,US,,,Yes,Yes,4.1,2024-04-04,89.68
VL4721,Dolly Parton,Coat of Many Colors,Country,1971,Very Good,Japan,207.1,17519.0,Yes,Yes,4.2,2025-06-21,23.43
VL4722,Lady Gaga,The Fame,Pop,2008,Very Good Plus,US,169.1,4476.0,No,Yes,4.5,2026-05-23,43.82
VL4723,The Notorious B.I.G.,Life After Death,Hip-Hop,1997,Very Good Plus,Japan,188.6,60000.0,Yes,Yes,4.7,2025-08-09,32.33
VL4724,The Rolling Stones,Aftermath,,1966,Very Good Plus,UK,159.8,11879.0,No,Yes,4.4,2025-11-08,28.88
VL4725,Tame Impala,Lonerism,Rock,2012,Very Good,US,206.4,2143.0,No,No,4.1,2024-08-20,50.58
VL4726,Nina Simone,Silk & Soul,Soul,1967,Very Good Plus,US,164.6,10755.0,No,No,4.2,2025-04-09,94.19
VL4727,Tame Impala,Currents,Rock,2015,Near Mint,US,186.6,10134.0,No,No,4.5,2025-01-19,99.09
VL4728,"Tyler, The Creator",CALL ME IF YOU GET LOST,Hip-Hop,2021,Very Good,US,162.7,20438.0,Yes,Yes,4.3,2024-02-15,43.65
VL4729,Nina Simone,Silk & Soul,Soul,1967,Near Mint,Germany,167.1,19146.0,Yes,Yes,4.1,2025-06-18,66.95
VL4730,Prince,1999,Pop,1982,Very Good Plus,US,183.4,4744.0,No,Yes,4.7,2024-06-02,62.33
VL4731,Pink Floyd,Ummagumma,Rock,1969,Very Good,UK,181.0,9843.0,No,Yes,4.8,2025-10-26,25.96
VL4732,Led Zeppelin,Led Zeppelin IV,Rock,1971,Near Mint,Germany,192.1,2653.0,Yes,Yes,4.5,2026-07-23,82.11
VL4733,Led Zeppelin,Physical Graffiti,Rock,1975,Near Mint,Germany,203.1,20989.0,No,Yes,4.1,2024-08-04,75.51
VL4734,The Rolling Stones,Let It Bleed,Rock,1969,Good,UK,169.0,10508.0,No,No,4.6,2026-04-18,
VL4735,MF DOOM,Operation: Doomsday,Hip-Hop,1999,Near Mint,US,180.1,5117.0,Yes,No,4.9,2025-09-08,56.31
VL4736,Radiohead,OK Computer,Alternative,1997,Near Mint,UK,168.1,55990.0,No,Yes,3.8,2024-03-24,61.2
VL4737,Nas,It Was Written,Hip-Hop,1996,Very Good,US,175.4,11812.0,No,Yes,5.0,2025-08-21,63.34
VL4738,Simon & Garfunkel,Bookends,Folk,1968,Very Good Plus,Netherlands,202.4,9863.0,No,Yes,4.0,2026-07-17,52.27
VL4739,Bob Marley & The Wailers,Burnin',Reggae,1973,Very Good Plus,Canada,159.8,15281.0,No,Yes,,2025-03-21,26.25
VL4740,David Bowie,Heroes,Rock,1977,Very Good Plus,US,208.7,5264.0,No,,,2026-03-03,82.02
VL4741,Oasis,Definitely Maybe,Rock,1994,Near Mint,Germany,188.9,27884.0,No,Yes,4.4,2024-10-13,43.05
VL4742,Oasis,Standing on the Shoulder of Giants,Rock,2000,Very Good Plus,UK,,7397.0,No,Yes,4.2,2024-05-04,70.87
VL4743,,Discovery,Electronic,2001,Very Good,Japan,165.9,22861.0,No,Yes,4.2,2024-07-21,45.21
VL4744,Nina Simone,I Put a Spell on You,Jazz,1965,Near Mint,Netherlands,171.3,39791.0,No,,5.0,2024-11-05,46.65
VL4745,Fleetwood Mac,Tango in the Night,Rock,1987,Very Good Plus,US,184.8,60000.0,No,Yes,3.9,2024-05-08,
VL4746,Madonna,True Blue,Pop,1986,Mint,US,184.8,13498.0,No,Yes,4.6,2025-02-26,82.54
VL4747,Kendrick Lamar,"good kid, m.A.A.d city",Hip-Hop,2012,Near Mint,UK,162.7,21261.0,No,Yes,4.9,2025-06-24,34.51
VL4748,,Madman Across the Water,Rock,1971,Very Good,Australia,205.1,22922.0,Yes,Yes,4.6,2025-04-24,115.79
VL4749,The Doors,Strange Days,Rock,1967,Very Good Plus,Germany,,4468.0,No,Yes,4.4,2024-07-16,25.94
VL4750,Oasis,Standing on the Shoulder of Giants,Rock,2000,Near Mint,Italy,194.0,37901.0,Yes,Yes,4.0,2026-05-19,165.98
VL4751,The Strokes,Is This It,Rock,2001,Very Good,France,213.5,27015.0,,Yes,4.6,2026-03-07,55.89
VL4752,Erykah Badu,Mama's Gun,R&B,2000,Good,US,183.5,7838.0,Yes,No,4.5,2025-06-07,58.22
VL4753,"Tyler, The Creator",Goblin,Hip-Hop,2011,Very Good Plus,Japan,156.1,17536.0,No,Yes,4.3,2024-05-06,69.34
VL4754,Elton John,Madman Across the Water,Rock,1971,Near Mint,France,195.8,38736.0,No,Yes,4.7,2026-06-24,64.85
VL4755,Lana Del Rey,Ultraviolence,Pop,2014,Near Mint,US,153.1,11137.0,No,Yes,4.7,2026-06-11,55.6
VL4756,Michael Jackson,Dangerous,Pop,1991,Near Mint,Canada,174.3,9013.0,Yes,No,4.4,2024-03-05,51.54
VL4757,David Bowie,Young Americans,Rock,1975,Very Good Plus,Netherlands,167.6,15941.0,Yes,Yes,4.3,2026-06-20,77.36
VL4758,Aphex Twin,Selected Ambient Works 85–92,Electronic,1992,Very Good Plus,Japan,137.7,8088.0,No,No,4.2,2025-11-03,65.36
VL4759,John Coltrane,Giant Steps,Jazz,1960,Very Good,UK,174.9,2372.0,No,Yes,4.5,2024-12-01,214.29
VL4760,Outkast,Southernplayalisticadillacmuzik,Hip-Hop,1994,Very Good Plus,,192.8,12385.0,No,Yes,4.3,2025-01-27,29.86
VL4761,Kate Bush,The Sensual World,Pop,1989,Mint,Germany,183.7,7636.0,No,Yes,,2024-10-16,117.24
VL4762,Simon & Garfunkel,Sounds of Silence,Folk,1966,Very Good Plus,UK,175.4,10609.0,No,Yes,4.8,2024-06-18,48.81
VL4763,Whitney Houston,Whitney Houston,Pop,1985,Near Mint,Germany,166.6,6043.0,No,Yes,4.1,2024-02-20,84.19
VL4764,David Bowie,Low,Rock,1977,Near Mint,UK,177.6,8510.0,No,Yes,4.4,2026-05-13,106.93
VL4765,Adele,25,Pop,2015,Very Good,Australia,156.9,2743.0,No,No,4.7,,59.38
VL4766,Depeche Mode,Music for the Masses,Electronic,1987,Near Mint,UK,168.9,12998.0,No,Yes,4.5,2025-04-08,62.84
VL4767,The Strokes,Room on Fire,Rock,2003,Very Good Plus,UK,197.1,25588.0,Yes,Yes,4.2,2024-01-13,27.02
VL4768,The Doors,Waiting for the Sun,Rock,1968,Good,US,161.5,16519.0,No,No,4.2,2024-10-03,29.09
VL4769,The Smiths,"Strangeways, Here We Come",Alternative,1987,Mint,Canada,161.3,3910.0,No,Yes,4.6,2024-09-13,79.88
VL4770,Radiohead,Hail to the Thief,Alternative,2003,Very Good Plus,France,189.1,12871.0,Yes,No,4.5,2025-10-15,
VL4771,D'Angelo,Brown Sugar,R&B,1995,Very Good Plus,US,169.1,23492.0,No,Yes,4.5,2025-02-16,42.77
VL4772,Stevie Wonder,Talking Book,Soul,1972,Very Good Plus,Italy,152.9,,No,Yes,4.8,2026-05-28,34.98
VL4773,The Doors,Waiting for the Sun,Rock,1968,Near Mint,Germany,190.0,5351.0,No,No,4.7,2024-09-08,70.71
VL4774,Led Zeppelin,Led Zeppelin II,Rock,1969,Near Mint,UK,205.1,7974.0,No,Yes,3.7,2024-06-26,88.95
VL4775,Tame Impala,Lonerism,Rock,2012,Near Mint,US,183.9,12249.0,Yes,Yes,4.2,2024-12-08,72.04
VL4776,Simon & Garfunkel,Sounds of Silence,Folk,1966,Mint,US,168.6,28026.0,No,,4.3,2026-02-24,19.22
VL4777,The Beatles,Sgt. Pepper's Lonely Hearts Club Band,Rock,1967,Very Good Plus,Italy,174.3,5984.0,No,,5.0,2025-05-18,74.79
VL4778,The Beatles,A Hard Day's Night,Rock,1964,Very Good Plus,Germany,165.4,53684.0,Yes,Yes,4.3,2024-05-20,114.25
VL4779,Taylor Swift,Red,Pop,2012,Very Good Plus,US,176.3,9234.0,No,Yes,3.9,2025-05-25,56.47
VL4780,"Tyler, The Creator",Flower Boy,Hip-Hop,2017,Very Good Plus,US,180.8,5149.0,No,Yes,4.4,2025-09-15,76.29
VL4781,Miles Davis,Kind of Blue,Jazz,1959,Near Mint,Japan,169.0,4498.0,No,Yes,4.9,2025-03-05,81.45
VL4782,Gorillaz,Gorillaz,Alternative,2001,Very Good,US,159.6,6495.0,Yes,No,4.2,2025-11-10,42.02
VL4783,The Rolling Stones,Tattoo You,Rock,1981,Good,Germany,151.7,19945.0,No,Yes,4.5,2024-02-20,35.98
VL4784,Arctic Monkeys,"Whatever People Say I Am, That's What I'm Not",Rock,2006,Very Good,US,172.0,15015.0,No,Yes,4.2,2026-07-14,29.09
VL4785,Miles Davis,Bitches Brew,Jazz,1970,Very Good,Germany,168.5,18638.0,No,,4.9,2025-08-09,
VL4786,Jay-Z,Reasonable Doubt,Hip-Hop,1996,Near Mint,Germany,220.0,10372.0,Yes,Yes,,2025-05-03,151.27
VL4787,"Tyler, The Creator",Flower Boy,Hip-Hop,2017,Near Mint,Germany,174.8,7641.0,Yes,No,4.8,2024-07-22,60.46
VL4788,Radiohead,OK Computer,Alternative,1997,Near Mint,UK,182.8,21419.0,,,4.3,2024-04-29,
VL4789,The Cure,Faith,Alternative,1981,Near Mint,US,,11482.0,No,Yes,4.1,2025-10-24,61.06
VL4790,Pink Floyd,Meddle,Rock,1971,Very Good Plus,Japan,215.6,5238.0,Yes,Yes,,,104.79
VL4791,David Bowie,Scary Monsters,Rock,1980,Near Mint,France,180.2,29807.0,No,Yes,4.4,2025-08-06,28.29
VL4792,Led Zeppelin,Presence,Rock,1976,Very Good Plus,Germany,184.5,4575.0,No,No,4.4,,41.97
VL4793,Jimi Hendrix,Electric Ladyland,Rock,1968,Very Good,US,170.1,15627.0,No,Yes,4.4,2024-08-23,56.86
VL4794,Aaliyah,One in a Million,R&B,1996,Near Mint,Netherlands,188.1,28916.0,No,Yes,4.6,2024-07-23,53.17
VL4795,Aaliyah,Age Ain't Nothing but a Number,R&B,1994,Very Good,Japan,172.4,18147.0,No,,4.8,2024-10-20,28.03
VL4796,Rihanna,Loud,Pop,2010,Very Good Plus,,158.8,4165.0,No,No,3.8,2024-01-28,51.94
VL4797,Marvin Gaye,I Want You,Soul,1976,Very Good Plus,UK,191.7,60000.0,No,Yes,4.6,2025-09-19,
VL4798,Kid Cudi,Man on the Moon: The End of Day,Hip-Hop,2009,Very Good Plus,UK,156.9,18983.0,No,No,4.1,2026-07-10,34.28
VL4799,Red Hot Chili Peppers,Blood Sugar Sex Magik,Rock,1991,Very Good Plus,Netherlands,166.0,9402.0,No,Yes,4.1,2024-05-11,32.98
VL4800,Led Zeppelin,Led Zeppelin IV,Rock,1971,Mint,US,191.1,15654.0,No,Yes,4.6,2025-06-09,48.98
VL4801,Lady Gaga,The Fame,Pop,2008,Very Good Plus,US,179.7,4959.0,No,No,4.8,2025-10-24,32.88
VL4802,Depeche Mode,Speak & Spell,Electronic,1981,Near Mint,US,169.4,,No,Yes,5.0,2024-12-29,
VL4803,"Tyler, The Creator",Wolf,Hip-Hop,2013,Near Mint,,191.1,,No,Yes,4.0,2024-04-21,95.0
VL4804,Queen,Sheer Heart Attack,Rock,1974,Very Good,Japan,189.3,20550.0,No,,4.8,2024-05-15,19.69
VL4805,Kate Bush,The Sensual World,Pop,1989,Very Good Plus,UK,185.4,40958.0,No,No,4.1,2025-03-04,40.61
VL4806,Pink Floyd,A Saucerful of Secrets,Rock,1968,Very Good,UK,148.0,5521.0,Yes,No,4.9,2024-10-21,68.53
VL4807,Pearl Jam,Vs.,Rock,1993,Very Good Plus,Netherlands,,8793.0,No,Yes,4.6,2024-05-08,46.21
VL4808,Led Zeppelin,Physical Graffiti,Rock,1975,Near Mint,Italy,182.9,13876.0,Yes,No,4.1,,47.61
VL4809,Tame Impala,Innerspeaker,Rock,2010,Near Mint,Australia,179.5,17617.0,No,Yes,4.4,2025-06-16,73.07
VL4810,Björk,Post,Electronic,1995,Near Mint,Germany,196.0,20963.0,No,Yes,4.1,2025-04-17,30.92
VL4811,Daft Punk,Discovery,Electronic,2001,Near Mint,US,177.4,10055.0,No,Yes,,,126.29
VL4812,Miles Davis,Sketches of Spain,Jazz,1960,Good,US,161.9,28049.0,No,Yes,4.5,2025-06-28,11.43
VL4813,The Cure,Three Imaginary Boys,Rock,1979,Very Good Plus,UK,173.3,8611.0,No,No,4.7,2024-09-16,73.32
VL4814,Outkast,Stankonia,Hip-Hop,2000,Very Good,Germany,201.2,11060.0,No,Yes,4.9,2026-06-15,21.14
VL4815,The Rolling Stones,Tattoo You,Rock,1981,Near Mint,UK,187.5,9476.0,Yes,Yes,4.7,2025-11-16,50.66
VL4816,Pink Floyd,Wish You Were Here,Rock,1975,Very Good Plus,Germany,191.2,26598.0,No,Yes,4.2,2025-10-23,26.92
VL4817,Madonna,Like a Virgin,Pop,1984,Very Good,US,177.9,5068.0,Yes,No,5.0,2025-10-02,66.77
VL4818,Pink Floyd,The Wall,Rock,1979,Very Good,UK,175.1,,No,No,4.5,2025-10-10,24.11
VL4819,Led Zeppelin,Presence,Rock,1976,Very Good Plus,US,176.6,4564.0,No,Yes,4.4,2025-05-12,63.5
VL4820,J Dilla,Donuts,Hip-Hop,2006,Mint,Italy,184.2,26207.0,Yes,Yes,4.3,2024-09-02,47.06
VL4821,The Rolling Stones,Beggars Banquet,Rock,1968,Near Mint,Germany,193.1,27512.0,No,Yes,4.3,2025-04-23,27.51
VL4822,The Weeknd,Starboy,R&B,2016,Very Good,US,164.0,29464.0,,Yes,4.9,2025-03-22,25.97
VL4823,Björk,Vespertine,Electronic,2001,Very Good Plus,US,171.9,4264.0,No,Yes,4.0,2024-02-21,30.03
VL4824,The Smiths,The Smiths,Alternative,1984,Very Good Plus,Netherlands,177.1,30788.0,Yes,Yes,4.4,2024-09-26,
VL4825,Queen,News of the World,Rock,1977,Very Good,UK,184.5,18045.0,No,Yes,4.3,,46.71
VL4826,Tame Impala,Lonerism,Rock,2012,Very Good,US,188.2,8429.0,No,Yes,4.9,2025-08-30,58.28
VL4827,Billie Eilish,"When We All Fall Asleep, Where Do We Go?",Pop,2019,Very Good Plus,Netherlands,189.6,11413.0,Yes,Yes,4.3,2026-07-07,191.78
VL4828,Kid Cudi,Man on the Moon II,Hip-Hop,2010,Very Good Plus,France,166.1,13919.0,No,Yes,4.2,2024-07-20,32.59
VL4829,Nirvana,Bleach,Rock,1989,Very Good Plus,US,198.7,5553.0,No,No,4.4,2026-01-03,32.36
VL4830,Miles Davis,Sketches of Spain,Jazz,1960,Near Mint,US,193.0,16828.0,No,Yes,4.3,2026-01-21,57.22
VL4831,Pearl Jam,Vitalogy,Rock,1994,Near Mint,Italy,,2755.0,,Yes,4.4,2026-05-26,
VL4832,Fleetwood Mac,Rumours,Rock,1977,Mint,France,196.4,13534.0,,Yes,4.9,2024-09-25,93.6
VL4833,Jimi Hendrix,Are You Experienced,Rock,1967,Very Good,France,204.5,15422.0,No,,4.5,2024-04-25,29.21
VL4834,Lauryn Hill,The Miseducation of Lauryn Hill,R&B,1998,Near Mint,,170.9,10832.0,Yes,Yes,4.5,2025-01-17,129.82
VL4835,Depeche Mode,Songs of Faith and Devotion,Electronic,1993,Very Good Plus,,176.0,5607.0,No,Yes,3.9,2025-09-12,140.09
VL4836,Bob Marley & The Wailers,Uprising,Reggae,1980,Very Good Plus,Germany,180.9,19759.0,No,Yes,4.4,2026-07-04,71.87
VL4837,Fleetwood Mac,Fleetwood Mac,Rock,1975,Very Good Plus,France,189.1,8307.0,No,Yes,,2024-04-18,45.32
VL4838,Prince,Lovesexy,Pop,1988,Very Good Plus,Netherlands,,10397.0,Yes,No,4.5,2025-07-15,32.0
VL4839,Red Hot Chili Peppers,Stadium Arcadium,Rock,2006,Very Good,Germany,187.9,6745.0,No,Yes,4.4,2024-12-30,
VL4840,A Tribe Called Quest,Midnight Marauders,Hip-Hop,1993,Near Mint,Netherlands,202.7,13259.0,No,Yes,4.7,2024-05-23,134.92
VL4841,2Pac,All Eyez on Me,Hip-Hop,1996,Very Good,France,178.8,,No,Yes,4.1,2026-03-26,31.84
VL4842,Oasis,(What's the Story) Morning Glory?,Rock,1995,Near Mint,US,199.0,60000.0,No,Yes,4.2,2025-11-03,26.76
VL4843,Led Zeppelin,Presence,Rock,1976,Very Good Plus,UK,183.5,22963.0,No,Yes,,2026-05-22,55.62
VL4844,Lauryn Hill,The Miseducation of Lauryn Hill,R&B,1998,Near Mint,UK,174.1,39898.0,No,Yes,5.0,2025-02-23,64.51
VL4845,Red Hot Chili Peppers,Blood Sugar Sex Magik,Rock,1991,Near Mint,UK,205.7,,Yes,Yes,4.3,2024-10-30,106.7
VL4846,Outkast,Aquemini,Hip-Hop,1998,Near Mint,Netherlands,158.0,6389.0,No,Yes,,2026-07-16,72.23
VL4847,Bob Marley & The Wailers,Rastaman Vibration,Reggae,1976,Very Good Plus,US,174.1,8193.0,No,Yes,4.9,2025-08-06,29.35
VL4848,Dr. Dre,The Chronic,Hip-Hop,1992,Mint,US,191.2,3831.0,No,Yes,4.6,2025-01-06,93.22
VL4849,Rihanna,ANTI,Pop,2016,Very Good Plus,Germany,191.8,9523.0,No,Yes,3.9,2024-03-11,46.18
VL4850,The Beatles,Revolver,Rock,1966,Very Good,Japan,176.4,6468.0,No,Yes,4.3,,26.34
VL4851,SZA,Ctrl,R&B,2017,Mint,US,155.1,10320.0,No,Yes,4.1,2026-05-15,97.96
VL4852,Rihanna,Rated R,Pop,2009,Near Mint,Germany,180.0,38350.0,No,Yes,4.3,,49.59
VL4853,Rihanna,Rated R,Pop,2009,Very Good,Germany,190.9,13411.0,No,Yes,4.2,2024-06-23,51.23
VL4854,Miles Davis,Sketches of Spain,Jazz,1960,Very Good Plus,UK,195.1,15716.0,No,Yes,4.2,2025-05-15,73.21
VL4855,Led Zeppelin,Led Zeppelin,Rock,1969,Very Good Plus,,173.5,19552.0,No,,4.5,2024-05-24,27.91
VL4856,Lady Gaga,Chromatica,Pop,2020,Good,,163.2,54166.0,No,Yes,4.2,2026-03-01,13.43
VL4857,,Blue Lines,Electronic,1991,Very Good,Japan,179.0,4282.0,No,Yes,4.0,2024-12-29,44.52
VL4858,Kendrick Lamar,To Pimp a Butterfly,Hip-Hop,2015,Very Good Plus,US,176.4,3704.0,Yes,Yes,3.7,2025-04-01,49.02
VL4859,Bob Dylan,John Wesley Harding,Rock,1967,Very Good,Japan,196.2,,Yes,Yes,5.0,2024-04-04,95.58
VL4860,Queen,A Night at the Opera,Rock,1975,Very Good,US,177.2,34302.0,No,Yes,4.4,2024-11-09,26.77
VL4861,Fleetwood Mac,Tango in the Night,Rock,1987,Near Mint,Netherlands,180.4,14477.0,Yes,Yes,4.8,2025-06-05,324.77
VL4862,Mac Miller,GO:OD AM,Hip-Hop,2015,Very Good,US,190.2,13677.0,No,Yes,4.8,2025-04-09,53.19
VL4863,David Bowie,Diamond Dogs,Rock,1974,Very Good Plus,Netherlands,205.4,22000.0,No,Yes,4.0,2025-12-20,64.2
VL4864,Simon & Garfunkel,Bookends,Folk,1968,Good,UK,195.1,8600.0,No,Yes,5.0,2025-08-04,30.13
VL4865,Massive Attack,Mezzanine,Electronic,1998,Near Mint,US,218.3,55328.0,No,,4.7,2026-04-22,28.88
VL4866,The Cure,Faith,Alternative,1981,Mint,US,169.3,40750.0,No,Yes,4.1,2025-06-13,112.04
VL4867,Marvin Gaye,What's Going On,Soul,1971,Mint,Japan,207.2,3846.0,No,Yes,4.3,2024-08-08,93.41
VL4868,Billie Eilish,"When We All Fall Asleep, Where Do We Go?",Pop,2019,Very Good Plus,UK,185.5,6760.0,Yes,Yes,5.0,2024-03-27,86.99
VL4869,Portishead,Dummy,Electronic,1994,Very Good Plus,US,194.7,10450.0,No,,4.8,2026-03-25,21.61
VL4870,Daft Punk,Human After All,Electronic,2005,Near Mint,US,190.1,17879.0,No,Yes,4.4,2024-01-07,28.29
VL4871,Björk,Vespertine,Electronic,2001,Near Mint,US,179.0,7661.0,No,Yes,4.6,2024-08-23,91.43
VL4872,Björk,Homogenic,Electronic,1997,Very Good,US,175.2,13292.0,Yes,Yes,4.3,2025-06-07,38.55
VL4873,Bob Marley & The Wailers,Rastaman Vibration,Reggae,1976,Good,France,210.3,14150.0,Yes,,4.5,2024-02-29,46.66
VL4874,Tame Impala,The Slow Rush,Rock,2020,Near Mint,US,166.5,13340.0,No,Yes,4.7,2024-07-24,29.32
VL4875,Wu-Tang Clan,Enter the Wu-Tang (36 Chambers),Hip-Hop,1993,Near Mint,Germany,168.9,8360.0,No,,4.0,2024-03-30,62.93
VL4876,Pink Floyd,,Rock,1968,Very Good,UK,171.5,15482.0,Yes,No,4.4,2025-04-26,75.28
VL4877,Fleetwood Mac,Mirage,Rock,1982,Very Good Plus,US,177.7,5616.0,No,Yes,4.9,2026-01-31,82.15
VL4878,Bob Dylan,Bringing It All Back Home,Folk,1965,Near Mint,Canada,196.6,6557.0,Yes,Yes,,2025-01-30,55.53
VL4879,Daft Punk,Homework,Electronic,1997,Very Good Plus,US,182.8,3877.0,No,No,4.3,2024-03-27,19.52
VL4880,Adele,21,Pop,2011,Very Good,France,,22253.0,,No,4.7,,
VL4881,Adele,21,Pop,2011,Near Mint,,175.9,13077.0,No,Yes,,2024-09-28,27.26
VL4882,Elton John,Tumbleweed Connection,Rock,1970,Mint,US,166.7,10649.0,No,Yes,,2024-01-15,31.37
VL4883,Red Hot Chili Peppers,Blood Sugar Sex Magik,Rock,1991,Very Good,UK,170.1,13152.0,No,Yes,4.3,2025-08-02,29.17
VL4884,Elton John,Goodbye Yellow Brick Road,Rock,1973,Very Good Plus,Japan,169.0,4542.0,No,,4.6,2024-06-13,26.03
VL4885,The Cure,Pornography,Alternative,1982,Good,,173.9,6677.0,,Yes,5.0,2024-04-19,25.8
VL4886,Aaliyah,One in a Million,R&B,1996,Very Good,US,171.5,8867.0,No,Yes,,2024-10-14,43.18
VL4887,Outkast,Southernplayalisticadillacmuzik,Hip-Hop,1994,Very Good Plus,US,182.4,9894.0,Yes,Yes,3.8,2026-06-23,38.63
VL4888,Stevie Wonder,Talking Book,Soul,1972,Near Mint,France,186.4,12577.0,No,Yes,4.4,2024-08-09,34.07
VL4889,Taylor Swift,1989,Pop,2014,Near Mint,US,,17955.0,No,,4.5,2025-02-26,69.77
VL4890,Kate Bush,Hounds of Love,Pop,1985,Very Good Plus,Italy,174.0,27871.0,Yes,Yes,4.1,2025-08-23,49.4
VL4891,Mac Miller,The Divine Feminine,Hip-Hop,2016,Very Good Plus,US,181.8,3746.0,No,No,4.1,2026-03-29,28.96
VL4892,Outkast,Stankonia,Hip-Hop,2000,Very Good,Germany,176.9,44198.0,No,Yes,4.6,2025-09-22,
VL4893,Radiohead,In Rainbows,Alternative,2007,Near Mint,US,178.5,,Yes,Yes,4.4,2025-03-29,204.59
VL4894,Adele,19,Pop,2008,Good,Italy,176.4,11610.0,No,No,3.8,2024-05-08,19.4
VL4895,Nirvana,Nevermind,Rock,1991,Very Good Plus,Japan,190.0,12772.0,No,Yes,,2024-02-29,140.44
VL4896,Led Zeppelin,Presence,Rock,1976,Very Good,US,162.8,14131.0,No,No,5.0,2024-05-25,37.35
VL4897,Amy Winehouse,Back to Black,Soul,2006,Good,US,171.4,17271.0,No,Yes,5.0,2025-10-01,24.43
VL4898,Dolly Parton,Jolene,Country,1974,Good,US,197.3,24586.0,No,No,4.5,2025-03-31,24.31
VL4899,Kendrick Lamar,Mr. Morale & the Big Steppers,Hip-Hop,2022,Very Good Plus,France,189.6,28296.0,No,No,4.2,2024-11-07,27.55
VL4900,The Doors,Morrison Hotel,Rock,1970,Very Good Plus,US,165.0,28570.0,No,No,4.3,2024-06-20,13.94
VL4901,Kid Cudi,Man on the Moon II,Hip-Hop,2010,Near Mint,Germany,166.5,5529.0,No,No,4.1,2024-09-24,55.86
VL4902,Jimi Hendrix,Electric Ladyland,Rock,1968,Near Mint,US,194.2,11081.0,Yes,Yes,4.4,2025-10-14,58.27
VL4903,Bob Marley & The Wailers,Uprising,Reggae,1980,Near Mint,US,197.5,16380.0,No,Yes,4.3,2025-12-21,91.87
VL4904,Pearl Jam,Vs.,Rock,1993,Near Mint,Germany,154.6,15625.0,No,Yes,4.5,2024-03-27,48.93
VL4905,The Cure,Wish,Alternative,1992,Very Good Plus,UK,195.4,7968.0,No,,4.6,2026-06-16,52.81
VL4906,Kate Bush,The Sensual World,Pop,1989,Very Good Plus,US,149.4,26277.0,No,Yes,4.1,2025-10-07,62.91
VL4907,SZA,Ctrl,R&B,2017,Very Good Plus,Germany,174.0,13213.0,No,Yes,4.7,2025-06-30,60.24
VL4908,Bob Marley & The Wailers,Burnin',Reggae,1973,Very Good,US,157.6,7818.0,No,Yes,5.0,2024-02-08,47.86
VL4909,Elton John,Madman Across the Water,Rock,1971,Good,US,203.4,5001.0,Yes,No,4.3,2026-04-27,44.96
VL4910,Bob Dylan,John Wesley Harding,Rock,1967,Very Good Plus,UK,172.7,60000.0,No,Yes,4.7,2025-01-16,
VL4911,The Notorious B.I.G.,Life After Death,Hip-Hop,1997,Very Good,France,172.2,9862.0,Yes,,4.8,,91.87
VL4912,Stevie Wonder,Talking Book,Soul,1972,Very Good,Japan,183.0,10264.0,No,No,5.0,,29.94
VL4913,2Pac,Me Against the World,Hip-Hop,1995,Very Good Plus,UK,167.8,18495.0,No,Yes,4.6,2024-08-20,
VL4914,The Cure,Faith,Alternative,1981,Near Mint,France,173.9,22562.0,No,Yes,4.5,2025-09-11,26.84
VL4915,Radiohead,A Moon Shaped Pool,Alternative,2016,Mint,,178.5,20247.0,No,,4.1,2025-03-13,54.41
VL4916,Outkast,Aquemini,Hip-Hop,1998,Very Good Plus,Germany,168.7,13069.0,No,,4.6,2026-01-24,22.92
VL4917,Prince,Lovesexy,Pop,1988,Good,Germany,187.6,16626.0,No,Yes,3.8,2025-04-19,
VL4918,The Strokes,First Impressions of Earth,Rock,2005,Near Mint,UK,174.6,23462.0,No,Yes,4.3,2025-11-26,
VL4919,Billie Eilish,"When We All Fall Asleep, Where Do We Go?",Pop,2019,Very Good,US,184.0,7088.0,No,No,4.3,2024-03-19,30.78
VL4920,Gorillaz,Gorillaz,Alternative,2001,Good,Italy,165.0,23977.0,No,,,2026-02-02,41.08
VL4921,Bruno Mars,Doo-Wops & Hooligans,Pop,2010,Very Good Plus,US,183.7,21801.0,No,No,5.0,2026-02-27,52.57
VL4922,Miles Davis,Sketches of Spain,Jazz,1960,Very Good,Japan,170.4,7067.0,No,,3.8,2025-10-30,
VL4923,Queen,News of the World,Rock,1977,Near Mint,UK,186.6,34628.0,No,No,4.1,2024-03-11,49.06
VL4924,Oasis,Be Here Now,Rock,1997,Mint,Canada,177.3,,Yes,Yes,4.3,2026-03-27,
VL4925,The Smiths,The Queen Is Dead,Alternative,1986,Very Good Plus,Australia,181.1,13280.0,No,Yes,4.4,2026-02-03,29.03
VL4926,Oasis,Be Here Now,Rock,1997,Very Good Plus,Germany,184.4,8985.0,No,No,4.5,2025-09-30,48.82
VL4927,Erykah Badu,Mama's Gun,R&B,2000,Very Good,Netherlands,193.4,29085.0,No,Yes,4.7,,
VL4928,Radiohead,OK Computer,Alternative,1997,Very Good,,186.9,16386.0,No,No,4.7,2026-06-19,34.1
VL4929,Marvin Gaye,Let's Get It On,Soul,1973,,Germany,197.5,,No,No,4.7,2025-07-07,29.59
VL4930,Adele,25,Pop,2015,Very Good Plus,Germany,220.0,48254.0,No,Yes,4.5,2025-08-24,57.61
VL4931,Adele,30,Pop,2021,Near Mint,US,175.0,13601.0,Yes,Yes,4.6,2025-01-11,
VL4932,Rihanna,Good Girl Gone Bad,,2007,Near Mint,France,171.9,24384.0,No,Yes,4.3,2025-08-27,45.89
VL4933,John Coltrane,A Love Supreme,Jazz,1965,Very Good Plus,,193.4,15078.0,No,Yes,4.5,2025-01-23,75.32
VL4934,,Abbey Road,Rock,1969,Very Good Plus,Japan,161.1,4990.0,No,Yes,4.6,2026-01-05,25.15
VL4935,Portishead,Portishead,Electronic,1997,Near Mint,UK,,10770.0,No,Yes,4.6,2025-12-12,66.97
VL4936,Bob Dylan,Blood on the Tracks,Rock,1975,Very Good Plus,Netherlands,185.5,7746.0,No,Yes,4.6,2025-10-13,77.1
VL4937,Miles Davis,In a Silent Way,Jazz,1969,Very Good,Japan,179.8,4807.0,No,Yes,4.2,2024-08-06,52.75
VL4938,Tame Impala,Lonerism,Rock,2012,Very Good,Netherlands,201.8,43427.0,No,Yes,4.1,2025-06-15,26.08
VL4939,Nirvana,In Utero,Rock,1993,Very Good,Japan,192.2,19414.0,No,Yes,4.8,2025-05-26,65.47
VL4940,The Smiths,The Queen Is Dead,Alternative,1986,Very Good Plus,US,186.1,,No,Yes,,2026-03-22,61.5
VL4941,Kendrick Lamar,DAMN.,Hip-Hop,2017,Very Good,Australia,168.6,7133.0,Yes,No,4.3,2026-03-15,48.55
VL4942,Fleetwood Mac,,Rock,1977,Near Mint,Japan,199.3,12381.0,No,Yes,3.9,2026-05-31,89.32
VL4943,Pink Floyd,The Dark Side of the Moon,,1973,Very Good,US,166.8,6507.0,No,Yes,4.3,2025-08-04,36.27
VL4944,Beyoncé,4,R&B,2011,Near Mint,US,164.8,18051.0,No,Yes,4.1,,76.57
VL4945,The Rolling Stones,Aftermath,Rock,1966,Mint,UK,194.8,60000.0,No,Yes,,2025-06-09,31.21
VL4946,Kanye West,My Beautiful Dark Twisted Fantasy,Hip-Hop,2010,Mint,France,168.6,4313.0,No,Yes,4.5,2024-10-23,
VL4947,The Doors,Morrison Hotel,Rock,1970,Very Good Plus,US,197.5,,No,Yes,4.9,2025-12-05,38.38
VL4948,The Strokes,Is This It,Rock,2001,Very Good,Australia,162.5,12734.0,No,Yes,4.1,2025-04-11,14.87
VL4949,SZA,Ctrl,R&B,2017,Very Good,UK,187.5,4533.0,Yes,Yes,4.4,2025-02-27,91.74
VL4950,Johnny Cash,At Folsom Prison,Country,1968,Near Mint,France,197.2,12135.0,Yes,Yes,5.0,2024-08-02,
VL4951,Bob Dylan,Blood on the Tracks,,1975,Very Good Plus,UK,159.2,30752.0,No,Yes,,2024-08-24,36.72
VL4952,The Strokes,Is This It,Rock,2001,Very Good Plus,Germany,153.9,25879.0,No,Yes,4.8,2024-01-18,38.04
VL4953,The Doors,L.A. Woman,,1971,Very Good Plus,Japan,184.5,5264.0,No,No,3.7,2024-11-07,40.6
VL4954,"Tyler, The Creator",CALL ME IF YOU GET LOST,Hip-Hop,2021,Very Good Plus,US,182.1,11352.0,No,Yes,4.7,2025-12-13,67.47
VL4955,Bob Dylan,John Wesley Harding,Rock,1967,Very Good Plus,Germany,171.1,9132.0,No,Yes,5.0,2026-02-02,52.16
VL4956,David Bowie,Heroes,Rock,1977,Very Good Plus,Japan,184.0,12773.0,No,Yes,,2026-04-17,82.11
VL4957,Portishead,Dummy,Electronic,1994,Near Mint,Japan,171.9,8142.0,No,Yes,4.6,2024-12-15,100.13
VL4958,Pink Floyd,Meddle,Rock,1971,Very Good,,210.1,16561.0,No,No,4.6,2024-12-11,21.62
VL4959,Nirvana,Nevermind,Rock,1991,Very Good,Netherlands,164.1,5771.0,Yes,Yes,4.7,2026-03-25,50.26
VL4960,The Beatles,A Hard Day's Night,Rock,1964,Very Good Plus,Netherlands,191.2,,No,Yes,4.6,2024-02-03,43.03
VL4961,Bob Marley & The Wailers,Kaya,Reggae,1978,Very Good,US,170.7,,Yes,No,4.8,2024-11-28,40.8
VL4962,Jimi Hendrix,Are You Experienced,Rock,1967,Very Good Plus,Netherlands,161.1,7803.0,No,Yes,4.8,2025-10-03,99.58
VL4963,Led Zeppelin,Houses of the Holy,Rock,1973,Very Good,UK,166.7,10777.0,Yes,No,4.0,2025-01-10,52.09
VL4964,Queen,News of the World,Rock,1977,Very Good Plus,US,168.7,13118.0,No,Yes,4.4,2024-03-13,71.9
VL4965,Dr. Dre,The Chronic,Hip-Hop,1992,Good,France,162.1,11242.0,No,No,4.3,2024-03-17,15.21
VL4966,The Cure,Pornography,Alternative,1982,Good,US,141.3,,No,Yes,4.2,2025-04-11,17.13
VL4967,Massive Attack,Blue Lines,Electronic,1991,Very Good Plus,UK,178.3,23076.0,No,No,4.6,2025-02-26,44.37
VL4968,The Strokes,First Impressions of Earth,,2005,Very Good Plus,US,205.3,32684.0,Yes,Yes,4.1,2025-10-26,54.91
VL4969,Michael Jackson,Bad,Pop,1987,Very Good Plus,Germany,166.3,13167.0,No,Yes,4.4,2024-08-10,68.34
VL4970,"Tyler, The Creator",Wolf,Hip-Hop,2013,Very Good Plus,,192.8,8150.0,No,Yes,4.7,2024-10-15,52.85
VL4971,Jay-Z,The Blueprint,Hip-Hop,2001,Near Mint,Australia,209.7,9087.0,No,No,4.2,2025-11-09,35.75
VL4972,Aretha Franklin,Spirit in the Dark,Soul,1970,Near Mint,,193.0,30430.0,No,Yes,3.7,2025-10-09,26.07
VL4973,Kanye West,Late Registration,Hip-Hop,2005,Near Mint,Australia,185.6,48143.0,No,Yes,4.2,2026-06-17,40.53
VL4974,John Coltrane,A Love Supreme,Jazz,1965,Near Mint,US,165.2,,No,Yes,4.4,2025-05-24,73.46
VL4975,Marvin Gaye,I Want You,Soul,1976,Mint,Japan,180.7,12862.0,No,No,4.7,2024-03-16,91.85
VL4976,Aretha Franklin,Spirit in the Dark,Soul,1970,Very Good Plus,US,180.3,3657.0,No,Yes,,2026-08-02,68.62
VL4977,Aphex Twin,Selected Ambient Works 85–92,Electronic,1992,Very Good Plus,Japan,187.7,40614.0,No,No,4.4,2025-05-30,36.87
VL4978,Pearl Jam,Vs.,Rock,1993,Very Good,US,173.8,2887.0,No,Yes,4.8,2024-11-10,
VL4979,Kendrick Lamar,"good kid, m.A.A.d city",Hip-Hop,2012,Very Good,Germany,183.9,46401.0,No,Yes,4.5,2024-06-19,34.78
VL4980,Bob Marley & The Wailers,Rastaman Vibration,Reggae,1976,Near Mint,Japan,,16923.0,No,Yes,3.9,2024-05-28,
VL4981,The Doors,L.A. Woman,Rock,1971,Good,Netherlands,162.8,58481.0,No,Yes,4.1,2024-12-08,30.79
VL4982,Nirvana,In Utero,Rock,1993,Very Good Plus,Japan,172.7,4730.0,Yes,Yes,,2025-02-24,61.65
VL4983,John Coltrane,My Favorite Things,Jazz,1961,Near Mint,US,153.8,44809.0,Yes,Yes,,2024-06-01,94.85
VL4984,Beyoncé,4,R&B,2011,Very Good,US,211.4,25702.0,No,Yes,4.4,2025-09-15,31.07
VL4985,Daft Punk,Human After All,Electronic,2005,Very Good,Germany,187.4,3858.0,No,Yes,4.8,2025-09-11,59.11
VL4986,Elton John,Captain Fantastic and the Brown Dirt Cowboy,Rock,1975,Very Good,US,203.7,60000.0,No,,5.0,2024-04-07,32.23
VL4987,Fleetwood Mac,Rumours,Rock,1977,Very Good,UK,160.8,24145.0,No,Yes,4.5,2024-08-09,36.31
VL4988,Johnny Cash,Johnny Cash at San Quentin,Country,1969,Very Good Plus,UK,157.4,54032.0,No,No,4.8,2024-02-04,36.49
VL4989,Bob Dylan,Highway 61 Revisited,Rock,1965,Very Good Plus,US,167.1,11881.0,No,Yes,4.3,2024-11-11,28.85
VL4990,Amy Winehouse,Frank,Soul,2003,Very Good Plus,Australia,200.7,4083.0,Yes,Yes,4.4,2025-08-10,154.87
VL4991,Kendrick Lamar,Mr. Morale & the Big Steppers,Hip-Hop,2022,Near Mint,UK,203.0,6599.0,No,Yes,4.3,2026-05-24,34.69
VL4992,Erykah Badu,Worldwide Underground,R&B,2003,Very Good,Netherlands,188.6,16139.0,No,Yes,4.1,2025-01-18,27.66
VL4993,Pink Floyd,Wish You Were Here,Rock,1975,Good,US,160.6,20005.0,,No,4.0,2026-06-14,28.97
VL4994,Fleetwood Mac,Behind the Mask,Rock,1990,Near Mint,US,172.3,4775.0,,No,4.7,2024-09-20,113.77
VL4995,Massive Attack,Blue Lines,Electronic,1991,Very Good Plus,Canada,174.2,7825.0,No,No,5.0,2026-06-01,18.23
VL4996,The Smiths,"Strangeways, Here We Come",Alternative,1987,Very Good Plus,US,182.5,60000.0,,Yes,4.7,2026-06-09,32.76
VL4997,The Doors,Morrison Hotel,Rock,1970,Near Mint,UK,169.7,14971.0,,Yes,4.0,2024-08-31,37.82
VL4998,Bob Dylan,John Wesley Harding,Rock,1967,Near Mint,Italy,164.0,8952.0,,Yes,4.7,2026-02-21,86.88
VL4999,Aretha Franklin,Spirit in the Dark,Soul,1970,Very Good,US,,12930.0,Yes,Yes,4.8,2025-06-14,21.12
VL5000,The Rolling Stones,Let It Bleed,Rock,1969,Very Good,US,192.7,21054.0,No,No,5.0,2026-07-30,29.61
