listing_id,artist_name,album_name,genre,release_year,pressing_country,pressing_variant,is_limited_edition,media_condition,sleeve_condition,weight_grams,copies_pressed,community_have,community_want,want_have_ratio,artist_popularity_score,album_acclaim_score,days_on_market,seller_feedback_count,seller_feedback_pct,shipping_included,listing_type,listing_year,recent_comp_median_price,price
1,Midnight Oil,Blue Sky Mining,Rock,1967,uk,Limited Colored Vinyl,1,Very Good Plus,Fair,140.0,"48,064",85,70.0,0.824,29.3,35.6,57.0,2612,97.8%,False,Auction,2019,46.22,$59.95
2,Jane's Addiction,Ritual de lo Habitual,Alternative,1968,France,Standard Reissue,No,Fair,Very Good Plus,200.0,"24,082",850,700.0,0.824,24.1,19.5,54.0,4793,93.1%,True,Fixed Price,2019,33.51,$32.20
3,Wu-Tang Clan,Enter the Wu-Tang (36 Chambers),Hip-Hop,2004,Brazil,Original 1st Press,No,Very Good,Good,200.0,"14,652",203,490.0,2.414,68.0,12.7,5.0,1555,92.5%,No,Auction,2019,65.57,$61.08
4,Sufjan Stevens,Michigan,Folk,2020,Netherlands,Original 1st Press,0,Mint,Very Good Plus,140g,"22,995",243,252.0,1.037,47.0,34.9,28.0,2283,94.3%,No,Fixed Price,2025,53.03,$66.52
5,Michael Jackson,Thriller,Pop,1984,BRAZIL,Standard Reissue,False,Mint,Mint,120.0,"28,281",566,321.0,0.567,91.7,64.0,5.0,248,97.0%,Yes,Auction,2020,63.75,$100.75
6,Vampire Weekend,Modern Vampires of the City,Alternative,1989,japan,Standard Reissue,False,Very Good,Mint,140.0,"16,481",564,490.0,0.869,69.0,24.6,16.0,3854,99.8%,No,Fixed Price,2017,49.18,$64.61
7,David Bowie,Heroes,Rock,1961,Netherlands,Original 1st Press,No,Very Good,Mint,140g,"25,776",157,239.0,1.522,89.0,5.0,0.0,2391,100.0%,No,Auction,2020,66.74,$86.58
8,The Rolling Stones,Tattoo You,Rock,2016,france,Test Pressing,True,Very Good Plus,Near Mint,180g,"15,292",271,977.0,3.605,91.7,39.3,19.0,1740,97.1%,no,Fixed Price,2020,100.53,$124.70
9,Marvin Gaye,Let's Get It On,Soul,1967,UK,Limited Colored Vinyl,Yes,Near Mint,Good Plus,120.0,"5,257",302,362.0,1.199,94.9,74.6,40.0,4780,99.3%,1,Fixed Price,2023,80.44,$116.12
10,Bjork,Vespertine,Electronic,2004,Germany,Standard Reissue,0,Near Mint,Good,140.0,"12,240",231,271.0,1.173,67.1,18.9,22.0,3911,98.0%,False,Fixed Price,2021,54.06,$56.29
11,Steely Dan,Aja,Rock,1960,GERMANY,Standard Reissue,0,  Very Good ,,120g,"27,104",361,593.0,1.643,76.3,57.3,94.0,3816,96.3%,False,Auction,2019,62.65,$91.06
12,The Beatles,The White Album,Rock,1990,NETHERLANDS,Original 1st Press,No,Very Good Plus,Very Good Plus,180.0,"49,478",118,251.0,2.127,90.1,67.6,28.0,545,99.5%,0,Fixed Price,2019,87.23,$109.57
13,Neil Young,On the Beach,Folk,1973,FRANCE,Standard Reissue,False,Good Plus,Fair,200.0,"38,347",178,99.0,0.556,62.2,51.3,7.0,2016,95.8%,Yes,Fixed Price,2016,57.14,$65.08
14,Bjork,Vespertine,Electronic,1960,Brazil,Standard Reissue,No,Very Good,Good Plus,180g,"30,532",660,403.0,0.611,75.5,23.8,17.0,3859,100.0%,0,Auction,2019,43.64,$42.88
15,Slowdive,Slowdive,Alternative,1970,Japan,Standard Reissue,No,Very Good,Very Good,180.0,"26,463",356,387.0,1.087,26.7,46.6,15.0,3212,93.8%,0,Fixed Price,2017,48.30,$61.51
16,Prince,Lovesexy,R&B,1972,netherlands,Standard Reissue,no,Mint,Near Mint,120.0,"30,187",644,1523.0,2.365,90.1,23.1,99.0,1372,98.0%,Yes,Fixed Price,2023,60.78,$97.65
17,Michael Jackson,Bad,Pop,1975,Brazil,Anniversary Edition,Yes,Good Plus,Fair,180g,"27,210",248,,0.609,89.1,38.7,37.0,1531,99.9%,No,Fixed Price,2024,62.32,$67.79
18,Slowdive,Slowdive,Alternative,2022,GERMANY,Standard Reissue,No,Very Good Plus,Very Good Plus,140g,"42,927",368,254.0,0.69,22.8,44.7,7.0,1977,92.3%,False,Auction,2022,39.69,$55.88
19,Funkadelic,Maggot Brain,R&B,2001,Japan,Limited Colored Vinyl,Yes,Mint,Good,140.0,"30,893",514,785.0,1.527,42.8,58.6,17.0,4378,,Yes,Fixed Price,2020,59.97,$78.37
20,The Rolling Stones,Sticky Fingers,Rock,1980,UK,Limited Colored Vinyl,1,Very Good Plus,Fair,140g,"40,967",501,1779.0,3.551,91.4,61.2,13.0,4325,95.4%,Yes,Fixed Price,2021,79.21,$82.63
21,Frank Ocean,"Nostalgia, Ultra",R&B,1987,US,Promo Copy,No,Very Good Plus,Near Mint,140g,"5,410",241,140.0,0.581,99.9,36.0,18.0,2382,98.9%,True,Auction,2022,73.25,$95.75
22,Bob Dylan,Blonde on Blonde,Folk,1968,,Standard Reissue,No,Good,Good,200.0,"4,658",718,1071.0,1.492,91.6,30.2,13.0,373,96.9%,No,Fixed Price,2015,61.45,$56.49
23,Erykah Badu,Mama's Gun,R&B,2009,UK,Test Pressing,Yes,Good Plus,Good Plus,180g,"34,547",336,144.0,0.429,73.4,16.0,4.0,1653,94.7%,No,Fixed Price,2017,63.94,$79.05
24,Beastie Boys,Ill Communication,Hip-Hop,1969,France,Limited Colored Vinyl,Yes,Good Plus,Very Good Plus,180g,"28,110",160,259.0,1.619,52.8,20.7,21.0,3413,100.0%,1,Auction,2021,53.94,$60.87
25,Erykah Badu,Baduizm,R&B,2005,netherlands,Limited Colored Vinyl,Yes,Very Good Plus,Very Good Plus,180g,"49,934",736,1386.0,1.883,78.8,69.8,17.0,3688,100.0%,No,Fixed Price,2025,67.80,$81.84
26,The Beatles,Sgt. Pepper's Lonely Hearts Club Band,Rock,1993,japan,Test Pressing,True,Fair,Very Good Plus,120g,"5,546",144,190.0,1.319,88.8,30.3,43.0,4705,,False,Fixed Price,2023,83.91,$81.18
27,Funkadelic,Uncle Jam Wants You,R&B,1982,Germany,Standard Reissue,No,Very Good,Very Good Plus,200.0,738,949,2053.0,2.163,42.2,65.3,22.0,4951,94.4%,1,Fixed Price,2017,56.64,$64.42
28,Red Hot Chili Peppers,Californication,Alternative,1962,AUSTRALIA,Standard Reissue,no,Very Good Plus,Very Good Plus,140.0,"28,912",541,487.0,0.9,65.9,47.4,1.0,3184,92.5%,No,Fixed Price,2018,53.62,$79.58
29,The Rolling Stones,Let It Bleed,Rock,1976,Germany,Standard Reissue,False,Very Good,Good,120g,"46,179",583,275.0,0.472,98.5,19.1,22.0,2909,100.0%,False,Auction,2022,41.91,$44.90
30,Red Hot Chili Peppers,Californication,Alternative,2016,Netherlands,Standard Reissue,No,Very Good Plus,Near Mint,140g,"47,996",98,122.0,1.245,54.6,42.5,3.0,4765,100.0%,False,Fixed Price,2018,55.35,$69.58
31,Duran Duran,Duran Duran,Pop,1973,Canada,Anniversary Edition,Yes,Good,Very Good,180.0,"34,834",414,740.0,1.787,78.3,12.0,25.0,1230,95.3%,True,Auction,2022,60.58,$63.07
32,Vampire Weekend,Vampire Weekend,Alternative,2005,US,Test Pressing,Yes,Mint,Mint,140g,"39,530",421,1184.0,2.812,73.3,31.4,44.0,393,100.0%,0,Fixed Price,2025,70.14,$108.42
33,Simon & Garfunkel,Sounds of Silence,Folk,2005,UK,Standard Reissue,No,Mint,Near Mint,120.0,"47,358",649,441.0,0.68,66.3,40.2,1.0,4298,93.3%,No,Fixed Price,2020,52.70,$74.46
34,Neil Young,Harvest,Folk,2007,US,Original 1st Press,False,  Very Good ,Very Good,180g,"36,644",110,262.0,2.382,66.9,9.6,35.0,2601,95.1%,yes,Fixed Price,2023,61.91,$74.04
35,Sade,Diamond Life,R&B,2003,UK,Standard Reissue,False,Very Good Plus,Good Plus,120.0,"34,364",186,67.0,0.36,78.8,56.4,25.0,3073,97.5%,0,Fixed Price,2019,62.68,$81.13
36,The Rolling Stones,Let It Bleed,Rock,2013,Netherlands,Standard Reissue,False,Good,Near Mint,200g,"16,433",1299,1017.0,0.783,98.1,16.9,13.0,114,100.0%,Yes,Fixed Price,2019,59.27,$61.34
37,Bob Dylan,The Freewheelin' Bob Dylan,Folk,1964,BRAZIL,Standard Reissue,No,Near Mint,Very Good,140g,"7,819",1068,239.0,0.224,94.1,38.3,38.0,4890,95.0%,No,Auction,2019,67.96,$96.09
38,J Dilla,The Shining,Hip-Hop,1970,Netherlands,Anniversary Edition,Yes,Very Good,Near Mint,140g,"16,660",1227,1515.0,1.235,44.9,15.7,11.0,2655,,True,Fixed Price,2019,44.05,$49.55
39,Neil Young,Rust Never Sleeps,Folk,2001,CANADA,Original 1st Press,No,Near Mint,Very Good Plus,120.0,"2,385",99,127.0,1.283,61.5,66.4,40.0,4500,97.2%,No,Auction,2018,78.00,$99.79
40,Johnny Cash,American IV: The Man Comes Around,Country,1993,Brazil,Standard Reissue,False,Very Good Plus,Very Good Plus,120g,"22,634",650,477.0,0.734,94.6,55.2,7.0,3066,96.2%,1,Fixed Price,2016,69.09,$90.38
41,The Clash,Sandinista!,Rock,1980,Japan,Standard Reissue,False,Fair,Good Plus,180g,"30,094",1153,1586.0,1.376,68.2,27.3,47.0,4954,98.9%,0,Fixed Price,2015,49.79,$51.46
42,Jimi Hendrix,Axis: Bold as Love,Rock,2018,Brazil,Standard Reissue,No,  Near Mint ,Good,180g,"6,931",532,822.0,1.545,69.1,47.7,9.0,173,98.2%,Yes,Fixed Price,2025,56.58,$66.03
43,The Smiths,"Strangeways, Here We Come",Alternative,2014,AUSTRALIA,Standard Reissue,No,Very Good,Very Good,140.0,"2,882",702,325.0,0.463,48.7,35.2,15.0,2090,100.0%,True,Auction,2024,40.08,$45.96
44,AC/DC,Powerage,Rock,1995,UK,Original 1st Press,No,Near Mint,Very Good Plus,120.0,"8,551",1360,2489.0,1.83,92.3,35.2,31.0,4648,95.9%,No,Fixed Price,2016,76.24,$88.31
45,Arctic Monkeys,"Whatever People Say I Am, That's What I'm Not",Alternative,1976,brazil,Standard Reissue,No,Very Good Plus,Very Good Plus,140.0,"23,708",1012,1272.0,1.257,58.2,31.6,4.0,783,91.9%,No,Fixed Price,2018,47.95,$59.54
46,The Cure,Wish,Alternative,2014,UK,Anniversary Edition,1,Near Mint,Good,120g,"6,090",1901,928.0,0.488,41.3,35.6,55.0,3269,96.6%,Yes,Fixed Price,2017,47.63,$52.93
47,Fleetwood Mac,Rumours,Rock,2001,Japan,Standard Reissue,No,Good Plus,Good Plus,180.0,"16,690",328,640.0,1.951,87.1,15.4,58.0,1942,96.1%,No,Auction,2019,57.72,$63.63
48,Loretta Lynn,Coal Miner's Daughter,Country,1961,Brazil,Original 1st Press,no,Very Good Plus,Good,180g,"1,781",160,257.0,1.606,19.5,58.9,37.0,2539,93.7%,Yes,Fixed Price,2016,61.77,$77.93
49,David Bowie,Diamond Dogs,Rock,2016,Japan,Standard Reissue,0,Near Mint,Good Plus,120.0,"24,892",621,497.0,0.8,89.3,32.9,9.0,4440,99.8%,1,Fixed Price,2019,61.13,$80.39
50,The Beatles,Abbey Road,Rock,1979,CANADA,Promo Copy,No,Very Good Plus,Very Good Plus,140g,"4,891",449,689.0,1.535,82.1,64.2,3.0,1625,97.4%,Yes,Fixed Price,2023,85.69,$96.35
51,Arcade Fire,The Suburbs,Alternative,2013,NETHERLANDS,Anniversary Edition,Yes,Good,Very Good,120.0,"14,861",5,4.0,0.8,65.9,12.9,5.0,1315,97.0%,No,Fixed Price,2015,42.33,$49.58
52,Jane's Addiction,Nothing's Shocking,Alternative,2001,Japan,Original 1st Press,No,Good Plus,Good,180.0,"47,434",611,1325.0,2.169,25.9,15.2,0.0,1442,95.5%,No,Fixed Price,2015,48.84,$50.43
53,Sufjan Stevens,Michigan,Folk,2016,Netherlands,Original 1st Press,No,Good Plus,Near Mint,120.0,"14,740",289,504.0,1.744,56.7,39.4,4.0,2389,96.2%,No,Fixed Price,2025,68.35,$86.09
54,Simon & Garfunkel,Bridge Over Troubled Water,Folk,1973,UK,Anniversary Edition,Yes,Good Plus,Very Good Plus,180g,"5,162",623,199.0,0.319,60.8,53.4,3.0,1189,100.0%,True,Fixed Price,2021,55.56,$56.42
55,The Beatles,Revolver,Rock,2021,FRANCE,Promo Copy,No,Good Plus,Good,140.0,"30,708",548,1228.0,2.241,88.2,4.5,96.0,2983,98.0%,Yes,Auction,2022,65.51,$71.05
56,The Smiths,The Queen Is Dead,Alternative,1981,netherlands,Original 1st Press,No,Good Plus,Very Good Plus,120g,"42,581",101,195.0,1.931,43.2,16.0,111.0,4657,98.5%,No,Fixed Price,2016,51.49,$57.91
57,Dolly Parton,Trio,Country,2018,FRANCE,Standard Reissue,No,Mint,,180.0,"20,808",643,311.0,0.484,61.1,79.6,37.0,2187,93.5%,Yes,Fixed Price,2023,71.11,$102.39
58,Bob Marley,Exodus,Reggae,1977,CANADA,Limited Colored Vinyl,Yes,Very Good Plus,Very Good Plus,180g,"38,951",517,1702.0,3.292,97.7,27.2,23.0,508,,0,Auction,2023,66.52,$101.26
59,Neil Young,Harvest,Folk,1962,Netherlands,Anniversary Edition,yes,Very Good Plus,Very Good,120g,"39,203",1107,3928.0,3.548,65.7,16.8,1.0,717,100.0%,no,Fixed Price,2022,50.14,$73.87
60,David Bowie,Station to Station,Rock,1971,france,Promo Copy,0,Good,Mint,180g,"32,544",147,303.0,2.061,91.2,14.6,52.0,2612,99.3%,0,Fixed Price,2019,59.60,$64.81
61,Arctic Monkeys,"Whatever People Say I Am, That's What I'm Not",Alternative,2015,Netherlands,Limited Colored Vinyl,Yes,Very Good,Good,120g,"35,194",120,115.0,0.958,61.7,25.5,14.0,1165,100.0%,Yes,Fixed Price,2020,58.05,$74.15
62,The White Stripes,Elephant,Alternative,1976,Brazil,Anniversary Edition,Yes,Very Good Plus,Very Good Plus,180.0,"26,472",1625,4815.0,2.963,59.0,51.1,7.0,85,97.3%,No,Fixed Price,2021,65.48,$73.78
63,Joni Mitchell,Hejira,Folk,1994,GERMANY,Standard Reissue,No,Very Good Plus,Very Good Plus,200.0,"16,491",1526,1113.0,0.729,72.6,52.4,36.0,1428,99.8%,False,Fixed Price,2020,62.98,$91.21
64,Led Zeppelin,Houses of the Holy,Rock,1965,us,Limited Colored Vinyl,Yes,Poor,Very Good Plus,180.0,"23,938",622,1653.0,2.658,101.1,31.8,,4134,100.0%,1,Fixed Price,2025,72.66,$62.12
65,Joni Mitchell,Blue,Folk,2013,Netherlands,Standard Reissue,False,Near Mint,Very Good Plus,120g,"40,967",312,335.0,1.074,80.1,55.8,2.0,1479,96.0%,No,Auction,2023,54.69,$76.32
66,George Michael,Faith,Pop,1963,Germany,Limited Colored Vinyl,Yes,Near Mint,Near Mint,140g,"15,780",305,262.0,0.859,65.3,34.5,7.0,3865,97.1%,No,Fixed Price,2018,57.73,$90.96
67,The Smiths,Meat Is Murder,Alternative,1963,France,Standard Reissue,No,Good Plus,Good,140g,"41,715",629,709.0,1.127,49.8,36.9,20.0,4439,94.0%,False,Auction,2018,42.62,$46.24
68,Sade,Promise,R&B,2018,AUSTRALIA,Limited Colored Vinyl,Yes,Very Good Plus,Near Mint,200.0,"9,113",691,1230.0,1.78,80.7,22.2,18.0,2102,100.0%,Yes,Auction,2024,58.33,$68.44
69,Aphex Twin,Selected Ambient Works 85-92,Electronic,1984,Netherlands,Anniversary Edition,Yes,Good,Very Good Plus,140.0,"15,299",308,,1.847,63.5,2.5,27.0,3072,94.7%,No,Fixed Price,2024,45.60,$43.12
70,John Coltrane,Blue Train,Jazz,2009,FRANCE,Standard Reissue,False,Good Plus,Very Good Plus,120.0,"24,452",276,607.0,2.199,75.0,57.3,0.0,2557,96.4%,False,Fixed Price,2023,69.72,$79.58
71,2Pac,All Eyez on Me,Hip-Hop,1991,canada,Original 1st Press,0,Good Plus,Good Plus,180g,"40,115",106,46.0,0.434,90.3,16.9,13.0,4860,,True,Fixed Price,2024,63.42,$69.66
72,James Taylor,JT,Folk,1976,japan,Standard Reissue,No,Near Mint,Good,140g,"26,032",656,939.0,1.431,34.0,7.4,25.0,4464,96.3%,No,Fixed Price,2023,31.25,$35.34
73,Metallica,Ride the Lightning,Rock,2014,UK,Test Pressing,True,Near Mint,Good Plus,120g,"38,609",171,471.0,2.754,91.5,16.3,39.0,2486,95.9%,False,Fixed Price,2018,73.74,$111.79
74,David Bowie,Scary Monsters,Rock,1997,Brazil,Standard Reissue,0,Good,Mint,140g,"4,706",895,437.0,0.488,84.9,20.8,1.0,3377,96.8%,yes,Fixed Price,2018,52.73,$56.41
75,Marvin Gaye,"Here, My Dear",Soul,1965,UK,Standard Reissue,No,Very Good,Good Plus,180.0,"12,167",492,504.0,1.024,92.4,24.6,61.0,3435,93.1%,False,Fixed Price,2022,60.00,$67.53
76,Black Uhuru,Red,Reggae,1960,CANADA,Promo Copy,No,Good,,120.0,"14,092",707,382.0,0.54,18.7,33.6,0.0,1226,95.8%,False,Fixed Price,2020,42.41,$43.57
77,The White Stripes,Get Behind Me Satan,Alternative,1998,Germany,Limited Colored Vinyl,True,Mint,Mint,180.0,"3,126",265,742.0,2.8,61.0,46.9,9.0,2327,99.9%,False,Fixed Price,2015,63.30,$99.79
78,The Beach Boys,Pet Sounds,Pop,1983,US,Test Pressing,Yes,Very Good,Good Plus,,"18,718",432,1258.0,2.912,79.9,29.7,35.0,2940,95.7%,Yes,Auction,2019,75.59,$101.07
79,My Bloody Valentine,Isn't Anything,Alternative,2021,CANADA,Original 1st Press,No,Very Good Plus,Very Good,120.0,"20,920",543,780.0,1.436,25.3,70.0,14.0,2076,91.3%,1,Fixed Price,2023,65.01,$68.08
80,Bjork,Vespertine,Electronic,1993,Japan,Original 1st Press,False,Good Plus,Good,140g,"15,651",501,79.0,0.158,68.8,17.7,0.0,1647,100.0%,No,Fixed Price,2015,66.43,$66.99
81,Sly and the Family Stone,There's a Riot Goin' On,Soul,1995,UK,Limited Colored Vinyl,1,Very Good,Mint,120g,"21,548",441,1602.0,3.633,75.8,30.0,8.0,4985,93.9%,1,Fixed Price,2019,64.26,$89.75
82,John Coltrane,Blue Train,Jazz,2015,Germany,Anniversary Edition,Yes,Near Mint,Mint,120.0,"43,719",389,884.0,2.272,76.9,51.4,26.0,807,93.7%,No,Fixed Price,2015,56.87,$59.45
83,Bob Marley,Uprising,Reggae,2004,Netherlands,Standard Reissue,False,Good Plus,Poor,200g,"41,718",425,331.0,0.779,96.1,46.2,18.0,1114,100.0%,no,Fixed Price,2015,61.47,$48.88
84,The White Stripes,Elephant,Alternative,2003,Netherlands,Standard Reissue,False,Poor,Good Plus,200.0,"7,580",379,576.0,1.52,67.0,48.8,7.0,3986,95.3%,0,Fixed Price,2016,59.23,$39.91
85,Marvin Gaye,What's Going On,Soul,1985,Brazil,Original 1st Press,0,Very Good Plus,Very Good Plus,180.0,"30,715",21,7.0,0.333,87.6,31.8,19.0,4375,99.7%,0,Fixed Price,2024,68.71,$95.90
86,The Rolling Stones,Tattoo You,Rock,2014,Germany,Original 1st Press,No,Very Good Plus,Very Good Plus,120.0,"42,762",616,939.0,1.524,95.3,32.6,3.0,4896,95.8%,No,Fixed Price,2021,71.56,$95.04
87,Sade,Promise,R&B,1988,BRAZIL,Test Pressing,1,Very Good,Very Good Plus,200.0,"12,663",355,555.0,1.563,79.0,14.9,27.0,460,98.6%,True,Fixed Price,2022,71.78,$111.18
88,The Beach Boys,Wild Honey,Pop,1983,Australia,Standard Reissue,no,Good Plus,Mint,180.0,"35,963",650,1056.0,1.625,77.4,26.9,43.0,3090,98.0%,No,Auction,2017,50.33,$64.29
89,The White Stripes,White Blood Cells,Alternative,1990,Germany,Anniversary Edition,1,Very Good Plus,Near Mint,180.0,"43,287",1310,1213.0,0.926,63.4,47.0,15.0,2479,100.0%,False,Fixed Price,2016,59.41,$79.30
90,Nina Simone,I Put a Spell on You,Jazz,1979,CANADA,Standard Reissue,No,Mint,Near Mint,180g,"5,098",538,842.0,1.565,72.0,65.6,4.0,4345,100.0%,no,Auction,2015,70.64,$106.52
91,Michael Jackson,Thriller,Pop,2010,Netherlands,Original 1st Press,No,Near Mint,Mint,180.0,"19,695",742,223.0,0.301,91.1,63.3,5.0,4823,94.5%,0,Fixed Price,2025,79.28,$113.18
92,David Bowie,Aladdin Sane,Rock,1977,UK,Promo Copy,No,  Very Good ,Very Good Plus,180g,532,319,547.0,1.715,83.5,70.5,1.0,2258,98.6%,1,Fixed Price,2018,80.16,$99.24
93,De La Soul,3 Feet High and Rising,Hip-Hop,2006,UK,Limited Colored Vinyl,1,Very Good,Mint,120g,"34,699",924,2942.0,3.184,76.9,47.8,12.0,217,97.8%,Yes,Auction,2025,77.93,$103.19
94,Paul Simon,So Beautiful or So What,Folk,1969,canada,Limited Colored Vinyl,1,Good Plus,Poor,140.0,"15,248",854,1148.0,1.344,76.1,31.9,13.0,1771,99.2%,No,Auction,2024,60.01,$57.91
95,Brian Eno,Music for Airports,Electronic,1964,canada,Standard Reissue,No,Good,Very Good Plus,200.0,"33,029",267,582.0,2.18,47.2,26.6,9.0,3360,99.3%,Yes,Fixed Price,2017,50.48,$49.46
96,Radiohead,OK Computer,Alternative,1969,CANADA,Anniversary Edition,True,Very Good,Good Plus,120.0,"12,480",159,245.0,1.541,89.0,52.0,3.0,2768,98.7%,False,Auction,2016,78.98,$73.32
97,The Strokes,Room on Fire,Alternative,1974,Japan,Standard Reissue,No,Good,Good,140.0,"8,958",984,444.0,0.451,68.6,16.8,9.0,3507,95.8%,Yes,Auction,2015,53.17,$39.22
98,Miles Davis,Kind of Blue,Jazz,1989,Australia,Limited Colored Vinyl,Yes,Very Good Plus,Very Good Plus,,"12,127",337,249.0,0.739,81.7,36.2,18.0,563,99.0%,Yes,Auction,2017,63.66,$77.83
99,Al Green,I'm Still in Love with You,Soul,1978,UK,Original 1st Press,No,Near Mint,Near Mint,140g,"6,350",507,645.0,1.272,63.5,22.8,1.0,4856,94.9%,No,Fixed Price,2018,66.94,$103.49
100,Nirvana,Nevermind,Alternative,1964,NETHERLANDS,Standard Reissue,No,Good Plus,Near Mint,200.0,"16,453",1376,2256.0,1.64,94.6,33.9,10.0,703,100.0%,No,Fixed Price,2017,70.53,$75.26
101,Led Zeppelin,Led Zeppelin IV,Rock,1970,Germany,Standard Reissue,False,Very Good Plus,Very Good Plus,140.0,"2,190",1341,2452.0,1.828,98.7,65.8,10.0,453,100.0%,No,Fixed Price,2017,71.44,$99.93
102,Arctic Monkeys,AM,Alternative,2014,Germany,Standard Reissue,No,Near Mint,Fair,120g,"10,533",1789,4186.0,2.34,61.0,24.7,35.0,130,99.2%,Yes,Fixed Price,2025,51.75,$63.81
103,Jimi Hendrix,Electric Ladyland,Rock,2010,US,Standard Reissue,No,Near Mint,Very Good Plus,180.0,"46,603",1453,923.0,0.635,67.1,16.1,0.0,2034,95.1%,Yes,Fixed Price,2022,48.04,$60.75
104,Sade,Promise,R&B,2006,Netherlands,Standard Reissue,No,  Good Plus ,Good,140g,"22,723",327,640.0,1.957,75.8,20.2,2.0,3360,93.6%,True,Fixed Price,2024,51.56,$47.85
105,D'Angelo,Black Messiah,R&B,2014,CANADA,Limited Colored Vinyl,Yes,Very Good,Very Good Plus,140.0,"6,537",298,739.0,2.48,74.7,24.7,154.0,1575,98.9%,Yes,Fixed Price,2018,63.66,$72.93
106,The White Stripes,Elephant,Alternative,1962,NETHERLANDS,Promo Copy,False,Near Mint,Mint,140g,"26,018",141,333.0,2.362,63.0,50.9,5.0,1015,100.0%,0,Fixed Price,2018,66.90,$98.69
107,Nirvana,In Utero,Alternative,1990,US,Limited Colored Vinyl,Yes,Good,Near Mint,140g,"25,043",437,877.0,2.007,98.1,53.6,11.0,4536,95.8%,True,Fixed Price,2022,74.01,$86.72
108,Frank Ocean,"Nostalgia, Ultra",R&B,2005,france,Test Pressing,True,Near Mint,Near Mint,140g,"13,895",252,517.0,2.052,98.7,37.9,32.0,3296,99.5%,False,Fixed Price,2015,92.72,$137.70
109,Public Enemy,It Takes a Nation of Millions to Hold Us Back,Hip-Hop,1987,Germany,Standard Reissue,False,Very Good Plus,Good Plus,120.0,"2,639",199,180.0,0.905,77.8,38.4,13.0,205,92.4%,False,Fixed Price,2015,63.54,$94.24
110,Funkadelic,Free Your Mind,R&B,1972,australia,Promo Copy,0,  Fair ,Near Mint,140g,"23,724",331,629.0,1.9,42.8,59.5,13.0,3948,93.8%,no,Fixed Price,2024,60.58,$52.66
111,The Cure,Disintegration,Alternative,2010,netherlands,Standard Reissue,no,Mint,Mint,140.0,"14,394",1370,1988.0,1.451,36.8,74.0,7.0,2212,96.9%,No,Fixed Price,2024,54.78,$89.01
112,Dolly Parton,Trio,Country,1986,canada,Standard Reissue,0,Very Good,Very Good Plus,120g,"30,670",1381,1783.0,1.291,61.7,79.8,19.0,3225,100.0%,no,Auction,2024,60.47,$74.66
113,Interpol,Turn on the Bright Lights,Alternative,1964,France,Standard Reissue,No,Near Mint,Very Good Plus,180.0,"42,138",690,784.0,1.136,18.6,37.7,10.0,550,99.9%,True,Fixed Price,2020,30.74,$46.66
114,Dolly Parton,Coat of Many Colors,Country,2004,australia,Standard Reissue,0,Good Plus,Very Good,180g,"36,707",720,642.0,0.892,57.9,79.4,40.0,2721,91.3%,No,Fixed Price,2021,59.49,$64.05
115,Sade,Promise,R&B,1993,Australia,Original 1st Press,No,Very Good Plus,Very Good Plus,180.0,"30,328",183,445.0,2.432,87.0,23.9,2.0,2521,99.2%,Yes,Auction,2025,70.75,$86.15
116,Daft Punk,Human After All,Electronic,1968,Germany,Standard Reissue,no,  Very Good ,Near Mint,120g,"2,557",1023,1876.0,1.834,87.1,67.0,2.0,3829,100.0%,No,Fixed Price,2024,73.55,$85.85
117,N.W.A,Straight Outta Compton,Hip-Hop,1989,US,Standard Reissue,No,Near Mint,Near Mint,200.0,"12,160",924,1203.0,1.302,65.3,42.4,0.0,2193,96.1%,Yes,Fixed Price,2025,49.67,$66.02
118,Bob Dylan,Highway 61 Revisited,Folk,2017,France,Anniversary Edition,True,Very Good Plus,Very Good,120.0,"42,106",144,165.0,1.146,88.0,52.9,36.0,1604,98.1%,No,Fixed Price,2022,63.41,$69.20
119,David Bowie,Low,Electronic,2008,Brazil,Original 1st Press,No,Very Good Plus,Good,180g,"3,939",528,403.0,0.763,90.7,5.1,8.0,1085,99.2%,False,Fixed Price,2019,70.53,$88.21
120,Black Sabbath,Master of Reality,Rock,2017,Germany,Standard Reissue,No,Good Plus,Very Good,120.0,"25,249",629,383.0,0.609,73.0,21.0,14.0,795,93.0%,No,Fixed Price,2019,39.74,$44.26
121,The Modern Lovers,The Modern Lovers,Rock,2006,Japan,Limited Colored Vinyl,Yes,Very Good,Near Mint,180.0,"18,851",1310,448.0,0.342,22.0,18.3,19.0,1612,91.7%,True,Fixed Price,2018,36.51,$45.04
122,George Michael,Faith,Pop,1974,Japan,Standard Reissue,0,Good,Very Good Plus,180.0,"49,546",344,54.0,0.157,70.0,32.6,17.0,2119,94.9%,1,Fixed Price,2021,46.31,$45.08
123,R.E.M.,Murmur,Alternative,2020,australia,Test Pressing,Yes,Near Mint,Near Mint,180g,"19,251",349,649.0,1.86,66.4,49.3,40.0,3652,96.2%,no,Auction,2025,77.32,$123.25
124,Dolly Parton,Jolene,Country,1973,Canada,Promo Copy,No,Very Good Plus,Very Good Plus,120g,"36,574",365,733.0,2.008,62.1,43.8,11.0,4874,98.0%,No,Fixed Price,2024,53.26,$65.84
125,Pearl Jam,Ten,Alternative,2014,Germany,Standard Reissue,No,  Very Good Plus ,Very Good,180.0,"31,664",112,85.0,0.759,69.1,72.9,108.0,2324,100.0%,Yes,Fixed Price,2015,66.21,$71.73
126,Neil Young,Harvest,Folk,2001,France,Limited Colored Vinyl,Yes,Mint,Very Good Plus,180.0,"23,614",1969,850.0,0.432,66.9,5.5,1.0,3962,,False,Fixed Price,2025,42.95,$68.10
127,Daft Punk,Alive 2007,Electronic,1999,UK,Standard Reissue,No,Good Plus,Very Good,120.0,"41,374",1024,1697.0,1.657,87.9,58.6,7.0,770,97.2%,Yes,Fixed Price,2022,72.10,$85.27
128,John Coltrane,My Favorite Things,Jazz,1998,France,Limited Colored Vinyl,True,Near Mint,Very Good Plus,120g,"43,975",494,768.0,1.555,75.2,40.2,4.0,2821,100.0%,No,Fixed Price,2025,63.06,$94.84
129,Emmylou Harris,Wrecking Ball,Country,1968,NETHERLANDS,Standard Reissue,no,Mint,Very Good Plus,140.0,"21,324",494,393.0,0.796,30.8,47.2,0.0,3105,95.1%,Yes,Fixed Price,2018,40.79,$62.60
130,Duran Duran,Rio,Pop,1983,brazil,Original 1st Press,0,Near Mint,Good Plus,120g,"26,591",348,361.0,1.037,74.0,48.1,45.0,2121,99.8%,No,Fixed Price,2023,76.20,$114.23
131,Junior Murvin,Police and Thieves,Reggae,1994,Japan,Promo Copy,0,Very Good Plus,Good Plus,180.0,"33,560",49,18.0,0.367,18.0,34.2,11.0,2336,97.1%,No,Fixed Price,2018,40.13,$57.04
132,The White Stripes,Elephant,Alternative,1977,Canada,Original 1st Press,0,Fair,Mint,,"41,572",267,451.0,1.689,63.0,52.3,10.0,4644,89.1%,Yes,Fixed Price,2025,71.61,$71.97
133,Miles Davis,In a Silent Way,Jazz,1974,Australia,Limited Colored Vinyl,Yes,Very Good,Very Good Plus,180.0,"23,107",478,951.0,1.99,80.6,40.4,4.0,4406,96.4%,True,Fixed Price,2020,66.00,$86.48
134,My Bloody Valentine,Isn't Anything,Alternative,1971,UK,Anniversary Edition,Yes,Mint,Good Plus,140g,"12,674",778,2665.0,3.425,27.0,65.5,22.0,2684,97.9%,No,Fixed Price,2018,55.46,$76.24
135,Outkast,Southernplayalisticadillacmuzik,Hip-Hop,2018,US,Standard Reissue,False,Good Plus,Very Good Plus,120.0,"10,892",91,200.0,2.198,73.0,35.7,29.0,4408,99.1%,0,Fixed Price,2019,47.97,$60.02
136,Vampire Weekend,Modern Vampires of the City,Alternative,1981,US,Standard Reissue,No,Good,Very Good Plus,120.0,"46,616",200,95.0,0.475,70.6,28.3,16.0,1726,97.9%,no,Fixed Price,2018,47.36,$57.74
137,Pink Floyd,The Wall,Rock,2020,UK,Original 1st Press,0,Good,Very Good,140g,"10,736",17,10.0,0.588,88.6,61.6,23.0,1173,98.9%,True,Fixed Price,2023,78.91,$72.48
138,Portishead,Portishead,Electronic,2000,japan,Standard Reissue,No,Very Good,Near Mint,120g,"15,277",190,88.0,0.463,78.1,54.6,6.0,2693,98.2%,no,Fixed Price,2022,59.38,$79.00
139,Aphex Twin,Syro,Electronic,1980,Netherlands,Standard Reissue,0,Good Plus,Good Plus,140.0,"21,388",865,1439.0,1.664,58.6,29.1,58.0,4512,97.2%,True,Fixed Price,2022,47.01,$45.14
140,Jimi Hendrix,Electric Ladyland,Rock,1962,Australia,Standard Reissue,No,  Very Good ,Near Mint,120g,"33,713",2810,1909.0,0.679,71.1,11.2,43.0,4623,99.9%,False,Fixed Price,2024,46.85,$51.94
141,Sade,Promise,R&B,1986,Brazil,Standard Reissue,No,Mint,Very Good Plus,120.0,"22,617",141,109.0,0.773,78.4,19.3,0.0,2931,97.9%,False,Fixed Price,2023,55.15,$98.48
142,Talking Heads,Speaking in Tongues,Alternative,1963,FRANCE,Original 1st Press,No,Very Good Plus,Very Good,120g,"14,892",124,287.0,2.315,69.9,33.6,4.0,3647,95.0%,yes,Auction,2016,70.68,$81.03
143,Alicia Keys,Songs in A Minor,R&B,1969,Germany,Original 1st Press,No,Very Good Plus,Mint,120.0,"29,579",133,302.0,2.271,76.1,10.7,7.0,3294,97.5%,No,Fixed Price,2021,62.62,$87.92
144,Kendrick Lamar,"good kid, m.A.A.d city",Hip-Hop,2014,CANADA,Standard Reissue,no,Near Mint,Very Good,140.0,"35,171",1051,1076.0,1.024,98.0,20.5,90.0,4755,98.8%,No,Auction,2021,63.57,$107.37
145,My Bloody Valentine,Loveless,Alternative,1981,Netherlands,Original 1st Press,False,Very Good Plus,Near Mint,180g,"8,854",243,43.0,0.177,25.7,50.4,4.0,3979,98.2%,No,Fixed Price,2015,55.69,$70.74
146,Erykah Badu,New Amerykah Part One,R&B,1985,France,Standard Reissue,False,Good,Very Good,120g,"33,350",904,950.0,1.051,77.3,29.3,0.0,2620,96.5%,No,Fixed Price,2024,54.49,$56.10
147,Parliament,Chocolate City,R&B,1968,Germany,Test Pressing,1,Very Good Plus,Mint,180g,"34,066",421,1123.0,2.667,40.6,45.1,50.0,4494,100.0%,Yes,Fixed Price,2021,69.73,$90.74
148,Neil Young,Harvest Moon,Folk,2016,Netherlands,Anniversary Edition,Yes,Very Good Plus,Good,180.0,"33,726",1654,5048.0,3.052,67.3,73.3,16.0,877,97.1%,True,Fixed Price,2018,70.90,$92.24
149,Loretta Lynn,Coal Miner's Daughter,Country,1976,JAPAN,Standard Reissue,No,Very Good Plus,Good Plus,180g,"17,100",272,145.0,0.533,17.2,61.7,2.0,358,96.4%,no,Fixed Price,2016,40.57,$48.05
150,J Dilla,Donuts,Hip-Hop,1989,Brazil,Standard Reissue,No,Near Mint,Good,120g,"24,479",488,606.0,1.242,43.2,55.7,7.0,1923,91.8%,Yes,Fixed Price,2023,46.35,$58.93
151,John Coltrane,A Love Supreme,Jazz,1961,uk,Original 1st Press,False,Good,Fair,140g,"25,256",409,912.0,2.23,77.9,62.2,75.0,4781,96.7%,False,Auction,2024,82.80,$68.45
152,Funkadelic,Uncle Jam Wants You,R&B,2004,netherlands,Anniversary Edition,Yes,Good Plus,Fair,140g,"46,989",259,45.0,0.174,44.8,68.7,9.0,4284,,True,Auction,2024,57.03,$45.70
153,Brian Eno,Another Green World,Electronic,1972,US,Standard Reissue,No,  Very Good Plus ,Near Mint,140.0,"10,584",70,122.0,1.743,42.3,17.2,1.0,2225,97.0%,No,Fixed Price,2015,44.39,$67.71
154,The Notorious B.I.G.,Ready to Die,Hip-Hop,2009,australia,Standard Reissue,No,Poor,Very Good Plus,200g,"40,735",2006,4168.0,2.078,98.9,88.1,1.0,3939,94.9%,No,Fixed Price,2024,77.68,$67.55
155,The White Stripes,Get Behind Me Satan,Alternative,1980,US,Promo Copy,False,Very Good Plus,Near Mint,120.0,"13,156",415,849.0,2.046,66.2,41.9,33.0,94,94.7%,No,Auction,2015,68.86,$103.72
156,Nina Simone,I Put a Spell on You,Jazz,1996,US,Limited Colored Vinyl,Yes,Near Mint,Very Good Plus,200g,"25,952",69,70.0,1.014,76.3,67.3,58.0,1571,95.6%,False,Fixed Price,2015,71.91,$116.36
157,Sade,Diamond Life,R&B,1965,UK,Original 1st Press,No,Very Good Plus,Good Plus,180.0,"36,600",202,273.0,1.351,83.6,48.8,18.0,978,89.4%,False,Fixed Price,2016,71.93,$96.88
158,Kraftwerk,Autobahn,Electronic,1976,UK,Test Pressing,Yes,Very Good Plus,,140.0,"30,735",220,649.0,2.95,82.6,40.4,0.0,904,95.7%,No,Fixed Price,2020,79.78,$104.56
159,Pearl Jam,Ten,Alternative,2000,UK,Standard Reissue,0,Near Mint,Good Plus,120g,"47,096",876,92.0,0.105,63.1,73.1,14.0,3876,94.2%,Yes,Fixed Price,2015,50.01,$61.86
160,Miles Davis,Kind of Blue,Jazz,2020,Germany,Standard Reissue,No,  Mint ,Near Mint,140.0,"37,385",221,147.0,0.665,76.7,32.0,1.0,2880,95.6%,False,Auction,2021,54.88,$90.04
161,The Clash,London Calling,Rock,2006,Netherlands,Original 1st Press,No,Near Mint,Mint,180g,"44,980",236,107.0,0.453,72.4,8.5,37.0,3303,99.5%,False,Fixed Price,2015,51.91,$74.56
162,John Coltrane,Giant Steps,Jazz,2022,UK,Limited Colored Vinyl,Yes,  Good Plus ,Mint,120.0,"1,253",702,1759.0,2.506,72.7,80.0,18.0,3240,90.4%,False,Fixed Price,2025,78.73,$95.26
163,Guns N' Roses,Use Your Illusion I,Rock,1971,Germany,Test Pressing,1,Very Good,Very Good Plus,140g,"43,414",40,45.0,1.125,77.7,20.4,21.0,4252,93.5%,No,Fixed Price,2016,71.43,$80.00
164,Massive Attack,Mezzanine,Electronic,2010,UK,Standard Reissue,False,Good Plus,Near Mint,140g,"37,667",801,314.0,0.392,59.0,65.7,27.0,2946,94.7%,No,Fixed Price,2019,57.07,$65.43
165,The National,Trouble Will Find Me,Alternative,1961,AUSTRALIA,Limited Colored Vinyl,1,Near Mint,Very Good Plus,120g,"49,697",474,1187.0,2.504,40.4,43.2,4.0,2755,98.6%,No,Fixed Price,2021,52.56,$79.98
166,The Rolling Stones,Beggars Banquet,Rock,1969,Brazil,Original 1st Press,No,Very Good,Mint,120g,"6,573",300,521.0,1.737,92.4,39.8,6.0,3629,94.7%,No,Fixed Price,2018,80.52,$102.62
167,Funkadelic,Free Your Mind,R&B,2015,GERMANY,Standard Reissue,False,Good Plus,Very Good Plus,180g,"10,829",396,327.0,0.826,40.0,63.2,25.0,188,94.5%,True,Auction,2023,60.26,$60.75
168,Nirvana,In Utero,Alternative,2019,Canada,Test Pressing,True,Mint,Very Good Plus,180g,"3,847",285,949.0,3.33,95.7,58.8,20.0,2530,98.3%,True,Auction,2024,99.47,$188.14
169,Bob Dylan,Blonde on Blonde,Folk,1981,,Limited Colored Vinyl,1,Mint,Very Good Plus,180g,"37,360",874,465.0,0.532,92.5,34.9,11.0,1611,94.0%,0,Fixed Price,2025,64.31,$96.73
170,Beastie Boys,Paul's Boutique,Hip-Hop,1977,NETHERLANDS,Original 1st Press,0,Mint,Very Good Plus,180g,"25,471",106,78.0,0.736,50.7,10.2,10.0,549,96.3%,No,Fixed Price,2017,52.47,$84.93
171,Joni Mitchell,Hissing of Summer Lawns,Folk,1967,UK,Standard Reissue,False,Very Good Plus,Fair,120.0,"28,694",1090,919.0,0.843,75.1,38.3,29.0,4974,97.1%,yes,Fixed Price,2015,53.87,$65.67
172,David Bowie,Heroes,Rock,1978,France,Standard Reissue,0,Mint,,120g,"22,061",935,857.0,0.917,84.7,3.2,1.0,2897,96.3%,0,Fixed Price,2022,47.83,$75.95
173,Nirvana,Bleach,Alternative,2019,Australia,Promo Copy,No,Near Mint,Near Mint,200.0,"16,694",442,952.0,2.154,95.7,49.7,7.0,1741,95.6%,No,Fixed Price,2019,72.80,$100.17
174,D'Angelo,Voodoo,R&B,1990,Netherlands,Test Pressing,Yes,Very Good,Very Good,140g,"13,136",377,637.0,1.69,73.5,24.1,12.0,672,,0,Fixed Price,2025,71.77,$87.87
175,Kendrick Lamar,To Pimp a Butterfly,Hip-Hop,1971,UK,Standard Reissue,0,Very Good,Very Good Plus,120.0,"38,443",467,,1.55,96.2,12.2,27.0,1685,100.0%,True,Auction,2020,52.67,$72.90
176,Pink Floyd,The Dark Side of the Moon,Rock,1997,,Limited Colored Vinyl,Yes,Good Plus,Near Mint,120g,"27,702",229,543.0,2.371,90.4,19.2,9.0,360,97.9%,True,Fixed Price,2017,65.12,$68.67
177,The Cure,Wish,Alternative,2017,brazil,Standard Reissue,No,Very Good Plus,Very Good Plus,200.0,"41,491",344,578.0,1.68,43.8,43.8,38.0,2538,95.7%,Yes,Fixed Price,2025,45.87,$56.25
178,Nirvana,In Utero,Alternative,2007,Japan,Standard Reissue,No,  Very Good Plus ,Very Good,200g,"46,179",1592,3475.0,2.183,99.5,46.0,29.0,4581,98.7%,Yes,Fixed Price,2018,61.76,$86.41
179,Nina Simone,I Put a Spell on You,Jazz,2002,UK,Original 1st Press,False,Near Mint,Very Good,120.0,"21,791",151,279.0,1.848,76.9,64.7,29.0,233,97.9%,No,Fixed Price,2024,83.72,$113.87
180,My Bloody Valentine,Loveless,Alternative,2005,US,Standard Reissue,No,Very Good Plus,Very Good Plus,180g,"22,636",1115,1212.0,1.087,30.0,45.3,9.0,1375,98.3%,No,Fixed Price,2020,50.20,$63.11
181,R.E.M.,Document,Alternative,2015,germany,Anniversary Edition,Yes,Poor,,120g,"1,063",383,649.0,1.695,61.1,26.7,9.0,4395,96.0%,Yes,Auction,2015,55.26,$39.20
182,N.W.A,Straight Outta Compton,Hip-Hop,1968,UK,Standard Reissue,0,Very Good Plus,Very Good Plus,120g,"27,721",614,461.0,0.751,60.8,46.8,9.0,1395,93.8%,Yes,Fixed Price,2025,46.40,$52.61
183,Aphex Twin,Selected Ambient Works 85-92,Electronic,2004,Canada,Original 1st Press,No,Very Good Plus,Good Plus,180g,"16,278",1457,2232.0,1.532,58.6,3.6,23.0,1939,100.0%,yes,Fixed Price,2020,51.57,$63.95
184,Bjork,Post,Electronic,2002,JAPAN,Standard Reissue,0,Very Good Plus,Good Plus,140g,"31,249",502,397.0,0.791,71.6,67.3,12.0,4444,93.0%,False,Fixed Price,2022,65.82,$78.59
185,Stevie Wonder,Talking Book,Soul,2017,Netherlands,Standard Reissue,0,Very Good,Near Mint,180g,"6,222",461,477.0,1.035,79.9,37.7,37.0,3340,99.9%,yes,Fixed Price,2025,62.92,$76.03
186,Sade,Love Deluxe,R&B,2001,Canada,Limited Colored Vinyl,Yes,Very Good,Very Good Plus,120.0,"39,096",1366,1128.0,0.826,77.6,70.5,15.0,1820,100.0%,No,Auction,2023,68.33,$83.52
187,Bob Marley,Legend,Reggae,1977,canada,Standard Reissue,0,Good Plus,Mint,120.0,"46,932",354,342.0,0.966,93.8,48.9,5.0,1185,94.0%,yes,Fixed Price,2023,61.88,$60.63
188,Steely Dan,Can't Buy a Thrill,Rock,1996,US,Limited Colored Vinyl,1,Good,Very Good,180g,"45,957",345,310.0,0.899,75.9,64.9,68.0,2912,92.2%,Yes,Fixed Price,2021,63.84,$58.38
189,U2,Achtung Baby,Rock,1975,UK,Anniversary Edition,1,Poor,,180.0,"24,643",168,127.0,0.756,75.7,35.5,11.0,1778,93.7%,False,Auction,2016,57.82,$42.71
190,Daft Punk,Discovery,Electronic,2012,Canada,Limited Colored Vinyl,Yes,Very Good,Good Plus,140.0,"4,134",152,182.0,1.197,87.3,75.7,36.0,1024,,0,Auction,2022,77.01,$85.18
191,Paul Simon,Graceland,Folk,1987,FRANCE,Standard Reissue,No,Very Good Plus,Fair,120.0,"42,557",959,1511.0,1.576,77.1,8.1,3.0,4258,96.8%,no,Fixed Price,2018,47.80,$74.96
192,Talking Heads,Remain in Light,Alternative,1997,Germany,Promo Copy,0,Near Mint,Good Plus,200g,"40,391",571,221.0,0.387,79.0,71.1,51.0,1129,97.8%,0,Fixed Price,2017,70.10,$109.24
193,Marvin Gaye,Trouble Man,Soul,1977,UK,Promo Copy,No,Very Good Plus,Very Good,,"12,286",633,751.0,1.186,85.2,50.9,1.0,2517,100.0%,True,Fixed Price,2020,79.80,$103.45
194,Kraftwerk,Autobahn,Electronic,2014,japan,Standard Reissue,False,Very Good,Near Mint,140.0,"37,521",509,977.0,1.919,83.3,38.4,31.0,4686,97.4%,No,Auction,2025,58.16,$88.00
195,The Rolling Stones,Let It Bleed,Rock,1973,France,Anniversary Edition,True,  Good Plus ,Very Good,140.0,"34,418",916,2621.0,2.861,92.6,15.1,18.0,4183,100.0%,No,Fixed Price,2019,62.44,$63.03
196,Jimi Hendrix,Axis: Bold as Love,Rock,2010,Japan,Original 1st Press,False,Fair,,120.0,"39,102",136,70.0,0.515,80.2,45.9,19.0,4583,97.0%,True,Fixed Price,2021,70.24,$57.08
197,Peter Gabriel,Us,Pop,2006,France,Standard Reissue,0,Very Good,Near Mint,180g,"38,819",606,1018.0,1.68,62.0,64.6,1.0,2418,100.0%,True,Fixed Price,2025,56.14,$77.21
198,Marvin Gaye,Trouble Man,Soul,1991,Brazil,Promo Copy,No,Very Good,Very Good Plus,180.0,"25,214",871,780.0,0.896,93.6,56.3,31.0,1833,98.3%,Yes,Fixed Price,2016,79.30,$82.77
199,Kendrick Lamar,To Pimp a Butterfly,Hip-Hop,1994,Netherlands,Limited Colored Vinyl,Yes,Poor,Very Good Plus,120.0,"6,484",350,1180.0,3.371,91.9,16.9,19.0,4331,100.0%,No,Auction,2019,71.44,$54.77
200,Neil Young,On the Beach,Folk,2022,Canada,Original 1st Press,No,  Good Plus ,Good Plus,140.0,"18,721",299,697.0,2.331,65.3,45.9,6.0,853,92.7%,No,Auction,2023,72.09,$87.90
201,The Beach Boys,Surf's Up,Pop,1964,US,Standard Reissue,No,Good,Very Good Plus,120g,"21,901",1887,812.0,0.43,84.8,25.7,1.0,517,95.9%,no,Fixed Price,2016,60.19,$65.94
202,U2,War,Rock,2004,UK,Standard Reissue,No,Very Good Plus,Good,120g,"5,745",759,1265.0,1.667,80.4,18.8,0.0,1531,98.4%,No,Fixed Price,2019,58.85,$56.33
203,Japandroids,Post-Nothing,Alternative,1982,AUSTRALIA,Limited Colored Vinyl,Yes,Very Good,Good Plus,180g,"16,711",587,866.0,1.475,36.6,47.9,26.0,2926,97.3%,No,Auction,2019,49.35,$61.94
204,Black Sabbath,Master of Reality,Rock,2017,Japan,Test Pressing,Yes,Near Mint,Good Plus,180.0,"38,121",122,184.0,1.508,73.8,25.3,26.0,4788,94.3%,Yes,Fixed Price,2022,74.00,$112.59
205,Guns N' Roses,Appetite for Destruction,Rock,2022,Canada,Test Pressing,True,Mint,Good Plus,120g,"41,730",523,1445.0,2.763,82.1,63.4,8.0,465,100.0%,Yes,Fixed Price,2024,91.92,$118.73
206,Paul Simon,So Beautiful or So What,Folk,1994,Japan,Standard Reissue,No,Mint,Very Good,140g,"24,890",704,139.0,0.197,77.2,34.2,15.0,435,,No,Fixed Price,2015,51.89,$67.51
207,Aphex Twin,Drukqs,Electronic,1977,UK,Standard Reissue,No,Very Good Plus,Very Good Plus,180.0,"12,056",361,788.0,2.183,59.3,27.9,2.0,1387,91.1%,no,Fixed Price,2023,53.29,$70.97
208,Japandroids,Post-Nothing,Alternative,2009,France,Limited Colored Vinyl,1,Mint,Very Good Plus,140g,"32,685",245,104.0,0.424,35.0,42.4,46.0,1820,99.5%,0,Auction,2024,51.25,$77.21
209,Miles Davis,In a Silent Way,Jazz,1997,Brazil,Standard Reissue,False,Very Good Plus,Very Good Plus,120g,"36,877",1996,1249.0,0.626,76.2,38.1,9.0,3608,92.5%,No,Fixed Price,2021,55.43,$73.03
210,Kings of Leon,Because of the Times,Alternative,2012,France,Standard Reissue,No,Very Good Plus,Very Good,140g,"15,662",1418,280.0,0.197,72.6,12.9,8.0,1562,95.6%,No,Fixed Price,2025,50.65,$78.18
211,Frank Ocean,Channel Orange,R&B,1966,,Standard Reissue,No,Very Good,Good Plus,180g,"15,178",946,430.0,0.455,97.4,19.1,30.0,2344,94.8%,Yes,Auction,2023,58.63,$57.69
212,The Rolling Stones,Voodoo Lounge,Rock,1961,Brazil,Limited Colored Vinyl,Yes,Very Good,,140.0,"18,561",691,611.0,0.884,99.6,49.7,5.0,3659,100.0%,No,Fixed Price,2018,66.40,$91.61
213,The Rolling Stones,Made in the Shade,Rock,2001,Japan,Original 1st Press,0,Poor,Very Good Plus,180g,"44,763",407,214.0,0.526,92.3,17.2,4.0,875,100.0%,Yes,Fixed Price,2019,62.57,$53.61
214,Ice Cube,AmeriKKKa's Most Wanted,Hip-Hop,2018,Australia,Standard Reissue,False,Good,Very Good Plus,120.0,"30,332",1715,699.0,0.408,80.2,11.0,35.0,4722,,1,Fixed Price,2022,38.66,$40.76
215,Red Hot Chili Peppers,Stadium Arcadium,Alternative,1999,,Standard Reissue,False,Near Mint,Very Good,180.0,"44,311",421,295.0,0.701,59.1,42.3,0.0,1188,96.8%,True,Fixed Price,2019,52.94,$69.22
216,Pearl Jam,Ten,Alternative,1990,Japan,Standard Reissue,No,Near Mint,Very Good Plus,120.0,"33,395",882,321.0,0.364,66.3,70.5,9.0,2687,96.2%,0,Fixed Price,2019,57.13,$77.19
217,Bjork,Post,Electronic,1968,Brazil,Standard Reissue,No,  Mint ,Near Mint,140g,"23,941",518,1095.0,2.114,69.3,67.8,3.0,4207,92.2%,Yes,Auction,2017,65.30,$76.67
218,New Order,Technique,Electronic,1963,Netherlands,Standard Reissue,No,Very Good Plus,Very Good Plus,140.0,"44,466",216,112.0,0.519,69.0,52.7,6.0,1441,95.1%,False,Fixed Price,2025,50.16,$75.34
219,David Bowie,Hunky Dory,Rock,2007,UK,Promo Copy,No,Very Good Plus,Good Plus,120.0,"28,564",446,581.0,1.303,93.7,83.6,2.0,4396,100.0%,No,Auction,2017,80.64,$117.29
220,The Clash,Sandinista!,Rock,2006,Germany,Limited Colored Vinyl,Yes,Mint,Very Good Plus,120.0,"28,855",978,2932.0,2.998,74.2,25.4,,2449,96.6%,No,Fixed Price,2022,54.86,$83.02
221,Snoop Dogg,Doggystyle,Hip-Hop,1988,US,Anniversary Edition,True,Very Good Plus,Very Good Plus,120g,"23,945",236,75.0,0.318,72.5,33.5,21.0,2990,97.0%,Yes,Fixed Price,2025,54.17,$78.58
222,Fleetwood Mac,Fleetwood Mac,Rock,1994,Japan,Standard Reissue,False,Very Good Plus,Poor,180.0,"17,308",865,716.0,0.828,85.2,75.0,19.0,3675,90.3%,Yes,Fixed Price,2022,71.02,$85.32
223,Pink Floyd,The Dark Side of the Moon,Rock,1967,France,Standard Reissue,No,Near Mint,Very Good,180g,"41,128",145,165.0,1.138,90.0,22.1,4.0,1140,99.4%,1,Fixed Price,2023,55.77,$73.54
224,Eminem,The Marshall Mathers LP,Hip-Hop,2006,uk,Limited Colored Vinyl,True,Poor,Very Good Plus,120.0,"2,547",646,2171.0,3.361,96.5,8.5,8.0,1052,90.4%,yes,Fixed Price,2019,70.10,$65.18
225,Joni Mitchell,Blue,Folk,1984,France,Test Pressing,Yes,Near Mint,Very Good,120g,"37,435",347,139.0,0.401,79.1,53.9,18.0,2921,97.7%,True,Fixed Price,2019,70.50,$96.89
226,Stevie Wonder,Music of My Mind,Soul,1997,Brazil,Anniversary Edition,Yes,Near Mint,Good,120.0,"47,984",594,2021.0,3.402,90.1,42.4,22.0,3793,96.8%,No,Auction,2015,67.52,$85.81
227,Prince,Dirty Mind,R&B,1968,Australia,Promo Copy,False,Good,Near Mint,120g,"15,631",302,669.0,2.215,90.8,51.9,55.0,345,98.4%,Yes,Auction,2016,78.66,$82.59
228,John Coltrane,Blue Train,Jazz,2020,Brazil,Limited Colored Vinyl,Yes,Mint,Very Good,180g,"1,790",450,1169.0,2.598,69.2,51.6,12.0,3202,100.0%,No,Fixed Price,2024,71.79,$94.59
229,Japandroids,Post-Nothing,Alternative,1974,US,Limited Colored Vinyl,True,Very Good Plus,Good Plus,120.0,"34,170",560,1962.0,3.504,30.6,46.6,3.0,402,91.0%,yes,Fixed Price,2016,53.91,$59.30
230,Tame Impala,The Slow Rush,Alternative,1982,,Standard Reissue,False,Near Mint,Very Good Plus,180.0,"43,607",318,702.0,2.208,56.6,69.5,9.0,440,98.8%,no,Fixed Price,2015,57.92,$86.35
231,U2,The Joshua Tree,Rock,1992,netherlands,Anniversary Edition,Yes,Very Good,Very Good,180g,"34,342",649,1795.0,2.766,79.9,46.9,0.0,3802,97.1%,0,Fixed Price,2022,70.13,$72.17
232,The Notorious B.I.G.,Life After Death,Hip-Hop,1986,Australia,Standard Reissue,No,Very Good,Very Good,180g,"15,356",112,109.0,0.973,96.2,68.8,2.0,4228,95.9%,No,Fixed Price,2017,75.94,$101.28
233,Bob Marley,Legend,Reggae,2017,NETHERLANDS,Standard Reissue,No,Very Good Plus,Very Good,120g,"13,848",273,399.0,1.462,87.2,48.2,82.0,1886,99.6%,Yes,Auction,2024,64.03,$77.05
234,The Rolling Stones,Sticky Fingers,Rock,1999,Germany,Standard Reissue,No,Very Good Plus,Very Good Plus,140.0,"46,813",4025,6642.0,1.65,97.1,64.3,12.0,1264,93.0%,No,Fixed Price,2024,71.91,$99.24
235,Sade,Love Deluxe,R&B,1964,UK,Standard Reissue,No,Very Good Plus,Very Good Plus,120.0,"1,338",1015,645.0,0.635,84.9,66.5,14.0,3563,94.8%,True,Fixed Price,2016,65.38,$96.63
236,Funkadelic,Cosmic Slop,R&B,1993,France,Original 1st Press,No,Fair,Near Mint,120g,"7,367",418,877.0,2.098,36.6,21.7,36.0,4204,100.0%,No,Fixed Price,2024,64.27,$54.27
237,Marvin Gaye,"Here, My Dear",Soul,1994,BRAZIL,Standard Reissue,No,Very Good,Good Plus,140g,"32,399",533,427.0,0.801,89.3,28.2,28.0,3990,98.6%,No,Fixed Price,2020,50.63,$53.62
238,Pearl Jam,Vs.,Alternative,2000,US,Promo Copy,No,Very Good,Good Plus,120g,"11,640",179,299.0,1.67,68.0,16.0,13.0,2764,96.1%,False,Fixed Price,2017,66.25,$81.09
239,Bob Marley,Uprising,Reggae,2017,Japan,Limited Colored Vinyl,Yes,Very Good Plus,Very Good,120g,"26,530",335,141.0,0.421,91.6,39.5,0.0,2152,96.4%,0,Fixed Price,2020,66.48,$79.78
240,The National,Boxer,Alternative,1998,Germany,Limited Colored Vinyl,1,Very Good,Fair,140g,"23,941",792,,2.87,43.1,61.3,8.0,4977,97.0%,0,Auction,2023,56.19,$66.53
241,Simon & Garfunkel,Bridge Over Troubled Water,Folk,1993,us,Standard Reissue,no,Very Good Plus,Good,180.0,"34,234",534,535.0,1.002,66.6,49.1,51.0,4817,100.0%,No,Fixed Price,2025,56.54,$93.63
242,Fleetwood Mac,Rumours,Rock,2021,netherlands,Limited Colored Vinyl,Yes,Near Mint,Near Mint,180g,"48,540",476,277.0,0.582,83.3,12.1,36.0,3517,100.0%,no,Auction,2025,51.73,$76.56
243,Pearl Jam,Vs.,Alternative,2009,Australia,Anniversary Edition,Yes,Good,Mint,120g,"21,317",1532,343.0,0.224,64.0,14.0,67.0,1845,98.7%,True,Fixed Price,2016,48.76,$55.20
244,The National,High Violet,Alternative,1989,brazil,Original 1st Press,0,Very Good,Good,120g,"21,920",130,277.0,2.131,40.5,16.1,1.0,2512,96.5%,No,Auction,2019,57.06,$60.78
245,Talking Heads,Fear of Music,Alternative,2012,UK,Standard Reissue,No,Near Mint,Very Good Plus,120.0,"1,477",614,135.0,0.22,76.9,22.4,12.0,1446,,No,Fixed Price,2018,50.51,$72.69
246,Prince,Purple Rain,R&B,2001,US,Original 1st Press,0,Good,Near Mint,140.0,"5,720",41,10.0,0.244,89.1,47.2,78.0,1209,99.1%,Yes,Fixed Price,2015,79.39,$88.81
247,Miles Davis,Kind of Blue,Jazz,1994,Netherlands,Standard Reissue,0,Near Mint,Very Good,200g,"12,071",632,973.0,1.54,80.0,34.3,9.0,4898,100.0%,0,Auction,2024,65.38,$89.60
248,Guns N' Roses,Appetite for Destruction,Rock,1991,US,Standard Reissue,No,Very Good Plus,Very Good,,"12,610",565,214.0,0.379,87.3,63.2,52.0,1591,97.5%,Yes,Fixed Price,2019,66.47,$98.93
249,Nina Simone,I Put a Spell on You,Jazz,2007,Netherlands,Standard Reissue,0,Good,Very Good Plus,180.0,"34,525",639,1472.0,2.304,70.9,68.1,59.0,3251,92.7%,True,Fixed Price,2016,69.11,$71.87
250,Led Zeppelin,Houses of the Holy,Rock,1969,US,Promo Copy,No,Very Good Plus,Very Good,140.0,"14,163",325,391.0,1.203,100.1,34.3,28.0,4458,98.5%,True,Fixed Price,2022,70.86,$97.35
251,Dolly Parton,Jolene,Country,2022,Japan,Standard Reissue,No,  Fair ,Very Good Plus,180g,"30,972",330,602.0,1.824,68.6,37.6,9.0,3303,99.3%,1,Fixed Price,2023,46.61,$44.12
252,The Cure,Wish,Alternative,2021,australia,Standard Reissue,No,Mint,Very Good Plus,,"15,704",1057,1824.0,1.726,33.8,44.1,0.0,2795,94.4%,1,Fixed Price,2023,44.20,$54.75
253,Aphex Twin,Drukqs,Electronic,1981,UK,Original 1st Press,False,Good Plus,Very Good,140.0,"45,735",486,643.0,1.323,51.9,32.3,30.0,1082,100.0%,No,Auction,2022,58.81,$62.71
254,Frank Ocean,Channel Orange,R&B,1999,Japan,Standard Reissue,No,Very Good Plus,Near Mint,140.0,"48,294",197,394.0,2.0,95.7,21.8,37.0,3201,94.5%,No,Fixed Price,2019,59.36,$75.35
255,My Bloody Valentine,Loveless,Alternative,1996,Japan,Anniversary Edition,Yes,Very Good Plus,Good,140.0,"35,757",411,142.0,0.345,24.0,49.0,33.0,1228,93.1%,No,Fixed Price,2025,45.56,$56.97
256,Alicia Keys,Alicia,R&B,1964,france,Standard Reissue,No,  Near Mint ,Good Plus,180g,"9,812",901,670.0,0.744,69.1,81.1,14.0,3750,99.2%,no,Auction,2015,65.83,$97.78
257,Dolly Parton,Trio,Country,2019,brazil,Anniversary Edition,Yes,Good Plus,Near Mint,180g,"46,756",288,255.0,0.885,60.8,76.3,8.0,3222,96.4%,0,Fixed Price,2025,60.70,$63.46
258,Metallica,Ride the Lightning,Rock,1968,Brazil,Standard Reissue,No,Very Good Plus,Very Good Plus,180.0,"44,071",1075,1084.0,1.008,91.6,23.3,70.0,2445,,No,Fixed Price,2022,54.86,$65.97
259,Kendrick Lamar,DAMN.,Hip-Hop,2014,Netherlands,Limited Colored Vinyl,1,Very Good,Very Good,120.0,"29,317",101,335.0,3.317,93.0,78.5,10.0,3569,99.6%,False,Fixed Price,2019,89.41,$89.45
260,The White Stripes,White Blood Cells,Alternative,2009,CANADA,Standard Reissue,False,Very Good Plus,Very Good,200g,"5,401",1770,2893.0,1.634,65.7,42.6,42.0,2541,100.0%,False,Fixed Price,2018,57.68,$78.48
261,Funkadelic,One Nation Under a Groove,R&B,2000,Canada,Standard Reissue,No,Very Good,Near Mint,120.0,"41,100",368,618.0,1.679,49.3,50.8,18.0,2315,96.1%,1,Auction,2017,48.68,$68.65
262,U2,The Joshua Tree,Rock,1983,germany,Standard Reissue,No,Near Mint,Near Mint,120.0,"1,366",261,156.0,0.598,80.8,47.1,2.0,2785,100.0%,No,Fixed Price,2021,67.68,$102.44
263,The Rolling Stones,Exile on Main St.,Rock,1990,Canada,Standard Reissue,No,Very Good Plus,Good Plus,140.0,"16,133",673,618.0,0.918,93.1,10.3,63.0,1016,95.1%,Yes,Fixed Price,2025,53.62,$64.21
264,Marvin Gaye,"Here, My Dear",Soul,1979,JAPAN,Standard Reissue,False,Mint,Very Good Plus,140g,"6,293",1129,1670.0,1.479,85.9,30.0,9.0,2536,98.9%,Yes,Fixed Price,2016,64.26,$75.05
265,Willie Nelson,Red Headed Stranger,Country,1963,CANADA,Standard Reissue,No,Very Good Plus,Good Plus,180g,"49,263",91,120.0,1.319,57.3,9.7,6.0,3734,94.8%,1,Fixed Price,2018,33.77,$42.94
266,Guns N' Roses,Use Your Illusion I,Rock,2008,Japan,Limited Colored Vinyl,Yes,Very Good Plus,Good,120.0,"45,272",620,869.0,1.402,83.4,22.0,38.0,3952,99.9%,False,Auction,2025,57.38,$74.55
267,The Rolling Stones,Let It Bleed,Rock,2001,Brazil,Standard Reissue,No,Near Mint,Good Plus,180.0,"4,739",546,544.0,0.996,92.2,18.3,16.0,64,100.0%,No,Auction,2022,58.93,$73.98
268,Led Zeppelin,Led Zeppelin II,Rock,2007,France,Original 1st Press,No,Good Plus,Good Plus,180g,"10,464",136,226.0,1.662,93.4,7.0,19.0,750,,Yes,Fixed Price,2023,62.85,$66.04
269,The Rolling Stones,Sticky Fingers,Rock,1978,NETHERLANDS,Standard Reissue,No,Mint,Very Good Plus,120g,"25,215",1043,1573.0,1.508,93.8,63.9,31.0,2245,91.7%,no,Fixed Price,2018,81.03,$110.30
270,Led Zeppelin,Led Zeppelin IV,Rock,2019,France,Limited Colored Vinyl,True,Near Mint,,180.0,"46,317",568,1831.0,3.224,103.5,59.1,9.0,395,96.2%,Yes,Fixed Price,2020,80.10,$104.73
271,Midnight Oil,Blue Sky Mining,Rock,1999,France,Original 1st Press,No,Near Mint,Very Good Plus,140g,"44,965",98,156.0,1.592,28.1,39.1,44.0,3226,96.1%,No,Fixed Price,2021,53.47,$71.93
272,D'Angelo,Voodoo,R&B,1961,Germany,Standard Reissue,0,Near Mint,Very Good Plus,120g,"37,299",1299,3245.0,2.498,76.7,25.5,4.0,3465,94.3%,True,Fixed Price,2025,52.72,$65.97
273,John Coltrane,My Favorite Things,Jazz,1998,Canada,Standard Reissue,0,Good Plus,Good,120.0,"25,108",620,228.0,0.368,72.7,42.4,19.0,3576,100.0%,True,Fixed Price,2024,59.13,$52.83
274,The Beatles,Sgt. Pepper's Lonely Hearts Club Band,Rock,1972,Japan,Standard Reissue,0,Very Good Plus,Very Good Plus,120g,"18,984",533,1180.0,2.214,90.2,33.5,9.0,3500,100.0%,0,Auction,2025,63.72,$79.33
275,The Rolling Stones,Voodoo Lounge,Rock,2006,UK,Standard Reissue,No,Good,Good,120.0,"46,942",380,940.0,2.474,93.5,48.6,6.0,4583,96.9%,False,Auction,2021,69.03,$70.55
276,Bob Dylan,Blonde on Blonde,Folk,2012,Australia,Standard Reissue,No,Very Good,Very Good Plus,180g,"47,639",1543,1515.0,0.982,92.7,30.6,4.0,2386,,True,Fixed Price,2024,57.49,$68.78
277,Massive Attack,Blue Lines,Electronic,1991,France,Anniversary Edition,yes,Near Mint,Good Plus,140.0,"1,644",604,1124.0,1.861,58.8,18.9,33.0,4710,100.0%,No,Fixed Price,2021,53.09,$64.91
278,Emmylou Harris,Wrecking Ball,Country,1978,FRANCE,Standard Reissue,0,Mint,Good,140.0,"44,555",552,857.0,1.553,26.8,45.4,50.0,2472,95.7%,0,Fixed Price,2021,35.36,$44.93
279,Metallica,Master of Puppets,Rock,2012,France,Standard Reissue,no,Very Good,Very Good,120.0,"16,404",551,418.0,0.759,89.8,70.4,28.0,2121,95.6%,False,Auction,2019,69.19,$77.72
280,The Beatles,The White Album,Rock,1984,France,Test Pressing,Yes,Very Good Plus,Very Good,120.0,"38,228",317,744.0,2.347,85.5,57.2,30.0,45,97.5%,yes,Auction,2018,93.63,$117.15
281,Radiohead,OK Computer,Alternative,1977,Australia,Anniversary Edition,yes,Good Plus,Fair,140g,"29,827",331,815.0,2.462,88.7,54.2,30.0,4549,96.1%,1,Fixed Price,2019,80.31,$78.38
282,Nas,Illmatic,Hip-Hop,1963,Japan,Standard Reissue,False,Very Good,Near Mint,140g,"3,674",1968,3292.0,1.673,70.5,17.8,53.0,1922,96.6%,No,Fixed Price,2021,54.00,$63.94
283,Kraftwerk,Autobahn,Electronic,1991,France,Original 1st Press,No,Good Plus,Very Good Plus,120g,"24,523",191,193.0,1.01,80.8,34.4,29.0,2038,99.2%,0,Auction,2023,71.17,$85.29
284,Neil Young,Harvest,Folk,1985,US,Original 1st Press,No,Very Good Plus,Good Plus,120.0,"1,544",187,238.0,1.273,60.7,15.4,42.0,4845,96.4%,0,Fixed Price,2017,65.56,$81.25
285,Peter Gabriel,So,Pop,1977,germany,Promo Copy,No,Good Plus,Fair,180g,"17,606",306,758.0,2.477,62.4,55.9,44.0,4916,96.6%,False,Fixed Price,2019,73.65,$63.74
286,The Beach Boys,Pet Sounds,Pop,1980,canada,Standard Reissue,no,Very Good,Good Plus,140.0,"30,065",2118,4815.0,2.273,81.1,31.7,59.0,1077,93.7%,0,Fixed Price,2016,57.94,$72.06
287,Black Uhuru,Sinsemilla,Reggae,1967,France,Standard Reissue,No,Good Plus,Very Good Plus,120g,"44,958",1172,294.0,0.251,17.0,53.9,39.0,1643,94.0%,False,Fixed Price,2018,33.23,$37.99
288,U2,War,Rock,2021,France,Standard Reissue,No,Good Plus,Good Plus,120g,"41,683",562,1334.0,2.374,77.7,20.0,29.0,4631,92.9%,No,Auction,2021,61.84,$69.53
289,Funkadelic,Funkadelic,R&B,1974,Japan,Limited Colored Vinyl,1,Very Good Plus,Near Mint,180.0,"40,650",610,707.0,1.159,43.0,89.8,62.0,4429,99.1%,No,Fixed Price,2021,65.92,$80.07
290,Red Hot Chili Peppers,Stadium Arcadium,Alternative,2004,Germany,Promo Copy,no,Near Mint,Very Good Plus,180.0,"34,381",876,,1.452,63.8,39.9,7.0,3220,92.8%,No,Fixed Price,2017,63.51,$90.71
291,Neil Young,Harvest Moon,Folk,2012,Canada,Limited Colored Vinyl,1,Very Good Plus,Mint,120g,"44,248",144,171.0,1.188,61.1,64.1,106.0,3160,,True,Fixed Price,2024,60.96,$88.06
292,Television,Marquee Moon,Rock,1993,Netherlands,Standard Reissue,False,Very Good Plus,Near Mint,140.0,"35,282",449,74.0,0.165,23.8,29.7,23.0,1246,100.0%,No,Auction,2021,24.72,$26.41
293,Steely Dan,Can't Buy a Thrill,Rock,2010,FRANCE,Original 1st Press,No,Poor,Fair,120.0,"3,859",165,332.0,2.012,82.2,69.7,25.0,1290,100.0%,No,Fixed Price,2015,84.90,$50.74
294,Dr. Dre,The Chronic,Hip-Hop,2012,Brazil,Original 1st Press,No,Good,Poor,140.0,"27,037",694,1265.0,1.823,98.6,23.1,17.0,370,96.0%,Yes,Fixed Price,2023,71.54,$46.06
295,Neil Young,Harvest,Folk,1973,Netherlands,Standard Reissue,No,Very Good Plus,,180.0,"49,187",672,405.0,0.603,65.6,12.8,9.0,4498,93.1%,No,Auction,2020,40.52,$53.07
296,Prince,Dirty Mind,R&B,1966,US,Standard Reissue,No,Mint,Very Good,140.0,"21,005",598,377.0,0.63,90.3,47.6,3.0,2551,97.4%,No,Fixed Price,2025,62.82,$96.91
297,Joni Mitchell,Hejira,Folk,1969,us,Standard Reissue,No,Very Good,Near Mint,180.0,"26,252",177,300.0,1.695,75.7,51.3,122.0,4737,93.9%,Yes,Auction,2015,53.21,$64.53
298,Ice Cube,AmeriKKKa's Most Wanted,Hip-Hop,2015,Australia,Test Pressing,Yes,Very Good Plus,Near Mint,180.0,"10,882",126,236.0,1.873,79.1,7.5,22.0,1360,95.7%,Yes,Fixed Price,2017,75.69,$94.47
299,The Beatles,Revolver,Rock,2012,Japan,Standard Reissue,False,Good,Good Plus,120.0,"47,716",173,78.0,0.451,88.1,15.3,52.0,3208,94.8%,0,Auction,2021,44.65,$49.19
300,Frank Ocean,Blonde,R&B,2000,,Standard Reissue,no,Mint,Near Mint,120.0,"48,754",1146,2455.0,2.142,93.8,35.4,28.0,4988,96.9%,No,Fixed Price,2015,57.60,$91.92
301,Frank Ocean,"Nostalgia, Ultra",R&B,1997,Canada,Standard Reissue,No,Near Mint,Near Mint,120.0,"39,674",2829,5468.0,1.933,99.9,34.2,14.0,4260,100.0%,no,Fixed Price,2019,68.71,$95.43
302,Black Sabbath,Black Sabbath,Rock,1967,Brazil,Standard Reissue,No,Very Good Plus,Very Good,140.0,"21,455",1126,2052.0,1.822,67.6,22.1,0.0,3990,,False,Fixed Price,2016,49.04,$65.31
303,The Beatles,Abbey Road,Rock,2021,UK,Promo Copy,False,Very Good,Good Plus,140g,"19,440",70,74.0,1.057,85.2,67.0,5.0,3450,95.8%,0,Fixed Price,2025,77.38,$77.69
304,Sufjan Stevens,Michigan,Folk,1985,Brazil,Standard Reissue,No,Near Mint,Very Good Plus,140g,"17,606",688,1070.0,1.555,52.9,37.4,0.0,1721,96.5%,No,Fixed Price,2024,51.59,$71.28
305,Brian Eno,Music for Airports,Electronic,2017,Australia,Standard Reissue,0,Near Mint,Good Plus,120g,"12,832",2346,998.0,0.425,45.6,29.0,0.0,1071,100.0%,Yes,Auction,2023,43.62,$51.84
306,Prince,Dirty Mind,R&B,1996,Japan,Limited Colored Vinyl,Yes,Very Good,Very Good Plus,140g,"18,914",653,1751.0,2.681,88.5,51.9,10.0,4232,97.7%,0,Fixed Price,2023,75.07,$91.74
307,Duran Duran,Duran Duran,Pop,1979,Netherlands,Standard Reissue,No,Mint,Very Good Plus,120.0,"37,830",1228,188.0,0.153,80.6,11.4,19.0,4420,96.9%,False,Fixed Price,2019,46.02,$84.86
308,The Rolling Stones,Let It Bleed,Rock,1974,Germany,Limited Colored Vinyl,True,Very Good,,180g,"23,967",628,451.0,0.718,95.6,18.4,18.0,3699,98.7%,1,Fixed Price,2023,64.85,$60.18
309,Joanna Newsom,Ys,Folk,1993,Australia,Standard Reissue,No,Mint,Very Good Plus,120.0,"31,060",756,1272.0,1.683,34.0,39.7,15.0,4539,94.6%,True,Auction,2022,35.47,$44.80
310,The Clash,Combat Rock,Rock,2005,Germany,Standard Reissue,No,Very Good,Good Plus,180g,"1,563",177,37.0,0.209,64.9,37.4,72.0,4854,100.0%,Yes,Auction,2021,55.90,$60.51
311,The Smiths,"Strangeways, Here We Come",Alternative,1987,UK,Anniversary Edition,True,Very Good Plus,Very Good,200.0,"10,166",159,540.0,3.396,50.5,37.7,3.0,3212,99.0%,No,Fixed Price,2018,59.86,$78.97
312,Marvin Gaye,Let's Get It On,Soul,1996,US,Standard Reissue,no,Very Good Plus,Very Good Plus,140g,"41,361",705,1180.0,1.674,93.7,75.0,18.0,3542,98.8%,True,Fixed Price,2025,74.83,$101.83
313,The White Stripes,Elephant,Alternative,1962,BRAZIL,Standard Reissue,No,Very Good Plus,Near Mint,140.0,"33,074",268,300.0,1.119,65.8,53.0,15.0,732,95.4%,Yes,Fixed Price,2024,58.48,$67.41
314,Marvin Gaye,What's Going On,Soul,2017,US,Standard Reissue,0,Poor,Good Plus,180g,"44,411",492,426.0,0.866,92.5,26.1,11.0,4277,96.5%,No,Fixed Price,2019,55.09,$41.61
315,Kraftwerk,Computer World,Electronic,1978,UK,Test Pressing,Yes,  Good ,Very Good Plus,180g,"18,849",609,1103.0,1.811,76.8,31.0,9.0,4178,98.3%,No,Fixed Price,2023,70.69,$88.31
316,Dave Brubeck,Time Out,Jazz,2018,France,Promo Copy,no,Very Good Plus,Very Good Plus,120g,"44,023",274,262.0,0.956,29.2,30.2,7.0,51,100.0%,False,Fixed Price,2024,46.75,$68.02
317,David Bowie,Let's Dance,Pop,1981,JAPAN,Original 1st Press,0,Good Plus,Very Good,140.0,"5,433",67,124.0,1.851,86.6,39.1,29.0,3017,94.8%,False,Fixed Price,2020,79.30,$76.45
318,The Beatles,Abbey Road,Rock,2018,UK,Standard Reissue,No,  Very Good Plus ,Good Plus,180.0,"18,365",316,427.0,1.351,85.1,72.1,11.0,1769,96.3%,False,Auction,2024,70.89,$99.37
319,Anita Baker,Rapture,Soul,2013,AUSTRALIA,Standard Reissue,No,Good Plus,Fair,200.0,"22,442",743,1677.0,2.257,23.5,56.8,28.0,4999,97.5%,1,Fixed Price,2015,43.99,$37.98
320,Daft Punk,Human After All,Electronic,1982,Netherlands,Limited Colored Vinyl,Yes,Near Mint,,140g,"6,736",673,1792.0,2.663,84.4,70.7,60.0,3017,95.9%,Yes,Fixed Price,2025,75.12,$98.15
321,Massive Attack,Mezzanine,Electronic,1967,UK,Standard Reissue,No,Near Mint,,140g,"45,042",93,96.0,1.032,54.5,67.9,38.0,864,96.7%,False,Fixed Price,2017,52.62,$91.40
322,The Clash,Sandinista!,Rock,1990,France,Promo Copy,False,Very Good,Very Good Plus,120g,"14,402",339,580.0,1.711,71.9,30.0,4.0,564,99.1%,Yes,Fixed Price,2021,64.70,$81.92
323,The White Stripes,Elephant,Alternative,1963,Germany,Standard Reissue,0,Very Good,Near Mint,120g,"33,147",466,773.0,1.659,69.6,52.0,5.0,3170,96.7%,No,Auction,2019,57.98,$79.03
324,Simon & Garfunkel,Sounds of Silence,Folk,1995,Germany,Anniversary Edition,yes,Near Mint,Very Good Plus,140.0,"1,580",1405,2433.0,1.732,72.9,43.2,43.0,731,95.3%,No,Auction,2016,58.90,$82.95
325,Talking Heads,Speaking in Tongues,Alternative,1966,France,Promo Copy,No,  Very Good Plus ,Very Good Plus,180.0,"1,128",412,360.0,0.874,80.7,36.3,11.0,4928,98.5%,False,Fixed Price,2025,68.12,$78.97
326,Willie Nelson,Red Headed Stranger,Country,1994,CANADA,Anniversary Edition,True,Near Mint,Good,120.0,"49,349",1134,3851.0,3.396,56.5,8.0,7.0,2088,100.0%,No,Fixed Price,2018,46.40,$55.70
327,Outkast,Southernplayalisticadillacmuzik,Hip-Hop,1990,Brazil,Original 1st Press,No,Fair,Mint,140g,"30,527",161,40.0,0.248,73.7,37.7,20.0,3524,97.4%,False,Fixed Price,2019,68.90,$58.15
328,Sufjan Stevens,Michigan,Folk,1987,Canada,Standard Reissue,No,Very Good,Mint,180.0,"34,864",764,1491.0,1.952,59.6,37.8,2.0,4676,88.0%,Yes,Auction,2021,52.99,$69.58
329,Dr. Dre,The Chronic,Hip-Hop,1972,Germany,Promo Copy,No,Mint,Mint,180g,"28,291",282,592.0,2.099,97.4,23.7,42.0,2260,95.3%,Yes,Fixed Price,2025,69.23,$99.99
330,Aphex Twin,Drukqs,Electronic,2002,FRANCE,Standard Reissue,No,Good,Very Good Plus,120g,"2,425",1295,1457.0,1.125,63.7,27.4,8.0,2642,89.1%,no,Fixed Price,2024,50.55,$57.57
331,Tame Impala,Currents,Alternative,1961,germany,Standard Reissue,0,Near Mint,Near Mint,140.0,"21,451",1832,1938.0,1.058,56.4,24.3,10.0,983,96.4%,No,Fixed Price,2020,46.29,$53.30
332,Bob Dylan,The Freewheelin' Bob Dylan,Folk,1993,Germany,Anniversary Edition,1,Near Mint,Very Good,120g,"2,087",567,1751.0,3.088,88.6,37.2,14.0,2204,95.6%,False,Fixed Price,2019,77.33,$115.17
333,Joanna Newsom,Ys,Folk,2018,Brazil,Anniversary Edition,True,Mint,Good,120.0,"14,703",812,2875.0,3.541,33.4,37.5,18.0,1741,96.9%,No,Fixed Price,2021,49.48,$82.09
334,Pink Floyd,Wish You Were Here,Rock,2002,US,Standard Reissue,0,Very Good Plus,Very Good,120g,"21,547",284,548.0,1.93,91.0,25.6,20.0,4368,97.0%,No,Fixed Price,2025,61.59,$73.87
335,Tame Impala,Lonerism,Alternative,2013,Canada,Original 1st Press,False,Very Good,Very Good Plus,180.0,"3,090",274,205.0,0.748,59.3,33.3,34.0,1218,95.0%,Yes,Fixed Price,2016,64.22,$81.61
336,Arctic Monkeys,Favourite Worst Nightmare,Alternative,2014,US,Standard Reissue,False,Near Mint,Good Plus,140g,"27,389",573,1395.0,2.435,61.4,57.3,24.0,1593,99.9%,1,Auction,2021,51.61,$54.50
337,Miles Davis,In a Silent Way,Jazz,1969,Australia,Standard Reissue,No,Very Good Plus,Good,180.0,"16,866",1658,3025.0,1.824,78.7,32.1,27.0,3019,96.8%,True,Fixed Price,2025,61.67,$59.33
338,Kendrick Lamar,DAMN.,Hip-Hop,1962,Germany,Standard Reissue,No,Very Good Plus,Near Mint,140g,"45,564",600,343.0,0.572,97.4,79.8,27.0,2418,100.0%,Yes,Fixed Price,2022,73.26,$106.60
339,Prince,Lovesexy,R&B,2014,FRANCE,Limited Colored Vinyl,Yes,  Fair ,Good Plus,120g,"23,207",93,274.0,2.946,84.2,12.0,16.0,2711,95.6%,Yes,Fixed Price,2015,60.92,$48.92
340,Al Green,I'm Still in Love with You,Soul,1989,UK,Limited Colored Vinyl,True,Very Good Plus,,120.0,"34,949",446,1004.0,2.251,63.0,24.1,5.0,750,95.3%,False,Auction,2022,52.55,$69.73
341,Prince,Sign o' the Times,R&B,1961,france,Anniversary Edition,Yes,Very Good,Mint,120g,"34,906",1461,487.0,0.333,92.3,41.4,18.0,2056,96.6%,No,Fixed Price,2020,62.61,$77.76
342,Prince,Lovesexy,R&B,1973,Japan,Standard Reissue,No,Very Good,Very Good Plus,120g,"39,838",31,19.0,0.613,89.1,10.5,17.0,855,94.9%,True,Fixed Price,2022,47.68,$60.59
343,Aphex Twin,Syro,Electronic,2015,Brazil,Standard Reissue,no,Mint,Very Good Plus,180g,"14,396",285,492.0,1.726,60.6,25.4,3.0,4434,92.7%,Yes,Fixed Price,2018,49.48,$67.41
344,Dave Brubeck,Time Out,Jazz,1996,,Original 1st Press,False,Good,Fair,180.0,"10,657",339,668.0,1.971,29.9,29.9,68.0,752,96.3%,No,Fixed Price,2024,53.95,$46.10
345,Funkadelic,One Nation Under a Groove,R&B,2011,Canada,Standard Reissue,No,Mint,Very Good Plus,180g,"9,519",302,656.0,2.172,40.6,51.4,4.0,2807,92.9%,yes,Auction,2025,55.15,$83.10
346,Bjork,Debut,Electronic,1961,us,Test Pressing,yes,Very Good Plus,Near Mint,180.0,"7,669",331,856.0,2.586,73.4,59.2,13.0,2940,97.5%,0,Fixed Price,2022,85.31,$134.35
347,Norah Jones,Little Broken Hearts,Jazz,1987,Brazil,Standard Reissue,No,Very Good Plus,Very Good,180.0,"16,859",222,216.0,0.973,65.9,24.4,0.0,4810,89.8%,0,Fixed Price,2017,44.65,$58.83
348,Joni Mitchell,Hejira,Folk,2015,Japan,Anniversary Edition,Yes,Mint,Good Plus,180g,"11,925",373,583.0,1.563,73.5,50.3,5.0,4890,93.7%,False,Fixed Price,2020,67.25,$98.27
349,Pearl Jam,Vitalogy,Alternative,1971,France,Standard Reissue,No,Near Mint,Mint,120.0,"2,114",416,1020.0,2.452,70.3,11.9,,640,99.3%,No,Fixed Price,2020,47.79,$63.68
350,Sly and the Family Stone,Stand!,Soul,2003,brazil,Standard Reissue,no,Good,Very Good Plus,120g,"27,075",486,588.0,1.21,76.9,66.7,0.0,4093,96.4%,No,Fixed Price,2021,66.00,$64.66
351,Dr. Dre,The Chronic,Hip-Hop,2009,NETHERLANDS,Promo Copy,no,Good Plus,Near Mint,180g,"11,529",284,600.0,2.113,97.9,19.4,,3496,97.4%,No,Fixed Price,2017,71.31,$79.82
352,Kraftwerk,Autobahn,Electronic,1981,Japan,Standard Reissue,0,Very Good,Very Good Plus,180.0,"44,294",425,470.0,1.106,83.1,38.7,6.0,979,95.4%,No,Auction,2022,55.99,$79.78
353,The Smiths,The Queen Is Dead,Alternative,1987,,Standard Reissue,False,Very Good,Very Good,120.0,"17,380",1568,2352.0,1.5,52.5,18.1,10.0,1419,92.0%,0,Fixed Price,2023,39.12,$45.54
354,U2,The Joshua Tree,Rock,1999,BRAZIL,Anniversary Edition,1,Good Plus,Very Good,140g,"28,586",251,382.0,1.522,78.4,47.8,5.0,2766,100.0%,0,Fixed Price,2017,63.29,$71.22
355,Alice in Chains,Facelift,Alternative,2007,France,Original 1st Press,No,Very Good,Good Plus,180g,"44,544",205,477.0,2.327,63.8,40.7,37.0,2549,95.5%,No,Fixed Price,2020,70.40,$68.47
356,Nas,It Was Written,Hip-Hop,1988,France,Standard Reissue,No,Good Plus,Fair,200.0,"42,429",334,330.0,0.988,69.6,39.0,38.0,1297,93.3%,No,Auction,2019,47.62,$48.30
357,Tame Impala,Lonerism,Alternative,1970,US,Anniversary Edition,yes,Very Good,Near Mint,140g,"47,452",987,1100.0,1.114,61.3,36.5,3.0,3918,98.6%,No,Fixed Price,2021,51.47,$60.22
358,Duran Duran,Rio,Pop,2022,Brazil,Standard Reissue,No,Very Good Plus,Very Good Plus,140g,"44,529",873,851.0,0.975,76.7,48.3,9.0,298,99.6%,True,Fixed Price,2025,56.47,$79.65
359,R.E.M.,Automatic for the People,Alternative,2007,Australia,Limited Colored Vinyl,Yes,Near Mint,,180g,782,979,3063.0,3.129,63.1,69.0,45.0,2838,98.9%,Yes,Fixed Price,2017,71.54,$111.43
360,John Coltrane,My Favorite Things,Jazz,2016,Brazil,Limited Colored Vinyl,Yes,Very Good,Very Good,180.0,"38,666",171,390.0,2.281,74.1,42.2,6.0,4628,98.8%,no,Auction,2018,65.69,$64.43
361,Massive Attack,Blue Lines,Electronic,2009,US,Limited Colored Vinyl,True,Very Good Plus,Good Plus,120g,"5,669",962,903.0,0.939,52.1,16.9,5.0,1724,99.1%,0,Fixed Price,2019,51.12,$67.55
362,Steely Dan,Aja,Rock,2022,US,Standard Reissue,no,Very Good Plus,Mint,180.0,"37,263",1137,1598.0,1.405,79.3,58.7,52.0,1531,92.4%,0,Fixed Price,2022,55.83,$86.43
363,Prince,Purple Rain,R&B,2004,France,Standard Reissue,False,Good Plus,Very Good Plus,180g,"18,676",929,457.0,0.492,87.9,39.0,12.0,550,93.1%,False,Fixed Price,2021,62.19,$77.16
364,Pink Floyd,Wish You Were Here,Rock,2005,Brazil,Anniversary Edition,yes,Good Plus,Very Good Plus,180g,"5,898",85,61.0,0.718,90.7,24.0,30.0,3374,93.5%,No,Auction,2023,62.13,$66.47
365,Bob Dylan,The Freewheelin' Bob Dylan,Folk,1986,UK,Standard Reissue,No,Good Plus,Very Good,180.0,"27,253",209,226.0,1.081,88.6,43.3,98.0,2883,92.2%,Yes,Fixed Price,2021,62.55,$63.79
366,Kraftwerk,Autobahn,Electronic,1965,Japan,Original 1st Press,False,Very Good,,180g,"21,102",590,1130.0,1.915,76.6,32.3,19.0,307,98.1%,No,Auction,2022,74.49,$109.55
367,Prince,Sign o' the Times,R&B,2003,Canada,Anniversary Edition,True,Very Good Plus,Very Good Plus,180.0,"31,900",208,737.0,3.543,85.8,41.4,1.0,1474,98.6%,0,Fixed Price,2022,65.89,$89.87
368,Beastie Boys,Licensed to Ill,Hip-Hop,1995,Australia,Standard Reissue,No,Very Good Plus,Poor,120g,"22,776",803,1591.0,1.981,56.2,41.6,31.0,4411,98.2%,0,Fixed Price,2025,54.63,$81.85
369,Guns N' Roses,Use Your Illusion I,Rock,1999,US,Standard Reissue,False,Good,Near Mint,200.0,"29,783",767,440.0,0.574,83.5,27.5,13.0,457,97.5%,No,Auction,2022,53.43,$58.63
370,Metallica,Ride the Lightning,Rock,1961,france,Original 1st Press,No,Very Good Plus,Very Good Plus,140g,"15,515",210,33.0,0.157,99.1,27.6,18.0,2242,100.0%,Yes,Auction,2019,69.28,$93.57
371,The Rolling Stones,Emotional Rescue,Rock,2003,Netherlands,Test Pressing,Yes,Mint,Good,180.0,"6,069",357,573.0,1.605,92.2,41.6,54.0,3544,97.5%,No,Fixed Price,2024,86.79,$106.28
372,The National,High Violet,Alternative,1985,uk,Original 1st Press,No,Very Good,Very Good Plus,120.0,"12,506",71,97.0,1.366,48.5,11.6,1.0,4731,99.8%,False,Fixed Price,2022,61.12,$63.20
373,Peter Gabriel,So,Pop,1990,JAPAN,Promo Copy,0,Good Plus,Near Mint,180g,"12,588",520,99.0,0.19,61.8,52.5,61.0,3475,100.0%,Yes,Auction,2019,63.06,$70.51
374,Nina Simone,I Put a Spell on You,Jazz,2021,US,Standard Reissue,0,Very Good,Very Good Plus,180g,"45,356",99,154.0,1.556,73.5,63.9,12.0,2756,97.7%,True,Fixed Price,2025,58.61,$84.00
375,Pearl Jam,Ten,Alternative,2020,Germany,Standard Reissue,No,  Good Plus ,Very Good,140.0,"33,794",1227,2460.0,2.005,70.2,69.5,11.0,4490,97.9%,No,Fixed Price,2025,65.41,$77.80
376,Peter Gabriel,Us,Pop,1966,UK,Original 1st Press,no,  Very Good Plus ,Poor,180g,"29,361",257,325.0,1.265,61.6,62.1,0.0,1811,98.3%,Yes,Auction,2018,67.24,$82.99
377,My Bloody Valentine,Loveless,Alternative,2008,Japan,Original 1st Press,No,Very Good,Mint,180.0,"32,329",609,441.0,0.724,33.3,48.3,14.0,2096,97.3%,True,Fixed Price,2015,57.03,$70.51
378,Willie Nelson,Red Headed Stranger,Country,1965,UK,Limited Colored Vinyl,Yes,Very Good Plus,Good Plus,180.0,"34,442",568,1936.0,3.408,59.8,14.9,37.0,1717,98.6%,Yes,Fixed Price,2025,52.84,$58.88
379,J Dilla,Ruff Draft,Hip-Hop,1971,,Original 1st Press,0,Very Good,Mint,120.0,"9,805",545,950.0,1.743,45.2,29.8,14.0,1599,99.1%,0,Auction,2015,56.63,$74.30
380,Michael Jackson,Off the Wall,Pop,1962,UK,Original 1st Press,0,  Very Good ,Good Plus,120.0,"46,233",172,288.0,1.674,96.2,74.6,9.0,4960,96.2%,Yes,Fixed Price,2021,90.66,$94.36
381,Marvin Gaye,What's Going On,Soul,1974,CANADA,Test Pressing,yes,Near Mint,Very Good Plus,120.0,"19,248",242,,1.033,92.4,25.7,6.0,3042,97.6%,no,Fixed Price,2022,85.57,$140.34
382,Led Zeppelin,Led Zeppelin IV,Rock,1973,Australia,Original 1st Press,No,Very Good,Good Plus,120.0,"21,396",228,,0.921,97.9,61.6,4.0,1383,97.6%,Yes,Fixed Price,2016,84.49,$116.78
383,Sufjan Stevens,Illinois,Folk,2003,canada,Standard Reissue,No,Good Plus,Fair,140g,"49,698",1268,2342.0,1.847,58.8,39.9,4.0,201,97.0%,Yes,Fixed Price,2015,46.09,$45.90
384,D'Angelo,Black Messiah,R&B,2007,Canada,Standard Reissue,No,Very Good,Near Mint,180.0,"20,397",411,755.0,1.837,71.7,27.1,5.0,45,94.4%,no,Fixed Price,2020,52.33,$60.77
385,Sufjan Stevens,Illinois,Folk,2015,Australia,Standard Reissue,No,Very Good,Good Plus,140g,"11,131",1642,1227.0,0.747,54.7,39.2,6.0,967,100.0%,False,Fixed Price,2017,54.92,$77.79
386,Parliament,Mothership Connection,R&B,1965,Canada,Test Pressing,Yes,Good Plus,Very Good,,"15,302",84,60.0,0.714,38.7,75.3,47.0,4332,100.0%,False,Fixed Price,2022,72.45,$83.86
387,Soundgarden,Superunknown,Alternative,1994,Australia,Standard Reissue,No,Very Good Plus,Very Good Plus,140.0,"29,410",707,372.0,0.526,72.3,34.5,4.0,3002,97.4%,No,Fixed Price,2023,57.85,$84.42
388,Pearl Jam,Vitalogy,Alternative,1981,AUSTRALIA,Promo Copy,False,Mint,Mint,140g,"26,263",231,519.0,2.247,60.7,9.4,17.0,4317,86.4%,No,Auction,2021,55.07,$91.58
389,Nina Simone,Nina Simone in Concert,Jazz,2001,BRAZIL,Standard Reissue,0,Good,Very Good Plus,140.0,"17,590",764,395.0,0.517,76.8,43.4,9.0,410,97.7%,No,Auction,2021,50.48,$59.94
390,New Order,Low Life,Electronic,1977,Australia,Promo Copy,No,Good Plus,Good,140.0,"19,684",282,675.0,2.394,69.0,44.9,10.0,2736,97.4%,no,Fixed Price,2019,76.42,$80.45
391,Radiohead,The Bends,Alternative,1991,japan,Standard Reissue,no,Very Good Plus,Near Mint,120.0,"2,240",971,2147.0,2.211,89.9,46.4,46.0,3870,100.0%,No,Fixed Price,2022,68.94,$104.79
392,New Order,Technique,Electronic,1978,Canada,Standard Reissue,False,Near Mint,Near Mint,120g,"10,165",193,159.0,0.824,67.1,50.0,13.0,1969,96.5%,No,Fixed Price,2023,59.28,$105.91
393,The Cure,Disintegration,Alternative,2004,australia,Standard Reissue,0,  Very Good ,Very Good Plus,180.0,"37,459",449,621.0,1.383,39.7,67.4,11.0,2029,95.3%,No,Fixed Price,2017,47.08,$53.30
394,Erykah Badu,Mama's Gun,R&B,2012,Canada,Promo Copy,False,Very Good,,120.0,"1,041",680,1632.0,2.4,80.4,18.4,14.0,709,99.0%,True,Fixed Price,2019,70.39,$78.31
395,Bon Iver,"22, A Million",Folk,2016,Canada,Standard Reissue,No,Very Good,Good Plus,120.0,588,339,581.0,1.714,37.2,42.9,11.0,2507,91.5%,Yes,Fixed Price,2023,50.19,$58.33
396,Joni Mitchell,Court and Spark,Folk,2005,Netherlands,Standard Reissue,False,Very Good Plus,Near Mint,140.0,"48,225",371,106.0,0.286,74.4,27.9,52.0,4137,97.0%,False,Fixed Price,2025,53.67,$73.52
397,New Order,Technique,Electronic,2017,,Standard Reissue,no,Fair,Very Good,180g,"45,736",751,846.0,1.126,64.8,57.8,31.0,905,92.9%,No,Auction,2025,51.70,$48.90
398,The Rolling Stones,Beggars Banquet,Rock,2011,US,Limited Colored Vinyl,True,Very Good Plus,Very Good Plus,120.0,"34,691",739,906.0,1.226,95.8,40.6,100.0,2245,96.2%,No,Auction,2016,69.93,$92.95
399,Red Hot Chili Peppers,Blood Sugar Sex Magik,Alternative,1972,Netherlands,Limited Colored Vinyl,Yes,  Near Mint ,Near Mint,120g,"31,630",707,1119.0,1.583,66.3,21.8,5.0,398,97.6%,False,Fixed Price,2020,53.20,$82.11
400,Miles Davis,Kind of Blue,Jazz,1960,Japan,Limited Colored Vinyl,True,Good,Good Plus,140g,"22,759",610,1367.0,2.241,80.9,36.9,7.0,4961,100.0%,False,Auction,2018,66.09,$68.92
401,Black Sabbath,Master of Reality,Rock,1971,Brazil,Original 1st Press,No,Good Plus,Very Good Plus,140.0,"16,706",194,120.0,0.619,68.7,19.3,12.0,2982,100.0%,yes,Auction,2023,54.36,$64.27
402,Bob Dylan,The Freewheelin' Bob Dylan,Folk,2013,Netherlands,Standard Reissue,No,Good Plus,Fair,120.0,"27,529",184,205.0,1.114,90.5,37.6,10.0,1333,100.0%,False,Fixed Price,2016,65.38,$71.96
403,Funkadelic,One Nation Under a Groove,R&B,1970,Germany,Original 1st Press,No,Near Mint,Near Mint,180.0,"17,226",516,524.0,1.016,41.3,54.9,7.0,1009,92.7%,No,Auction,2020,72.35,$104.04
404,Peter Gabriel,So,Pop,1975,Australia,Limited Colored Vinyl,Yes,Near Mint,Very Good,180g,"23,806",367,427.0,1.163,58.7,46.6,14.0,4792,98.8%,False,Fixed Price,2025,58.30,$87.18
405,U2,The Joshua Tree,Rock,1998,Germany,Standard Reissue,False,Mint,Good Plus,,"27,391",1895,2242.0,1.183,82.4,52.6,5.0,252,89.4%,No,Auction,2019,65.85,$104.98
406,Massive Attack,Mezzanine,Electronic,1973,US,Standard Reissue,False,Very Good,Near Mint,180g,"49,557",1218,1911.0,1.569,62.4,69.2,12.0,2892,93.1%,Yes,Fixed Price,2019,62.55,$76.02
407,Outkast,Stankonia,Hip-Hop,1981,netherlands,Test Pressing,Yes,  Very Good ,Good,140g,"37,029",197,558.0,2.832,74.9,7.1,1.0,4919,91.0%,Yes,Fixed Price,2015,63.89,$75.07
408,Miles Davis,In a Silent Way,Jazz,1976,france,Standard Reissue,no,Very Good Plus,Good Plus,200g,"37,351",17,36.0,2.118,77.4,39.3,7.0,2236,92.2%,False,Fixed Price,2018,60.87,$79.62
409,The Beatles,Abbey Road,Rock,2020,Canada,Promo Copy,False,Near Mint,Good Plus,200.0,"44,162",965,210.0,0.218,92.4,75.8,21.0,1641,95.8%,True,Fixed Price,2025,80.34,$97.13
410,Red Hot Chili Peppers,Blood Sugar Sex Magik,Alternative,1981,UK,Standard Reissue,No,Very Good Plus,Near Mint,200g,624,1089,770.0,0.707,57.5,23.8,10.0,1479,99.3%,False,Auction,2018,47.99,$64.61
411,Dolly Parton,Coat of Many Colors,Country,1972,AUSTRALIA,Anniversary Edition,True,Very Good Plus,Mint,,"30,368",3446,9270.0,2.69,58.9,77.0,59.0,2151,98.4%,no,Auction,2017,64.93,$91.03
412,Interpol,Antics,Alternative,2004,Brazil,Limited Colored Vinyl,Yes,Fair,Near Mint,120.0,"20,379",782,2909.0,3.72,23.4,7.4,67.0,1569,98.5%,No,Fixed Price,2021,42.25,$46.55
413,Talking Heads,Speaking in Tongues,Alternative,1965,Australia,Limited Colored Vinyl,1,  Good Plus ,Very Good,120g,"36,479",537,1604.0,2.987,75.7,31.0,62.0,4670,97.6%,False,Auction,2015,64.49,$77.11
414,David Bowie,Let's Dance,Pop,1966,Germany,Original 1st Press,0,Very Good Plus,Good Plus,200.0,"21,182",135,44.0,0.326,88.4,33.1,3.0,4434,98.6%,No,Fixed Price,2017,68.05,$80.46
415,Pink Floyd,Wish You Were Here,Rock,1987,France,Limited Colored Vinyl,yes,  Very Good ,Very Good Plus,180g,"8,369",240,535.0,2.229,96.3,24.1,0.0,4141,98.8%,1,Fixed Price,2015,68.89,$81.30
416,AC/DC,Highway to Hell,Rock,1964,,Standard Reissue,no,Very Good Plus,Very Good,180g,"12,246",1298,2150.0,1.656,92.1,22.3,4.0,3431,94.2%,No,Fixed Price,2023,57.49,$80.23
417,Bob Dylan,Nashville Skyline,Folk,1962,Australia,Test Pressing,Yes,Near Mint,,180g,"7,422",110,412.0,3.745,92.6,34.5,6.0,4843,94.4%,no,Fixed Price,2023,86.05,$107.25
418,Nas,Illmatic,Hip-Hop,1975,australia,Anniversary Edition,1,Poor,Very Good Plus,180.0,"12,803",1026,2626.0,2.559,68.4,19.2,14.0,2765,94.3%,No,Fixed Price,2017,54.72,$50.18
419,Dolly Parton,Jolene,Country,2005,France,Original 1st Press,No,Near Mint,Very Good Plus,140g,"35,136",104,110.0,1.058,64.5,40.7,23.0,1783,95.6%,Yes,Fixed Price,2016,61.86,$84.60
420,Bon Iver,"For Emma, Forever Ago",Folk,1975,UK,Standard Reissue,No,Near Mint,Very Good Plus,120g,"38,143",1578,,1.433,42.8,13.2,19.0,2930,94.2%,0,Auction,2022,34.50,$48.16
421,Johnny Cash,At Folsom Prison,Country,2002,Germany,Original 1st Press,No,Good Plus,Very Good,200.0,"16,688",492,678.0,1.378,93.7,56.4,3.0,1255,91.4%,No,Auction,2020,82.12,$72.10
422,John Coltrane,My Favorite Things,Jazz,2022,BRAZIL,Standard Reissue,False,Very Good Plus,Very Good Plus,120.0,"28,873",204,60.0,0.294,71.1,40.3,12.0,3352,97.1%,Yes,Fixed Price,2022,49.23,$63.02
423,Funkadelic,Uncle Jam Wants You,R&B,2021,France,Limited Colored Vinyl,1,Very Good Plus,Very Good Plus,200.0,"38,231",322,1073.0,3.332,43.9,56.5,6.0,4523,93.2%,1,Auction,2022,64.56,$76.62
424,Paul Simon,Graceland,Folk,2018,France,Standard Reissue,No,Very Good Plus,Very Good Plus,120.0,"23,266",128,146.0,1.141,71.8,10.9,19.0,3616,98.7%,No,Fixed Price,2022,42.36,$67.69
425,The White Stripes,Elephant,Alternative,2011,France,Standard Reissue,False,Good,Very Good Plus,140g,"2,144",266,372.0,1.398,67.3,49.8,36.0,416,98.9%,Yes,Auction,2020,61.42,$60.12
426,Radiohead,In Rainbows,Alternative,1977,Brazil,Promo Copy,0,Very Good Plus,Very Good Plus,120.0,"14,830",172,78.0,0.453,86.5,10.4,25.0,3373,94.4%,True,Fixed Price,2019,56.54,$79.97
427,The Notorious B.I.G.,Ready to Die,Hip-Hop,1973,Canada,Limited Colored Vinyl,Yes,Good,Very Good Plus,180.0,"49,734",1169,493.0,0.422,97.3,75.2,20.0,2784,96.0%,No,Fixed Price,2016,70.63,$70.78
428,Black Uhuru,Sinsemilla,Reggae,1974,UK,Standard Reissue,No,Good,Good Plus,180g,"49,498",1569,2145.0,1.367,18.1,53.9,3.0,4049,98.2%,No,Fixed Price,2022,38.61,$37.50
429,Neil Young,On the Beach,Folk,1971,Canada,Original 1st Press,False,Good Plus,Very Good Plus,140.0,"41,467",369,504.0,1.366,67.8,44.2,21.0,916,94.4%,0,Fixed Price,2020,60.04,$64.46
430,The Beatles,Revolver,Rock,2018,US,Original 1st Press,False,Good Plus,Near Mint,200g,"44,457",231,147.0,0.636,87.4,7.9,4.0,3716,95.2%,No,Fixed Price,2023,55.92,$62.02
431,The Rolling Stones,Sticky Fingers,Rock,1999,France,Anniversary Edition,Yes,Very Good,Near Mint,120g,"44,020",871,1691.0,1.941,92.1,65.9,3.0,4474,93.1%,No,Auction,2021,74.22,$103.05
432,The Smiths,"Strangeways, Here We Come",Alternative,1994,US,Promo Copy,No,Very Good,Near Mint,120g,"20,549",122,294.0,2.41,42.8,34.1,5.0,4174,94.5%,No,Fixed Price,2019,54.49,$65.61
433,New Order,Low Life,Electronic,1967,canada,Standard Reissue,False,Very Good Plus,Fair,200.0,"45,234",811,1748.0,2.155,65.9,54.1,1.0,1451,92.8%,Yes,Fixed Price,2019,59.05,$58.10
434,The Clash,London Calling,Rock,1964,Netherlands,Standard Reissue,False,Good Plus,Good,120g,"11,083",539,218.0,0.404,67.8,10.3,18.0,4889,94.1%,False,Fixed Price,2016,45.50,$42.34
435,The Beatles,Sgt. Pepper's Lonely Hearts Club Band,Rock,2000,NETHERLANDS,Standard Reissue,no,Near Mint,Poor,180.0,"42,435",255,396.0,1.553,91.7,37.0,7.0,4940,99.8%,False,Fixed Price,2015,55.06,$69.07
436,Joni Mitchell,Hissing of Summer Lawns,Folk,2000,US,Original 1st Press,No,Good Plus,Very Good Plus,180g,"14,671",299,491.0,1.642,75.0,42.6,26.0,2553,96.3%,No,Fixed Price,2015,68.25,$75.22
437,Steely Dan,The Royal Scam,Rock,1999,US,Limited Colored Vinyl,Yes,Near Mint,Very Good Plus,120g,"36,922",380,1064.0,2.8,78.1,1.0,27.0,1225,97.0%,False,Fixed Price,2019,54.97,$75.43
438,R.E.M.,Green,Alternative,1988,Canada,Original 1st Press,False,Good,Good,180.0,"40,992",424,568.0,1.34,65.4,64.0,28.0,3467,96.5%,True,Fixed Price,2023,77.43,$68.68
439,Tame Impala,Lonerism,Alternative,2013,uk,Standard Reissue,no,Good Plus,Very Good Plus,120g,"8,184",1292,279.0,0.216,55.2,33.8,27.0,1435,93.9%,no,Fixed Price,2015,48.62,$57.05
440,Arcade Fire,Reflektor,Alternative,2002,Germany,Standard Reissue,No,  Good ,Mint,120g,"10,220",651,1446.0,2.221,54.5,66.5,25.0,136,91.9%,Yes,Fixed Price,2021,65.44,$64.76
441,Sufjan Stevens,Michigan,Folk,2020,germany,Limited Colored Vinyl,yes,Near Mint,Poor,120.0,"20,974",722,1654.0,2.291,52.3,40.0,6.0,2356,92.8%,no,Auction,2024,60.04,$79.78
442,Led Zeppelin,Led Zeppelin IV,Rock,1998,germany,Limited Colored Vinyl,Yes,Good Plus,Good,120g,"47,095",1231,2401.0,1.95,102.8,59.1,2.0,3296,95.5%,Yes,Fixed Price,2018,69.19,$76.00
443,Joni Mitchell,Blue,Folk,2018,Brazil,Standard Reissue,0,Very Good Plus,Good Plus,120.0,"17,952",1291,672.0,0.521,73.8,59.3,4.0,1790,97.7%,Yes,Fixed Price,2024,65.62,$87.98
444,The National,Trouble Will Find Me,Alternative,1969,US,Anniversary Edition,Yes,Very Good Plus,,180.0,"17,368",324,977.0,3.015,44.0,45.3,8.0,2720,93.6%,No,Fixed Price,2021,51.31,$70.00
445,Beastie Boys,Paul's Boutique,Hip-Hop,2012,Australia,Standard Reissue,No,  Good ,Very Good Plus,180.0,"11,684",1449,2107.0,1.454,54.1,0.9,15.0,1265,100.0%,No,Fixed Price,2024,42.67,$42.02
446,Funkadelic,One Nation Under a Groove,R&B,1973,France,Standard Reissue,No,Very Good Plus,,180g,"20,359",1022,816.0,0.798,38.5,49.6,67.0,2498,94.9%,False,Fixed Price,2023,39.96,$50.87
447,Jimi Hendrix,Axis: Bold as Love,Rock,2001,US,Anniversary Edition,Yes,Very Good Plus,Very Good Plus,120g,"28,987",250,649.0,2.596,70.2,44.9,14.0,4971,100.0%,True,Fixed Price,2017,59.72,$75.38
448,Sly and the Family Stone,There's a Riot Goin' On,Soul,1964,US,Standard Reissue,No,Very Good Plus,Good Plus,140.0,"43,474",218,79.0,0.362,74.9,22.9,4.0,3614,,1,Fixed Price,2019,46.72,$46.02
449,Duran Duran,Rio,Pop,1992,Brazil,Anniversary Edition,Yes,Very Good,Very Good,120g,"24,707",5,,1.4,69.8,41.7,7.0,1735,89.4%,No,Fixed Price,2023,65.40,$69.80
450,Led Zeppelin,Led Zeppelin IV,Rock,1982,Germany,Standard Reissue,No,Mint,Good Plus,140g,"22,861",605,295.0,0.488,99.4,64.8,25.0,3626,97.7%,1,Fixed Price,2019,70.06,$100.20
451,Jimi Hendrix,Electric Ladyland,Rock,1960,Brazil,Standard Reissue,No,Mint,Good Plus,180.0,"10,686",208,383.0,1.841,64.0,11.6,58.0,3253,92.6%,no,Fixed Price,2016,46.22,$58.81
452,Bob Marley,Exodus,Reggae,2004,Germany,Original 1st Press,False,Very Good,Mint,180g,"24,701",223,,1.09,90.8,27.3,0.0,9,96.6%,No,Auction,2021,69.33,$97.40
453,2Pac,All Eyez on Me,Hip-Hop,2000,US,Original 1st Press,No,Very Good,Mint,120.0,"15,101",203,171.0,0.842,96.0,18.7,36.0,530,98.6%,True,Fixed Price,2025,76.35,$88.46
454,Frank Ocean,Channel Orange,R&B,1968,uk,Promo Copy,No,Near Mint,Very Good Plus,180.0,"36,176",65,22.0,0.338,98.2,19.2,27.0,814,97.2%,Yes,Auction,2022,61.51,$82.12
455,Sly and the Family Stone,There's a Riot Goin' On,Soul,2017,Canada,Promo Copy,No,  Very Good Plus ,Very Good,140g,"8,868",54,53.0,0.981,76.2,32.3,21.0,4736,97.7%,No,Auction,2024,69.53,$91.24
456,Jimi Hendrix,Electric Ladyland,Rock,1980,US,Standard Reissue,no,Good,Good Plus,140g,"14,778",1032,1052.0,1.019,74.4,21.8,20.0,58,93.0%,0,Fixed Price,2015,47.54,$46.52
457,Led Zeppelin,Led Zeppelin II,Rock,2003,US,Anniversary Edition,Yes,Good Plus,Very Good Plus,200.0,"38,345",709,1831.0,2.583,101.3,8.3,1.0,45,100.0%,Yes,Fixed Price,2018,65.74,$62.60
458,Steely Dan,Can't Buy a Thrill,Rock,1960,Canada,Standard Reissue,0,Very Good,Very Good Plus,120.0,"39,521",541,1213.0,2.242,81.0,66.4,6.0,4767,96.4%,True,Fixed Price,2021,66.30,$82.22
459,R.E.M.,Automatic for the People,Alternative,1997,GERMANY,Limited Colored Vinyl,Yes,Very Good Plus,Good Plus,120g,"18,936",852,1195.0,1.403,63.9,72.9,54.0,225,100.0%,Yes,Fixed Price,2024,77.94,$90.38
460,David Bowie,Ziggy Stardust,Rock,1963,Canada,Limited Colored Vinyl,Yes,Very Good Plus,Near Mint,140.0,"25,519",969,1929.0,1.991,89.6,9.9,4.0,2445,,No,Fixed Price,2023,60.24,$87.25
461,Public Enemy,It Takes a Nation of Millions to Hold Us Back,Hip-Hop,1976,Canada,Standard Reissue,0,Very Good Plus,Near Mint,180g,"30,871",1656,3044.0,1.838,72.9,40.1,5.0,3316,100.0%,No,Auction,2015,60.66,$71.52
462,Bon Iver,"For Emma, Forever Ago",Folk,1964,Germany,Anniversary Edition,True,Very Good,Very Good,120g,"18,202",1344,1719.0,1.279,42.2,15.9,18.0,19,98.2%,no,Auction,2016,35.43,$49.32
463,Steely Dan,Aja,Rock,1966,canada,Standard Reissue,No,Very Good,Very Good,200g,"28,773",425,290.0,0.682,81.3,62.7,8.0,4184,98.8%,No,Fixed Price,2024,62.32,$74.57
464,Brian Eno,Another Green World,Electronic,1979,JAPAN,Standard Reissue,No,Near Mint,Very Good,120.0,"41,616",499,574.0,1.15,43.7,13.3,10.0,4919,96.7%,No,Fixed Price,2016,31.67,$42.58
465,Interpol,Turn on the Bright Lights,Alternative,2011,australia,Standard Reissue,No,Very Good Plus,Near Mint,140.0,"13,940",52,76.0,1.462,26.2,40.8,64.0,2916,94.0%,False,Fixed Price,2015,32.29,$52.15
466,The Rolling Stones,Sticky Fingers,Rock,1993,Netherlands,Original 1st Press,no,Near Mint,Near Mint,140g,"7,018",59,120.0,2.034,94.3,64.2,80.0,2546,100.0%,Yes,Fixed Price,2025,89.87,$122.41
467,Soundgarden,Badmotorfinger,Alternative,2003,Japan,Anniversary Edition,True,Poor,Good Plus,200.0,"26,681",319,870.0,2.727,79.5,67.4,0.0,3022,91.3%,True,Auction,2021,67.83,$54.04
468,Carole King,Tapestry,Folk,1983,Australia,Standard Reissue,0,Very Good Plus,Near Mint,140g,"27,322",2633,4523.0,1.718,53.4,28.7,43.0,3402,92.1%,yes,Auction,2020,50.80,$61.62
469,Funkadelic,Funkadelic,R&B,1994,Germany,Standard Reissue,False,Good Plus,Near Mint,180.0,"37,071",633,86.0,0.136,45.0,92.4,1.0,2828,95.7%,0,Fixed Price,2016,57.94,$78.87
470,Miles Davis,Bitches Brew,Jazz,2013,UK,Limited Colored Vinyl,yes,Very Good Plus,Very Good Plus,180g,"29,739",976,3309.0,3.39,79.4,13.5,8.0,2204,96.8%,No,Fixed Price,2025,58.16,$82.73
471,Joanna Newsom,Ys,Folk,1970,Netherlands,Standard Reissue,0,  Very Good Plus ,Very Good,200.0,"49,772",63,115.0,1.825,36.7,33.7,6.0,2359,96.7%,No,Fixed Price,2016,35.97,$48.47
472,The Smiths,"Strangeways, Here We Come",Alternative,2011,France,Standard Reissue,No,  Very Good ,Very Good Plus,,"26,493",978,811.0,0.829,47.0,34.0,49.0,4981,100.0%,yes,Auction,2021,42.20,$54.64
473,Bjork,Vespertine,Electronic,1980,netherlands,Anniversary Edition,Yes,Good Plus,Very Good,180.0,"42,464",644,1547.0,2.402,75.7,22.1,0.0,2636,100.0%,Yes,Auction,2023,47.38,$54.69
474,Erykah Badu,Mama's Gun,R&B,1983,Germany,Standard Reissue,0,Near Mint,Near Mint,140g,"44,958",1338,766.0,0.572,79.7,21.1,1.0,336,,No,Fixed Price,2021,44.97,$57.13
475,Fleetwood Mac,Fleetwood Mac,Rock,2021,Brazil,Limited Colored Vinyl,Yes,Very Good Plus,Mint,140g,"40,661",1343,3566.0,2.655,90.4,76.8,14.0,4502,99.4%,yes,Fixed Price,2022,83.00,$84.71
476,Kraftwerk,The Man-Machine,Electronic,1993,us,Standard Reissue,No,Very Good Plus,Near Mint,120g,"5,005",467,115.0,0.246,75.9,57.4,67.0,2038,94.8%,0,Fixed Price,2023,61.80,$100.54
477,Daft Punk,Homework,Electronic,1966,Brazil,Limited Colored Vinyl,Yes,Very Good Plus,Very Good Plus,120g,"41,334",302,424.0,1.404,86.3,34.6,30.0,1725,98.8%,No,Fixed Price,2016,64.26,$72.73
478,Tame Impala,The Slow Rush,Alternative,1963,australia,Original 1st Press,no,Very Good Plus,Very Good Plus,200.0,"10,077",71,138.0,1.944,57.4,73.0,1.0,1074,,No,Fixed Price,2019,80.05,$96.82
479,Prince,Purple Rain,R&B,2012,France,Standard Reissue,no,Near Mint,Very Good,200.0,"23,299",498,528.0,1.06,89.3,39.2,35.0,2845,99.5%,Yes,Fixed Price,2016,56.68,$66.78
480,Kendrick Lamar,DAMN.,Hip-Hop,1976,netherlands,Standard Reissue,No,Very Good Plus,Mint,120.0,"47,957",279,440.0,1.577,88.7,76.8,63.0,2868,91.8%,No,Fixed Price,2022,75.24,$109.50
481,Arcade Fire,Funeral,Alternative,2012,Australia,Test Pressing,True,Good,Very Good,200g,"39,232",232,197.0,0.849,54.7,65.5,23.0,4745,97.0%,True,Fixed Price,2019,76.75,$88.23
482,D'Angelo,Brown Sugar,R&B,1993,Japan,Anniversary Edition,Yes,Very Good Plus,Very Good Plus,120.0,"36,517",1746,1298.0,0.743,68.6,62.9,36.0,321,97.5%,True,Auction,2021,64.99,$77.17
483,Jimi Hendrix,Axis: Bold as Love,Rock,2015,Canada,Anniversary Edition,Yes,Mint,,140g,"45,263",195,191.0,0.979,74.1,49.0,20.0,2491,97.4%,1,Fixed Price,2023,59.18,$89.28
484,Portishead,Third,Electronic,1981,Netherlands,Standard Reissue,No,Mint,Near Mint,120.0,"47,572",1024,544.0,0.531,82.6,9.7,42.0,3116,94.7%,No,Auction,2022,45.04,$69.11
485,Japandroids,Post-Nothing,Alternative,2002,US,Standard Reissue,False,Near Mint,Near Mint,180.0,"47,790",455,999.0,2.196,29.1,40.8,34.0,3490,97.6%,Yes,Fixed Price,2020,33.81,$46.28
486,Erykah Badu,Mama's Gun,R&B,1967,france,Anniversary Edition,Yes,Near Mint,Very Good,120.0,"17,194",974,3584.0,3.68,75.2,18.8,18.0,3349,100.0%,No,Fixed Price,2024,58.39,$79.06
487,Anita Baker,Rapture,Soul,1960,NETHERLANDS,Test Pressing,Yes,Very Good Plus,Good Plus,120.0,"35,614",159,595.0,3.742,24.2,54.8,28.0,176,97.9%,False,Fixed Price,2015,61.47,$70.17
488,J Dilla,The Shining,Hip-Hop,2014,Netherlands,Standard Reissue,No,Near Mint,Very Good,200g,"46,243",1018,1990.0,1.955,43.3,21.7,43.0,3948,98.5%,Yes,Fixed Price,2019,37.83,$46.95
489,Nina Simone,Nina Simone in Concert,Jazz,1994,france,Original 1st Press,No,Very Good Plus,Mint,200.0,"30,457",136,282.0,2.074,69.5,46.2,20.0,928,100.0%,False,Auction,2024,73.42,$117.07
490,The Smiths,Meat Is Murder,Alternative,1964,France,Standard Reissue,False,Near Mint,Very Good,180.0,"10,513",2012,1453.0,0.722,46.2,30.4,2.0,2425,95.8%,True,Auction,2018,46.39,$64.00
491,Parliament,Mothership Connection,R&B,2009,UK,Original 1st Press,0,Very Good,Mint,180.0,"3,077",412,619.0,1.502,43.5,72.5,8.0,511,95.3%,Yes,Fixed Price,2017,70.75,$79.15
492,David Bowie,Hunky Dory,Rock,1960,US,Limited Colored Vinyl,Yes,Very Good,Very Good,200g,"49,349",859,1001.0,1.165,92.8,77.0,57.0,524,100.0%,No,Auction,2022,69.96,$83.16
493,Willie Nelson,Red Headed Stranger,Country,2019,Germany,Standard Reissue,No,Near Mint,,180.0,"12,826",698,1418.0,2.032,59.8,13.1,19.0,3877,94.6%,No,Fixed Price,2021,52.67,$85.85
494,Brian Eno,Another Green World,Electronic,1973,Canada,Anniversary Edition,Yes,Very Good Plus,Very Good Plus,180.0,"6,993",701,862.0,1.23,37.2,19.6,8.0,2466,98.5%,Yes,Fixed Price,2018,40.61,$45.05
495,John Coltrane,A Love Supreme,Jazz,1999,australia,Standard Reissue,no,Very Good Plus,Good Plus,140g,"10,201",590,1272.0,2.156,74.6,68.7,10.0,1678,92.6%,No,Auction,2025,68.87,$82.70
496,Sade,Promise,R&B,1965,Germany,Anniversary Edition,Yes,Very Good Plus,Mint,120g,"15,698",635,465.0,0.732,78.2,21.5,50.0,3806,90.0%,True,Fixed Price,2020,56.18,$59.85
497,The Strokes,Room on Fire,Alternative,1980,Canada,Original 1st Press,No,Very Good Plus,Mint,200g,"40,968",282,470.0,1.667,63.3,20.8,4.0,2135,95.6%,0,Auction,2022,53.84,$77.14
498,J Dilla,The Shining,Hip-Hop,1966,AUSTRALIA,Limited Colored Vinyl,True,  Very Good ,Good,180g,"31,423",418,1055.0,2.524,39.2,11.0,5.0,3088,93.4%,No,Auction,2020,43.47,$56.13
499,Michael Jackson,Bad,Pop,2003,JAPAN,Promo Copy,False,Near Mint,Mint,200g,"4,989",149,368.0,2.47,92.8,33.9,34.0,4738,96.8%,No,Auction,2018,77.73,$84.38
500,Beastie Boys,Licensed to Ill,Hip-Hop,2022,australia,Anniversary Edition,Yes,Very Good Plus,,,"47,109",696,950.0,1.365,51.3,43.5,10.0,1101,93.6%,1,Fixed Price,2023,50.67,$69.12
501,Duran Duran,Rio,Pop,1993,canada,Original 1st Press,No,Near Mint,Near Mint,140.0,"5,968",240,486.0,2.025,70.1,45.4,83.0,3819,93.0%,1,Auction,2016,73.24,$115.30
502,Soundgarden,Superunknown,Alternative,2008,France,Anniversary Edition,Yes,Very Good,Mint,140g,"34,156",765,2004.0,2.62,73.7,36.1,,2585,98.0%,yes,Fixed Price,2022,60.19,$72.46
503,Outkast,ATLiens,Hip-Hop,1986,BRAZIL,Standard Reissue,0,  Mint ,Very Good Plus,180.0,"13,060",565,806.0,1.427,72.4,65.5,7.0,4555,89.4%,Yes,Fixed Price,2017,73.13,$99.37
504,Portishead,Dummy,Electronic,2002,japan,Standard Reissue,False,Very Good,Near Mint,140.0,"20,354",262,187.0,0.714,83.1,19.8,40.0,1588,95.6%,Yes,Fixed Price,2016,54.21,$68.12
505,Rage Against the Machine,Rage Against the Machine,Alternative,1998,Japan,Standard Reissue,No,Mint,Good,180g,"20,979",255,76.0,0.298,66.2,86.0,54.0,1637,99.1%,False,Fixed Price,2019,69.38,$104.83
506,Funkadelic,Uncle Jam Wants You,R&B,1992,Canada,Original 1st Press,No,Very Good Plus,Very Good Plus,120g,"47,415",182,40.0,0.22,43.0,60.2,5.0,3391,100.0%,True,Fixed Price,2024,58.84,$73.91
507,Joni Mitchell,Hejira,Folk,2009,Australia,Original 1st Press,0,Very Good,Very Good,140g,"33,841",456,590.0,1.294,72.0,47.6,0.0,536,97.6%,False,Fixed Price,2019,71.40,$93.25
508,Vampire Weekend,Contra,Alternative,1960,Germany,Standard Reissue,No,Good,Near Mint,120g,"14,634",1200,2369.0,1.974,72.3,36.5,20.0,1415,93.5%,Yes,Fixed Price,2017,63.89,$73.41
509,The Rolling Stones,Sticky Fingers,Rock,1992,UK,Limited Colored Vinyl,True,Fair,Good,180.0,"32,600",463,1321.0,2.853,91.9,64.1,12.0,699,97.0%,Yes,Fixed Price,2016,72.29,$66.88
510,Aphex Twin,Syro,Electronic,2013,Brazil,Anniversary Edition,True,Poor,Near Mint,180g,"21,180",675,2056.0,3.046,68.1,21.8,25.0,3940,100.0%,False,Auction,2021,57.39,$64.83
511,The Rolling Stones,Exile on Main St.,Rock,1992,france,Anniversary Edition,True,Very Good,Mint,140.0,"26,902",1281,733.0,0.572,95.7,4.5,21.0,1105,91.8%,True,Fixed Price,2015,55.22,$71.92
512,R.E.M.,Murmur,Alternative,2015,UK,Limited Colored Vinyl,Yes,Good,Good Plus,140g,"48,959",52,123.0,2.365,64.1,53.3,3.0,3228,95.1%,True,Auction,2016,63.32,$57.37
513,Arcade Fire,Reflektor,Alternative,2012,JAPAN,Limited Colored Vinyl,True,Very Good Plus,Good,120g,"5,474",168,477.0,2.839,59.1,60.8,2.0,1468,100.0%,0,Fixed Price,2015,68.06,$94.75
514,R.E.M.,Reckoning,Alternative,2013,UK,Test Pressing,Yes,Very Good Plus,Very Good Plus,180g,"7,908",668,701.0,1.049,66.3,40.8,19.0,2317,100.0%,True,Fixed Price,2015,73.83,$97.65
515,James Taylor,JT,Folk,2005,netherlands,Standard Reissue,False,Near Mint,Very Good Plus,120g,"36,294",785,1366.0,1.74,29.5,6.3,6.0,312,98.3%,No,Fixed Price,2021,32.77,$47.70
516,Marvin Gaye,"Here, My Dear",Soul,2014,UK,Standard Reissue,no,Good,Very Good Plus,140.0,"34,010",2236,5382.0,2.407,90.6,26.7,14.0,388,100.0%,True,Fixed Price,2018,58.21,$68.75
517,Black Sabbath,Paranoid,Rock,2021,Canada,Anniversary Edition,Yes,Very Good Plus,Very Good Plus,200g,"27,850",995,2218.0,2.229,69.2,81.1,0.0,4795,100.0%,No,Fixed Price,2024,72.66,$110.59
518,David Bowie,Low,Electronic,1960,GERMANY,Standard Reissue,No,Very Good Plus,Good Plus,140.0,"21,818",634,290.0,0.457,90.9,4.6,2.0,1676,94.1%,No,Fixed Price,2015,52.26,$66.66
519,The Cure,Wish,Alternative,1967,US,Standard Reissue,No,Very Good Plus,Very Good Plus,120g,"23,860",937,533.0,0.569,34.1,41.6,45.0,3065,95.1%,False,Auction,2017,42.06,$54.99
520,Led Zeppelin,Houses of the Holy,Rock,2006,uk,Original 1st Press,no,Very Good Plus,Mint,120g,"39,377",746,1654.0,2.217,99.8,32.5,56.0,538,99.5%,False,Fixed Price,2016,84.52,$112.77
521,Daft Punk,Homework,Electronic,2013,UK,Promo Copy,No,Good,Near Mint,140.0,"7,027",230,129.0,0.561,87.3,34.5,4.0,2986,97.2%,Yes,Fixed Price,2015,72.56,$69.37
522,Neil Young,Harvest,Folk,2011,Netherlands,Limited Colored Vinyl,Yes,Near Mint,Very Good Plus,180.0,"14,039",331,986.0,2.979,67.6,10.9,6.0,3582,100.0%,no,Fixed Price,2019,56.40,$75.92
523,Prince,Sign o' the Times,R&B,1963,UK,Standard Reissue,No,Very Good Plus,Mint,180g,"32,166",736,1737.0,2.36,83.0,47.5,27.0,3844,100.0%,Yes,Fixed Price,2024,63.69,$79.40
524,Nirvana,In Utero,Alternative,1970,Australia,Standard Reissue,No,Near Mint,Near Mint,140g,"33,481",156,298.0,1.91,93.0,58.0,12.0,2701,96.1%,1,Fixed Price,2015,70.27,$101.94
525,J Dilla,Donuts,Hip-Hop,1981,,Original 1st Press,False,  Mint ,Very Good,120.0,"31,236",228,51.0,0.224,46.8,49.6,21.0,3748,95.8%,No,Fixed Price,2024,60.34,$96.11
526,2Pac,Me Against the World,Hip-Hop,2003,canada,Standard Reissue,No,Fair,Good,120g,"19,221",1052,2120.0,2.015,99.7,26.2,5.0,125,100.0%,No,Fixed Price,2018,64.50,$47.66
527,Jane's Addiction,Ritual de lo Habitual,Alternative,2016,Germany,Limited Colored Vinyl,Yes,Fair,Fair,120g,"20,194",199,737.0,3.704,28.6,19.2,16.0,3475,95.3%,No,Fixed Price,2017,47.89,$36.59
528,Outkast,Stankonia,Hip-Hop,1997,US,Anniversary Edition,True,Very Good,Mint,140.0,"8,710",538,1990.0,3.699,69.9,8.6,37.0,617,98.0%,Yes,Auction,2018,53.10,$71.85
529,Sufjan Stevens,Carrie & Lowell,Folk,2017,US,Limited Colored Vinyl,Yes,Very Good Plus,Very Good Plus,120.0,"10,712",73,74.0,1.014,53.6,11.8,53.0,300,95.0%,Yes,Fixed Price,2023,48.40,$49.38
530,Tom Petty,Wildflowers,Rock,1985,France,Standard Reissue,False,Very Good Plus,Good,180.0,"21,935",240,272.0,1.133,25.7,70.4,,2883,92.3%,No,Fixed Price,2018,48.13,$66.71
531,John Coltrane,Blue Train,Jazz,2004,Japan,Original 1st Press,False,Very Good,Very Good Plus,180g,"10,234",86,174.0,2.023,73.5,50.4,7.0,4966,,False,Fixed Price,2023,87.68,$107.28
532,The Clash,London Calling,Rock,1998,Australia,Promo Copy,False,Good Plus,Good,120.0,"39,347",1084,1853.0,1.709,67.9,10.1,14.0,2115,95.0%,0,Fixed Price,2023,57.11,$55.68
533,J Dilla,Ruff Draft,Hip-Hop,2009,Brazil,Standard Reissue,No,Very Good Plus,Very Good,120.0,"18,528",179,117.0,0.654,47.0,22.7,15.0,21,98.6%,Yes,Fixed Price,2016,38.00,$35.40
534,Neil Young,On the Beach,Folk,1961,Netherlands,Limited Colored Vinyl,Yes,Very Good,Good Plus,200.0,"8,038",610,1220.0,2.0,60.5,48.1,40.0,1602,96.8%,False,Fixed Price,2024,63.46,$76.25
535,Neil Young,Comes a Time,Folk,1972,US,Standard Reissue,False,Very Good Plus,Good Plus,140g,"20,153",314,349.0,1.111,64.1,18.9,17.0,1750,100.0%,False,Fixed Price,2021,53.09,$66.31
536,Parliament,Chocolate City,R&B,1963,Canada,Standard Reissue,0,Very Good,Near Mint,180g,"40,507",765,1305.0,1.706,42.8,45.5,31.0,3511,96.8%,Yes,Fixed Price,2018,48.04,$53.68
537,Simon & Garfunkel,Bridge Over Troubled Water,Folk,1960,Japan,Original 1st Press,No,Mint,Near Mint,180.0,"48,186",304,509.0,1.674,64.1,49.7,3.0,997,97.8%,Yes,Auction,2024,60.85,$94.88
538,The Rolling Stones,Voodoo Lounge,Rock,1999,australia,Standard Reissue,No,Good Plus,,120.0,"36,461",602,728.0,1.209,93.4,43.4,0.0,2135,100.0%,Yes,Auction,2023,62.85,$68.95
539,Dolly Parton,Trio,Country,1963,France,Promo Copy,no,Very Good Plus,Very Good Plus,140g,"21,018",206,362.0,1.757,61.2,75.0,50.0,237,97.1%,0,Fixed Price,2016,75.60,$99.47
540,Joni Mitchell,Ladies of the Canyon,Folk,1980,Canada,Original 1st Press,No,Mint,Very Good,140.0,"10,232",229,193.0,0.843,78.6,53.5,3.0,4514,93.8%,0,Fixed Price,2019,78.19,$121.86
541,Neil Young,On the Beach,Folk,2005,Germany,Original 1st Press,No,Very Good Plus,Good,120g,"8,471",491,938.0,1.91,67.0,53.6,30.0,4677,97.2%,yes,Fixed Price,2019,70.48,$82.34
542,The Beatles,Sgt. Pepper's Lonely Hearts Club Band,Rock,1961,JAPAN,Standard Reissue,No,Fair,Very Good Plus,140g,832,768,1241.0,1.616,90.3,33.2,3.0,3497,100.0%,No,Fixed Price,2025,59.46,$61.26
543,R.E.M.,Reckoning,Alternative,2003,Netherlands,Standard Reissue,False,Very Good,,140g,"41,410",1619,2779.0,1.716,64.3,44.0,19.0,3514,94.5%,No,Fixed Price,2016,52.40,$69.25
544,D'Angelo,Brown Sugar,R&B,1973,Canada,Limited Colored Vinyl,Yes,Fair,Very Good,180g,"2,697",353,936.0,2.652,74.0,63.8,4.0,1627,95.6%,Yes,Fixed Price,2017,73.37,$71.14
545,Joanna Newsom,Ys,Folk,2016,Australia,Original 1st Press,False,Very Good Plus,Poor,200.0,"13,630",268,318.0,1.187,28.0,37.3,33.0,4287,98.7%,Yes,Fixed Price,2025,50.65,$56.81
546,Alice in Chains,Dirt,Alternative,2010,germany,Standard Reissue,False,Very Good Plus,Very Good Plus,140.0,"23,004",5928,8841.0,1.491,60.7,44.7,12.0,4759,93.7%,Yes,Fixed Price,2017,54.65,$80.42
547,Kendrick Lamar,Section.80,Hip-Hop,1971,Japan,Test Pressing,1,Fair,Very Good Plus,140g,"40,474",316,405.0,1.282,93.4,24.5,4.0,4155,98.3%,1,Fixed Price,2015,78.97,$77.40
548,Joni Mitchell,Blue,Folk,2016,JAPAN,Standard Reissue,No,Mint,Good,140.0,"17,116",523,949.0,1.815,75.3,52.4,6.0,2287,92.7%,False,Auction,2019,68.02,$107.89
549,Funkadelic,Maggot Brain,R&B,1999,AUSTRALIA,Test Pressing,Yes,Mint,Very Good,180g,"49,320",297,248.0,0.835,44.2,57.2,61.0,3494,98.6%,No,Auction,2022,66.27,$87.07
550,Paul Simon,Graceland,Folk,1971,australia,Limited Colored Vinyl,1,Mint,Very Good,,"10,838",301,311.0,1.033,73.3,8.1,7.0,2701,100.0%,no,Fixed Price,2024,54.49,$73.45
551,Radiohead,OK Computer,Alternative,2007,Brazil,Anniversary Edition,Yes,Near Mint,Good,180.0,"21,773",982,2812.0,2.864,89.5,50.6,11.0,1041,95.3%,Yes,Fixed Price,2022,76.83,$99.38
552,Frank Ocean,Channel Orange,R&B,1965,brazil,Standard Reissue,no,Good Plus,Good,140.0,"39,631",787,519.0,0.659,97.2,15.5,11.0,1253,98.6%,1,Fixed Price,2016,56.91,$55.89
553,The White Stripes,Get Behind Me Satan,Alternative,2002,germany,Anniversary Edition,1,Good Plus,Near Mint,120g,"45,946",1709,3443.0,2.015,59.9,43.2,12.0,2026,97.1%,yes,Auction,2018,55.26,$67.27
554,Vampire Weekend,Contra,Alternative,1995,us,Anniversary Edition,Yes,Very Good,Fair,200g,"2,576",1077,1234.0,1.146,71.4,34.1,0.0,4572,98.1%,No,Auction,2015,61.84,$85.45
555,Kendrick Lamar,Section.80,Hip-Hop,1986,UK,Limited Colored Vinyl,Yes,Good Plus,Very Good,180.0,"23,756",575,1282.0,2.23,91.5,21.8,29.0,2529,95.4%,Yes,Fixed Price,2023,67.40,$64.88
556,Lauryn Hill,The Miseducation of Lauryn Hill,R&B,1997,Canada,Original 1st Press,0,Good,Very Good,200.0,"38,213",97,100.0,1.031,67.7,19.9,27.0,2790,92.1%,0,Fixed Price,2016,67.83,$72.30
557,Funkadelic,Cosmic Slop,R&B,2017,US,Limited Colored Vinyl,True,Good Plus,Very Good,120g,"1,202",118,438.0,3.712,46.6,20.3,59.0,2784,,yes,Fixed Price,2023,55.66,$62.17
558,U2,War,Rock,2004,UK,Standard Reissue,No,Very Good Plus,Good Plus,120g,"13,272",3454,3555.0,1.029,80.1,24.9,8.0,1962,98.3%,No,Fixed Price,2021,61.46,$75.41
559,David Bowie,Aladdin Sane,Rock,1977,Canada,Standard Reissue,No,Poor,Very Good,140g,"34,738",1094,914.0,0.835,90.6,66.8,2.0,3672,92.9%,yes,Fixed Price,2018,59.21,$48.09
560,Funkadelic,Uncle Jam Wants You,R&B,1969,Australia,Standard Reissue,No,Good,Near Mint,140.0,"4,126",1497,3276.0,2.188,43.5,59.5,45.0,884,100.0%,no,Fixed Price,2022,63.64,$55.59
561,John Coltrane,Giant Steps,Jazz,1966,Japan,Standard Reissue,False,Near Mint,Good Plus,140.0,"27,482",518,703.0,1.357,69.5,80.8,4.0,185,100.0%,1,Auction,2019,68.15,$95.32
562,Joni Mitchell,Hejira,Folk,1990,Canada,Standard Reissue,0,Very Good Plus,Mint,120g,"16,616",704,558.0,0.793,74.2,54.3,7.0,3063,94.5%,No,Fixed Price,2015,59.71,$68.08
563,Ice Cube,AmeriKKKa's Most Wanted,Hip-Hop,1995,Brazil,Limited Colored Vinyl,yes,Very Good,Poor,120.0,"7,313",64,41.0,0.641,75.6,9.9,4.0,739,96.0%,1,Fixed Price,2021,62.44,$52.84
564,Black Sabbath,Paranoid,Rock,1990,CANADA,Limited Colored Vinyl,Yes,Very Good Plus,Very Good Plus,140.0,791,372,129.0,0.347,74.3,83.2,6.0,1638,95.3%,No,Fixed Price,2024,80.52,$111.97
565,Emmylou Harris,Wrecking Ball,Country,1963,NETHERLANDS,Limited Colored Vinyl,yes,Good,Good Plus,120g,"36,174",412,803.0,1.949,29.9,45.1,2.0,2550,98.6%,No,Fixed Price,2022,35.84,$32.44
566,Arcade Fire,The Suburbs,Alternative,1966,Canada,Standard Reissue,no,Near Mint,Near Mint,140g,"16,421",335,369.0,1.101,59.0,18.9,29.0,2615,97.7%,1,Auction,2020,44.65,$63.27
567,Jimi Hendrix,Electric Ladyland,Rock,1998,Canada,Standard Reissue,No,Very Good Plus,Good Plus,180g,"43,551",719,152.0,0.211,71.5,13.4,5.0,517,96.1%,Yes,Fixed Price,2020,44.89,$44.65
568,Bob Marley,Kaya,Reggae,2011,netherlands,Limited Colored Vinyl,yes,Mint,Mint,120g,"30,432",130,380.0,2.923,92.0,30.7,44.0,3142,95.1%,True,Fixed Price,2015,71.51,$114.19
569,Funkadelic,Uncle Jam Wants You,R&B,1988,us,Standard Reissue,No,Good Plus,Very Good,180.0,"30,130",795,689.0,0.867,46.3,63.0,12.0,2245,95.9%,No,Fixed Price,2016,57.23,$61.51
570,Simon & Garfunkel,Sounds of Silence,Folk,1962,Australia,Original 1st Press,No,Near Mint,Very Good,140g,"1,113",29,15.0,0.517,71.9,45.0,38.0,521,93.8%,True,Fixed Price,2020,77.66,$93.49
571,Radiohead,In Rainbows,Alternative,2015,Netherlands,Standard Reissue,No,Near Mint,Very Good Plus,140.0,"43,142",1273,594.0,0.467,89.2,17.8,3.0,4729,100.0%,0,Fixed Price,2020,47.49,$73.68
572,My Bloody Valentine,Loveless,Alternative,2017,BRAZIL,Standard Reissue,0,Mint,Fair,140.0,598,768,470.0,0.612,32.3,45.8,98.0,861,93.2%,True,Fixed Price,2025,50.84,$57.60
573,Nirvana,Bleach,Alternative,1994,AUSTRALIA,Test Pressing,yes,Near Mint,Very Good,180g,"49,494",106,87.0,0.821,95.0,52.3,35.0,1617,93.1%,No,Auction,2017,83.34,$122.81
574,The Beach Boys,Surf's Up,Pop,2016,GERMANY,Standard Reissue,False,Very Good Plus,Very Good Plus,180g,"16,768",824,1518.0,1.842,81.5,30.3,14.0,3253,,0,Auction,2016,68.26,$78.09
575,U2,Achtung Baby,Rock,2015,brazil,Anniversary Edition,Yes,Very Good Plus,Good Plus,120g,"21,065",337,336.0,0.997,82.4,35.5,87.0,1489,91.0%,No,Fixed Price,2015,61.63,$84.06
576,Sly and the Family Stone,There's a Riot Goin' On,Soul,2019,Canada,Original 1st Press,0,Poor,Very Good Plus,140g,"39,330",251,161.0,0.641,78.5,27.1,73.0,4213,93.6%,0,Fixed Price,2019,65.79,$51.24
577,Midnight Oil,Blue Sky Mining,Rock,2018,CANADA,Original 1st Press,No,Good Plus,Very Good,180.0,"30,226",516,207.0,0.401,22.3,35.7,16.0,667,95.4%,True,Fixed Price,2025,47.22,$51.79
578,Michael Jackson,Dangerous,Pop,1997,UK,Standard Reissue,False,Very Good Plus,Very Good Plus,140g,"37,886",201,331.0,1.647,91.1,28.4,41.0,4830,96.3%,1,Fixed Price,2021,62.29,$86.52
579,The Beatles,Sgt. Pepper's Lonely Hearts Club Band,Rock,2016,Germany,Original 1st Press,No,Very Good Plus,Mint,140.0,"19,157",134,250.0,1.866,91.7,28.5,52.0,1955,94.6%,True,Fixed Price,2024,73.12,$73.41
580,Black Uhuru,Sinsemilla,Reggae,1990,US,Standard Reissue,No,Near Mint,Very Good Plus,180.0,"48,315",480,281.0,0.585,20.1,56.4,62.0,2565,94.2%,No,Fixed Price,2017,34.83,$54.61
581,Bob Marley,Legend,Reggae,1995,UK,Standard Reissue,No,Very Good,Very Good,140g,"27,027",470,1010.0,2.149,91.2,49.7,,4767,99.5%,No,Fixed Price,2021,78.02,$81.02
582,Prince,Dirty Mind,R&B,1983,US,Standard Reissue,No,Very Good,Very Good Plus,140g,"23,595",855,705.0,0.825,87.2,49.4,7.0,4683,100.0%,No,Auction,2020,62.33,$67.79
583,The Smiths,Meat Is Murder,Alternative,2022,Japan,Promo Copy,No,Very Good Plus,Mint,180.0,"5,624",32,35.0,1.094,51.2,32.0,11.0,1249,95.0%,1,Fixed Price,2023,64.57,$87.27
584,Bob Dylan,Highway 61 Revisited,Folk,1985,US,Original 1st Press,No,Near Mint,Very Good Plus,180.0,"16,370",786,,1.893,91.9,55.9,20.0,3915,97.4%,No,Auction,2020,80.87,$121.83
585,Michael Jackson,Thriller,Pop,1986,CANADA,Limited Colored Vinyl,Yes,Very Good,Near Mint,180g,"45,995",420,302.0,0.719,92.9,64.4,32.0,979,97.8%,0,Fixed Price,2024,62.80,$79.25
586,Kraftwerk,The Man-Machine,Electronic,1988,Brazil,Original 1st Press,No,Very Good,,180.0,"35,504",72,83.0,1.153,77.5,56.0,0.0,1675,98.4%,0,Fixed Price,2020,76.55,$93.72
587,Bob Dylan,Blood on the Tracks,Folk,2004,Germany,Standard Reissue,0,Good Plus,,120g,"49,968",766,266.0,0.347,93.7,9.6,9.0,2137,93.1%,False,Auction,2024,44.99,$48.75
588,Bob Dylan,Blood on the Tracks,Folk,1967,France,Limited Colored Vinyl,Yes,Very Good,Good,180g,"10,391",346,1202.0,3.474,87.8,7.6,4.0,2084,98.8%,True,Fixed Price,2017,69.90,$80.34
589,Sly and the Family Stone,Stand!,Soul,2020,GERMANY,Standard Reissue,0,Good,Very Good,180.0,"1,089",482,396.0,0.822,73.1,65.8,11.0,1484,97.3%,False,Fixed Price,2020,60.94,$52.47
590,Lauryn Hill,The Miseducation of Lauryn Hill,R&B,1975,Netherlands,Limited Colored Vinyl,1,Very Good Plus,Very Good,180g,"3,713",315,335.0,1.063,62.6,9.7,41.0,1183,97.3%,True,Fixed Price,2022,44.39,$60.86
591,Talking Heads,Remain in Light,Alternative,1973,germany,Standard Reissue,No,Fair,Mint,120g,"46,745",2105,2413.0,1.146,80.0,70.6,4.0,627,100.0%,0,Auction,2016,64.52,$65.73
592,Arctic Monkeys,Favourite Worst Nightmare,Alternative,2010,Japan,Limited Colored Vinyl,1,Good Plus,Good Plus,140.0,"42,905",361,500.0,1.385,61.3,55.1,9.0,4219,96.9%,False,Fixed Price,2024,61.16,$69.53
593,Tame Impala,Currents,Alternative,1998,Germany,Standard Reissue,False,Near Mint,Very Good Plus,140g,"41,231",1510,540.0,0.358,53.6,22.8,17.0,3598,96.6%,No,Fixed Price,2019,41.77,$60.57
594,Bob Dylan,Blonde on Blonde,Folk,1999,US,Original 1st Press,No,  Good ,Near Mint,140g,"25,565",1036,1869.0,1.804,89.7,28.3,1.0,2524,95.7%,Yes,Fixed Price,2023,73.57,$81.67
595,U2,Achtung Baby,Rock,1990,Australia,Standard Reissue,no,Very Good Plus,,180.0,"26,656",538,332.0,0.617,70.9,31.1,116.0,517,96.4%,0,Fixed Price,2021,54.45,$72.28
596,Michael Jackson,Off the Wall,Pop,2008,Japan,Promo Copy,No,Very Good,Very Good Plus,120g,"35,575",289,484.0,1.675,92.4,78.4,9.0,1389,100.0%,1,Fixed Price,2024,83.60,$103.90
597,John Coltrane,My Favorite Things,Jazz,1987,Germany,Standard Reissue,No,Very Good,Very Good Plus,200g,"46,898",524,332.0,0.634,74.8,40.7,7.0,2834,95.0%,1,Fixed Price,2025,51.92,$60.92
598,Miles Davis,In a Silent Way,Jazz,1976,Germany,Promo Copy,False,Fair,Good,180.0,"9,460",738,500.0,0.678,73.8,32.3,31.0,2838,97.8%,0,Fixed Price,2021,65.62,$54.03
599,Stevie Wonder,Innervisions,Soul,1985,US,Test Pressing,Yes,Very Good,Near Mint,120.0,"27,165",454,1191.0,2.623,84.4,46.6,87.0,3252,100.0%,Yes,Fixed Price,2018,83.74,$94.43
600,Dolly Parton,Jolene,Country,1961,Australia,Standard Reissue,No,Very Good Plus,Very Good Plus,120g,"5,341",560,381.0,0.68,63.6,43.3,5.0,2924,97.5%,No,Fixed Price,2016,57.03,$84.04
601,Kendrick Lamar,DAMN.,Hip-Hop,2016,GERMANY,Standard Reissue,No,Good Plus,Mint,140.0,"29,935",368,528.0,1.435,90.2,76.8,2.0,4191,91.9%,True,Fixed Price,2025,74.56,$87.54
602,New Order,Technique,Electronic,1982,netherlands,Original 1st Press,0,Near Mint,Mint,120.0,"17,537",126,117.0,0.929,66.1,52.1,27.0,1619,99.2%,False,Fixed Price,2020,69.99,$106.66
603,J Dilla,Ruff Draft,Hip-Hop,1984,Australia,Standard Reissue,False,Good Plus,Very Good Plus,200.0,"40,826",554,1342.0,2.422,45.4,24.6,23.0,1504,97.5%,No,Fixed Price,2016,41.31,$37.71
604,Pink Floyd,The Wall,Rock,1980,,Standard Reissue,False,Near Mint,Near Mint,120.0,"43,307",455,208.0,0.457,95.8,68.8,4.0,350,93.6%,Yes,Fixed Price,2019,73.63,$93.46
605,U2,War,Rock,2002,UK,Original 1st Press,No,Very Good,Good Plus,180.0,"21,336",256,541.0,2.113,77.1,20.7,9.0,1899,96.0%,No,Fixed Price,2019,67.43,$93.92
606,The Smiths,"Strangeways, Here We Come",Alternative,2011,Canada,Standard Reissue,No,Very Good Plus,Mint,120g,"41,830",373,439.0,1.177,50.0,43.7,97.0,1162,94.4%,False,Fixed Price,2019,43.05,$53.44
607,Simon & Garfunkel,Sounds of Silence,Folk,2016,netherlands,Standard Reissue,No,Poor,Very Good,120g,"46,514",657,1534.0,2.335,73.5,39.6,30.0,644,100.0%,No,Fixed Price,2019,53.66,$43.33
608,The National,High Violet,Alternative,2002,France,Limited Colored Vinyl,Yes,Good,Good,180g,"10,000",452,,1.024,45.2,17.6,31.0,728,96.0%,True,Auction,2025,45.46,$43.35
609,James Taylor,Sweet Baby James,Folk,2006,us,Test Pressing,Yes,Good,Very Good Plus,180g,"44,478",291,60.0,0.206,30.9,78.4,58.0,731,100.0%,No,Fixed Price,2024,67.47,$76.92
610,U2,The Joshua Tree,Rock,1988,NETHERLANDS,Limited Colored Vinyl,True,Good Plus,Near Mint,180g,"27,734",106,306.0,2.887,76.2,46.9,1.0,1756,94.6%,No,Fixed Price,2018,65.51,$83.17
611,The Cure,Pornography,Alternative,1991,canada,Standard Reissue,no,Near Mint,Very Good,180.0,"33,343",328,74.0,0.226,39.1,81.7,71.0,637,96.1%,No,Fixed Price,2023,59.04,$73.11
612,De La Soul,3 Feet High and Rising,Hip-Hop,2011,Japan,Promo Copy,No,Good Plus,Very Good Plus,180.0,"6,509",93,187.0,2.011,75.2,47.9,2.0,2813,98.7%,Yes,Fixed Price,2025,71.89,$66.61
613,Bob Dylan,Nashville Skyline,Folk,2003,US,Standard Reissue,No,Very Good,Fair,200g,"8,178",761,1423.0,1.87,93.6,30.0,27.0,758,98.0%,False,Fixed Price,2023,59.20,$65.86
614,Led Zeppelin,Led Zeppelin IV,Rock,1984,US,Standard Reissue,False,  Good Plus ,Very Good,180.0,"36,917",257,166.0,0.646,104.2,57.2,34.0,923,98.2%,Yes,Fixed Price,2024,72.50,$69.53
615,Tame Impala,Currents,Alternative,1970,Brazil,Original 1st Press,No,Good Plus,Good Plus,140.0,"1,603",217,61.0,0.281,57.9,24.7,76.0,1351,,True,Fixed Price,2025,63.98,$59.56
616,AC/DC,Highway to Hell,Rock,2021,US,Standard Reissue,No,Poor,Very Good Plus,120.0,"40,665",478,1071.0,2.241,93.0,19.2,40.0,2065,91.7%,no,Fixed Price,2025,57.79,$57.36
617,Kings of Leon,Youth and Young Manhood,Alternative,1998,France,Limited Colored Vinyl,1,Very Good Plus,Very Good Plus,,"11,736",304,742.0,2.441,69.1,75.4,13.0,1073,94.0%,False,Fixed Price,2020,73.20,$100.10
618,Michael Jackson,Off the Wall,Pop,1977,US,Limited Colored Vinyl,Yes,Good,Good,140.0,"48,404",367,1271.0,3.463,95.9,69.5,32.0,4958,96.2%,No,Fixed Price,2017,88.51,$84.84
619,Dolly Parton,Coat of Many Colors,Country,1988,us,Original 1st Press,no,Fair,Near Mint,140.0,"31,444",138,79.0,0.572,63.1,77.5,3.0,828,95.0%,False,Fixed Price,2022,79.31,$85.47
620,Alicia Keys,Alicia,R&B,1998,France,Promo Copy,no,Mint,Very Good,140g,"14,955",340,229.0,0.674,70.6,79.5,13.0,1557,94.3%,0,Auction,2020,73.78,$82.96
621,Bob Marley,Legend,Reggae,2018,UK,Standard Reissue,0,Very Good,Good Plus,140g,"22,650",446,1078.0,2.417,93.5,51.2,4.0,3290,100.0%,Yes,Fixed Price,2020,69.24,$71.26
622,Black Uhuru,Sinsemilla,Reggae,1990,US,Test Pressing,Yes,Very Good,Very Good,140.0,"21,552",345,79.0,0.229,22.9,49.4,41.0,3802,93.3%,No,Fixed Price,2016,63.72,$89.68
623,J Dilla,Ruff Draft,Hip-Hop,1978,Netherlands,Original 1st Press,no,Very Good Plus,Very Good,120.0,"45,541",94,35.0,0.372,43.7,21.3,3.0,4334,95.8%,No,Auction,2018,51.14,$71.96
624,Neil Young,Harvest Moon,Folk,2006,canada,Anniversary Edition,True,Near Mint,Near Mint,140.0,"17,171",249,119.0,0.478,60.5,69.1,11.0,1067,92.0%,1,Fixed Price,2023,62.98,$77.44
625,Junior Murvin,Police and Thieves,Reggae,2015,France,Standard Reissue,No,Fair,Very Good Plus,200g,"32,638",446,893.0,2.002,19.8,37.7,45.0,4537,99.8%,1,Fixed Price,2020,33.92,$30.22
626,Metallica,...And Justice for All,Rock,2005,Netherlands,Promo Copy,False,Near Mint,Near Mint,120g,"5,224",453,470.0,1.038,96.2,54.6,12.0,327,100.0%,True,Fixed Price,2023,75.18,$114.91
627,Joni Mitchell,Hissing of Summer Lawns,Folk,1984,France,Standard Reissue,False,Near Mint,Good Plus,180.0,"45,937",233,515.0,2.21,69.3,34.8,23.0,1367,97.1%,No,Auction,2017,55.25,$72.19
628,Neil Young,After the Gold Rush,Folk,1973,BRAZIL,Original 1st Press,0,Mint,Mint,140g,"45,088",559,724.0,1.295,64.9,43.6,11.0,1742,88.9%,0,Fixed Price,2016,63.28,$90.68
629,Anita Baker,Rapture,Soul,1972,Brazil,Standard Reissue,No,Good,Very Good,180g,"7,914",491,719.0,1.464,19.6,53.4,9.0,1852,100.0%,Yes,Fixed Price,2024,54.08,$53.09
630,Black Uhuru,Red,Reggae,1967,US,Standard Reissue,No,Good Plus,Good Plus,180.0,"41,533",354,414.0,1.169,22.6,37.4,34.0,3645,97.3%,False,Fixed Price,2023,40.64,$32.92
631,John Coltrane,A Love Supreme,Jazz,1968,JAPAN,Anniversary Edition,1,Good Plus,Very Good Plus,200g,"45,216",636,1014.0,1.594,69.0,62.6,1.0,943,98.1%,Yes,Fixed Price,2018,57.39,$59.72
632,Television,Marquee Moon,Rock,1971,Germany,Standard Reissue,0,Good Plus,Near Mint,,"14,435",202,384.0,1.901,23.7,25.7,74.0,4093,92.0%,1,Fixed Price,2022,30.47,$33.83
633,AC/DC,Highway to Hell,Rock,2021,Netherlands,Standard Reissue,no,Good,Near Mint,120.0,"6,458",315,87.0,0.276,91.2,21.1,23.0,3030,100.0%,False,Auction,2022,55.48,$63.51
634,David Bowie,Heroes,Rock,1969,Brazil,Standard Reissue,0,Good,Near Mint,200.0,"49,374",200,94.0,0.47,93.2,7.9,3.0,1486,,No,Auction,2017,47.61,$47.56
635,Fleetwood Mac,Fleetwood Mac,Rock,1978,Australia,Standard Reissue,No,Near Mint,Very Good,120g,"13,628",1515,379.0,0.25,95.0,78.7,11.0,1935,93.8%,No,Auction,2022,79.76,$126.39
636,The Beach Boys,Pet Sounds,Pop,1974,GERMANY,Limited Colored Vinyl,Yes,Very Good Plus,,140.0,"11,088",516,155.0,0.3,79.7,30.4,2.0,3919,96.2%,False,Fixed Price,2022,62.58,$78.10
637,Peter Gabriel,Us,Pop,2020,France,Standard Reissue,False,Good Plus,Good Plus,180.0,"30,111",1091,891.0,0.817,69.0,63.6,72.0,60,93.3%,No,Fixed Price,2022,63.88,$61.81
638,The Beatles,Rubber Soul,Rock,1998,Canada,Limited Colored Vinyl,Yes,Near Mint,Mint,120.0,"15,072",707,2378.0,3.364,91.2,23.3,29.0,3073,99.4%,Yes,Auction,2021,75.48,$121.14
639,J Dilla,Ruff Draft,Hip-Hop,1965,Australia,Standard Reissue,no,Near Mint,Very Good,120g,"3,213",786,1514.0,1.926,43.6,27.4,12.0,1152,96.0%,Yes,Fixed Price,2016,51.91,$70.06
640,Vampire Weekend,Contra,Alternative,1985,netherlands,Limited Colored Vinyl,Yes,Very Good Plus,Very Good Plus,200.0,"10,029",350,781.0,2.231,73.0,31.7,27.0,2063,96.9%,No,Fixed Price,2016,60.82,$56.20
641,Parliament,Chocolate City,R&B,1975,Netherlands,Standard Reissue,No,Good,Good Plus,120g,"6,770",2598,1310.0,0.504,43.4,43.4,13.0,142,99.3%,Yes,Fixed Price,2020,50.30,$42.64
642,Prince,Purple Rain,R&B,2001,Germany,Standard Reissue,No,Good Plus,Good,180g,"13,442",3154,,0.396,91.4,35.4,10.0,1529,98.6%,Yes,Fixed Price,2018,55.07,$68.43
643,The Clash,Sandinista!,Rock,1967,France,Standard Reissue,False,Very Good,Very Good Plus,120.0,"31,983",76,143.0,1.882,74.8,20.6,23.0,2626,98.3%,True,Auction,2022,54.02,$56.06
644,Daft Punk,Homework,Electronic,1965,Canada,Anniversary Edition,Yes,Very Good Plus,Very Good,200g,"1,631",262,633.0,2.416,84.4,33.9,67.0,3172,93.1%,No,Fixed Price,2023,69.21,$95.19
645,The Notorious B.I.G.,Life After Death,Hip-Hop,1993,Brazil,Standard Reissue,No,Near Mint,Mint,140.0,"38,968",900,1212.0,1.347,93.9,72.6,44.0,965,100.0%,No,Fixed Price,2018,81.30,$105.89
646,Vampire Weekend,Vampire Weekend,Alternative,2011,Japan,Limited Colored Vinyl,Yes,Near Mint,Very Good,140g,"28,886",377,599.0,1.589,74.0,30.1,0.0,4214,93.9%,False,Fixed Price,2020,60.28,$84.86
647,U2,War,Rock,2002,Japan,Anniversary Edition,yes,Very Good Plus,Good Plus,180.0,"12,889",422,983.0,2.329,76.7,19.3,4.0,244,94.5%,No,Fixed Price,2017,61.11,$75.73
648,Duran Duran,Rio,Pop,2004,Brazil,Standard Reissue,0,Very Good Plus,Very Good Plus,140g,"39,795",653,476.0,0.729,69.8,39.2,8.0,4834,95.9%,False,Fixed Price,2022,50.44,$64.73
649,Bob Marley,Exodus,Reggae,2020,JAPAN,Standard Reissue,No,Fair,Very Good,180g,"17,792",408,405.0,0.993,91.9,30.0,3.0,3690,90.3%,No,Fixed Price,2021,58.49,$57.56
650,Arcade Fire,Funeral,Alternative,1979,UK,Anniversary Edition,True,Very Good Plus,Very Good Plus,120g,"36,675",756,,3.437,58.1,65.6,35.0,1810,95.4%,No,Fixed Price,2017,66.77,$88.71
651,Stevie Wonder,Music of My Mind,Soul,2003,France,Anniversary Edition,True,Mint,Very Good,,"23,351",487,558.0,1.146,90.1,39.8,38.0,4472,100.0%,No,Fixed Price,2016,68.38,$93.10
652,Kendrick Lamar,To Pimp a Butterfly,Hip-Hop,1992,FRANCE,Promo Copy,No,Very Good Plus,Good Plus,200.0,"27,933",318,162.0,0.509,95.5,14.7,8.0,4463,,No,Fixed Price,2024,63.39,$76.60
653,Kendrick Lamar,DAMN.,Hip-Hop,2015,US,Promo Copy,No,Very Good,Very Good,,"19,251",421,145.0,0.344,95.8,82.6,14.0,3373,94.6%,0,Fixed Price,2019,85.57,$108.62
654,Bob Marley,Uprising,Reggae,1994,NETHERLANDS,Standard Reissue,No,Near Mint,,180.0,"46,923",992,1914.0,1.929,94.5,46.3,12.0,2769,100.0%,No,Auction,2018,63.16,$73.47
655,Michael Jackson,Off the Wall,Pop,2009,us,Test Pressing,Yes,Fair,Mint,140.0,"10,969",290,913.0,3.148,97.7,74.0,7.0,4526,96.3%,No,Fixed Price,2023,96.53,$95.93
656,Pearl Jam,Ten,Alternative,1995,Netherlands,Anniversary Edition,Yes,Very Good,Very Good Plus,120.0,"12,140",286,67.0,0.234,59.8,70.2,12.0,4004,96.5%,0,Auction,2025,67.26,$84.60
657,Joanna Newsom,Ys,Folk,1976,Australia,Limited Colored Vinyl,Yes,Very Good,Fair,200.0,"40,850",306,46.0,0.15,33.7,43.7,14.0,4191,100.0%,Yes,Fixed Price,2025,45.09,$45.50
658,Kraftwerk,Trans-Europe Express,Electronic,2020,CANADA,Limited Colored Vinyl,Yes,Fair,Near Mint,180.0,"32,681",226,761.0,3.367,75.0,63.8,50.0,4894,98.4%,No,Fixed Price,2021,76.86,$69.67
659,The Rolling Stones,Tattoo You,Rock,1973,Canada,Standard Reissue,False,Very Good,Very Good Plus,140g,"14,132",2145,4091.0,1.907,92.6,38.8,10.0,2609,92.7%,No,Fixed Price,2022,65.30,$84.25
660,Metallica,Ride the Lightning,Rock,1992,Germany,Original 1st Press,No,Near Mint,Near Mint,180.0,"17,594",933,1056.0,1.132,97.8,21.2,16.0,1383,94.5%,False,Fixed Price,2024,74.91,$108.45
661,The Beach Boys,Surf's Up,Pop,1984,UK,Standard Reissue,False,  Good Plus ,Near Mint,140.0,"28,315",707,1332.0,1.884,76.9,31.3,4.0,2186,95.1%,No,Fixed Price,2016,56.05,$69.71
662,My Bloody Valentine,Loveless,Alternative,1976,FRANCE,Original 1st Press,No,Very Good,Very Good,,"20,376",257,332.0,1.292,30.0,36.1,25.0,1666,97.6%,Yes,Auction,2016,61.96,$72.99
663,Dr. Dre,The Chronic,Hip-Hop,1990,US,Standard Reissue,0,Mint,Near Mint,140.0,"13,912",1319,2338.0,1.773,94.7,19.0,20.0,3844,90.7%,No,Fixed Price,2024,68.15,$108.44
664,Willie Nelson,Red Headed Stranger,Country,1968,Germany,Original 1st Press,no,Very Good,Very Good Plus,,"24,786",113,255.0,2.257,63.0,13.5,53.0,4701,100.0%,False,Fixed Price,2018,60.52,$83.72
665,Sly and the Family Stone,There's a Riot Goin' On,Soul,1981,germany,Test Pressing,Yes,Good Plus,Very Good Plus,180g,"20,356",177,608.0,3.435,71.2,29.5,21.0,2845,100.0%,No,Fixed Price,2020,74.38,$73.11
666,R.E.M.,Green,Alternative,2021,australia,Limited Colored Vinyl,Yes,Very Good Plus,Very Good Plus,180g,"26,749",196,419.0,2.138,63.4,69.4,,3509,100.0%,1,Fixed Price,2025,66.81,$85.53
667,Outkast,Stankonia,Hip-Hop,2016,Netherlands,Anniversary Edition,Yes,Good,Very Good Plus,180.0,"20,602",980,696.0,0.71,75.3,9.1,24.0,2857,94.6%,True,Auction,2020,58.83,$59.26
668,Rage Against the Machine,Evil Empire,Alternative,1974,CANADA,Standard Reissue,No,Mint,Very Good Plus,140g,"31,484",611,1171.0,1.917,70.5,27.2,3.0,4578,97.8%,No,Fixed Price,2018,50.46,$68.36
669,Steely Dan,The Royal Scam,Rock,2014,Australia,Limited Colored Vinyl,Yes,Poor,Very Good,140g,"12,883",633,2312.0,3.652,78.0,6.6,18.0,4260,86.7%,No,Fixed Price,2023,63.83,$59.74
670,Prince,Dirty Mind,R&B,2001,Netherlands,Promo Copy,No,Very Good Plus,Poor,120g,"10,424",841,747.0,0.888,88.6,45.1,0.0,337,95.5%,No,Fixed Price,2021,73.00,$92.01
671,Red Hot Chili Peppers,Blood Sugar Sex Magik,Alternative,2010,Brazil,Standard Reissue,False,Very Good,Near Mint,140.0,"14,166",1172,2064.0,1.761,64.0,20.6,54.0,3057,96.8%,No,Auction,2020,50.22,$61.16
672,Parliament,Chocolate City,R&B,2013,JAPAN,Limited Colored Vinyl,True,Good Plus,Very Good Plus,140g,"47,616",1044,2779.0,2.662,44.0,47.6,12.0,2254,93.6%,True,Fixed Price,2022,48.70,$48.99
673,New Order,Technique,Electronic,1964,Australia,Standard Reissue,False,Good Plus,Very Good,120g,"6,289",367,588.0,1.602,68.0,50.3,20.0,2805,96.5%,False,Fixed Price,2024,50.69,$49.10
674,Nina Simone,Nina Simone in Concert,Jazz,2018,Australia,Original 1st Press,No,Good,Very Good Plus,180g,"49,627",364,638.0,1.753,70.7,46.2,10.0,3107,96.6%,Yes,Fixed Price,2025,70.40,$70.96
675,Frank Ocean,"Nostalgia, Ultra",R&B,2000,France,Standard Reissue,no,Good,Good,140.0,"27,133",1579,2432.0,1.54,101.6,39.2,9.0,4146,97.8%,Yes,Fixed Price,2015,74.42,$76.00
676,Guns N' Roses,Appetite for Destruction,Rock,1997,us,Test Pressing,Yes,Good,Mint,180g,"26,383",390,696.0,1.785,82.4,64.4,22.0,729,95.6%,0,Auction,2021,95.59,$108.76
677,Paul Simon,So Beautiful or So What,Folk,2000,Japan,Promo Copy,No,Good Plus,Very Good,120.0,"8,528",264,377.0,1.428,74.4,28.2,9.0,3079,98.6%,False,Fixed Price,2016,68.03,$76.18
678,Pink Floyd,Wish You Were Here,Rock,2003,canada,Standard Reissue,No,  Near Mint ,Near Mint,120.0,"29,521",708,1284.0,1.814,91.5,27.2,17.0,3286,100.0%,0,Auction,2019,64.37,$88.93
679,The Beach Boys,Wild Honey,Pop,1968,CANADA,Standard Reissue,False,Good,Near Mint,120.0,"49,871",47,51.0,1.085,81.7,29.7,17.0,2998,96.0%,No,Fixed Price,2015,51.18,$56.15
680,Stevie Wonder,Music of My Mind,Soul,2020,Japan,Limited Colored Vinyl,Yes,Very Good Plus,Near Mint,180g,"20,385",461,1227.0,2.662,86.5,44.9,32.0,226,95.7%,Yes,Fixed Price,2022,70.29,$90.17
681,Dolly Parton,Coat of Many Colors,Country,1960,Canada,Limited Colored Vinyl,Yes,Near Mint,Mint,,"26,862",69,75.0,1.087,64.3,76.4,13.0,2859,98.8%,0,Fixed Price,2023,69.21,$82.67
682,Bob Marley,Kaya,Reggae,1999,UK,Standard Reissue,No,Mint,Very Good,120.0,"25,976",926,1864.0,2.013,99.1,36.8,1.0,710,95.2%,0,Fixed Price,2018,64.29,$91.20
683,Kendrick Lamar,"good kid, m.A.A.d city",Hip-Hop,1984,Canada,Standard Reissue,no,Very Good,Good,180.0,"2,330",588,451.0,0.767,91.2,16.5,13.0,3525,94.1%,No,Fixed Price,2023,60.89,$73.92
684,Alice in Chains,Dirt,Alternative,2001,France,Limited Colored Vinyl,yes,Good,Very Good Plus,200g,"17,086",588,1428.0,2.429,65.2,50.0,7.0,4780,95.6%,Yes,Fixed Price,2023,62.68,$50.91
685,Prince,1999,R&B,1993,,Promo Copy,No,Mint,Near Mint,120g,"32,286",125,187.0,1.496,88.5,48.5,14.0,770,99.4%,No,Auction,2021,67.73,$112.40
686,Sly and the Family Stone,Stand!,Soul,1969,FRANCE,Anniversary Edition,True,Very Good Plus,Very Good Plus,120g,"14,684",731,250.0,0.342,78.6,68.6,9.0,437,99.0%,Yes,Auction,2015,71.23,$83.44
687,Nas,It Was Written,Hip-Hop,1961,Brazil,Promo Copy,no,Near Mint,Very Good Plus,180.0,"11,062",424,1039.0,2.45,64.2,36.5,8.0,724,,yes,Fixed Price,2023,60.95,$74.82
688,Bjork,Debut,Electronic,1979,CANADA,Standard Reissue,No,Very Good Plus,Near Mint,140g,"16,537",510,602.0,1.18,69.8,63.8,10.0,3655,95.9%,Yes,Fixed Price,2020,67.74,$95.44
689,The Notorious B.I.G.,Ready to Die,Hip-Hop,2017,canada,Limited Colored Vinyl,Yes,Very Good Plus,Mint,180.0,"37,205",1030,2884.0,2.8,91.4,78.0,7.0,4245,96.0%,yes,Auction,2024,79.16,$100.24
690,Johnny Cash,At Folsom Prison,Country,1971,Japan,Standard Reissue,No,Very Good Plus,Mint,180g,"44,916",977,1391.0,1.424,89.3,56.3,5.0,4930,99.0%,False,Auction,2021,61.55,$97.22
691,R.E.M.,Reckoning,Alternative,1987,France,Standard Reissue,No,Very Good Plus,Near Mint,180.0,"21,831",740,581.0,0.785,65.5,43.4,24.0,3607,94.3%,1,Fixed Price,2024,47.70,$68.44
692,David Bowie,Station to Station,Rock,1976,Brazil,Standard Reissue,False,Very Good,Very Good Plus,140g,"33,358",570,717.0,1.258,90.2,19.7,3.0,3952,100.0%,No,Fixed Price,2018,53.33,$64.82
693,Vampire Weekend,Vampire Weekend,Alternative,1989,US,Original 1st Press,0,Good,Very Good Plus,180.0,"15,417",698,729.0,1.044,71.3,22.2,25.0,3938,97.9%,No,Auction,2022,67.12,$70.23
694,Michael Jackson,Thriller,Pop,1975,Australia,Limited Colored Vinyl,Yes,Near Mint,Very Good,140g,"34,137",323,67.0,0.207,96.4,61.8,9.0,4857,100.0%,No,Fixed Price,2016,75.30,$100.87
695,The White Stripes,White Blood Cells,Alternative,2005,UK,Limited Colored Vinyl,Yes,Very Good Plus,Near Mint,120.0,"38,282",395,1087.0,2.752,59.2,43.8,9.0,1670,98.4%,1,Auction,2015,64.72,$80.10
696,Alicia Keys,Songs in A Minor,R&B,1970,UK,Limited Colored Vinyl,Yes,Very Good,Near Mint,140g,"38,863",199,393.0,1.975,75.6,6.8,110.0,1744,98.6%,Yes,Fixed Price,2022,51.66,$58.52
697,Prince,Purple Rain,R&B,2001,Germany,Standard Reissue,False,Mint,Near Mint,120.0,"46,564",943,948.0,1.005,86.6,43.8,4.0,4435,99.5%,True,Fixed Price,2024,60.34,$83.58
698,Bjork,Debut,Electronic,1960,Canada,Original 1st Press,False,Near Mint,Good,180.0,"18,258",118,169.0,1.432,67.9,54.9,12.0,1243,94.3%,False,Auction,2018,66.37,$80.87
699,Public Enemy,Fear of a Black Planet,Hip-Hop,1995,Canada,Test Pressing,True,Near Mint,Very Good,180g,"39,576",94,217.0,2.309,69.4,20.5,9.0,2417,94.5%,False,Fixed Price,2024,82.37,$109.76
700,Kraftwerk,Trans-Europe Express,Electronic,1990,us,Promo Copy,No,Near Mint,Poor,120g,"20,737",386,521.0,1.35,75.0,63.7,9.0,2258,97.1%,0,Fixed Price,2017,73.02,$99.46
701,David Bowie,Ziggy Stardust,Rock,2016,Japan,Anniversary Edition,Yes,Very Good Plus,Near Mint,120.0,"21,575",452,601.0,1.33,83.7,8.1,1.0,4473,99.5%,Yes,Fixed Price,2020,52.10,$64.76
702,Michael Jackson,Off the Wall,Pop,1986,Japan,Standard Reissue,0,Very Good Plus,Near Mint,180g,"40,475",282,444.0,1.574,92.4,70.3,15.0,1383,92.1%,False,Fixed Price,2016,71.59,$89.87
703,Marvin Gaye,What's Going On,Soul,1992,Japan,Standard Reissue,No,Very Good,Very Good Plus,200.0,"20,429",1148,2038.0,1.775,89.2,32.8,8.0,4345,96.5%,Yes,Auction,2020,66.89,$91.92
704,Bon Iver,"For Emma, Forever Ago",Folk,1977,canada,Original 1st Press,No,Near Mint,Very Good,200.0,"22,944",157,,1.096,41.9,10.4,,1789,95.0%,no,Fixed Price,2024,51.98,$75.85
705,Neil Young,Rust Never Sleeps,Folk,1979,France,Limited Colored Vinyl,True,Very Good,Very Good Plus,120.0,"24,460",1623,423.0,0.261,70.0,56.9,22.0,2037,94.8%,0,Fixed Price,2016,64.26,$74.73
706,Tame Impala,Lonerism,Alternative,1985,us,Limited Colored Vinyl,True,Near Mint,Very Good,140.0,"22,289",127,62.0,0.488,55.8,33.1,14.0,1496,95.7%,0,Fixed Price,2020,56.96,$78.13
707,David Bowie,Diamond Dogs,Rock,1965,uk,Test Pressing,1,Poor,Very Good Plus,180.0,"5,071",228,409.0,1.794,91.8,40.2,11.0,2151,98.2%,True,Auction,2019,92.95,$71.00
708,Marvin Gaye,"Here, My Dear",Soul,1981,US,Promo Copy,No,Near Mint,Near Mint,140.0,"36,260",705,1274.0,1.807,89.8,27.0,2.0,3995,100.0%,no,Auction,2020,67.34,$101.71
709,Emmylou Harris,Wrecking Ball,Country,2010,Brazil,Limited Colored Vinyl,Yes,Near Mint,Near Mint,140g,"44,423",1277,866.0,0.678,29.2,45.0,49.0,2372,94.1%,True,Auction,2024,48.75,$71.96
710,Marvin Gaye,Trouble Man,Soul,2014,AUSTRALIA,Original 1st Press,No,Very Good,Mint,140g,"16,707",333,684.0,2.054,91.1,54.0,25.0,2209,96.6%,no,Fixed Price,2016,80.80,$87.89
711,Rage Against the Machine,Evil Empire,Alternative,2014,CANADA,Limited Colored Vinyl,Yes,Near Mint,Good Plus,140g,"11,472",939,1742.0,1.855,68.4,22.0,8.0,3304,96.8%,No,Fixed Price,2023,58.14,$79.36
712,The Cure,Disintegration,Alternative,1963,Australia,Standard Reissue,No,Very Good Plus,Near Mint,120.0,"34,775",565,1206.0,2.135,37.8,68.4,35.0,1694,100.0%,no,Auction,2020,53.82,$72.74
713,Stevie Wonder,Songs in the Key of Life,Soul,2003,Germany,Promo Copy,No,Good Plus,Very Good Plus,180g,"42,071",571,678.0,1.187,85.1,28.9,8.0,4141,97.0%,No,Fixed Price,2020,66.28,$84.46
714,Simon & Garfunkel,Sounds of Silence,Folk,1984,Netherlands,Standard Reissue,No,Very Good,Near Mint,120g,"20,174",473,411.0,0.869,70.7,48.5,44.0,3847,98.1%,False,Fixed Price,2023,58.47,$65.29
715,Alicia Keys,Songs in A Minor,R&B,1991,France,Standard Reissue,No,Fair,Very Good,180.0,"13,729",2092,4475.0,2.139,70.5,13.3,0.0,2304,95.7%,True,Auction,2023,58.68,$57.63
716,Bjork,Homogenic,Electronic,1977,France,Standard Reissue,False,Very Good Plus,Very Good Plus,180.0,"36,598",313,621.0,1.984,73.3,31.7,28.0,928,95.4%,No,Fixed Price,2023,56.06,$69.35
717,Arctic Monkeys,Favourite Worst Nightmare,Alternative,1989,US,Standard Reissue,No,Good,Mint,200g,"16,944",1312,3219.0,2.454,56.6,63.3,5.0,1559,96.3%,Yes,Fixed Price,2018,69.76,$67.00
718,Stevie Wonder,Innervisions,Soul,1971,Germany,Limited Colored Vinyl,Yes,Very Good Plus,Good Plus,120.0,"3,059",101,160.0,1.584,91.9,39.3,75.0,3253,99.3%,False,Fixed Price,2019,73.58,$112.39
719,Frank Ocean,Channel Orange,R&B,2002,Netherlands,Anniversary Edition,Yes,Very Good Plus,Mint,140.0,"20,975",119,93.0,0.782,99.1,16.6,14.0,199,95.1%,False,Auction,2023,61.55,$76.07
720,John Coltrane,Giant Steps,Jazz,2020,france,Standard Reissue,No,Very Good Plus,Near Mint,120g,"49,839",482,411.0,0.853,72.5,74.8,3.0,3340,100.0%,False,Fixed Price,2022,60.68,$87.62
721,The National,Trouble Will Find Me,Alternative,1996,us,Original 1st Press,No,Very Good Plus,Very Good Plus,140g,"21,666",229,432.0,1.886,50.8,42.9,8.0,2711,96.7%,Yes,Fixed Price,2017,64.70,$71.69
722,Junior Murvin,Police and Thieves,Reggae,1965,France,Limited Colored Vinyl,Yes,Very Good Plus,Near Mint,120g,"17,908",533,,3.06,21.7,40.0,3.0,4794,,1,Auction,2018,43.36,$54.32
723,Nirvana,Nevermind,Alternative,1977,Canada,Standard Reissue,False,Good Plus,Very Good,200.0,"10,717",734,106.0,0.144,95.0,39.5,0.0,2434,93.9%,Yes,Auction,2017,63.34,$65.02
724,Peter Gabriel,Us,Pop,1970,Australia,Standard Reissue,0,  Near Mint ,Mint,180.0,"40,216",784,477.0,0.608,62.7,62.1,5.0,621,95.6%,0,Fixed Price,2023,56.68,$92.50
725,Kendrick Lamar,Section.80,Hip-Hop,1992,Brazil,Standard Reissue,False,Good Plus,Good,200.0,"19,476",1066,737.0,0.691,95.2,16.5,10.0,616,94.8%,No,Fixed Price,2016,61.49,$60.25
726,Simon & Garfunkel,Bridge Over Troubled Water,Folk,2009,Canada,Standard Reissue,False,Near Mint,Good,140g,"16,476",292,258.0,0.884,68.7,47.2,,478,95.9%,Yes,Fixed Price,2020,53.72,$73.27
727,Black Uhuru,Sinsemilla,Reggae,1961,US,Original 1st Press,0,Poor,Very Good Plus,120.0,"3,261",80,195.0,2.438,25.8,52.2,24.0,4498,92.1%,No,Fixed Price,2017,64.25,$48.71
728,Dave Brubeck,Time Out,Jazz,1970,France,Anniversary Edition,True,Good,Very Good,120g,"25,279",392,1244.0,3.173,29.8,31.2,80.0,1541,100.0%,False,Auction,2023,46.95,$51.51
729,Al Green,I'm Still in Love with You,Soul,2011,Australia,Standard Reissue,False,Very Good,Near Mint,140.0,"49,393",920,2007.0,2.182,55.2,26.6,9.0,4766,98.4%,Yes,Fixed Price,2025,42.43,$52.77
730,George Michael,Faith,Pop,1976,UK,Original 1st Press,No,Near Mint,Very Good Plus,120g,"15,580",75,180.0,2.4,62.7,32.0,4.0,4632,95.2%,0,Fixed Price,2017,66.12,$100.68
731,Joni Mitchell,Hejira,Folk,1963,Japan,Standard Reissue,No,Near Mint,Near Mint,180g,"24,672",738,1542.0,2.089,75.7,51.1,39.0,1216,100.0%,no,Fixed Price,2025,60.53,$82.55
732,Pearl Jam,Vitalogy,Alternative,1961,Canada,Standard Reissue,0,Near Mint,Very Good Plus,200g,"36,217",260,244.0,0.938,68.5,7.6,4.0,4016,99.3%,False,Fixed Price,2023,44.44,$58.93
733,Neil Young,On the Beach,Folk,1984,Netherlands,Original 1st Press,0,Very Good,Very Good,180g,"6,976",124,294.0,2.371,59.6,46.2,46.0,4433,99.6%,No,Fixed Price,2025,73.84,$79.07
734,The Rolling Stones,Voodoo Lounge,Rock,1974,us,Anniversary Edition,Yes,Good,Good Plus,120.0,"27,551",322,656.0,2.037,93.4,51.1,47.0,2010,100.0%,Yes,Fixed Price,2015,69.51,$66.20
735,Stevie Wonder,Music of My Mind,Soul,1979,US,Anniversary Edition,yes,  Very Good Plus ,Very Good,180g,"18,932",857,1405.0,1.639,90.4,41.8,22.0,3538,96.6%,1,Fixed Price,2016,61.59,$70.81
736,The Cure,Wish,Alternative,2019,Brazil,Standard Reissue,No,Mint,Very Good Plus,120.0,"26,528",239,596.0,2.494,32.0,40.3,47.0,1634,94.0%,Yes,Auction,2024,43.67,$66.19
737,The Smiths,"Strangeways, Here We Come",Alternative,2006,UK,Limited Colored Vinyl,Yes,Very Good,Near Mint,140g,"22,647",648,320.0,0.494,48.0,37.5,4.0,1430,97.7%,True,Fixed Price,2022,56.40,$62.51
738,Kendrick Lamar,DAMN.,Hip-Hop,2013,GERMANY,Original 1st Press,No,Good Plus,Very Good Plus,140.0,"45,941",119,119.0,1.0,93.5,78.8,56.0,3740,,No,Fixed Price,2023,87.66,$113.15
739,Fleetwood Mac,Rumours,Rock,1987,,Limited Colored Vinyl,1,Very Good Plus,Near Mint,180.0,"40,326",121,127.0,1.05,87.7,14.3,26.0,2626,97.2%,1,Auction,2025,63.50,$85.28
740,Massive Attack,Mezzanine,Electronic,1988,US,Standard Reissue,False,Good,Near Mint,180.0,"29,041",912,1836.0,2.013,55.5,66.0,26.0,506,100.0%,0,Fixed Price,2022,51.61,$63.01
741,Willie Nelson,Stardust,Country,1999,France,Standard Reissue,No,Very Good Plus,Fair,140g,"42,919",2017,1252.0,0.621,60.0,34.7,11.0,2122,97.5%,Yes,Fixed Price,2017,42.96,$51.98
742,Prince,Around the World in a Day,R&B,1980,UK,Standard Reissue,No,Very Good,Very Good,180.0,"13,480",1241,1985.0,1.6,85.4,43.4,26.0,192,97.7%,Yes,Auction,2024,70.97,$81.96
743,Emmylou Harris,Wrecking Ball,Country,1968,,Standard Reissue,No,Fair,Very Good,140.0,"20,640",946,1231.0,1.301,30.0,47.6,13.0,22,93.5%,No,Auction,2019,40.75,$38.53
744,Duran Duran,Rio,Pop,2015,Germany,Test Pressing,Yes,Near Mint,Mint,140.0,"17,251",163,493.0,3.025,74.3,41.7,4.0,4521,,No,Fixed Price,2022,79.65,$99.31
745,Joni Mitchell,Court and Spark,Folk,1990,UK,Anniversary Edition,Yes,Near Mint,Near Mint,180g,"3,698",726,437.0,0.602,72.9,24.6,9.0,2049,96.7%,False,Fixed Price,2015,56.55,$86.96
746,Sufjan Stevens,Illinois,Folk,2017,Australia,Test Pressing,True,Poor,Very Good Plus,120.0,"19,923",312,976.0,3.128,54.6,43.6,36.0,4552,100.0%,Yes,Fixed Price,2025,77.80,$57.80
747,My Bloody Valentine,Isn't Anything,Alternative,2004,Canada,Limited Colored Vinyl,True,Good,Near Mint,140g,"30,784",1908,6189.0,3.244,25.0,67.0,13.0,3363,94.3%,False,Auction,2018,50.90,$61.41
748,Lauryn Hill,The Miseducation of Lauryn Hill,R&B,2020,UK,Limited Colored Vinyl,True,Near Mint,Very Good,,"25,824",142,295.0,2.077,72.0,19.6,6.0,604,98.9%,0,Fixed Price,2025,65.23,$86.69
749,Bon Iver,"22, A Million",Folk,2000,netherlands,Original 1st Press,No,Very Good,Good Plus,120.0,"13,673",201,499.0,2.483,48.8,42.5,2.0,3538,98.0%,yes,Auction,2020,62.74,$77.25
750,Vampire Weekend,Father of the Bride,Alternative,2010,US,Limited Colored Vinyl,1,Very Good Plus,Near Mint,120g,"11,945",265,58.0,0.219,69.0,35.6,5.0,4948,93.9%,True,Auction,2016,62.63,$74.58
751,Bon Iver,"22, A Million",Folk,2005,Canada,Anniversary Edition,yes,Good Plus,Very Good,180.0,"25,136",211,,3.436,45.1,39.7,5.0,227,100.0%,No,Auction,2025,57.17,$65.87
752,Pink Floyd,The Wall,Rock,1962,UK,Limited Colored Vinyl,1,Very Good,Mint,120.0,"22,616",1169,282.0,0.241,88.1,65.2,17.0,3884,96.4%,No,Fixed Price,2021,73.92,$87.98
753,Pearl Jam,Vs.,Alternative,1997,Canada,Standard Reissue,no,Very Good,Mint,180g,"2,417",1972,4349.0,2.205,64.8,16.5,12.0,140,95.3%,False,Fixed Price,2023,47.12,$54.78
754,Jimi Hendrix,Electric Ladyland,Rock,1990,UK,Promo Copy,No,Very Good,,180g,"27,800",1083,2082.0,1.922,62.0,12.3,82.0,2114,,0,Auction,2025,54.99,$72.84
755,D'Angelo,Voodoo,R&B,1966,US,Standard Reissue,No,Good Plus,Mint,120.0,"34,430",426,961.0,2.256,70.7,21.0,51.0,3325,97.7%,False,Fixed Price,2025,49.97,$72.79
756,George Michael,Faith,Pop,2006,Brazil,Standard Reissue,no,Good,Very Good,180g,"48,660",540,1127.0,2.087,65.7,33.6,8.0,1709,92.1%,Yes,Fixed Price,2025,48.17,$37.09
757,The Rolling Stones,Tattoo You,Rock,1962,US,Original 1st Press,No,Very Good,Very Good,200.0,"34,033",329,784.0,2.383,90.5,41.9,28.0,3169,96.3%,No,Fixed Price,2016,75.57,$107.73
758,Peter Gabriel,So,Pop,1964,france,Anniversary Edition,Yes,Very Good Plus,Very Good,120.0,"11,334",1163,4175.0,3.59,64.0,49.8,16.0,3179,98.9%,No,Fixed Price,2024,70.31,$86.33
759,Aphex Twin,Syro,Electronic,1975,Canada,Standard Reissue,No,Poor,Very Good,120.0,"21,435",309,452.0,1.463,62.4,27.3,80.0,3822,99.4%,No,Fixed Price,2017,45.59,$37.66
760,Sly and the Family Stone,There's a Riot Goin' On,Soul,1986,Japan,Anniversary Edition,Yes,Good Plus,Fair,180.0,"25,326",318,569.0,1.789,75.8,27.7,47.0,1490,97.1%,Yes,Auction,2021,56.47,$53.91
761,Dolly Parton,Jolene,Country,2014,US,Standard Reissue,0,Near Mint,Very Good Plus,120g,"41,047",319,114.0,0.357,63.1,40.3,13.0,2302,93.9%,Yes,Fixed Price,2016,51.08,$81.03
762,Simon & Garfunkel,Bridge Over Troubled Water,Folk,2007,,Standard Reissue,no,Mint,Near Mint,120g,"49,287",1351,1561.0,1.155,65.8,41.1,10.0,2647,97.7%,yes,Fixed Price,2016,49.94,$68.13
763,Nina Simone,I Put a Spell on You,Jazz,1975,CANADA,Promo Copy,no,Mint,,180g,"12,495",355,817.0,2.301,74.9,62.5,12.0,4996,96.7%,No,Fixed Price,2022,74.58,$124.47
764,Nirvana,In Utero,Alternative,2007,,Original 1st Press,No,Very Good,Near Mint,180.0,"45,526",94,183.0,1.947,98.9,51.5,53.0,2324,100.0%,No,Auction,2017,75.88,$93.27
765,Arcade Fire,Reflektor,Alternative,2010,Japan,Original 1st Press,False,Very Good Plus,Very Good,140g,"1,935",377,292.0,0.775,53.7,69.0,11.0,4741,93.3%,Yes,Fixed Price,2017,69.58,$78.01
766,Neil Young,Rust Never Sleeps,Folk,2016,US,Standard Reissue,No,Near Mint,Very Good Plus,180g,"15,694",363,41.0,0.113,64.7,59.2,12.0,3782,92.9%,True,Fixed Price,2018,61.71,$78.26
767,Joy Division,Closer,Alternative,1980,US,Standard Reissue,No,Very Good Plus,Very Good,140g,818,2681,1245.0,0.464,36.9,67.7,54.0,1832,99.8%,False,Auction,2025,58.19,$88.11
768,The Cure,Pornography,Alternative,2013,UK,Promo Copy,no,Near Mint,Very Good,200g,"23,187",285,570.0,2.0,40.2,77.9,33.0,149,94.8%,yes,Auction,2025,70.75,$100.97
769,The Cure,Disintegration,Alternative,2005,Canada,Anniversary Edition,Yes,Good Plus,Mint,140.0,"18,301",293,802.0,2.737,32.4,70.3,9.0,1830,100.0%,Yes,Fixed Price,2017,56.12,$59.75
770,D'Angelo,Brown Sugar,R&B,2000,Netherlands,Anniversary Edition,Yes,Near Mint,Mint,200g,"33,096",135,88.0,0.652,71.9,65.2,11.0,907,94.4%,True,Auction,2017,66.28,$89.42
771,The Cure,Disintegration,Alternative,2017,US,Anniversary Edition,Yes,Very Good Plus,Very Good Plus,120.0,"6,388",753,1384.0,1.838,37.5,70.4,3.0,4667,100.0%,No,Auction,2023,60.21,$89.12
772,Pink Floyd,The Wall,Rock,1997,Brazil,Test Pressing,1,Very Good Plus,Very Good Plus,120g,"48,656",94,202.0,2.149,89.7,71.3,29.0,929,95.5%,False,Fixed Price,2020,93.71,$127.80
773,R.E.M.,Reckoning,Alternative,1988,Netherlands,Standard Reissue,No,Near Mint,Very Good Plus,180.0,"39,058",701,472.0,0.673,64.4,44.4,93.0,2188,94.8%,No,Auction,2015,49.86,$75.56
774,Red Hot Chili Peppers,Stadium Arcadium,Alternative,2000,UK,Anniversary Edition,True,Very Good,Mint,120.0,"17,283",153,547.0,3.575,61.9,40.4,24.0,4199,96.7%,Yes,Fixed Price,2017,61.29,$76.37
775,The Clash,Combat Rock,Rock,2007,Australia,Standard Reissue,No,Very Good Plus,Good,120g,"26,534",1942,4030.0,2.075,68.3,41.4,18.0,707,93.3%,yes,Auction,2022,61.06,$53.23
776,Joni Mitchell,Hissing of Summer Lawns,Folk,2000,Australia,Anniversary Edition,True,Mint,Good,180g,"8,595",511,1799.0,3.521,76.9,44.8,16.0,1367,98.3%,1,Fixed Price,2025,66.00,$60.84
777,Massive Attack,Mezzanine,Electronic,1982,Netherlands,Standard Reissue,0,Very Good,Very Good,120.0,"49,334",365,175.0,0.479,55.6,70.5,29.0,3245,,No,Fixed Price,2020,51.34,$65.67
778,Interpol,Antics,Alternative,2018,NETHERLANDS,Original 1st Press,no,Mint,Very Good Plus,180g,"29,432",74,184.0,2.486,21.4,2.7,9.0,4495,98.0%,No,Fixed Price,2025,46.52,$71.57
779,Outkast,Southernplayalisticadillacmuzik,Hip-Hop,1973,france,Limited Colored Vinyl,1,Good,Good Plus,180.0,"12,743",570,763.0,1.339,72.9,33.7,37.0,4658,89.6%,No,Fixed Price,2016,54.77,$52.66
780,Peter Gabriel,Us,Pop,1982,US,Standard Reissue,False,Mint,Very Good,120.0,"46,221",474,856.0,1.806,57.8,61.4,5.0,2466,96.7%,False,Fixed Price,2024,57.13,$79.02
781,Massive Attack,Mezzanine,Electronic,2022,,Standard Reissue,0,Very Good Plus,Very Good,120g,"19,218",521,864.0,1.658,56.9,68.0,,1847,98.4%,Yes,Fixed Price,2023,67.15,$94.40
782,Black Sabbath,Master of Reality,Rock,1996,US,Original 1st Press,False,Good Plus,Very Good,180g,"30,784",461,579.0,1.256,71.3,24.7,8.0,2453,96.8%,False,Fixed Price,2018,64.12,$76.24
783,The Rolling Stones,Voodoo Lounge,Rock,1962,france,Original 1st Press,0,Very Good,Very Good,180.0,"7,081",236,399.0,1.691,98.0,51.1,33.0,2385,92.5%,0,Fixed Price,2018,85.76,$110.15
784,Emmylou Harris,Wrecking Ball,Country,2012,France,Original 1st Press,False,Good,Very Good,120.0,"11,087",222,143.0,0.644,31.5,41.7,4.0,632,92.1%,No,Auction,2022,55.70,$52.01
785,Anita Baker,Rapture,Soul,1983,Brazil,Standard Reissue,No,Good Plus,,140g,"4,004",661,1282.0,1.939,17.9,48.4,12.0,525,94.9%,No,Auction,2024,46.64,$51.12
786,Neil Young,Harvest,Folk,2012,Germany,Anniversary Edition,1,Good,Very Good,180g,"10,126",1174,1341.0,1.142,63.8,10.0,3.0,3471,93.0%,No,Auction,2016,53.29,$48.18
787,R.E.M.,Document,Alternative,1965,Japan,Anniversary Edition,Yes,Very Good Plus,,200g,"18,838",502,907.0,1.807,63.2,34.0,18.0,4735,99.1%,Yes,Fixed Price,2024,50.22,$67.59
788,Aphex Twin,Syro,Electronic,2022,Australia,Standard Reissue,0,Near Mint,Very Good,180.0,"48,119",1119,421.0,0.376,63.0,25.0,24.0,1414,96.4%,True,Fixed Price,2022,38.10,$56.16
789,D'Angelo,Brown Sugar,R&B,1989,france,Anniversary Edition,True,Near Mint,Good,140.0,"13,114",354,148.0,0.418,71.4,65.9,0.0,2558,100.0%,False,Fixed Price,2016,69.87,$87.16
790,Pearl Jam,Vitalogy,Alternative,2012,JAPAN,Standard Reissue,False,Very Good Plus,Very Good,180g,"19,153",165,207.0,1.255,65.2,14.0,9.0,4637,92.2%,False,Fixed Price,2025,48.65,$65.58
791,J Dilla,The Shining,Hip-Hop,1960,US,Test Pressing,Yes,Good,Very Good Plus,200g,"28,058",146,495.0,3.39,40.7,16.0,9.0,3393,98.0%,Yes,Auction,2018,62.27,$60.40
792,Radiohead,OK Computer,Alternative,1980,NETHERLANDS,Standard Reissue,No,Near Mint,Poor,180.0,"20,455",501,1251.0,2.497,86.7,50.6,33.0,4906,92.2%,Yes,Fixed Price,2023,68.89,$91.01
793,Bob Dylan,Highway 61 Revisited,Folk,1989,UK,Anniversary Edition,1,Very Good,Good Plus,120g,"34,796",514,1853.0,3.605,89.0,54.2,81.0,565,100.0%,Yes,Fixed Price,2022,74.22,$78.13
794,The Rolling Stones,Tattoo You,Rock,1980,France,Anniversary Edition,Yes,Near Mint,Very Good Plus,140.0,"4,093",363,967.0,2.664,90.2,35.8,4.0,3444,95.7%,Yes,Fixed Price,2021,71.64,$84.19
795,Public Enemy,Fear of a Black Planet,Hip-Hop,1997,Japan,Promo Copy,No,Good Plus,Very Good,,"46,453",1561,2557.0,1.638,74.3,15.5,12.0,1812,100.0%,No,Fixed Price,2023,51.22,$56.75
796,Outkast,Aquemini,Hip-Hop,1962,US,Test Pressing,1,Good Plus,Very Good Plus,140g,"5,867",453,901.0,1.989,71.2,76.6,36.0,440,95.7%,0,Fixed Price,2019,96.66,$97.81
797,David Bowie,Station to Station,Rock,1976,japan,Original 1st Press,No,Near Mint,Very Good,180g,"48,380",209,199.0,0.952,88.6,18.3,5.0,1892,96.8%,No,Fixed Price,2025,70.06,$90.94
798,John Coltrane,A Love Supreme,Jazz,1996,Australia,Standard Reissue,False,Good Plus,Near Mint,,"39,866",1319,2203.0,1.67,75.7,64.3,5.0,1893,100.0%,No,Fixed Price,2016,66.81,$82.82
799,Massive Attack,Mezzanine,Electronic,1992,Netherlands,Standard Reissue,No,Very Good Plus,Good Plus,180.0,"7,544",1528,1597.0,1.045,53.9,67.6,5.0,1865,94.5%,True,Auction,2016,56.91,$61.02
800,Snoop Dogg,Doggystyle,Hip-Hop,1986,France,Original 1st Press,No,Mint,,200g,"49,919",145,239.0,1.648,73.1,34.7,2.0,4231,92.6%,1,Auction,2019,68.92,$100.17
801,Prince,Dirty Mind,R&B,2008,Netherlands,Standard Reissue,No,Very Good Plus,Very Good Plus,120g,"8,723",856,1922.0,2.245,91.9,51.7,1.0,2630,95.3%,False,Fixed Price,2022,75.43,$106.87
802,John Coltrane,A Love Supreme,Jazz,1984,Brazil,Promo Copy,No,Good Plus,Very Good Plus,180g,"12,186",589,113.0,0.192,71.5,67.8,0.0,3376,95.6%,0,Fixed Price,2025,72.90,$73.31
803,R.E.M.,Green,Alternative,1997,Germany,Limited Colored Vinyl,yes,Very Good,Very Good Plus,180.0,"45,016",63,106.0,1.683,65.1,69.7,27.0,2862,92.5%,No,Fixed Price,2021,68.28,$87.24
804,Bob Marley,Exodus,Reggae,1963,Japan,Promo Copy,False,Near Mint,,200g,"37,123",350,794.0,2.269,98.8,27.8,14.0,3250,97.1%,No,Fixed Price,2025,69.18,$94.89
805,David Bowie,Scary Monsters,Rock,1991,Germany,Limited Colored Vinyl,Yes,Near Mint,Near Mint,140.0,"47,484",564,1856.0,3.291,91.2,19.8,4.0,2538,96.2%,0,Fixed Price,2016,66.46,$104.64
806,Dave Brubeck,Time Out,Jazz,1998,Japan,Test Pressing,Yes,Good,Very Good Plus,180g,"40,077",34,8.0,0.235,28.6,31.6,5.0,1969,93.6%,Yes,Auction,2020,58.76,$50.41
807,Patti Smith,Easter,Rock,2002,us,Limited Colored Vinyl,True,Very Good Plus,Very Good,200g,"23,875",111,40.0,0.36,29.9,46.5,1.0,3443,99.7%,No,Fixed Price,2025,47.81,$67.26
808,Willie Nelson,Red Headed Stranger,Country,1976,BRAZIL,Standard Reissue,False,Good Plus,Very Good,140.0,"33,676",2416,4843.0,2.005,65.3,9.5,10.0,1033,97.5%,Yes,Fixed Price,2023,40.64,$48.87
809,Prince,Dirty Mind,R&B,2017,Japan,Anniversary Edition,True,Near Mint,Very Good,140.0,"23,813",406,691.0,1.702,91.0,49.7,0.0,2206,93.5%,1,Fixed Price,2021,72.56,$105.51
810,Emmylou Harris,Wrecking Ball,Country,2004,BRAZIL,Promo Copy,no,Good Plus,Good Plus,,"40,993",37,58.0,1.568,27.8,42.6,20.0,514,100.0%,Yes,Auction,2017,48.73,$44.94
811,Sly and the Family Stone,Stand!,Soul,1999,brazil,Anniversary Edition,Yes,Very Good,Good Plus,120g,"15,626",234,749.0,3.201,72.4,71.9,9.0,4369,100.0%,0,Fixed Price,2025,67.52,$76.59
812,Jimi Hendrix,Electric Ladyland,Rock,1965,Australia,Original 1st Press,No,Very Good,Very Good,120g,"9,495",297,665.0,2.239,73.7,23.3,4.0,2690,98.7%,False,Auction,2023,69.92,$92.81
813,Michael Jackson,Thriller,Pop,1986,UK,Standard Reissue,False,Very Good Plus,,140g,"29,867",1334,1152.0,0.864,94.2,61.6,6.0,2837,97.2%,False,Auction,2021,70.03,$92.78
814,New Order,"Power, Corruption and Lies",Electronic,1965,UK,Standard Reissue,False,Very Good Plus,Good Plus,180.0,"37,673",563,134.0,0.238,73.5,10.6,3.0,2354,99.8%,Yes,Auction,2025,48.56,$62.06
815,Carole King,Tapestry,Folk,1985,France,Standard Reissue,No,Near Mint,Good,120.0,915,545,1151.0,2.112,57.9,28.8,16.0,4562,92.7%,False,Auction,2015,60.18,$87.41
816,R.E.M.,Murmur,Alternative,1999,Netherlands,Test Pressing,Yes,Fair,Very Good Plus,200g,"46,986",133,27.0,0.203,60.5,51.1,40.0,476,95.1%,False,Fixed Price,2016,61.61,$54.67
817,Talking Heads,Speaking in Tongues,Alternative,2009,NETHERLANDS,Promo Copy,No,Near Mint,Very Good Plus,180g,"22,588",452,63.0,0.139,82.8,31.9,,1464,98.5%,Yes,Fixed Price,2016,60.58,$98.30
818,Sufjan Stevens,Carrie & Lowell,Folk,1960,Australia,Standard Reissue,False,Very Good,Very Good,,"16,803",667,525.0,0.787,56.6,11.3,3.0,4459,98.4%,No,Fixed Price,2023,41.83,$54.57
819,Jimi Hendrix,Electric Ladyland,Rock,1997,Netherlands,Anniversary Edition,True,Very Good,Very Good Plus,180.0,"38,659",126,415.0,3.294,71.2,16.0,22.0,4940,95.7%,No,Fixed Price,2025,53.92,$60.70
820,The Rolling Stones,Made in the Shade,Rock,2003,Japan,Standard Reissue,No,Near Mint,Very Good,120.0,"11,393",121,287.0,2.372,93.8,18.5,3.0,2946,98.3%,no,Fixed Price,2025,64.39,$76.50
821,Joanna Newsom,Ys,Folk,1964,brazil,Limited Colored Vinyl,yes,Very Good Plus,Good Plus,180.0,"46,231",557,1477.0,2.652,33.0,41.4,14.0,251,100.0%,Yes,Auction,2017,42.08,$56.96
822,Simon & Garfunkel,Sounds of Silence,Folk,1979,Brazil,Original 1st Press,False,Mint,Mint,140.0,"34,087",257,61.0,0.237,66.9,46.0,6.0,3981,100.0%,No,Fixed Price,2021,63.18,$109.64
823,James Taylor,JT,Folk,2005,GERMANY,Standard Reissue,No,Very Good Plus,Near Mint,180g,"46,094",82,173.0,2.11,30.6,9.5,7.0,152,100.0%,no,Fixed Price,2018,25.21,$34.34
824,Nas,Illmatic,Hip-Hop,1998,germany,Standard Reissue,False,Near Mint,Very Good Plus,120g,"46,479",876,232.0,0.265,72.7,15.2,5.0,1968,92.9%,False,Fixed Price,2016,42.98,$62.71
825,Kendrick Lamar,DAMN.,Hip-Hop,1985,BRAZIL,Standard Reissue,0,Very Good,Near Mint,120.0,"16,129",558,377.0,0.676,91.5,72.1,7.0,2170,98.4%,False,Auction,2020,65.84,$93.27
826,Pearl Jam,Vitalogy,Alternative,2007,Australia,Limited Colored Vinyl,Yes,Good,Very Good Plus,140g,"25,594",389,906.0,2.329,66.2,11.1,19.0,1550,99.8%,Yes,Fixed Price,2020,59.87,$74.10
827,Paul Simon,Graceland,Folk,2005,Australia,Promo Copy,No,Very Good Plus,Very Good,140.0,"24,127",983,1562.0,1.589,72.2,12.3,18.0,1629,100.0%,No,Fixed Price,2017,54.70,$75.10
828,R.E.M.,Document,Alternative,1990,US,Original 1st Press,No,Very Good Plus,Good,180g,"29,363",664,111.0,0.167,68.0,27.4,20.0,4734,96.9%,No,Fixed Price,2019,62.78,$93.39
829,Carole King,Tapestry,Folk,2003,Netherlands,Limited Colored Vinyl,True,Mint,,120.0,"10,567",624,712.0,1.141,58.4,30.2,15.0,4721,96.5%,no,Auction,2017,57.13,$89.95
830,Vampire Weekend,Father of the Bride,Alternative,1960,Australia,Promo Copy,False,Good Plus,Good Plus,200g,484,280,170.0,0.607,65.2,47.8,0.0,2536,92.8%,No,Fixed Price,2022,65.68,$70.34
831,Metallica,Ride the Lightning,Rock,1977,Netherlands,Standard Reissue,No,Very Good,Very Good,120.0,"17,584",834,1928.0,2.312,88.8,19.4,12.0,4201,100.0%,Yes,Fixed Price,2016,55.35,$65.56
832,Bjork,Vespertine,Electronic,1987,France,Original 1st Press,0,Poor,,140g,"19,427",298,744.0,2.497,69.0,22.0,15.0,2674,97.1%,No,Fixed Price,2016,66.68,$53.59
833,The National,Boxer,Alternative,1961,US,Anniversary Edition,Yes,Very Good Plus,Good Plus,140.0,"10,937",152,253.0,1.664,49.9,64.7,50.0,2211,100.0%,No,Auction,2015,63.27,$69.11
834,Eminem,The Eminem Show,Hip-Hop,1969,UK,Standard Reissue,No,Very Good Plus,Very Good Plus,200.0,"16,169",2222,373.0,0.168,100.2,25.5,0.0,2728,100.0%,No,Fixed Price,2023,54.87,$72.70
835,Outkast,Aquemini,Hip-Hop,1963,Germany,Standard Reissue,No,Good Plus,Very Good,200.0,"46,584",1609,183.0,0.114,68.2,72.7,8.0,3647,100.0%,No,Fixed Price,2021,57.26,$67.66
836,Paul Simon,Graceland,Folk,1985,Germany,Standard Reissue,False,Mint,Very Good Plus,120.0,"17,659",876,442.0,0.505,78.7,10.1,3.0,2905,92.5%,No,Fixed Price,2024,50.34,$78.61
837,Pink Floyd,The Wall,Rock,2015,Germany,Limited Colored Vinyl,True,Near Mint,Very Good,140.0,"18,125",886,1179.0,1.331,93.8,64.0,0.0,1444,96.5%,No,Fixed Price,2022,79.60,$101.42
838,David Bowie,Ziggy Stardust,Rock,2020,Australia,Standard Reissue,no,Good Plus,Very Good Plus,140g,"27,726",2274,1387.0,0.61,88.1,8.0,58.0,718,100.0%,0,Fixed Price,2025,47.61,$56.85
839,Public Enemy,Fear of a Black Planet,Hip-Hop,2022,France,Standard Reissue,False,Good Plus,Very Good Plus,200.0,"14,928",797,,1.448,74.6,17.5,1.0,131,97.6%,Yes,Auction,2022,53.62,$59.33
840,Tame Impala,The Slow Rush,Alternative,1963,Netherlands,Promo Copy,No,Very Good Plus,,180.0,"13,108",84,26.0,0.31,56.7,71.5,13.0,3244,95.1%,False,Fixed Price,2016,64.51,$91.51
841,The Beach Boys,Surf's Up,Pop,1980,Australia,Original 1st Press,No,Very Good Plus,Very Good,180g,"33,497",190,211.0,1.111,75.5,31.2,82.0,2018,94.2%,Yes,Fixed Price,2020,68.17,$79.52
842,Prince,Sign o' the Times,R&B,2014,Netherlands,Test Pressing,Yes,  Good Plus ,Very Good,140.0,"11,113",185,547.0,2.957,86.2,45.4,5.0,3126,97.1%,Yes,Fixed Price,2025,95.75,$106.59
843,Pearl Jam,Vitalogy,Alternative,1972,Australia,Standard Reissue,0,  Good ,Near Mint,180g,"26,794",1776,1240.0,0.698,70.2,10.9,5.0,3084,100.0%,Yes,Fixed Price,2022,46.12,$49.19
844,Dr. Dre,The Chronic,Hip-Hop,1987,Australia,Standard Reissue,No,Very Good,Good Plus,200.0,"43,027",792,1975.0,2.494,94.1,19.4,13.0,2020,98.1%,No,Fixed Price,2021,54.16,$75.29
845,Red Hot Chili Peppers,Stadium Arcadium,Alternative,2012,Japan,Standard Reissue,No,Good Plus,Very Good,140g,"32,858",405,108.0,0.267,66.9,41.7,14.0,1187,95.5%,No,Fixed Price,2025,53.02,$66.17
846,Brian Eno,Another Green World,Electronic,1963,Japan,Limited Colored Vinyl,yes,Good Plus,Mint,120g,"7,452",276,714.0,2.587,37.0,20.7,23.0,356,96.2%,No,Auction,2025,50.59,$66.10
847,Nina Simone,Nina Simone in Concert,Jazz,1971,brazil,Promo Copy,No,Good Plus,Good,200.0,"2,998",339,166.0,0.49,68.1,45.8,14.0,4357,94.7%,False,Fixed Price,2022,68.15,$70.59
848,Metallica,...And Justice for All,Rock,2012,UK,Limited Colored Vinyl,Yes,  Very Good ,Good Plus,120g,"37,330",831,2333.0,2.807,97.9,61.8,3.0,1768,94.6%,No,Fixed Price,2021,82.37,$113.72
849,Joy Division,Closer,Alternative,1993,germany,Limited Colored Vinyl,1,Near Mint,Very Good Plus,180.0,"7,464",753,1270.0,1.687,41.0,60.6,15.0,2545,97.8%,Yes,Auction,2018,62.66,$88.73
850,The Rolling Stones,Exile on Main St.,Rock,2008,Brazil,Original 1st Press,False,Mint,Very Good,180g,"41,182",197,476.0,2.416,92.2,8.0,81.0,3609,96.4%,No,Fixed Price,2020,65.06,$85.05
851,Vampire Weekend,Contra,Alternative,2010,Netherlands,Promo Copy,0,Very Good Plus,Very Good Plus,140g,"2,693",90,160.0,1.778,76.0,32.9,1.0,2815,97.4%,0,Fixed Price,2020,67.35,$97.27
852,Massive Attack,Blue Lines,Electronic,1962,Japan,Standard Reissue,No,Good Plus,Mint,200.0,"8,326",181,,1.398,57.8,20.0,,614,97.3%,No,Fixed Price,2023,49.43,$63.86
853,De La Soul,3 Feet High and Rising,Hip-Hop,2019,Japan,Original 1st Press,no,Mint,Good Plus,140.0,"17,254",657,448.0,0.682,75.8,48.8,27.0,3891,98.7%,no,Fixed Price,2021,78.51,$117.42
854,Kraftwerk,Autobahn,Electronic,2015,Germany,Original 1st Press,No,Very Good,Very Good Plus,120.0,"43,687",302,247.0,0.818,79.9,33.6,12.0,4007,97.2%,True,Auction,2024,66.25,$74.47
855,Joy Division,Unknown Pleasures,Alternative,1972,UK,Anniversary Edition,Yes,Near Mint,Fair,120g,"29,495",306,1080.0,3.529,38.5,72.6,24.0,702,98.9%,No,Fixed Price,2016,63.79,$90.77
856,Funkadelic,Uncle Jam Wants You,R&B,1967,UK,Anniversary Edition,Yes,Near Mint,Near Mint,180.0,"29,921",886,1981.0,2.236,40.5,70.0,24.0,2380,92.9%,0,Fixed Price,2017,62.90,$80.73
857,De La Soul,De La Soul Is Dead,Hip-Hop,1965,Brazil,Standard Reissue,False,Very Good Plus,Very Good,180.0,"3,343",851,1370.0,1.61,76.4,42.3,4.0,746,94.0%,No,Fixed Price,2019,63.78,$87.25
858,Snoop Dogg,Doggystyle,Hip-Hop,1969,Canada,Standard Reissue,No,Good,Good,140.0,"39,312",579,371.0,0.641,72.6,32.1,6.0,2355,98.0%,Yes,Fixed Price,2025,47.87,$41.62
859,The Beatles,Rubber Soul,Rock,2020,Netherlands,Anniversary Edition,1,Very Good,Good Plus,180.0,"25,304",439,602.0,1.371,90.3,29.2,4.0,3856,97.6%,No,Fixed Price,2023,58.64,$75.44
860,Bob Dylan,Blood on the Tracks,Folk,2002,NETHERLANDS,Standard Reissue,False,Very Good Plus,,180g,"32,460",679,721.0,1.062,85.8,6.4,2.0,4249,94.9%,No,Fixed Price,2019,48.13,$53.04
861,Outkast,Aquemini,Hip-Hop,1994,NETHERLANDS,Promo Copy,0,Near Mint,Poor,180.0,"37,172",366,698.0,1.907,75.5,73.2,,3264,98.2%,0,Fixed Price,2017,80.46,$105.48
862,Tame Impala,Lonerism,Alternative,2003,Brazil,Promo Copy,No,Mint,Very Good,140g,"19,887",347,373.0,1.075,57.0,39.1,5.0,4584,93.9%,Yes,Fixed Price,2020,59.52,$84.59
863,Dr. Dre,The Chronic,Hip-Hop,1995,UK,Standard Reissue,No,Near Mint,Near Mint,140.0,"2,863",434,135.0,0.311,93.8,23.8,,2681,95.9%,False,Auction,2017,56.19,$96.65
864,The Strokes,Room on Fire,Alternative,2018,Japan,Anniversary Edition,yes,Near Mint,Mint,140g,"14,468",767,1832.0,2.389,68.5,17.5,43.0,1551,97.7%,no,Auction,2021,60.45,$92.51
865,Beastie Boys,Paul's Boutique,Hip-Hop,1999,Brazil,Test Pressing,True,Very Good,Fair,120.0,"33,810",861,773.0,0.898,58.0,8.8,2.0,3430,99.6%,no,Fixed Price,2022,70.13,$74.28
866,Miles Davis,Kind of Blue,Jazz,2008,Australia,Promo Copy,No,Near Mint,Near Mint,200g,"12,109",944,1823.0,1.931,76.5,37.3,1.0,2123,95.3%,No,Auction,2018,64.55,$90.25
867,De La Soul,3 Feet High and Rising,Hip-Hop,1987,brazil,Anniversary Edition,Yes,Very Good Plus,Near Mint,200g,"29,057",806,2052.0,2.546,75.1,52.0,5.0,2950,96.2%,False,Fixed Price,2017,68.96,$93.57
868,Jane's Addiction,Nothing's Shocking,Alternative,2004,Netherlands,Standard Reissue,no,  Very Good Plus ,Good Plus,180.0,"23,271",1083,1732.0,1.599,26.0,19.8,2.0,607,92.1%,Yes,Fixed Price,2025,38.19,$43.77
869,Daft Punk,Discovery,Electronic,1972,AUSTRALIA,Anniversary Edition,Yes,Poor,Near Mint,140g,"10,187",1081,2167.0,2.005,81.4,74.4,44.0,3658,98.2%,yes,Fixed Price,2023,70.54,$61.25
870,Daft Punk,Discovery,Electronic,2013,Netherlands,Standard Reissue,0,Near Mint,Very Good Plus,200g,"30,370",972,623.0,0.641,85.4,75.0,10.0,3435,97.2%,No,Fixed Price,2025,68.34,$81.66
871,Stevie Wonder,Music of My Mind,Soul,1970,Germany,Original 1st Press,0,Very Good,Very Good,180.0,"26,896",292,485.0,1.661,89.0,43.9,38.0,788,100.0%,No,Auction,2023,77.93,$101.01
872,Frank Ocean,"Nostalgia, Ultra",R&B,1966,us,Standard Reissue,No,Very Good,Very Good Plus,180.0,"40,220",744,972.0,1.306,99.5,39.4,12.0,1592,98.1%,False,Fixed Price,2016,65.99,$72.57
873,James Taylor,JT,Folk,1982,Brazil,Standard Reissue,0,Mint,Very Good Plus,140g,"21,012",201,60.0,0.299,29.3,10.1,68.0,3172,94.0%,no,Auction,2018,33.03,$47.86
874,Pink Floyd,Wish You Were Here,Rock,2008,japan,Original 1st Press,0,Near Mint,,200.0,"17,824",169,417.0,2.467,92.1,24.0,0.0,2004,100.0%,no,Auction,2018,76.12,$123.85
875,Japandroids,Post-Nothing,Alternative,1969,Brazil,Anniversary Edition,Yes,Fair,Fair,140g,"37,659",249,307.0,1.233,32.7,46.1,4.0,4175,96.1%,True,Fixed Price,2019,43.58,$28.21
876,Kings of Leon,Because of the Times,Alternative,1966,US,Standard Reissue,0,Very Good,Very Good,120.0,"22,729",1487,3089.0,2.077,73.3,17.3,3.0,332,96.5%,Yes,Auction,2019,52.27,$51.66
877,The Rolling Stones,Some Girls,Rock,1996,UK,Test Pressing,1,Good Plus,,180.0,"13,768",304,304.0,1.0,92.7,42.4,4.0,3352,97.7%,no,Auction,2017,80.86,$91.09
878,The Beatles,The White Album,Rock,1970,Canada,Standard Reissue,No,Near Mint,Near Mint,180.0,"28,767",825,774.0,0.938,89.6,65.7,1.0,3471,92.1%,0,Fixed Price,2018,64.10,$102.01
879,Public Enemy,Fear of a Black Planet,Hip-Hop,2003,brazil,Standard Reissue,No,Good Plus,Very Good Plus,120g,"43,735",405,555.0,1.37,75.0,21.4,14.0,4344,97.4%,No,Fixed Price,2017,51.66,$62.04
880,The Beach Boys,Wild Honey,Pop,1976,Japan,Standard Reissue,No,Good,Mint,120g,"20,337",1796,1569.0,0.874,78.1,31.6,9.0,1916,92.3%,1,Auction,2022,54.37,$60.98
881,Massive Attack,Mezzanine,Electronic,2022,Netherlands,Anniversary Edition,Yes,Near Mint,Very Good Plus,140g,"12,140",1262,4443.0,3.521,57.5,63.6,29.0,4534,100.0%,no,Fixed Price,2022,62.20,$76.28
882,R.E.M.,Green,Alternative,1973,canada,Limited Colored Vinyl,Yes,Very Good,Good Plus,120.0,"9,343",1351,409.0,0.303,66.1,73.4,27.0,1618,93.8%,Yes,Auction,2017,70.72,$89.85
883,Daft Punk,Homework,Electronic,2010,japan,Limited Colored Vinyl,Yes,Very Good Plus,Good Plus,140.0,"3,807",294,1076.0,3.66,91.0,39.1,3.0,413,99.0%,False,Fixed Price,2019,72.60,$80.47
884,Prince,Purple Rain,R&B,2002,France,Limited Colored Vinyl,Yes,  Very Good Plus ,Near Mint,120.0,"8,568",572,1254.0,2.192,87.1,40.3,0.0,1621,98.2%,Yes,Fixed Price,2017,72.92,$84.57
885,Brian Eno,Another Green World,Electronic,1992,US,Original 1st Press,0,Very Good,Mint,140.0,"15,532",660,421.0,0.638,41.3,18.3,0.0,173,95.7%,False,Fixed Price,2016,60.07,$78.75
886,Miles Davis,Kind of Blue,Jazz,1964,US,Standard Reissue,No,Very Good Plus,Good Plus,200.0,"16,042",1981,666.0,0.336,78.8,37.5,19.0,1538,98.9%,0,Fixed Price,2021,56.23,$58.03
887,R.E.M.,Green,Alternative,2020,Japan,Standard Reissue,No,Good Plus,Near Mint,140.0,"46,276",2214,4490.0,2.028,62.2,72.7,3.0,2272,97.4%,No,Auction,2020,61.44,$86.03
888,The Rolling Stones,Beggars Banquet,Rock,1965,canada,Standard Reissue,False,Good,Mint,200.0,"20,288",621,926.0,1.491,89.7,38.2,30.0,2598,92.9%,Yes,Auction,2022,63.68,$72.50
889,Funkadelic,Uncle Jam Wants You,R&B,2010,UK,Standard Reissue,No,Near Mint,Good,140.0,"48,122",1062,455.0,0.428,37.2,62.1,15.0,345,97.4%,No,Fixed Price,2021,47.36,$66.67
890,The Notorious B.I.G.,Ready to Die,Hip-Hop,1988,germany,Standard Reissue,No,Very Good Plus,Near Mint,140g,"42,735",1994,2196.0,1.101,95.8,78.8,5.0,1341,97.5%,No,Fixed Price,2018,78.51,$116.78
891,Dolly Parton,Trio,Country,1978,UK,Limited Colored Vinyl,1,Very Good Plus,Very Good Plus,180.0,707,107,232.0,2.168,62.3,79.6,11.0,1748,96.6%,False,Fixed Price,2019,76.54,$90.70
892,David Bowie,Let's Dance,Pop,1979,Brazil,Original 1st Press,0,Near Mint,Very Good Plus,120.0,"39,169",330,283.0,0.858,90.0,36.8,33.0,3329,97.2%,0,Fixed Price,2018,75.49,$94.73
893,Johnny Cash,At Folsom Prison,Country,2000,Brazil,Limited Colored Vinyl,Yes,Very Good,Good,200g,"36,873",674,426.0,0.632,97.4,58.5,0.0,645,99.9%,0,Fixed Price,2018,70.82,$88.97
894,Fleetwood Mac,Fleetwood Mac,Rock,2004,Germany,Anniversary Edition,1,Good Plus,Very Good Plus,180g,"36,297",773,1900.0,2.458,84.4,79.4,,3715,99.2%,0,Fixed Price,2022,82.79,$109.54
895,Metallica,...And Justice for All,Rock,1984,AUSTRALIA,Limited Colored Vinyl,Yes,Very Good,Near Mint,140.0,"36,345",1202,2791.0,2.322,94.8,59.0,9.0,3663,99.2%,0,Auction,2017,73.92,$97.31
896,Black Uhuru,Red,Reggae,1978,FRANCE,Original 1st Press,False,Good,Mint,140.0,"12,606",220,547.0,2.486,26.9,36.8,0.0,1125,98.2%,Yes,Fixed Price,2022,50.36,$55.93
897,My Bloody Valentine,Isn't Anything,Alternative,1976,Germany,Standard Reissue,No,Good Plus,Very Good,120.0,"30,650",1113,561.0,0.504,26.4,77.4,4.0,1827,,0,Auction,2015,52.06,$65.49
898,Willie Nelson,Red Headed Stranger,Country,1970,JAPAN,Anniversary Edition,Yes,Very Good,Poor,140g,"48,584",609,1879.0,3.085,61.2,7.5,18.0,2628,100.0%,No,Fixed Price,2021,50.74,$53.85
899,Frank Ocean,Blonde,R&B,1968,CANADA,Limited Colored Vinyl,1,Near Mint,Near Mint,180g,"24,978",751,597.0,0.795,102.0,35.3,11.0,4046,89.1%,1,Fixed Price,2015,64.02,$90.89
900,Prince,Sign o' the Times,R&B,1980,Canada,Test Pressing,Yes,Good Plus,Near Mint,180.0,"35,122",510,1040.0,2.039,87.6,50.7,26.0,4116,95.6%,Yes,Fixed Price,2024,89.75,$94.11
901,New Order,Technique,Electronic,1972,Netherlands,Promo Copy,No,Very Good,Very Good Plus,200.0,"37,999",353,727.0,2.059,63.4,55.3,33.0,120,97.4%,False,Auction,2022,58.99,$73.72
902,Dolly Parton,Trio,Country,2021,Netherlands,Standard Reissue,No,Very Good,Very Good Plus,140.0,"25,518",946,1621.0,1.714,66.6,77.3,16.0,2437,97.7%,False,Fixed Price,2022,68.02,$73.97
903,Beastie Boys,Paul's Boutique,Hip-Hop,2004,germany,Anniversary Edition,1,Very Good Plus,Very Good,120.0,"41,664",1240,2422.0,1.953,49.6,9.7,3.0,2685,99.7%,No,Auction,2023,39.90,$40.04
904,Bob Dylan,Nashville Skyline,Folk,1987,Canada,Standard Reissue,False,Very Good Plus,Near Mint,120.0,"8,927",859,95.0,0.111,94.8,25.6,28.0,4461,99.6%,No,Fixed Price,2020,63.05,$95.54
905,Daft Punk,Random Access Memories,Electronic,1995,Brazil,Standard Reissue,False,  Good ,Very Good,140.0,"8,309",397,133.0,0.335,88.0,76.1,5.0,4233,96.7%,1,Fixed Price,2018,76.81,$70.20
906,Marvin Gaye,Trouble Man,Soul,1985,japan,Original 1st Press,No,Near Mint,Very Good Plus,180g,"23,822",478,,1.406,88.9,54.6,6.0,2378,95.9%,1,Fixed Price,2017,78.57,$98.19
907,Nina Simone,Nina Simone in Concert,Jazz,2005,us,Standard Reissue,No,Very Good Plus,Poor,,"26,583",2010,3230.0,1.607,71.2,45.7,48.0,4278,94.1%,No,Fixed Price,2016,64.10,$82.23
908,John Coltrane,A Love Supreme,Jazz,1960,Japan,Standard Reissue,No,Near Mint,Poor,180.0,"46,110",613,1390.0,2.268,67.1,66.6,17.0,2887,90.5%,Yes,Fixed Price,2020,59.84,$75.98
909,U2,Achtung Baby,Rock,2018,Australia,Original 1st Press,No,Very Good Plus,Very Good Plus,140g,"8,447",191,381.0,1.995,78.6,35.0,,3399,92.4%,1,Fixed Price,2019,82.78,$91.30
910,Willie Nelson,Red Headed Stranger,Country,1964,Japan,Standard Reissue,No,Very Good,Very Good,180.0,876,1499,1215.0,0.811,64.5,10.6,43.0,4490,,False,Fixed Price,2016,47.45,$57.69
911,N.W.A,Straight Outta Compton,Hip-Hop,1975,Canada,Standard Reissue,no,Near Mint,Near Mint,120.0,"13,159",984,366.0,0.372,61.3,44.4,12.0,700,99.7%,Yes,Fixed Price,2025,55.25,$73.48
912,D'Angelo,Brown Sugar,R&B,1962,Netherlands,Standard Reissue,No,Very Good,Very Good Plus,140g,"46,555",85,148.0,1.741,67.2,65.3,33.0,3575,97.6%,True,Auction,2021,64.39,$72.84
913,Rage Against the Machine,Rage Against the Machine,Alternative,1981,,Original 1st Press,No,Very Good,Very Good,180g,"1,203",88,54.0,0.614,68.3,79.4,3.0,1993,94.3%,No,Auction,2022,78.69,$92.65
914,Simon & Garfunkel,Bridge Over Troubled Water,Folk,2021,Canada,Standard Reissue,no,Mint,Good,200.0,"34,227",1445,3374.0,2.335,68.5,45.1,9.0,975,100.0%,No,Fixed Price,2023,57.72,$83.02
915,Black Uhuru,Sinsemilla,Reggae,1968,UK,Anniversary Edition,1,  Mint ,Very Good,120g,"16,582",303,949.0,3.132,22.8,56.1,29.0,1582,95.2%,No,Fixed Price,2017,55.04,$72.69
916,Black Uhuru,Red,Reggae,1970,Australia,Standard Reissue,No,Very Good Plus,Very Good,120.0,"2,783",783,988.0,1.262,20.0,33.9,20.0,788,97.4%,yes,Fixed Price,2015,39.03,$52.99
917,David Bowie,Heroes,Rock,2003,france,Standard Reissue,No,Near Mint,Good,180.0,"17,520",194,19.0,0.098,83.6,12.7,1.0,2086,94.0%,no,Fixed Price,2016,53.74,$70.73
918,Brian Eno,Music for Airports,Electronic,2008,Australia,Standard Reissue,False,Very Good Plus,Very Good,180.0,"20,484",758,,2.361,45.4,25.3,38.0,3088,95.9%,No,Fixed Price,2024,38.39,$47.02
919,Burning Spear,Marcus Garvey,Reggae,2001,,Limited Colored Vinyl,True,Very Good Plus,Very Good Plus,140g,637,1236,2252.0,1.822,22.2,30.6,24.0,910,96.7%,True,Fixed Price,2017,52.18,$70.99
920,Bob Marley,Catch a Fire,Reggae,1981,Canada,Limited Colored Vinyl,yes,Mint,Very Good Plus,120.0,"21,737",255,698.0,2.737,91.7,50.8,23.0,509,94.7%,Yes,Fixed Price,2024,78.81,$90.21
921,Dave Brubeck,Time Out,Jazz,1990,france,Limited Colored Vinyl,Yes,Very Good Plus,Very Good Plus,140.0,"35,173",244,749.0,3.07,29.9,36.8,2.0,1695,99.2%,False,Auction,2015,47.91,$62.76
922,Outkast,ATLiens,Hip-Hop,2011,Brazil,Promo Copy,False,Good Plus,Poor,140.0,"23,892",847,1266.0,1.495,71.9,73.2,8.0,3667,100.0%,Yes,Fixed Price,2025,76.17,$74.34
923,Daft Punk,Discovery,Electronic,2012,Australia,Original 1st Press,No,Near Mint,Good Plus,140g,"27,212",48,36.0,0.75,82.2,71.1,19.0,2344,95.4%,Yes,Fixed Price,2015,87.49,$108.93
924,AC/DC,Highway to Hell,Rock,1961,UK,Standard Reissue,No,Very Good Plus,Very Good Plus,120g,"20,305",382,651.0,1.704,94.7,17.0,12.0,359,100.0%,yes,Fixed Price,2018,57.78,$84.40
925,Bjork,Post,Electronic,2007,Germany,Limited Colored Vinyl,True,Near Mint,Near Mint,140.0,"48,390",567,1792.0,3.16,77.2,64.9,19.0,1247,98.6%,yes,Auction,2019,66.92,$118.18
926,Midnight Oil,Blue Sky Mining,Rock,1966,AUSTRALIA,Standard Reissue,0,Very Good,Near Mint,120.0,"35,746",2076,3551.0,1.711,30.8,33.3,22.0,3190,98.2%,no,Fixed Price,2016,41.19,$55.78
927,D'Angelo,Black Messiah,R&B,1979,Australia,Original 1st Press,False,Near Mint,Good Plus,140g,"46,507",706,316.0,0.448,72.0,21.9,24.0,4496,100.0%,True,Fixed Price,2023,65.66,$79.47
928,Funkadelic,Free Your Mind,R&B,1996,Australia,Limited Colored Vinyl,Yes,Mint,Very Good Plus,140.0,"5,880",735,473.0,0.644,38.0,58.9,9.0,4172,100.0%,No,Fixed Price,2021,55.43,$72.33
929,Sufjan Stevens,Illinois,Folk,2007,US,Anniversary Edition,1,Mint,Near Mint,120g,"5,469",164,566.0,3.451,53.6,35.2,9.0,4894,92.6%,True,Fixed Price,2018,54.31,$87.48
930,Kraftwerk,Trans-Europe Express,Electronic,1996,US,Standard Reissue,No,Good,Very Good Plus,,"44,064",745,136.0,0.183,84.1,59.1,24.0,2845,100.0%,No,Auction,2023,55.45,$60.74
931,New Order,Technique,Electronic,1965,UK,Standard Reissue,No,Near Mint,Good,140.0,"2,283",1334,778.0,0.583,71.9,50.8,44.0,1283,99.1%,1,Fixed Price,2020,60.41,$81.91
932,Bob Dylan,Highway 61 Revisited,Folk,1960,us,Promo Copy,No,Very Good,Very Good Plus,120.0,"22,632",94,60.0,0.638,85.2,55.0,0.0,238,96.2%,0,Fixed Price,2025,78.87,$110.46
933,Japandroids,Post-Nothing,Alternative,2009,GERMANY,Standard Reissue,No,Very Good Plus,Very Good,120.0,"16,121",758,1155.0,1.524,40.3,43.8,12.0,685,97.4%,No,Fixed Price,2024,49.60,$66.94
934,Red Hot Chili Peppers,Stadium Arcadium,Alternative,2003,Australia,Promo Copy,False,Very Good,Good Plus,120g,"12,110",761,1575.0,2.07,60.9,39.9,15.0,3141,99.5%,No,Fixed Price,2025,61.04,$73.02
935,Aphex Twin,Drukqs,Electronic,1965,Japan,Original 1st Press,No,Mint,Poor,,"8,091",690,1271.0,1.842,62.5,24.0,26.0,6,97.9%,No,Auction,2019,63.84,$90.90
936,The Notorious B.I.G.,Ready to Die,Hip-Hop,1999,japan,Anniversary Edition,yes,Very Good,Near Mint,120g,"25,403",1014,289.0,0.285,93.2,79.8,16.0,4066,94.4%,Yes,Auction,2022,73.58,$82.98
937,Daft Punk,Alive 2007,Electronic,1973,France,Standard Reissue,No,Near Mint,Good Plus,180g,"41,334",637,1517.0,2.381,84.6,54.4,35.0,4391,,Yes,Auction,2016,67.16,$89.67
938,Led Zeppelin,Physical Graffiti,Rock,2006,Australia,Standard Reissue,No,Fair,Near Mint,180g,"34,418",1051,870.0,0.828,100.3,50.4,2.0,2289,98.5%,No,Fixed Price,2023,65.13,$71.70
939,The Smiths,"Strangeways, Here We Come",Alternative,1976,,Promo Copy,no,Very Good Plus,Very Good Plus,180g,"37,798",622,1354.0,2.177,48.4,37.0,1.0,4118,98.3%,0,Fixed Price,2023,55.12,$79.90
940,Guns N' Roses,Use Your Illusion I,Rock,1994,Australia,Anniversary Edition,1,Very Good Plus,Good,180.0,"37,509",479,655.0,1.367,83.3,26.1,0.0,3168,98.0%,No,Fixed Price,2025,53.15,$74.24
941,Michael Jackson,Dangerous,Pop,2014,US,Standard Reissue,no,  Very Good Plus ,Good,140g,"49,175",649,1610.0,2.481,94.2,28.2,54.0,1318,94.3%,0,Auction,2018,54.29,$68.06
942,Dolly Parton,Jolene,Country,2012,Germany,Standard Reissue,no,Very Good Plus,Good,120.0,"36,881",1182,2050.0,1.734,60.4,41.1,28.0,4834,94.8%,Yes,Fixed Price,2023,50.12,$64.53
943,Kendrick Lamar,"good kid, m.A.A.d city",Hip-Hop,1999,Germany,Original 1st Press,0,Good,Mint,180.0,"29,135",692,1175.0,1.698,92.4,21.1,9.0,1591,94.4%,Yes,Fixed Price,2023,78.81,$76.50
944,Pink Floyd,Animals,Rock,1994,Australia,Standard Reissue,No,Mint,Good,140g,"34,503",204,353.0,1.73,90.5,74.4,23.0,4907,93.3%,Yes,Fixed Price,2024,71.20,$101.22
945,Aphex Twin,Syro,Electronic,2002,us,Standard Reissue,0,  Very Good ,Good Plus,200.0,"17,988",1027,2007.0,1.954,58.0,20.4,31.0,138,96.5%,Yes,Auction,2025,51.49,$51.83
946,Arctic Monkeys,"Whatever People Say I Am, That's What I'm Not",Alternative,1968,Australia,Test Pressing,1,Good,Very Good Plus,120g,"20,527",463,349.0,0.754,59.5,24.8,16.0,3571,93.2%,Yes,Fixed Price,2018,68.23,$53.75
947,Joni Mitchell,Court and Spark,Folk,1988,UK,Standard Reissue,No,Near Mint,Near Mint,120g,"14,449",424,519.0,1.224,79.5,30.2,42.0,287,100.0%,No,Auction,2015,57.99,$97.15
948,Jane's Addiction,Nothing's Shocking,Alternative,1984,UK,Limited Colored Vinyl,Yes,Good,Very Good,120g,"16,359",688,836.0,1.215,28.9,17.0,10.0,2027,99.8%,0,Fixed Price,2021,47.25,$47.94
949,Sade,Love Deluxe,R&B,1980,Netherlands,Anniversary Edition,Yes,Good Plus,Very Good Plus,140.0,"41,134",1054,2309.0,2.191,76.7,71.1,8.0,2117,97.8%,Yes,Auction,2020,70.51,$76.76
950,Bob Dylan,Blood on the Tracks,Folk,1971,Germany,Anniversary Edition,yes,Good Plus,Very Good Plus,,"33,427",906,142.0,0.157,90.3,4.9,21.0,3577,99.3%,False,Fixed Price,2019,47.24,$55.29
951,The Rolling Stones,Voodoo Lounge,Rock,1972,CANADA,Anniversary Edition,Yes,Very Good Plus,Good Plus,140.0,"3,256",413,1060.0,2.567,92.9,48.7,7.0,1214,97.1%,No,Fixed Price,2019,73.92,$99.00
952,Junior Murvin,Police and Thieves,Reggae,1979,canada,Standard Reissue,No,Good,Very Good,180g,"47,027",889,750.0,0.844,21.7,36.7,10.0,2406,98.6%,Yes,Fixed Price,2018,29.11,$23.92
953,Neil Young,Comes a Time,Folk,1988,uk,Limited Colored Vinyl,Yes,Very Good Plus,Very Good,120g,"45,710",152,248.0,1.632,59.5,26.3,7.0,4432,97.2%,no,Fixed Price,2021,50.24,$63.32
954,Kendrick Lamar,"good kid, m.A.A.d city",Hip-Hop,1990,CANADA,Standard Reissue,0,Poor,Good,180g,"42,793",149,37.0,0.248,92.5,23.9,36.0,965,95.3%,Yes,Fixed Price,2022,49.49,$38.33
955,Stevie Wonder,Music of My Mind,Soul,1990,Germany,Anniversary Edition,Yes,Mint,Very Good,140.0,"37,449",238,238.0,1.0,89.9,40.9,2.0,4013,95.6%,No,Fixed Price,2025,62.65,$82.36
956,Vampire Weekend,Father of the Bride,Alternative,2020,FRANCE,Original 1st Press,No,Mint,Very Good,120g,"38,581",172,102.0,0.593,67.3,41.3,,1885,,1,Auction,2023,71.38,$98.93
957,Michael Jackson,Bad,Pop,1971,BRAZIL,Standard Reissue,False,Good,Good Plus,180.0,"17,803",833,1221.0,1.466,87.7,36.8,92.0,2753,90.1%,True,Auction,2022,66.15,$64.85
958,Nirvana,Nevermind,Alternative,1969,Netherlands,Limited Colored Vinyl,True,Good Plus,Very Good,120.0,"21,850",232,619.0,2.668,99.6,35.4,2.0,488,100.0%,Yes,Auction,2015,71.97,$74.12
959,Marvin Gaye,"Here, My Dear",Soul,2022,France,Promo Copy,No,Near Mint,Good Plus,180.0,"6,891",133,186.0,1.398,93.2,31.4,34.0,921,100.0%,no,Fixed Price,2022,73.72,$90.06
960,D'Angelo,Voodoo,R&B,2016,Japan,Promo Copy,No,  Good ,Very Good Plus,120.0,"29,742",361,854.0,2.366,76.1,19.3,3.0,1432,99.8%,Yes,Fixed Price,2022,62.21,$53.02
961,The Beach Boys,Surf's Up,Pop,1977,australia,Limited Colored Vinyl,Yes,Very Good Plus,Very Good,180g,"21,382",718,1407.0,1.96,85.4,27.5,58.0,3797,93.2%,True,Auction,2025,60.06,$84.00
962,Dolly Parton,Trio,Country,1970,FRANCE,Anniversary Edition,Yes,Near Mint,Good Plus,120.0,"29,671",513,584.0,1.138,67.6,78.5,26.0,3587,100.0%,No,Fixed Price,2019,70.66,$102.23
963,The White Stripes,Get Behind Me Satan,Alternative,1985,france,Standard Reissue,no,Near Mint,Good Plus,120g,"13,679",501,221.0,0.441,64.4,41.9,3.0,3666,98.0%,No,Fixed Price,2021,58.64,$86.42
964,David Bowie,Diamond Dogs,Rock,1974,Germany,Standard Reissue,No,Near Mint,Near Mint,140.0,"47,759",84,114.0,1.357,91.3,33.1,12.0,3556,96.7%,no,Fixed Price,2020,53.46,$92.10
965,Peter Gabriel,So,Pop,1989,UK,Promo Copy,No,Fair,Very Good,120.0,"16,386",1082,202.0,0.187,61.4,51.0,23.0,4094,92.4%,No,Auction,2018,60.48,$68.85
966,Peter Gabriel,Us,Pop,2019,France,Original 1st Press,No,  Mint ,,,"4,010",264,648.0,2.455,62.7,63.6,4.0,461,97.2%,False,Fixed Price,2023,81.70,$118.53
967,Pink Floyd,The Dark Side of the Moon,Rock,2005,FRANCE,Limited Colored Vinyl,True,Very Good,Mint,180g,"14,777",298,819.0,2.748,92.1,19.3,3.0,2872,98.9%,0,Fixed Price,2015,66.08,$90.08
968,Vampire Weekend,Contra,Alternative,2006,germany,Limited Colored Vinyl,Yes,Poor,Very Good Plus,120g,"5,592",104,299.0,2.875,72.3,34.2,20.0,4506,94.9%,No,Fixed Price,2022,67.65,$54.65
969,Willie Nelson,Red Headed Stranger,Country,2006,NETHERLANDS,Limited Colored Vinyl,Yes,Near Mint,Very Good Plus,140.0,"28,676",621,1583.0,2.549,60.9,7.4,61.0,2178,96.2%,No,Fixed Price,2019,55.72,$61.09
970,Parliament,Chocolate City,R&B,2010,US,Standard Reissue,No,Very Good,Very Good Plus,140.0,"11,275",1310,2835.0,2.164,44.7,46.3,0.0,3940,87.7%,0,Fixed Price,2021,58.00,$76.40
971,Pearl Jam,Vitalogy,Alternative,1981,Australia,Standard Reissue,False,Near Mint,Very Good,140.0,"6,212",346,,0.523,63.3,10.3,9.0,794,90.1%,No,Fixed Price,2015,47.63,$72.00
972,Bob Dylan,Blonde on Blonde,Folk,1998,australia,Standard Reissue,no,Good,Very Good,180g,"36,667",837,1345.0,1.607,86.1,29.0,11.0,4189,93.6%,No,Fixed Price,2025,52.53,$57.51
973,Bob Marley,Uprising,Reggae,1969,brazil,Anniversary Edition,yes,Poor,Fair,140.0,"32,379",144,254.0,1.764,93.3,37.2,33.0,3118,94.2%,Yes,Auction,2015,67.34,$49.56
974,Led Zeppelin,Houses of the Holy,Rock,2015,US,Limited Colored Vinyl,Yes,Very Good Plus,Good Plus,200g,"18,607",709,1140.0,1.608,102.2,32.7,44.0,2793,94.8%,True,Fixed Price,2021,70.98,$77.74
975,Sade,Love Deluxe,R&B,1976,UK,Standard Reissue,no,Mint,Very Good,200.0,"14,556",1036,1812.0,1.749,76.7,72.1,,3414,92.3%,Yes,Fixed Price,2015,67.98,$110.97
976,The Beach Boys,Surf's Up,Pop,1982,US,Standard Reissue,No,Near Mint,Very Good,200.0,"11,303",695,468.0,0.673,76.3,29.1,3.0,3423,100.0%,No,Auction,2016,54.23,$74.80
977,Frank Ocean,Channel Orange,R&B,2013,US,Standard Reissue,no,Very Good Plus,Good Plus,120g,"41,694",241,450.0,1.867,103.6,16.3,1.0,2841,100.0%,0,Fixed Price,2021,61.57,$77.96
978,Neil Young,Comes a Time,Folk,1965,Australia,Standard Reissue,No,Very Good,,140.0,"20,143",871,1134.0,1.302,61.7,24.0,1.0,274,,1,Fixed Price,2023,50.67,$52.30
979,The Smiths,The Queen Is Dead,Alternative,2021,NETHERLANDS,Anniversary Edition,Yes,Near Mint,Very Good,180g,"17,754",436,1367.0,3.135,47.5,21.3,8.0,699,100.0%,yes,Fixed Price,2024,51.75,$62.91
980,Dr. Dre,The Chronic,Hip-Hop,1963,Canada,Standard Reissue,No,Very Good Plus,Near Mint,120g,"8,679",478,757.0,1.584,99.8,23.5,18.0,706,100.0%,No,Auction,2015,61.79,$89.38
981,The White Stripes,White Blood Cells,Alternative,2011,Canada,Standard Reissue,False,Near Mint,Near Mint,200.0,"30,262",567,1239.0,2.185,64.9,41.8,10.0,200,95.5%,Yes,Fixed Price,2025,52.94,$78.20
982,David Bowie,Aladdin Sane,Rock,2014,FRANCE,Standard Reissue,No,Very Good Plus,Mint,180.0,"2,511",1580,542.0,0.343,93.7,75.7,5.0,2631,94.1%,No,Fixed Price,2021,77.81,$110.54
983,The White Stripes,Get Behind Me Satan,Alternative,2000,Germany,Standard Reissue,No,  Good ,Near Mint,140.0,"22,652",1197,448.0,0.374,63.7,46.6,2.0,996,100.0%,Yes,Auction,2015,53.84,$55.36
984,Japandroids,Post-Nothing,Alternative,1975,CANADA,Standard Reissue,No,Near Mint,Good,140g,"10,104",351,86.0,0.245,32.3,41.9,1.0,921,97.6%,Yes,Auction,2017,42.16,$51.02
985,Talking Heads,Remain in Light,Alternative,1991,Australia,Limited Colored Vinyl,1,Good,Good,120.0,"26,707",507,1365.0,2.692,80.6,78.1,12.0,1500,98.5%,Yes,Fixed Price,2019,80.50,$82.49
986,The Rolling Stones,Some Girls,Rock,1995,Germany,Original 1st Press,False,Mint,Very Good,180.0,"31,477",226,169.0,0.748,96.9,43.8,16.0,2974,98.8%,0,Fixed Price,2019,78.50,$117.94
987,Ice Cube,AmeriKKKa's Most Wanted,Hip-Hop,2001,US,Standard Reissue,No,Very Good,Good,180g,"47,156",906,225.0,0.248,76.7,7.3,27.0,2538,100.0%,No,Auction,2019,38.83,$43.87
988,Aphex Twin,Selected Ambient Works 85-92,Electronic,2014,US,Anniversary Edition,Yes,Very Good,Fair,120.0,"44,429",750,872.0,1.163,56.5,3.0,7.0,456,98.2%,Yes,Fixed Price,2020,47.36,$47.91
989,Pink Floyd,Wish You Were Here,Rock,2002,Brazil,Standard Reissue,False,Good,Good Plus,140g,"32,395",907,1791.0,1.975,88.4,28.9,4.0,3376,100.0%,True,Auction,2022,60.57,$54.99
990,Vampire Weekend,Contra,Alternative,1977,US,Standard Reissue,No,Very Good Plus,Near Mint,120.0,"28,420",782,307.0,0.393,66.0,37.2,8.0,3113,96.5%,Yes,Fixed Price,2020,48.42,$59.94
991,Dolly Parton,Jolene,Country,2018,Canada,Standard Reissue,no,Good,Very Good,200.0,"27,720",1400,3186.0,2.276,61.2,40.0,14.0,1246,96.7%,0,Fixed Price,2018,55.50,$48.22
992,Eminem,The Marshall Mathers LP,Hip-Hop,1992,australia,Limited Colored Vinyl,True,  Very Good ,Near Mint,180.0,"2,889",456,1484.0,3.254,99.5,11.9,0.0,4450,96.8%,No,Fixed Price,2015,78.58,$105.93
993,The Cure,Pornography,Alternative,1969,UK,Standard Reissue,no,Very Good,Near Mint,,"40,005",240,423.0,1.762,34.3,79.7,25.0,356,92.5%,No,Fixed Price,2024,58.94,$86.17
994,Nirvana,Nevermind,Alternative,1976,canada,Limited Colored Vinyl,Yes,  Mint ,Fair,180.0,"2,145",297,928.0,3.125,100.7,37.4,26.0,4842,99.4%,1,Fixed Price,2017,75.25,$103.13
995,Arctic Monkeys,Favourite Worst Nightmare,Alternative,1996,,Standard Reissue,False,Very Good Plus,Good Plus,140g,"18,637",1240,2608.0,2.103,59.4,61.6,12.0,1815,96.6%,0,Fixed Price,2021,70.40,$104.15
996,The National,High Violet,Alternative,1969,Canada,Standard Reissue,No,Near Mint,Very Good,120.0,"42,965",1474,3202.0,2.172,47.4,16.7,13.0,57,100.0%,No,Auction,2020,39.85,$63.06
997,Michael Jackson,Thriller,Pop,1981,Netherlands,Test Pressing,True,Poor,Very Good,200g,"2,241",100,131.0,1.31,92.2,65.7,21.0,2947,100.0%,No,Fixed Price,2024,94.36,$86.45
998,Soundgarden,Superunknown,Alternative,2013,Australia,Standard Reissue,No,Very Good Plus,Very Good Plus,180g,"25,158",136,180.0,1.324,71.5,35.1,26.0,4986,95.6%,No,Fixed Price,2020,59.90,$94.58
999,The Rolling Stones,Emotional Rescue,Rock,1993,Netherlands,Promo Copy,No,Good Plus,,140.0,"30,932",233,66.0,0.283,97.0,38.3,19.0,3265,98.8%,yes,Fixed Price,2024,71.00,$75.92
1000,Marvin Gaye,Let's Get It On,Soul,2005,Netherlands,Standard Reissue,0,  Very Good Plus ,Good Plus,120g,"44,027",1119,1270.0,1.135,88.3,72.6,47.0,2963,94.6%,No,Auction,2016,75.16,$100.44
1001,Kings of Leon,Because of the Times,Alternative,2017,US,Anniversary Edition,Yes,Very Good Plus,Very Good,120.0,"42,696",1067,3515.0,3.294,63.3,18.0,5.0,332,91.9%,0,Auction,2021,49.63,$64.08
1002,Neil Young,Rust Never Sleeps,Folk,1988,France,Limited Colored Vinyl,Yes,Very Good Plus,Fair,120.0,"48,839",687,942.0,1.371,60.0,59.4,126.0,4868,96.1%,0,Fixed Price,2022,62.71,$69.28
1003,Metallica,Ride the Lightning,Rock,1979,Brazil,Limited Colored Vinyl,Yes,  Near Mint ,Good,180g,"25,914",289,253.0,0.875,95.4,16.9,50.0,3792,96.6%,0,Auction,2020,56.98,$71.39
1004,Black Uhuru,Red,Reggae,1961,,Standard Reissue,no,Good Plus,Mint,180.0,"48,833",1199,1215.0,1.013,19.8,33.3,7.0,4955,98.0%,No,Auction,2020,32.41,$41.24
1005,Marvin Gaye,Trouble Man,Soul,1972,france,Limited Colored Vinyl,Yes,Near Mint,Good,140g,"2,792",624,,2.021,91.6,55.9,6.0,4799,100.0%,0,Fixed Price,2020,74.45,$99.32
1006,Kings of Leon,Youth and Young Manhood,Alternative,2014,canada,Promo Copy,0,Very Good Plus,Very Good Plus,180g,"9,538",447,1055.0,2.36,71.4,80.9,35.0,4196,93.8%,0,Auction,2025,80.94,$105.93
1007,Arcade Fire,Reflektor,Alternative,1996,Brazil,Standard Reissue,False,Very Good Plus,Good Plus,120.0,"16,073",1036,1023.0,0.987,58.8,64.1,82.0,2699,97.7%,No,Auction,2017,55.67,$82.44
1008,Black Uhuru,Sinsemilla,Reggae,1989,Japan,Test Pressing,True,Very Good Plus,Mint,120g,"48,903",140,101.0,0.721,20.9,53.0,21.0,741,92.6%,Yes,Fixed Price,2018,73.56,$95.50
1009,Rage Against the Machine,Rage Against the Machine,Alternative,1985,NETHERLANDS,Standard Reissue,No,Good,Near Mint,120g,"36,136",1354,415.0,0.306,73.8,77.2,45.0,4535,99.9%,0,Auction,2015,67.40,$80.54
1010,The National,High Violet,Alternative,1968,Japan,Test Pressing,1,Very Good Plus,Mint,140g,"25,341",165,220.0,1.333,47.6,15.0,64.0,3097,98.6%,No,Auction,2022,57.71,$77.87
1011,Johnny Cash,At Folsom Prison,Country,1975,UK,Original 1st Press,No,Good,Mint,200g,"33,047",266,53.0,0.199,98.1,57.0,16.0,3738,95.5%,Yes,Fixed Price,2018,80.88,$85.48
1012,Pearl Jam,Vs.,Alternative,1974,,Standard Reissue,No,Very Good Plus,Very Good Plus,120.0,"39,605",121,281.0,2.322,66.5,19.4,9.0,3921,100.0%,Yes,Fixed Price,2022,48.43,$59.92
1013,Alice in Chains,Facelift,Alternative,2004,Brazil,Standard Reissue,0,Good Plus,Very Good Plus,140.0,"16,477",825,395.0,0.479,64.2,44.7,60.0,3425,98.5%,No,Fixed Price,2015,58.32,$68.32
1014,Prince,Around the World in a Day,R&B,2018,UK,Standard Reissue,No,Near Mint,Good,120.0,"25,005",539,71.0,0.132,87.5,42.4,16.0,623,94.7%,no,Fixed Price,2020,56.05,$70.33
1015,Rage Against the Machine,Rage Against the Machine,Alternative,2021,brazil,Limited Colored Vinyl,True,Very Good Plus,Very Good,180g,"35,342",328,617.0,1.881,71.2,73.9,40.0,148,100.0%,1,Fixed Price,2022,78.41,$103.83
1016,Peter Gabriel,So,Pop,2014,NETHERLANDS,Limited Colored Vinyl,True,Poor,Very Good Plus,140.0,"42,318",217,75.0,0.346,64.3,46.7,4.0,481,98.5%,True,Fixed Price,2021,55.95,$37.95
1017,Joy Division,Unknown Pleasures,Alternative,2000,japan,Anniversary Edition,Yes,Good Plus,Very Good,140g,"32,011",1050,2538.0,2.417,42.7,67.6,9.0,28,92.0%,Yes,Auction,2015,66.46,$77.70
1018,Vampire Weekend,Modern Vampires of the City,Alternative,2021,Netherlands,Limited Colored Vinyl,Yes,Mint,Very Good Plus,120.0,"31,807",958,2799.0,2.922,67.4,29.2,8.0,4027,96.7%,Yes,Fixed Price,2021,57.22,$95.87
1019,Vampire Weekend,Contra,Alternative,1997,US,Standard Reissue,no,Good,Very Good,140g,"26,643",804,1092.0,1.358,71.6,37.1,12.0,4399,93.4%,no,Fixed Price,2024,50.10,$57.16
1020,The Cure,Wish,Alternative,1997,Netherlands,Standard Reissue,No,Near Mint,Good,180g,"17,601",882,1663.0,1.885,32.9,40.7,2.0,2424,98.2%,0,Fixed Price,2025,42.14,$58.90
1021,Michael Jackson,Dangerous,Pop,1969,Australia,Standard Reissue,0,Very Good,Very Good Plus,200.0,"22,417",860,832.0,0.967,94.7,24.9,24.0,3905,100.0%,1,Fixed Price,2023,59.77,$72.68
1022,Interpol,Turn on the Bright Lights,Alternative,1965,France,Promo Copy,False,Very Good,Near Mint,140g,"3,779",14,11.0,0.786,18.6,32.2,16.0,2206,98.1%,No,Fixed Price,2024,49.01,$60.23
1023,R.E.M.,Green,Alternative,1981,Brazil,Anniversary Edition,Yes,Near Mint,,120g,"28,404",509,873.0,1.715,57.1,73.2,32.0,3028,99.0%,0,Auction,2015,63.36,$100.07
1024,John Coltrane,Blue Train,Jazz,2006,UK,Original 1st Press,No,Near Mint,Very Good Plus,120.0,"25,869",970,1772.0,1.827,74.9,52.6,6.0,1791,100.0%,0,Fixed Price,2017,82.92,$88.24
1025,Dave Brubeck,Time Out,Jazz,1984,UK,Limited Colored Vinyl,Yes,Good,Near Mint,180g,"1,296",509,286.0,0.562,25.1,33.2,2.0,385,96.0%,True,Auction,2024,49.32,$59.84
1026,Lauryn Hill,The Miseducation of Lauryn Hill,R&B,2018,GERMANY,Promo Copy,no,Near Mint,Mint,140g,"39,640",720,1717.0,2.385,63.8,16.7,16.0,3650,95.4%,No,Fixed Price,2021,58.18,$93.89
1027,The Rolling Stones,Some Girls,Rock,1967,Brazil,Standard Reissue,No,Very Good,Good,140.0,"11,715",1228,1030.0,0.839,93.2,43.7,0.0,1725,96.3%,0,Fixed Price,2020,62.84,$80.03
1028,Japandroids,Post-Nothing,Alternative,1964,Netherlands,Standard Reissue,False,Near Mint,Very Good,140.0,"24,649",697,319.0,0.458,37.1,36.4,9.0,3034,100.0%,False,Auction,2015,44.65,$60.30
1029,Radiohead,In Rainbows,Alternative,2004,US,Standard Reissue,No,Poor,Very Good Plus,200.0,"12,155",65,33.0,0.508,86.6,18.5,49.0,4292,95.0%,Yes,Fixed Price,2021,56.63,$54.23
1030,The Smiths,"Strangeways, Here We Come",Alternative,2011,Germany,Anniversary Edition,Yes,Very Good Plus,Very Good,180g,"46,939",491,1705.0,3.473,49.3,34.0,0.0,832,99.5%,no,Fixed Price,2023,47.35,$67.15
1031,Lauryn Hill,The Miseducation of Lauryn Hill,R&B,1996,GERMANY,Test Pressing,1,Very Good Plus,Near Mint,200.0,"41,938",82,80.0,0.976,65.3,21.7,124.0,3446,94.6%,No,Fixed Price,2024,64.38,$73.09
1032,De La Soul,3 Feet High and Rising,Hip-Hop,1965,brazil,Original 1st Press,No,Very Good Plus,Very Good Plus,120.0,"41,797",534,93.0,0.174,76.7,42.3,4.0,3469,96.0%,0,Fixed Price,2017,63.19,$79.91
1033,Joni Mitchell,Blue,Folk,1994,BRAZIL,Anniversary Edition,Yes,Very Good Plus,Good Plus,120g,"46,432",501,664.0,1.325,72.2,48.0,1.0,1613,98.9%,no,Fixed Price,2015,57.39,$75.54
1034,Kraftwerk,The Man-Machine,Electronic,2013,UK,Standard Reissue,0,Near Mint,Mint,140g,"42,572",824,1086.0,1.318,73.2,55.3,14.0,1287,100.0%,Yes,Auction,2021,58.01,$93.49
1035,Kendrick Lamar,To Pimp a Butterfly,Hip-Hop,1976,JAPAN,Standard Reissue,no,Very Good Plus,Very Good,180g,"34,570",1266,1133.0,0.895,97.5,11.1,27.0,1561,96.7%,No,Fixed Price,2017,48.67,$63.92
1036,The Rolling Stones,Emotional Rescue,Rock,1977,France,Original 1st Press,No,Good,Near Mint,120.0,"7,248",412,578.0,1.403,94.6,32.1,0.0,3664,98.9%,No,Fixed Price,2025,75.20,$99.11
1037,Johnny Cash,American IV: The Man Comes Around,Country,1976,Germany,Standard Reissue,0,Very Good Plus,Mint,,"36,375",1140,2738.0,2.402,97.5,61.4,46.0,1043,95.1%,True,Auction,2019,68.02,$87.11
1038,Outkast,Aquemini,Hip-Hop,2019,France,Promo Copy,False,Very Good,Very Good Plus,120g,"3,316",548,1084.0,1.978,76.7,73.2,39.0,2121,100.0%,no,Auction,2024,82.93,$109.31
1039,Kendrick Lamar,Section.80,Hip-Hop,1977,Netherlands,Anniversary Edition,Yes,Near Mint,Good Plus,180g,"16,618",809,1893.0,2.34,90.2,21.1,6.0,2706,100.0%,False,Fixed Price,2018,58.46,$77.41
1040,The Rolling Stones,Beggars Banquet,Rock,1983,Brazil,Limited Colored Vinyl,Yes,Good,Good Plus,180.0,"17,861",348,1128.0,3.241,91.5,32.6,14.0,3616,98.5%,False,Fixed Price,2016,63.39,$69.49
1041,Talking Heads,Speaking in Tongues,Alternative,1962,France,Promo Copy,No,Very Good Plus,Mint,180.0,"34,258",365,364.0,0.997,73.9,38.4,43.0,3070,95.5%,Yes,Fixed Price,2016,65.87,$95.95
1042,Miles Davis,In a Silent Way,Jazz,2013,,Standard Reissue,False,Very Good,Near Mint,120g,"30,323",1518,1993.0,1.313,84.7,35.5,5.0,2831,94.6%,No,Fixed Price,2015,55.92,$76.46
1043,The National,Boxer,Alternative,2015,NETHERLANDS,Anniversary Edition,Yes,Very Good Plus,Near Mint,140.0,"18,270",1045,992.0,0.949,45.4,66.8,14.0,4766,,False,Auction,2021,63.28,$86.26
1044,Guns N' Roses,Appetite for Destruction,Rock,2000,US,Standard Reissue,No,Near Mint,Very Good Plus,120.0,"10,497",92,148.0,1.609,88.4,62.7,26.0,1284,100.0%,1,Fixed Price,2019,74.82,$88.67
1045,Marvin Gaye,Let's Get It On,Soul,2008,US,Limited Colored Vinyl,True,  Mint ,Near Mint,180g,"12,584",655,281.0,0.429,91.9,69.0,28.0,4912,100.0%,Yes,Auction,2020,75.48,$92.59
1046,David Bowie,Ziggy Stardust,Rock,1982,Japan,Limited Colored Vinyl,Yes,Good Plus,Very Good Plus,120.0,"27,884",426,205.0,0.481,88.4,9.7,9.0,3737,97.1%,No,Fixed Price,2025,51.41,$60.70
1047,Joni Mitchell,Hissing of Summer Lawns,Folk,2013,Brazil,Standard Reissue,False,Mint,Mint,120.0,"45,124",100,185.0,1.85,70.1,40.5,8.0,1195,95.1%,No,Fixed Price,2021,50.71,$68.06
1048,U2,Achtung Baby,Rock,2020,Canada,Anniversary Edition,Yes,Very Good Plus,Near Mint,120.0,"30,481",727,2132.0,2.933,76.6,33.2,25.0,2799,100.0%,No,Auction,2025,61.81,$105.81
1049,My Bloody Valentine,Isn't Anything,Alternative,1966,AUSTRALIA,Test Pressing,True,Mint,Good Plus,180g,"45,110",255,345.0,1.353,28.0,73.7,1.0,1607,92.2%,Yes,Fixed Price,2021,76.19,$117.88
1050,Pink Floyd,The Dark Side of the Moon,Rock,1962,BRAZIL,Original 1st Press,No,Very Good Plus,Good,180g,"12,306",314,505.0,1.608,90.7,21.9,27.0,4848,98.0%,0,Fixed Price,2019,79.24,$108.33
1051,George Michael,Faith,Pop,1976,France,Limited Colored Vinyl,yes,Near Mint,Very Good Plus,,"6,304",449,,1.156,67.7,34.7,23.0,3831,94.6%,No,Auction,2022,60.00,$86.94
1052,Radiohead,Kid A,Alternative,1999,japan,Original 1st Press,No,Near Mint,Very Good Plus,140g,"39,174",431,535.0,1.241,88.7,33.5,5.0,1987,99.1%,0,Fixed Price,2015,79.46,$122.01
1053,Carole King,Tapestry,Folk,1982,Japan,Anniversary Edition,yes,Mint,Very Good,140.0,"15,102",786,647.0,0.823,55.3,30.1,0.0,217,99.4%,False,Fixed Price,2021,47.88,$67.50
1054,Radiohead,The Bends,Alternative,2004,,Promo Copy,No,Very Good,Near Mint,140.0,"26,058",145,286.0,1.972,84.9,43.0,13.0,588,99.9%,No,Auction,2019,66.65,$102.71
1055,Bjork,Post,Electronic,1989,France,Standard Reissue,No,Very Good Plus,Near Mint,120.0,"40,916",286,367.0,1.283,73.7,69.3,5.0,2387,98.1%,True,Fixed Price,2015,67.76,$71.90
1056,Massive Attack,Mezzanine,Electronic,2015,Brazil,Original 1st Press,No,Good Plus,Good Plus,140.0,"24,631",123,117.0,0.951,55.0,59.8,7.0,3605,99.8%,False,Auction,2021,67.36,$70.12
1057,Outkast,Aquemini,Hip-Hop,1974,Germany,Anniversary Edition,True,Near Mint,Good,200.0,"47,034",752,1386.0,1.843,73.3,69.9,48.0,3836,99.2%,0,Fixed Price,2020,69.66,$95.99
1058,Kraftwerk,The Man-Machine,Electronic,1966,Japan,Standard Reissue,No,Very Good Plus,Very Good Plus,,"25,089",186,97.0,0.522,78.5,52.1,24.0,1207,99.6%,1,Auction,2023,60.98,$83.37
1059,Talking Heads,Fear of Music,Alternative,1989,netherlands,Original 1st Press,No,Very Good,Very Good,200g,"18,957",240,573.0,2.388,81.4,20.0,57.0,1212,98.8%,No,Fixed Price,2024,71.83,$80.58
1060,The Rolling Stones,Some Girls,Rock,1997,US,Standard Reissue,No,Very Good,Very Good Plus,120g,"27,433",170,229.0,1.347,96.1,44.3,31.0,3966,93.3%,0,Auction,2025,64.60,$81.18
1061,Red Hot Chili Peppers,Stadium Arcadium,Alternative,1983,Brazil,Original 1st Press,No,Near Mint,Very Good,200.0,"20,531",341,365.0,1.07,62.2,38.5,24.0,1255,95.3%,False,Fixed Price,2020,67.18,$93.73
1062,My Bloody Valentine,Isn't Anything,Alternative,1995,US,Standard Reissue,No,Near Mint,Very Good,140g,"1,873",578,1172.0,2.028,22.4,68.7,19.0,2229,95.6%,No,Fixed Price,2019,60.70,$81.50
1063,Funkadelic,Free Your Mind,R&B,1991,,Standard Reissue,0,Near Mint,Good,140.0,801,1368,648.0,0.474,44.1,66.5,1.0,2767,,No,Fixed Price,2024,56.89,$77.42
1064,The National,High Violet,Alternative,1997,France,Original 1st Press,no,Good Plus,Near Mint,120.0,"1,474",209,105.0,0.502,50.0,14.8,11.0,4952,98.2%,Yes,Fixed Price,2024,56.22,$62.84
1065,Arctic Monkeys,"Whatever People Say I Am, That's What I'm Not",Alternative,2010,france,Standard Reissue,No,Very Good Plus,Very Good Plus,180.0,"12,443",2407,5951.0,2.472,63.1,27.2,37.0,2950,97.0%,Yes,Fixed Price,2019,50.44,$72.43
1066,Red Hot Chili Peppers,Californication,Alternative,1995,Canada,Standard Reissue,no,Good Plus,,200.0,"33,585",784,1314.0,1.676,64.4,40.4,7.0,823,98.5%,Yes,Auction,2019,48.58,$48.40
1067,Outkast,Southernplayalisticadillacmuzik,Hip-Hop,2009,Australia,Promo Copy,No,Near Mint,Good Plus,,"34,517",264,485.0,1.837,72.4,30.4,29.0,3432,99.8%,Yes,Fixed Price,2018,66.52,$82.13
1068,Massive Attack,Mezzanine,Electronic,2011,Australia,Standard Reissue,No,  Very Good Plus ,Fair,200.0,"10,812",1913,4485.0,2.344,60.4,66.1,3.0,3890,97.0%,No,Fixed Price,2023,61.72,$63.80
1069,D'Angelo,Voodoo,R&B,1962,France,Standard Reissue,No,Very Good Plus,Very Good,180.0,"6,636",340,468.0,1.376,67.3,18.6,3.0,676,96.6%,No,Auction,2022,47.10,$64.27
1070,James Taylor,JT,Folk,1965,GERMANY,Original 1st Press,No,Very Good,Very Good Plus,180.0,"20,204",397,74.0,0.186,32.5,9.4,44.0,1232,92.3%,No,Fixed Price,2022,52.43,$71.87
1071,The Rolling Stones,Made in the Shade,Rock,1969,Brazil,Original 1st Press,False,Near Mint,Good Plus,140g,"36,567",122,172.0,1.41,95.0,10.3,5.0,4700,90.4%,True,Auction,2019,74.37,$95.55
1072,Patti Smith,Horses,Rock,1988,UK,Limited Colored Vinyl,True,Very Good,Good Plus,140.0,"3,074",191,589.0,3.084,33.4,75.8,1.0,685,96.3%,True,Fixed Price,2017,68.31,$71.33
1073,Sufjan Stevens,Carrie & Lowell,Folk,2017,US,Standard Reissue,No,Good Plus,Very Good Plus,120g,"38,849",1070,156.0,0.146,55.5,10.0,8.0,302,100.0%,No,Fixed Price,2017,24.70,$28.07
1074,Steely Dan,The Royal Scam,Rock,2021,US,Limited Colored Vinyl,True,Very Good Plus,Mint,140g,"45,419",237,575.0,2.426,75.8,5.4,34.0,4409,100.0%,Yes,Auction,2024,53.25,$71.15
1075,Fleetwood Mac,Rumours,Rock,2009,brazil,Promo Copy,No,Good Plus,Very Good,140.0,"9,035",179,172.0,0.961,87.3,16.2,30.0,3926,100.0%,0,Auction,2022,62.46,$62.62
1076,Joy Division,Closer,Alternative,1987,Germany,Standard Reissue,0,Near Mint,Good,140.0,"29,842",174,207.0,1.19,43.4,61.4,0.0,1254,94.9%,0,Fixed Price,2015,44.61,$55.93
1077,Anita Baker,Rapture,Soul,2020,Japan,Standard Reissue,No,Very Good Plus,Near Mint,180.0,"23,499",1312,505.0,0.385,20.2,56.0,34.0,781,94.6%,No,Fixed Price,2024,40.51,$54.28
1078,Emmylou Harris,Wrecking Ball,Country,2011,UK,Anniversary Edition,Yes,Very Good,Very Good,140.0,"8,922",213,532.0,2.498,28.7,47.9,16.0,544,94.9%,No,Fixed Price,2018,53.76,$66.66
1079,David Bowie,Station to Station,Rock,1969,AUSTRALIA,Standard Reissue,0,Very Good Plus,Good Plus,180.0,"47,512",884,1760.0,1.991,90.3,18.5,1.0,2580,93.9%,0,Fixed Price,2025,56.23,$71.88
1080,The Rolling Stones,Emotional Rescue,Rock,2002,France,Original 1st Press,no,Near Mint,Good,140g,"20,749",573,897.0,1.565,94.1,35.7,19.0,956,96.2%,Yes,Fixed Price,2024,76.40,$99.13
1081,Marvin Gaye,What's Going On,Soul,2013,CANADA,Standard Reissue,no,Near Mint,,120g,"14,066",685,93.0,0.136,94.2,29.2,19.0,4556,99.1%,Yes,Auction,2020,58.33,$81.43
1082,The Beatles,Sgt. Pepper's Lonely Hearts Club Band,Rock,1962,GERMANY,Standard Reissue,0,Good Plus,Very Good Plus,120.0,"17,094",961,1573.0,1.637,90.4,36.5,20.0,3522,95.4%,No,Auction,2022,64.58,$76.90
1083,Nirvana,In Utero,Alternative,2020,Australia,Standard Reissue,No,Very Good Plus,Mint,140g,"46,067",894,209.0,0.234,97.6,47.7,6.0,3663,,No,Fixed Price,2021,64.41,$84.09
1084,The Beatles,Sgt. Pepper's Lonely Hearts Club Band,Rock,1980,brazil,Limited Colored Vinyl,True,Good,Near Mint,180.0,"34,919",248,145.0,0.585,86.8,33.9,52.0,4637,95.3%,No,Fixed Price,2016,60.17,$65.35
1085,Sufjan Stevens,Carrie & Lowell,Folk,2016,UK,Limited Colored Vinyl,Yes,Very Good,Good Plus,140g,"30,455",462,138.0,0.299,48.6,9.2,4.0,1485,99.6%,True,Auction,2023,36.41,$40.84
1086,Black Sabbath,Master of Reality,Rock,2012,France,Original 1st Press,No,Very Good Plus,Good,140.0,"30,782",454,214.0,0.471,75.2,18.4,16.0,583,95.4%,Yes,Auction,2018,58.83,$67.13
1087,Metallica,Master of Puppets,Rock,2007,FRANCE,Anniversary Edition,True,Near Mint,Very Good Plus,120g,"40,962",1750,6384.0,3.648,101.1,74.7,59.0,208,98.0%,No,Fixed Price,2022,75.03,$82.44
1088,Sade,Diamond Life,R&B,2014,uk,Standard Reissue,0,Very Good,Near Mint,120g,"10,584",563,766.0,1.361,82.3,55.0,10.0,4909,97.0%,Yes,Fixed Price,2025,65.08,$96.90
1089,Simon & Garfunkel,Bridge Over Troubled Water,Folk,2007,Germany,Original 1st Press,No,Near Mint,Good Plus,140g,"34,332",127,158.0,1.244,71.8,43.6,4.0,4185,97.8%,False,Auction,2024,66.40,$76.33
1090,Massive Attack,Protection,Electronic,1965,GERMANY,Anniversary Edition,True,Very Good,Very Good Plus,180.0,"37,583",473,1135.0,2.4,53.5,13.1,45.0,1353,93.8%,no,Fixed Price,2022,42.93,$55.82
1091,Lauryn Hill,The Miseducation of Lauryn Hill,R&B,1983,Netherlands,Standard Reissue,No,Very Good,Good Plus,140.0,"30,643",855,1803.0,2.109,66.2,18.5,10.0,591,99.6%,No,Fixed Price,2018,44.91,$52.09
1092,Soundgarden,Superunknown,Alternative,2006,Australia,Standard Reissue,No,Very Good,Very Good Plus,180.0,"37,070",628,1264.0,2.013,73.5,36.1,17.0,2556,99.2%,False,Auction,2022,66.05,$80.11
1093,Erykah Badu,New Amerykah Part One,R&B,2020,Germany,Standard Reissue,No,Very Good,Near Mint,140g,"34,048",837,1030.0,1.231,76.1,31.3,0.0,3077,95.8%,False,Fixed Price,2023,59.81,$91.62
1094,Pearl Jam,Ten,Alternative,1960,Netherlands,Standard Reissue,No,Good Plus,Near Mint,180.0,"11,228",589,805.0,1.367,67.3,71.6,13.0,2878,97.2%,no,Fixed Price,2023,61.97,$68.77
1095,My Bloody Valentine,Isn't Anything,Alternative,1963,AUSTRALIA,Anniversary Edition,True,Good Plus,Near Mint,180g,"47,711",799,1863.0,2.332,22.9,68.5,7.0,834,95.4%,No,Auction,2024,49.02,$66.00
1096,AC/DC,Powerage,Rock,1978,Japan,Anniversary Edition,Yes,Very Good Plus,Very Good,120g,"32,123",550,903.0,1.642,90.5,37.7,25.0,1627,94.5%,No,Fixed Price,2024,62.65,$81.48
1097,Stevie Wonder,Talking Book,Soul,1975,CANADA,Standard Reissue,no,Poor,,120.0,"12,283",1063,144.0,0.135,94.0,35.1,39.0,4298,97.7%,No,Fixed Price,2018,56.00,$43.14
1098,Led Zeppelin,Led Zeppelin IV,Rock,2002,UK,Original 1st Press,No,Very Good,Very Good,120g,"48,431",112,138.0,1.232,105.6,64.7,49.0,3521,96.8%,No,Auction,2015,92.04,$112.53
1099,Stevie Wonder,Talking Book,Soul,1979,France,Limited Colored Vinyl,1,Very Good Plus,Poor,180.0,"26,252",268,455.0,1.698,89.7,31.4,5.0,3024,98.8%,Yes,Fixed Price,2023,73.51,$86.59
1100,Interpol,Turn on the Bright Lights,Alternative,2015,Netherlands,Anniversary Edition,yes,Near Mint,Very Good,200g,417,886,882.0,0.995,18.5,33.5,3.0,2028,97.3%,Yes,Auction,2023,40.40,$49.62
1101,Arcade Fire,The Suburbs,Alternative,2008,France,Limited Colored Vinyl,1,  Good ,Good Plus,180.0,"5,956",405,1234.0,3.047,57.9,17.8,8.0,3772,96.1%,False,Fixed Price,2021,59.04,$53.48
1102,Bjork,Homogenic,Electronic,2011,Germany,Limited Colored Vinyl,1,Fair,Near Mint,140g,"10,697",1260,3681.0,2.921,70.0,32.3,10.0,3793,91.5%,Yes,Auction,2018,56.01,$58.77
1103,My Bloody Valentine,Loveless,Alternative,2012,UK,Limited Colored Vinyl,Yes,Very Good,Good Plus,200g,"5,014",1416,911.0,0.643,24.2,48.4,39.0,1818,97.8%,No,Fixed Price,2015,49.37,$54.17
1104,Jane's Addiction,Ritual de lo Habitual,Alternative,2008,brazil,Anniversary Edition,1,Very Good Plus,,140.0,"5,086",181,350.0,1.934,24.9,19.4,11.0,1801,99.2%,Yes,Auction,2015,43.23,$59.85
1105,The National,High Violet,Alternative,1984,France,Standard Reissue,No,Very Good,Very Good Plus,120.0,"33,865",735,1201.0,1.634,41.6,12.6,60.0,4587,97.7%,No,Fixed Price,2021,33.25,$41.16
1106,Brian Eno,Music for Airports,Electronic,2004,France,Standard Reissue,no,Poor,Good Plus,120.0,"22,672",2029,1173.0,0.578,39.6,30.7,12.0,2088,98.2%,False,Fixed Price,2016,43.58,$33.15
1107,The Clash,Sandinista!,Rock,1961,AUSTRALIA,Anniversary Edition,yes,Very Good,Mint,140g,"25,767",564,549.0,0.973,72.5,27.3,36.0,4965,98.5%,False,Auction,2019,58.16,$89.41
1108,Neil Young,Harvest,Folk,2002,NETHERLANDS,Anniversary Edition,1,Very Good Plus,,140g,"36,128",27,82.0,3.037,56.7,9.8,16.0,281,98.9%,Yes,Fixed Price,2022,47.87,$58.94
1109,James Taylor,JT,Folk,1999,Japan,Original 1st Press,No,Very Good Plus,Very Good,140.0,"29,035",332,400.0,1.205,35.7,7.1,3.0,704,,No,Fixed Price,2022,45.56,$61.57
1110,Outkast,Southernplayalisticadillacmuzik,Hip-Hop,1978,NETHERLANDS,Standard Reissue,No,Mint,Very Good,140g,"11,673",638,1474.0,2.31,78.2,33.3,1.0,948,97.5%,0,Auction,2017,60.61,$92.06
1111,Bob Marley,Uprising,Reggae,1968,france,Limited Colored Vinyl,Yes,Very Good,Very Good Plus,140g,"31,072",619,2230.0,3.603,96.2,48.3,29.0,3547,100.0%,no,Fixed Price,2020,80.64,$89.48
1112,Joy Division,Closer,Alternative,1964,Brazil,Original 1st Press,No,Poor,Poor,120.0,"36,319",317,421.0,1.328,48.3,60.2,36.0,2635,100.0%,0,Fixed Price,2017,68.76,$46.46
1113,Frank Ocean,Channel Orange,R&B,2004,France,Standard Reissue,no,Very Good Plus,Very Good,180g,"7,011",1250,1194.0,0.955,97.4,21.1,25.0,4525,100.0%,False,Fixed Price,2024,64.95,$90.92
1114,The Beatles,The White Album,Rock,1963,Netherlands,Standard Reissue,No,Very Good Plus,Good Plus,180.0,"7,873",698,115.0,0.165,88.7,63.8,14.0,939,97.2%,No,Fixed Price,2022,69.43,$94.49
1115,David Bowie,Heroes,Rock,1967,netherlands,Standard Reissue,No,Mint,Near Mint,120.0,"34,113",163,153.0,0.939,92.6,10.1,10.0,2013,93.4%,No,Fixed Price,2015,52.31,$68.49
1116,Burning Spear,Marcus Garvey,Reggae,2005,France,Limited Colored Vinyl,True,Very Good Plus,Good Plus,140g,"35,299",1246,3175.0,2.548,18.6,30.2,12.0,3645,90.2%,False,Fixed Price,2025,41.35,$51.27
1117,Sufjan Stevens,Illinois,Folk,2015,canada,Standard Reissue,No,  Mint ,Very Good,200.0,"18,482",704,474.0,0.673,51.8,37.2,45.0,758,99.0%,no,Fixed Price,2020,43.14,$71.08
1118,Public Enemy,Fear of a Black Planet,Hip-Hop,1968,Japan,Original 1st Press,False,Very Good,Very Good,140.0,"47,970",515,468.0,0.909,75.5,21.2,25.0,558,97.8%,yes,Fixed Price,2019,60.54,$60.72
1119,Black Uhuru,Red,Reggae,2010,Canada,Promo Copy,No,Mint,Near Mint,140g,"15,193",70,173.0,2.471,18.6,38.0,21.0,4068,100.0%,True,Fixed Price,2021,54.15,$77.04
1120,Fleetwood Mac,Tusk,Rock,1987,AUSTRALIA,Standard Reissue,No,Good,Very Good Plus,180g,"33,389",285,103.0,0.361,89.0,28.6,1.0,2250,100.0%,yes,Auction,2021,58.12,$59.14
1121,Kraftwerk,Autobahn,Electronic,2003,JAPAN,Standard Reissue,0,  Very Good Plus ,Very Good,120g,"14,669",170,386.0,2.271,76.7,38.9,9.0,4568,97.8%,True,Auction,2019,58.70,$62.54
1122,Simon & Garfunkel,Bridge Over Troubled Water,Folk,1986,US,Limited Colored Vinyl,True,Very Good Plus,Fair,180g,"41,394",508,692.0,1.362,68.0,43.8,16.0,3462,94.5%,1,Fixed Price,2019,57.32,$68.52
1123,Black Uhuru,Sinsemilla,Reggae,1980,japan,Standard Reissue,No,  Very Good Plus ,Near Mint,180.0,"2,778",1771,2537.0,1.433,28.3,48.5,0.0,4118,93.0%,False,Fixed Price,2021,53.08,$73.65
1124,Dave Brubeck,Time Out,Jazz,1995,Japan,Original 1st Press,no,Very Good Plus,Poor,140g,"14,849",197,79.0,0.401,25.2,33.0,2.0,147,97.6%,True,Fixed Price,2020,52.26,$59.24
1125,The National,High Violet,Alternative,1960,France,Anniversary Edition,Yes,Good,Good Plus,140.0,"4,234",439,1326.0,3.021,48.1,15.3,0.0,1707,100.0%,No,Fixed Price,2024,56.27,$50.51
1126,J Dilla,Ruff Draft,Hip-Hop,1962,UK,Standard Reissue,0,Near Mint,Very Good,180.0,"18,599",941,1955.0,2.078,43.3,27.0,18.0,4597,96.0%,no,Fixed Price,2025,51.02,$85.03
1127,Erykah Badu,New Amerykah Part One,R&B,2010,CANADA,Limited Colored Vinyl,1,Very Good,Good Plus,180g,"49,347",488,1496.0,3.066,80.7,37.0,21.0,3210,94.7%,False,Fixed Price,2019,67.80,$75.46
1128,Alicia Keys,Alicia,R&B,2003,Netherlands,Standard Reissue,0,Near Mint,Mint,120g,"27,557",247,249.0,1.008,76.7,78.6,28.0,1928,97.9%,False,Fixed Price,2024,68.30,$92.63
1129,Metallica,Master of Puppets,Rock,1986,Japan,Original 1st Press,No,Near Mint,Good Plus,180g,"1,878",231,372.0,1.61,94.7,78.2,6.0,2480,96.2%,Yes,Auction,2024,92.46,$120.44
1130,Outkast,ATLiens,Hip-Hop,1991,,Original 1st Press,No,Very Good,Good,120g,"42,291",213,410.0,1.925,69.7,69.1,5.0,1895,93.8%,Yes,Fixed Price,2019,73.80,$94.30
1131,Sade,Love Deluxe,R&B,2022,,Standard Reissue,No,Very Good Plus,Near Mint,180.0,"15,264",815,257.0,0.315,78.7,74.5,4.0,748,93.0%,No,Fixed Price,2022,70.69,$92.17
1132,Pearl Jam,Ten,Alternative,2019,UK,Standard Reissue,no,Mint,Very Good,120g,"8,800",189,164.0,0.868,67.6,71.5,8.0,3635,100.0%,No,Fixed Price,2020,64.48,$74.54
1133,James Taylor,Sweet Baby James,Folk,1978,Canada,Standard Reissue,No,Good,Near Mint,140.0,"17,404",521,,0.392,30.1,74.6,17.0,2252,94.4%,yes,Auction,2016,48.80,$51.25
1134,The National,High Violet,Alternative,1995,Australia,Standard Reissue,No,Very Good,Good Plus,120g,"23,365",1005,824.0,0.82,45.9,10.9,28.0,1948,97.0%,No,Fixed Price,2020,31.30,$39.25
1135,Kendrick Lamar,Section.80,Hip-Hop,1971,France,Anniversary Edition,1,Very Good,Mint,180g,"8,386",914,2960.0,3.239,94.9,20.3,23.0,3085,98.4%,No,Auction,2015,69.46,$87.92
1136,Sade,Promise,R&B,1988,Netherlands,Standard Reissue,no,Very Good,Good Plus,180g,"47,754",172,78.0,0.453,77.3,24.6,16.0,1180,95.6%,0,Auction,2015,48.71,$52.29
1137,Duran Duran,Duran Duran,Pop,1970,Netherlands,Standard Reissue,No,Near Mint,Very Good,180.0,"14,938",601,1440.0,2.396,73.0,12.5,0.0,4957,92.7%,1,Fixed Price,2019,58.54,$87.46
1138,Joni Mitchell,Hissing of Summer Lawns,Folk,1979,Canada,Promo Copy,No,Near Mint,Fair,180g,"17,622",371,875.0,2.358,78.2,35.8,26.0,3617,97.4%,False,Auction,2019,73.15,$99.98
1139,Metallica,Master of Puppets,Rock,1993,Germany,Promo Copy,No,Very Good Plus,Good,180g,"11,120",1288,1266.0,0.983,94.7,74.5,8.0,1820,99.7%,True,Fixed Price,2015,78.74,$108.58
1140,Daft Punk,Human After All,Electronic,2005,Brazil,Standard Reissue,No,Near Mint,Near Mint,140.0,"1,338",1346,2824.0,2.098,84.5,68.4,9.0,954,97.2%,No,Fixed Price,2024,77.19,$106.74
1141,John Coltrane,My Favorite Things,Jazz,2010,Germany,Standard Reissue,No,Very Good Plus,,140g,"17,128",606,426.0,0.703,73.4,38.3,23.0,421,99.9%,1,Fixed Price,2018,58.02,$78.78
1142,Lauryn Hill,The Miseducation of Lauryn Hill,R&B,1971,France,Promo Copy,False,Good,Very Good Plus,120.0,"47,870",145,123.0,0.848,71.8,16.0,24.0,2908,97.2%,Yes,Fixed Price,2020,54.72,$47.60
1143,Joy Division,Unknown Pleasures,Alternative,1973,Brazil,Standard Reissue,No,Near Mint,Good,200.0,"20,561",482,464.0,0.963,39.6,72.2,57.0,3360,98.6%,No,Fixed Price,2016,52.53,$70.59
1144,The Beatles,Revolver,Rock,1986,Brazil,Standard Reissue,0,Good,Good Plus,180.0,"17,113",1213,2527.0,2.083,85.7,10.7,8.0,688,97.4%,1,Fixed Price,2025,57.37,$55.04
1145,The White Stripes,Get Behind Me Satan,Alternative,1993,CANADA,Anniversary Edition,yes,Very Good Plus,Mint,120g,"1,836",1178,2035.0,1.728,64.8,43.9,42.0,542,92.4%,True,Fixed Price,2025,62.48,$87.68
1146,Jimi Hendrix,Axis: Bold as Love,Rock,2007,US,Promo Copy,No,Very Good Plus,Very Good,140.0,"47,457",508,970.0,1.909,71.2,51.1,30.0,4190,95.5%,False,Fixed Price,2015,67.02,$87.80
1147,Soundgarden,Badmotorfinger,Alternative,2004,US,Promo Copy,No,Very Good,Near Mint,140.0,"8,873",458,612.0,1.336,73.7,72.8,20.0,3084,99.2%,Yes,Fixed Price,2018,76.11,$92.78
1148,David Bowie,Hunky Dory,Rock,2004,US,Limited Colored Vinyl,True,Mint,Good Plus,120g,"12,490",212,623.0,2.939,90.6,83.3,14.0,118,96.3%,True,Fixed Price,2020,86.15,$117.03
1149,The Modern Lovers,The Modern Lovers,Rock,1974,,Standard Reissue,0,Very Good,Good,140.0,"23,108",1009,1561.0,1.547,22.6,18.5,0.0,1521,98.7%,True,Fixed Price,2025,38.37,$36.33
1150,Joni Mitchell,Blue,Folk,2006,Brazil,Standard Reissue,No,Very Good,Near Mint,140g,"40,714",1627,3106.0,1.909,76.1,52.4,41.0,4183,96.7%,Yes,Fixed Price,2025,62.98,$75.26
1151,AC/DC,Powerage,Rock,1989,US,Anniversary Edition,yes,Very Good,Very Good,140g,"37,989",71,39.0,0.549,87.2,39.9,1.0,1030,93.2%,Yes,Fixed Price,2025,63.68,$85.42
1152,Daft Punk,Homework,Electronic,1992,Canada,Standard Reissue,False,Poor,,,"12,455",402,511.0,1.271,86.9,35.2,32.0,3874,95.2%,yes,Fixed Price,2021,59.30,$44.48
1153,The Rolling Stones,Sticky Fingers,Rock,1976,JAPAN,Original 1st Press,False,Very Good Plus,Good Plus,,"29,471",196,199.0,1.015,92.2,61.7,24.0,4899,96.7%,no,Auction,2021,86.38,$113.47
1154,Pearl Jam,Vitalogy,Alternative,1962,Canada,Promo Copy,No,Near Mint,Near Mint,180.0,"13,571",309,479.0,1.55,70.5,13.1,68.0,3461,98.4%,False,Fixed Price,2018,71.73,$104.71
1155,Jimi Hendrix,Are You Experienced,Rock,2020,US,Standard Reissue,0,Near Mint,Very Good,120.0,"26,190",569,705.0,1.239,72.9,43.9,43.0,4350,95.0%,Yes,Auction,2021,59.85,$70.59
1156,Marvin Gaye,Trouble Man,Soul,1999,Netherlands,Standard Reissue,No,Very Good,Very Good,120.0,"22,325",1266,853.0,0.674,88.1,60.0,31.0,2828,98.2%,No,Auction,2017,66.42,$77.46
1157,Portishead,Dummy,Electronic,1964,australia,Standard Reissue,no,Very Good Plus,Very Good Plus,120g,"21,777",629,492.0,0.782,82.4,20.6,66.0,2983,100.0%,False,Auction,2025,53.61,$69.33
1158,Joanna Newsom,Ys,Folk,1962,Australia,Original 1st Press,False,Good Plus,Good Plus,120g,"19,273",432,56.0,0.13,35.3,42.7,0.0,2558,97.4%,No,Auction,2023,47.81,$53.50
1159,Arcade Fire,Reflektor,Alternative,2019,Germany,Limited Colored Vinyl,1,Near Mint,Fair,200.0,"47,693",397,633.0,1.594,60.8,72.5,5.0,4821,97.2%,Yes,Fixed Price,2023,68.84,$87.26
1160,Johnny Cash,American IV: The Man Comes Around,Country,1976,Japan,Original 1st Press,No,Mint,Near Mint,180.0,"38,724",365,615.0,1.685,90.6,56.2,22.0,2161,100.0%,Yes,Fixed Price,2021,83.35,$112.69
1161,Burning Spear,Marcus Garvey,Reggae,1979,CANADA,Standard Reissue,No,Good Plus,Mint,120g,"34,707",655,412.0,0.629,20.1,33.3,7.0,2707,90.1%,No,Fixed Price,2017,30.91,$38.95
1162,Dolly Parton,Coat of Many Colors,Country,1982,France,Original 1st Press,False,Very Good Plus,Very Good,140.0,"33,079",403,156.0,0.387,65.5,73.8,7.0,1256,99.0%,No,Auction,2023,75.74,$92.12
1163,Kings of Leon,Because of the Times,Alternative,1985,germany,Standard Reissue,no,Near Mint,Very Good,140g,"13,883",491,663.0,1.35,65.5,19.8,15.0,2674,96.0%,Yes,Fixed Price,2016,53.54,$66.52
1164,Eminem,The Marshall Mathers LP,Hip-Hop,2012,Netherlands,Standard Reissue,False,Mint,Very Good,120.0,"5,578",1642,2037.0,1.241,99.9,12.8,22.0,551,95.2%,Yes,Fixed Price,2022,63.26,$81.13
1165,Prince,Purple Rain,R&B,2018,Brazil,Original 1st Press,No,  Near Mint ,Very Good Plus,120g,"36,575",337,299.0,0.887,88.7,37.1,9.0,1331,100.0%,No,Fixed Price,2023,72.25,$121.15
1166,Nina Simone,I Put a Spell on You,Jazz,2016,uk,Standard Reissue,No,Good,Poor,120.0,"35,540",271,486.0,1.793,74.3,69.4,85.0,3203,96.0%,No,Fixed Price,2016,71.90,$68.16
1167,The Beatles,Abbey Road,Rock,1972,FRANCE,Standard Reissue,No,Very Good Plus,Very Good Plus,140.0,"19,428",921,143.0,0.155,85.6,70.5,12.0,789,98.6%,False,Fixed Price,2018,69.90,$87.12
1168,Marvin Gaye,Let's Get It On,Soul,1981,Australia,Standard Reissue,0,Very Good Plus,Fair,180.0,"33,088",970,1473.0,1.519,91.1,71.4,1.0,1305,95.3%,no,Fixed Price,2019,72.79,$93.25
1169,Led Zeppelin,Led Zeppelin II,Rock,2017,UK,Standard Reissue,No,Fair,Very Good Plus,140.0,"11,158",537,55.0,0.102,95.5,5.6,11.0,2108,96.5%,Yes,Fixed Price,2019,53.82,$49.50
1170,Daft Punk,Discovery,Electronic,2011,germany,Standard Reissue,No,Very Good,Very Good,120.0,"20,204",1619,2947.0,1.82,80.5,74.9,14.0,2010,93.4%,0,Auction,2020,74.29,$87.09
1171,Nirvana,In Utero,Alternative,1992,Germany,Original 1st Press,0,Near Mint,,120g,"30,412",450,927.0,2.06,99.5,54.6,3.0,2143,97.3%,no,Auction,2020,87.69,$126.57
1172,Carole King,Tapestry,Folk,1960,canada,Standard Reissue,No,Good Plus,Very Good,140g,"41,862",621,1403.0,2.259,57.2,28.7,2.0,3023,95.1%,yes,Auction,2020,48.60,$51.32
1173,Interpol,Antics,Alternative,1997,Australia,Standard Reissue,No,Mint,Mint,180.0,"26,408",808,592.0,0.733,23.1,8.6,14.0,1860,97.0%,No,Fixed Price,2024,27.01,$37.63
1174,Rage Against the Machine,Evil Empire,Alternative,1981,Australia,Standard Reissue,False,Very Good Plus,Very Good Plus,180.0,"2,500",122,102.0,0.836,71.3,29.1,11.0,2000,93.7%,Yes,Fixed Price,2024,62.61,$81.44
1175,Michael Jackson,Thriller,Pop,1970,Canada,Standard Reissue,no,  Fair ,Good,140.0,"8,947",496,539.0,1.087,97.2,60.4,12.0,4823,100.0%,False,Fixed Price,2021,75.74,$71.53
1176,Midnight Oil,Blue Sky Mining,Rock,1972,Netherlands,Original 1st Press,False,Good Plus,Mint,140.0,"22,670",530,197.0,0.372,25.1,38.8,9.0,3024,94.6%,True,Fixed Price,2021,50.93,$56.47
1177,Bon Iver,"For Emma, Forever Ago",Folk,1973,Japan,Anniversary Edition,Yes,Very Good Plus,Near Mint,180.0,"1,781",117,408.0,3.487,38.1,18.8,4.0,3284,99.7%,False,Auction,2017,47.88,$66.66
1178,Joni Mitchell,Hissing of Summer Lawns,Folk,1998,GERMANY,Standard Reissue,False,Near Mint,Very Good,180.0,"20,298",242,135.0,0.558,71.4,45.1,37.0,4867,100.0%,True,Fixed Price,2016,58.22,$76.96
1179,Kendrick Lamar,DAMN.,Hip-Hop,2016,Japan,Standard Reissue,no,Very Good,Very Good Plus,140g,"7,416",695,1328.0,1.911,94.7,79.5,2.0,2206,98.5%,0,Auction,2020,87.16,$111.43
1180,Carole King,Tapestry,Folk,1983,Canada,Standard Reissue,0,Good,Mint,120g,"10,835",670,1666.0,2.487,52.8,27.2,91.0,1589,100.0%,yes,Fixed Price,2025,50.14,$52.53
1181,Neil Young,Harvest Moon,Folk,1986,Germany,Standard Reissue,No,Near Mint,Very Good Plus,120g,"29,264",2216,2468.0,1.114,68.5,69.1,6.0,34,97.3%,False,Fixed Price,2022,63.78,$93.74
1182,New Order,Low Life,Electronic,1963,Brazil,Original 1st Press,no,Very Good,Very Good Plus,140.0,"2,433",109,71.0,0.651,66.0,53.5,30.0,3840,,no,Auction,2015,62.68,$78.14
1183,The White Stripes,Elephant,Alternative,1980,Germany,Standard Reissue,False,  Very Good ,Near Mint,140.0,"12,898",3227,736.0,0.228,67.2,50.6,24.0,1061,100.0%,Yes,Auction,2021,46.40,$57.50
1184,The Beach Boys,Wild Honey,Pop,1969,Australia,Standard Reissue,No,Good Plus,Mint,180.0,"2,242",1317,830.0,0.63,83.5,28.7,0.0,1431,97.0%,Yes,Auction,2015,57.33,$62.97
1185,Eminem,The Marshall Mathers LP,Hip-Hop,2022,Germany,Anniversary Edition,Yes,Mint,Near Mint,120.0,"28,801",891,1886.0,2.117,98.9,9.7,52.0,2047,94.9%,0,Auction,2025,61.86,$87.83
1186,R.E.M.,Murmur,Alternative,1974,UK,Limited Colored Vinyl,Yes,Very Good,Very Good,120g,"14,672",310,1110.0,3.581,62.0,52.3,19.0,1601,97.7%,1,Fixed Price,2023,71.43,$92.69
1187,John Coltrane,A Love Supreme,Jazz,1981,UK,Limited Colored Vinyl,Yes,Very Good Plus,Mint,140g,"40,776",1535,796.0,0.519,69.6,64.8,45.0,1418,97.3%,No,Fixed Price,2025,65.32,$98.84
1188,The Cure,Pornography,Alternative,1978,CANADA,Anniversary Edition,Yes,Poor,Good Plus,200g,"10,019",614,2199.0,3.581,37.3,80.0,15.0,2813,95.1%,No,Auction,2024,73.97,$58.48
1189,Beastie Boys,Licensed to Ill,Hip-Hop,1981,US,Standard Reissue,0,Poor,Very Good Plus,120g,"35,647",1227,2105.0,1.716,54.0,39.8,20.0,3600,93.2%,No,Fixed Price,2021,53.29,$38.27
1190,David Bowie,Scary Monsters,Rock,2006,Japan,Standard Reissue,0,Mint,Very Good Plus,120.0,"28,367",1229,441.0,0.359,89.7,19.9,8.0,4236,98.9%,No,Fixed Price,2021,57.38,$80.72
1191,Kendrick Lamar,"good kid, m.A.A.d city",Hip-Hop,1997,Japan,Original 1st Press,0,Very Good,Near Mint,120.0,"49,770",758,1245.0,1.642,93.7,27.7,3.0,167,98.3%,No,Fixed Price,2021,78.00,$93.89
1192,Tame Impala,Lonerism,Alternative,1972,UK,Standard Reissue,No,Near Mint,Mint,180g,"39,424",1464,1223.0,0.835,57.3,37.6,7.0,4935,96.1%,Yes,Fixed Price,2020,52.01,$71.03
1193,Beastie Boys,Paul's Boutique,Hip-Hop,2017,us,Standard Reissue,No,Very Good Plus,Very Good Plus,180g,"24,040",851,1447.0,1.7,56.6,12.3,1.0,4095,,True,Fixed Price,2019,48.04,$52.83
1194,Kraftwerk,Trans-Europe Express,Electronic,1966,canada,Promo Copy,No,Very Good Plus,Very Good Plus,200.0,"36,624",204,143.0,0.701,75.6,60.4,33.0,3985,95.8%,Yes,Fixed Price,2019,76.27,$107.83
1195,Portishead,Third,Electronic,1976,France,Standard Reissue,no,Mint,Good Plus,180.0,"17,685",1111,2378.0,2.14,80.2,15.7,0.0,3966,98.4%,no,Fixed Price,2025,53.05,$76.57
1196,John Coltrane,My Favorite Things,Jazz,1963,Japan,Test Pressing,Yes,Very Good Plus,Very Good Plus,200g,"4,553",156,531.0,3.404,71.9,43.2,45.0,710,96.3%,Yes,Fixed Price,2019,85.30,$96.56
1197,Dolly Parton,Coat of Many Colors,Country,1961,Brazil,Limited Colored Vinyl,Yes,Good Plus,Very Good,120g,"37,677",587,1621.0,2.761,60.7,79.2,2.0,4240,,0,Fixed Price,2016,70.26,$69.88
1198,James Taylor,JT,Folk,1981,france,Standard Reissue,No,Very Good,Good,120.0,"45,877",1917,1364.0,0.712,30.3,8.9,43.0,4936,94.4%,True,Fixed Price,2016,25.12,$25.66
1199,Fleetwood Mac,Tusk,Rock,1978,germany,Standard Reissue,No,Near Mint,Very Good Plus,140g,"47,701",627,831.0,1.325,93.4,32.0,42.0,3844,95.1%,False,Auction,2024,59.29,$80.80
1200,Sade,Promise,R&B,1991,France,Standard Reissue,No,  Mint ,Near Mint,140g,"47,518",603,159.0,0.264,83.4,18.7,7.0,736,100.0%,1,Fixed Price,2019,43.08,$80.76
1201,Wu-Tang Clan,Enter the Wu-Tang (36 Chambers),Hip-Hop,1975,CANADA,Original 1st Press,0,Mint,Near Mint,200.0,"17,169",66,34.0,0.515,68.6,7.3,13.0,4645,97.6%,no,Fixed Price,2024,60.45,$104.69
1202,Massive Attack,Mezzanine,Electronic,1972,US,Standard Reissue,No,Fair,Mint,140g,"40,789",805,1004.0,1.247,56.5,67.0,8.0,3500,94.0%,No,Auction,2020,52.87,$55.73
1203,James Taylor,JT,Folk,1966,germany,Standard Reissue,False,Very Good,Near Mint,140.0,"27,454",1280,422.0,0.33,33.4,9.1,15.0,4838,100.0%,True,Fixed Price,2018,26.75,$33.35
1204,Junior Murvin,Police and Thieves,Reggae,1964,netherlands,Anniversary Edition,Yes,Very Good,Mint,180.0,"24,335",269,727.0,2.703,20.8,37.0,9.0,748,,True,Auction,2025,54.14,$74.19
1205,Black Sabbath,Master of Reality,Rock,1965,UK,Standard Reissue,No,Mint,Near Mint,140g,"24,453",777,1729.0,2.225,69.3,19.7,54.0,1257,98.5%,False,Fixed Price,2024,48.36,$67.29
1206,Jimi Hendrix,Electric Ladyland,Rock,1962,Canada,Standard Reissue,False,Very Good,Very Good,140g,"8,430",569,1112.0,1.954,69.6,18.1,4.0,3417,94.2%,1,Auction,2020,52.22,$60.28
1207,David Bowie,Hunky Dory,Rock,1993,Brazil,Standard Reissue,0,Good Plus,Very Good Plus,180.0,"1,314",471,794.0,1.686,89.1,81.0,15.0,3285,97.3%,No,Fixed Price,2020,82.11,$107.42
1208,The Beach Boys,Surf's Up,Pop,1968,germany,Standard Reissue,False,Very Good Plus,Good,180.0,"24,872",692,540.0,0.78,77.9,25.3,27.0,3618,100.0%,No,Auction,2023,51.01,$63.34
1209,Bob Marley,Catch a Fire,Reggae,1974,canada,Original 1st Press,no,Very Good,Good,140g,"16,127",560,1114.0,1.989,96.1,53.5,2.0,2364,96.4%,No,Fixed Price,2019,88.16,$121.27
1210,Erykah Badu,New Amerykah Part One,R&B,1966,France,Limited Colored Vinyl,1,  Very Good ,Very Good,120.0,"3,963",94,57.0,0.606,78.6,36.7,49.0,1172,96.1%,No,Auction,2017,70.56,$71.23
1211,Talking Heads,Remain in Light,Alternative,2011,US,Standard Reissue,No,Near Mint,Very Good,140g,"19,595",659,582.0,0.883,82.3,70.4,37.0,4440,94.9%,False,Auction,2019,63.02,$97.11
1212,Erykah Badu,Mama's Gun,R&B,1972,Australia,Limited Colored Vinyl,True,Near Mint,Very Good,120g,"28,197",245,,0.306,75.3,19.9,7.0,1614,100.0%,No,Fixed Price,2024,55.38,$85.67
1213,Loretta Lynn,Coal Miner's Daughter,Country,2005,Brazil,Standard Reissue,no,Good,,120g,"48,974",2279,2605.0,1.143,19.9,59.8,22.0,4691,97.6%,Yes,Auction,2016,41.56,$37.63
1214,Tame Impala,Lonerism,Alternative,1988,US,Standard Reissue,No,Good Plus,Mint,200.0,"45,356",3350,3075.0,0.918,64.7,37.9,6.0,148,97.8%,Yes,Fixed Price,2022,48.56,$49.55
1215,AC/DC,Back in Black,Rock,1998,BRAZIL,Standard Reissue,False,Very Good Plus,Very Good Plus,180g,"22,754",531,960.0,1.808,90.7,49.3,5.0,2366,97.1%,Yes,Fixed Price,2024,68.92,$100.73
1216,The Beach Boys,Wild Honey,Pop,2019,AUSTRALIA,Anniversary Edition,Yes,Very Good Plus,Very Good,140.0,"10,189",485,582.0,1.2,80.4,30.0,69.0,3590,95.8%,True,Auction,2019,60.49,$78.69
1217,Kendrick Lamar,"good kid, m.A.A.d city",Hip-Hop,2009,US,Standard Reissue,False,  Near Mint ,Very Good Plus,120.0,"29,978",626,518.0,0.827,96.6,22.9,22.0,548,96.7%,False,Fixed Price,2015,57.76,$88.31
1218,Funkadelic,One Nation Under a Groove,R&B,1987,netherlands,Standard Reissue,No,  Good Plus ,Fair,120.0,"14,268",807,1909.0,2.366,38.8,47.8,32.0,4132,93.9%,No,Fixed Price,2025,54.42,$46.10
1219,Neil Young,Rust Never Sleeps,Folk,1973,UK,Standard Reissue,No,Near Mint,Near Mint,200.0,"19,445",1921,1249.0,0.65,63.4,56.4,1.0,4124,,Yes,Fixed Price,2023,59.67,$92.73
1220,The White Stripes,White Blood Cells,Alternative,2012,france,Standard Reissue,No,Good,Mint,120.0,"9,628",814,101.0,0.124,66.5,47.5,9.0,4703,100.0%,no,Fixed Price,2017,56.80,$71.74
1221,The Strokes,Is This It,Alternative,1966,Japan,Standard Reissue,0,Good Plus,Mint,140.0,"30,840",1258,410.0,0.326,65.0,22.2,51.0,716,99.5%,True,Fixed Price,2018,44.65,$48.74
1222,Patti Smith,Easter,Rock,1965,Canada,Original 1st Press,False,Good,Mint,120.0,"9,459",6,5.0,0.833,31.7,44.5,18.0,4183,97.2%,No,Fixed Price,2023,63.28,$64.22
1223,The Rolling Stones,Emotional Rescue,Rock,1975,Canada,Standard Reissue,0,Very Good,Good Plus,120g,"40,767",2125,3984.0,1.875,94.8,33.5,3.0,1360,91.6%,No,Fixed Price,2022,62.97,$82.34
1224,The National,Trouble Will Find Me,Alternative,2015,Australia,Anniversary Edition,1,Very Good Plus,Near Mint,120g,"38,855",1253,3319.0,2.649,48.1,42.1,9.0,219,98.1%,No,Fixed Price,2016,60.15,$86.33
1225,Radiohead,OK Computer,Alternative,1963,US,Anniversary Edition,Yes,  Near Mint ,Good Plus,140g,"25,981",741,1090.0,1.471,84.3,54.0,30.0,1311,94.8%,No,Fixed Price,2016,65.43,$96.23
1226,The Beatles,Rubber Soul,Rock,2020,US,Original 1st Press,No,Near Mint,Near Mint,120.0,"25,042",317,783.0,2.47,92.5,25.2,31.0,2867,99.3%,No,Fixed Price,2020,80.45,$122.45
1227,Outkast,ATLiens,Hip-Hop,2008,Australia,Original 1st Press,No,Poor,Very Good,,"32,421",496,175.0,0.353,77.3,67.3,13.0,319,97.2%,No,Fixed Price,2017,70.57,$50.70
1228,Peter Gabriel,Us,Pop,1995,US,Standard Reissue,No,  Very Good Plus ,Very Good Plus,180g,"28,790",1253,2603.0,2.077,58.8,56.1,14.0,3635,96.4%,Yes,Fixed Price,2019,51.27,$62.16
1229,Miles Davis,Kind of Blue,Jazz,1976,France,Test Pressing,Yes,Very Good Plus,Very Good Plus,140g,"40,199",188,565.0,3.005,77.9,36.2,46.0,4995,93.2%,True,Fixed Price,2018,88.57,$117.78
1230,Joy Division,Closer,Alternative,1979,Netherlands,Standard Reissue,No,Mint,Mint,180.0,"16,744",982,465.0,0.474,40.2,60.8,52.0,2221,100.0%,Yes,Auction,2022,51.27,$71.15
1231,U2,The Joshua Tree,Rock,2005,canada,Standard Reissue,No,Near Mint,Mint,140g,"33,620",1547,2223.0,1.437,76.2,50.2,8.0,3960,,No,Fixed Price,2017,57.91,$86.80
1232,Nirvana,In Utero,Alternative,2000,Canada,Original 1st Press,No,Good Plus,Poor,120.0,"32,281",238,91.0,0.382,98.7,48.7,1.0,1350,97.0%,No,Fixed Price,2024,86.63,$75.82
1233,The Beatles,Rubber Soul,Rock,1970,US,Promo Copy,no,Near Mint,Fair,120g,"32,364",154,77.0,0.5,88.6,25.1,4.0,4284,98.5%,False,Fixed Price,2018,65.59,$86.76
1234,Miles Davis,Kind of Blue,Jazz,2007,Netherlands,Standard Reissue,No,Very Good,Good,180.0,"22,255",1300,1995.0,1.535,82.4,35.8,15.0,2549,98.0%,No,Fixed Price,2021,56.52,$56.84
1235,The Beatles,Abbey Road,Rock,2005,japan,Standard Reissue,No,Near Mint,Very Good Plus,140.0,"40,874",994,1283.0,1.291,84.8,65.9,19.0,1553,99.5%,No,Auction,2023,63.99,$105.76
1236,Arcade Fire,The Suburbs,Alternative,2003,germany,Original 1st Press,No,Good Plus,Good Plus,140.0,"42,376",362,166.0,0.459,65.2,18.2,10.0,2889,100.0%,True,Fixed Price,2022,61.41,$65.28
1237,Kings of Leon,Because of the Times,Alternative,1999,GERMANY,Original 1st Press,No,Very Good Plus,Near Mint,180.0,"45,294",104,101.0,0.971,61.7,19.6,,3950,96.5%,Yes,Fixed Price,2024,59.12,$80.49
1238,Bjork,Homogenic,Electronic,1976,UK,Original 1st Press,No,Very Good Plus,Good,120g,"36,984",202,459.0,2.272,69.2,27.5,2.0,312,97.8%,No,Auction,2018,54.81,$60.35
1239,Norah Jones,Little Broken Hearts,Jazz,2000,UK,Standard Reissue,No,Mint,Fair,140g,"37,659",938,1045.0,1.114,68.9,19.8,1.0,2626,98.6%,no,Auction,2020,47.31,$70.74
1240,The Strokes,Is This It,Alternative,1988,UK,Standard Reissue,No,Good Plus,Near Mint,180g,"44,775",1533,870.0,0.568,68.8,23.2,43.0,2703,97.7%,No,Fixed Price,2015,42.30,$45.09
1241,2Pac,Me Against the World,Hip-Hop,1961,Brazil,Original 1st Press,No,Mint,Very Good,140g,"40,702",238,373.0,1.567,93.0,32.4,21.0,602,95.0%,Yes,Fixed Price,2016,74.04,$92.53
1242,James Taylor,JT,Folk,2001,Canada,Anniversary Edition,True,Mint,Very Good Plus,140g,"43,487",208,579.0,2.784,25.8,7.0,15.0,2700,100.0%,No,Fixed Price,2015,34.36,$53.56
1243,The Rolling Stones,Tattoo You,Rock,1966,Australia,Anniversary Edition,Yes,Mint,Mint,180g,"25,601",140,98.0,0.7,93.4,38.4,56.0,4409,98.8%,Yes,Fixed Price,2015,65.11,$98.34
1244,The Cure,Disintegration,Alternative,1993,canada,Promo Copy,False,Near Mint,Very Good Plus,200g,"35,144",436,206.0,0.472,36.2,66.5,67.0,1501,96.0%,No,Fixed Price,2022,62.43,$84.14
1245,Nirvana,Bleach,Alternative,1963,japan,Original 1st Press,No,Near Mint,Fair,180g,"38,322",178,281.0,1.579,96.6,51.5,3.0,3001,99.1%,Yes,Fixed Price,2022,79.46,$112.34
1246,Johnny Cash,At Folsom Prison,Country,1998,US,Standard Reissue,False,Near Mint,,180.0,"9,391",250,216.0,0.864,94.7,59.0,3.0,4817,96.0%,Yes,Auction,2023,70.34,$92.36
1247,Rage Against the Machine,Evil Empire,Alternative,2005,CANADA,Standard Reissue,0,Very Good Plus,Good Plus,180g,"47,171",477,644.0,1.35,67.2,28.0,27.0,685,96.3%,True,Auction,2024,51.79,$63.24
1248,Sufjan Stevens,Michigan,Folk,2008,Germany,Standard Reissue,No,Very Good Plus,Fair,,"22,653",229,136.0,0.594,57.9,36.7,13.0,4752,94.5%,no,Fixed Price,2017,48.37,$58.52
1249,Radiohead,In Rainbows,Alternative,1981,Canada,Original 1st Press,No,Very Good,Very Good,180g,"17,984",318,771.0,2.425,86.3,14.5,8.0,4685,100.0%,1,Fixed Price,2016,69.72,$84.63
1250,Erykah Badu,Baduizm,R&B,1971,UK,Promo Copy,0,Good,Good,180.0,"28,550",49,85.0,1.735,75.6,61.6,21.0,2475,97.3%,0,Fixed Price,2020,69.93,$61.47
1251,Peter Gabriel,Us,Pop,2019,japan,Original 1st Press,No,Mint,Very Good,180.0,"7,544",246,572.0,2.325,59.4,57.4,29.0,3069,99.0%,0,Auction,2021,74.30,$118.93
1252,Kendrick Lamar,Section.80,Hip-Hop,1962,Netherlands,Standard Reissue,No,Very Good,Near Mint,140.0,"29,178",564,922.0,1.635,99.2,21.7,,1767,95.6%,Yes,Fixed Price,2022,65.45,$76.21
1253,Vampire Weekend,Father of the Bride,Alternative,1986,,Standard Reissue,No,Very Good Plus,Poor,120.0,"22,076",641,668.0,1.042,66.3,43.7,4.0,2936,94.9%,No,Fixed Price,2015,54.39,$52.56
1254,2Pac,Me Against the World,Hip-Hop,1967,UK,Original 1st Press,0,Very Good,Near Mint,120g,"36,635",276,674.0,2.442,95.4,33.3,62.0,4660,98.3%,No,Fixed Price,2025,81.42,$112.58
1255,Dave Brubeck,Time Out,Jazz,2006,GERMANY,Standard Reissue,No,Very Good Plus,Very Good,120.0,348,437,230.0,0.526,30.1,33.0,4.0,728,100.0%,No,Fixed Price,2016,39.67,$45.65
1256,The Beatles,Sgt. Pepper's Lonely Hearts Club Band,Rock,1978,US,Standard Reissue,No,Very Good Plus,Near Mint,200.0,"33,185",484,552.0,1.14,88.5,32.3,40.0,4221,96.0%,no,Auction,2025,52.61,$71.06
1257,Bob Dylan,Blonde on Blonde,Folk,2010,UK,Standard Reissue,0,Mint,Good Plus,120g,"23,714",715,1025.0,1.434,93.6,27.5,40.0,358,94.1%,True,Fixed Price,2024,61.41,$89.92
1258,Pink Floyd,The Dark Side of the Moon,Rock,1968,,Standard Reissue,False,Very Good Plus,Very Good,140.0,"23,158",237,173.0,0.73,87.5,17.3,18.0,4325,96.1%,0,Fixed Price,2019,54.12,$70.06
1259,Tame Impala,Currents,Alternative,2007,,Standard Reissue,no,Very Good Plus,Near Mint,180g,"26,012",137,92.0,0.672,57.6,20.0,7.0,743,98.0%,1,Fixed Price,2019,43.11,$62.10
1260,Sufjan Stevens,Illinois,Folk,1975,Germany,Standard Reissue,False,Very Good,Good Plus,180g,"28,029",1675,2958.0,1.766,53.0,44.9,2.0,3286,93.7%,No,Fixed Price,2024,53.25,$63.33
1261,John Coltrane,Giant Steps,Jazz,2008,Australia,Original 1st Press,No,Very Good Plus,Good,120g,"40,713",301,637.0,2.116,76.6,73.4,10.0,3308,97.6%,1,Fixed Price,2019,81.34,$98.20
1262,Funkadelic,Funkadelic,R&B,2008,Netherlands,Test Pressing,Yes,Near Mint,Very Good Plus,200g,"13,061",431,1139.0,2.643,37.7,89.7,15.0,4986,91.4%,Yes,Fixed Price,2020,84.12,$113.74
1263,Eminem,The Marshall Mathers LP,Hip-Hop,2002,US,Limited Colored Vinyl,Yes,Near Mint,Very Good,180.0,"7,411",408,775.0,1.9,97.5,10.9,80.0,3619,93.5%,Yes,Fixed Price,2016,60.10,$68.15
1264,Bob Marley,Catch a Fire,Reggae,1998,Japan,Original 1st Press,0,Near Mint,Near Mint,120.0,"27,901",112,14.0,0.125,92.1,51.6,9.0,1299,97.8%,No,Fixed Price,2019,79.30,$137.15
1265,Erykah Badu,New Amerykah Part One,R&B,1963,Canada,Limited Colored Vinyl,True,Very Good Plus,Good,200g,"7,072",725,1394.0,1.923,76.5,34.6,13.0,287,94.4%,1,Fixed Price,2024,63.89,$76.53
1266,Frank Ocean,Channel Orange,R&B,2000,Japan,Promo Copy,No,Very Good,Mint,140.0,"30,013",393,291.0,0.74,100.8,13.4,56.0,1747,97.2%,No,Fixed Price,2024,63.52,$89.94
1267,Aphex Twin,Drukqs,Electronic,1990,UK,Promo Copy,no,Fair,Very Good,180.0,"21,919",43,80.0,1.86,62.6,22.4,10.0,4889,100.0%,Yes,Auction,2015,58.10,$55.74
1268,Willie Nelson,Red Headed Stranger,Country,1969,France,Test Pressing,yes,Very Good,Very Good Plus,180g,"7,640",220,207.0,0.941,65.4,14.9,102.0,4245,95.2%,False,Fixed Price,2015,68.01,$74.62
1269,David Bowie,Ziggy Stardust,Rock,1997,uk,Original 1st Press,No,Near Mint,Near Mint,200.0,"27,230",267,180.0,0.674,89.4,8.2,41.0,982,94.0%,Yes,Auction,2018,56.32,$75.00
1270,Paul Simon,So Beautiful or So What,Folk,1978,US,Standard Reissue,No,Near Mint,,180g,"3,350",121,211.0,1.744,73.5,39.3,1.0,1563,94.5%,False,Auction,2017,63.34,$103.76
1271,The White Stripes,Elephant,Alternative,2006,Australia,Standard Reissue,No,Mint,Near Mint,180g,"34,592",871,1455.0,1.67,66.6,52.3,15.0,4507,94.5%,No,Auction,2015,55.84,$77.31
1272,Sly and the Family Stone,There's a Riot Goin' On,Soul,1967,Canada,Anniversary Edition,Yes,Very Good Plus,Good Plus,180g,"44,914",767,141.0,0.184,74.5,36.3,16.0,2510,99.3%,1,Fixed Price,2024,53.68,$90.06
1273,Public Enemy,It Takes a Nation of Millions to Hold Us Back,Hip-Hop,1987,Canada,Standard Reissue,No,Near Mint,Good Plus,120g,"29,630",263,462.0,1.757,74.0,42.1,14.0,307,97.2%,No,Fixed Price,2021,62.41,$73.85
1274,The Cure,Wish,Alternative,2003,japan,Limited Colored Vinyl,Yes,Near Mint,Very Good,180.0,"8,609",152,553.0,3.638,36.0,45.8,14.0,1515,96.6%,No,Fixed Price,2023,63.01,$98.88
1275,The Rolling Stones,Some Girls,Rock,1991,Germany,Limited Colored Vinyl,Yes,Near Mint,Very Good Plus,140g,"21,414",200,670.0,3.35,95.2,51.0,29.0,1862,100.0%,Yes,Auction,2016,76.22,$91.25
1276,Funkadelic,Uncle Jam Wants You,R&B,1982,US,Limited Colored Vinyl,yes,Near Mint,Very Good,120g,"45,939",712,979.0,1.375,42.0,58.2,3.0,4205,95.6%,True,Auction,2023,51.83,$70.87
1277,Parliament,Mothership Connection,R&B,1993,Germany,Anniversary Edition,yes,Very Good Plus,Very Good Plus,120.0,"31,308",235,527.0,2.243,36.1,79.7,2.0,3687,95.9%,No,Fixed Price,2016,66.42,$79.54
1278,J Dilla,Ruff Draft,Hip-Hop,1963,US,Original 1st Press,False,Near Mint,Good Plus,140.0,"46,926",151,254.0,1.682,39.8,27.8,2.0,2102,100.0%,Yes,Fixed Price,2017,52.51,$61.70
1279,Bjork,Vespertine,Electronic,1971,Japan,Limited Colored Vinyl,yes,  Very Good ,Very Good Plus,180g,"24,831",1621,1807.0,1.115,68.0,19.5,3.0,1518,100.0%,False,Auction,2024,54.69,$80.05
1280,Marvin Gaye,Trouble Man,Soul,1997,Brazil,Limited Colored Vinyl,True,Good,Good,120.0,"16,706",234,636.0,2.718,90.5,56.6,30.0,4210,97.3%,No,Fixed Price,2022,74.86,$72.30
1281,Snoop Dogg,Doggystyle,Hip-Hop,2017,US,Original 1st Press,No,  Very Good Plus ,Mint,200g,"46,056",60,85.0,1.417,78.1,33.0,26.0,3962,95.1%,Yes,Fixed Price,2025,68.03,$92.00
1282,Daft Punk,Discovery,Electronic,1960,AUSTRALIA,Original 1st Press,No,Very Good Plus,Good,140g,"26,667",187,69.0,0.369,85.5,74.2,1.0,962,99.4%,Yes,Fixed Price,2015,83.45,$114.06
1283,Steely Dan,Can't Buy a Thrill,Rock,2002,Australia,Promo Copy,0,Very Good Plus,Very Good,140g,"5,661",209,103.0,0.493,77.2,68.3,2.0,2350,99.4%,No,Fixed Price,2020,77.52,$108.21
1284,New Order,"Power, Corruption and Lies",Electronic,1979,Germany,Limited Colored Vinyl,True,Very Good,Fair,140.0,"40,365",790,586.0,0.742,59.1,12.1,19.0,1626,92.6%,No,Fixed Price,2021,41.92,$42.51
1285,D'Angelo,Voodoo,R&B,1977,Germany,Standard Reissue,no,Good,Very Good Plus,120g,"23,943",1018,1264.0,1.242,71.1,17.8,34.0,3861,99.8%,True,Fixed Price,2023,52.11,$49.04
1286,Aphex Twin,Selected Ambient Works 85-92,Electronic,1998,AUSTRALIA,Anniversary Edition,Yes,Fair,Very Good Plus,180.0,"14,885",799,1336.0,1.672,60.7,-2.0,14.0,1830,100.0%,Yes,Auction,2022,51.00,$54.10
1287,Prince,Dirty Mind,R&B,1991,Germany,Original 1st Press,0,Near Mint,Near Mint,140.0,"17,466",605,462.0,0.764,85.4,46.3,0.0,3877,100.0%,No,Fixed Price,2015,76.88,$113.48
1288,Nina Simone,Nina Simone in Concert,Jazz,2011,France,Standard Reissue,No,Very Good Plus,Mint,180g,"36,270",1343,1021.0,0.76,74.1,51.2,58.0,623,93.6%,No,Fixed Price,2017,52.16,$74.82
1289,Snoop Dogg,Doggystyle,Hip-Hop,2022,Germany,Standard Reissue,No,Good Plus,Mint,180.0,"34,347",188,165.0,0.878,75.7,33.2,62.0,3698,94.6%,Yes,Fixed Price,2023,58.66,$67.85
1290,Talking Heads,Fear of Music,Alternative,1972,UK,Standard Reissue,no,Mint,Good Plus,,"19,233",514,755.0,1.469,73.6,22.6,1.0,1484,98.1%,Yes,Fixed Price,2022,56.97,$70.76
1291,Black Uhuru,Red,Reggae,2008,Brazil,Promo Copy,No,Near Mint,Near Mint,140g,"38,801",679,1223.0,1.801,22.2,30.0,22.0,3287,100.0%,No,Fixed Price,2020,45.13,$67.16
1292,Aphex Twin,Drukqs,Electronic,1962,Germany,Standard Reissue,False,Good,Very Good,180g,"20,353",774,409.0,0.528,64.9,27.0,28.0,2266,96.6%,False,Fixed Price,2021,48.99,$38.42
1293,Paul Simon,Graceland,Folk,2004,UK,Anniversary Edition,Yes,Very Good,Very Good Plus,140g,"34,679",241,707.0,2.934,79.7,5.1,10.0,3895,99.2%,No,Auction,2017,55.08,$65.70
1294,Nirvana,Bleach,Alternative,1960,Japan,Standard Reissue,No,Good Plus,Mint,120.0,"21,531",159,25.0,0.157,92.9,56.4,11.0,266,95.4%,Yes,Fixed Price,2022,63.98,$68.33
1295,D'Angelo,Voodoo,R&B,1977,Brazil,Limited Colored Vinyl,Yes,Very Good Plus,Very Good,140.0,"36,587",982,1463.0,1.49,72.9,24.8,26.0,2521,,Yes,Auction,2022,59.81,$80.31
1296,Nas,It Was Written,Hip-Hop,1989,,Limited Colored Vinyl,Yes,Very Good,Very Good,200.0,"40,690",430,295.0,0.686,70.0,38.9,11.0,4307,96.3%,No,Auction,2020,52.73,$66.55
1297,Interpol,Antics,Alternative,1995,US,Anniversary Edition,Yes,Near Mint,Very Good Plus,120g,"22,919",1053,3445.0,3.272,19.2,6.4,3.0,737,96.8%,True,Auction,2015,36.14,$56.48
1298,Talking Heads,Speaking in Tongues,Alternative,1982,Germany,Standard Reissue,No,Fair,Poor,180.0,733,953,1750.0,1.836,73.8,34.9,25.0,826,100.0%,Yes,Fixed Price,2020,64.77,$39.86
1299,Bon Iver,"22, A Million",Folk,2008,Germany,Standard Reissue,no,Mint,Very Good,140.0,"24,119",496,153.0,0.308,41.4,39.9,40.0,380,98.9%,False,Fixed Price,2017,40.59,$64.67
1300,Simon & Garfunkel,Sounds of Silence,Folk,2005,Canada,Original 1st Press,False,Very Good Plus,Near Mint,200g,"3,884",312,695.0,2.228,65.3,46.0,3.0,1599,95.7%,1,Fixed Price,2020,77.66,$102.68
1301,Joni Mitchell,Ladies of the Canyon,Folk,1968,Japan,Test Pressing,Yes,Near Mint,Near Mint,140.0,"26,943",100,224.0,2.24,74.2,49.0,8.0,2390,98.2%,Yes,Fixed Price,2018,82.51,$110.72
1302,Red Hot Chili Peppers,Californication,Alternative,1978,canada,Standard Reissue,False,Very Good Plus,Very Good Plus,200g,"4,406",1850,2994.0,1.618,63.9,51.3,41.0,2466,97.1%,No,Auction,2019,61.41,$86.48
1303,The Notorious B.I.G.,Life After Death,Hip-Hop,1993,Canada,Original 1st Press,False,Near Mint,Near Mint,140.0,"21,780",276,328.0,1.188,98.0,70.1,15.0,3982,100.0%,No,Fixed Price,2023,93.26,$120.54
1304,Soundgarden,Badmotorfinger,Alternative,2011,BRAZIL,Standard Reissue,0,Very Good Plus,Good Plus,180g,"35,529",799,1001.0,1.253,70.0,72.9,11.0,232,96.5%,No,Fixed Price,2025,67.92,$107.05
1305,Pearl Jam,Ten,Alternative,1968,Brazil,Standard Reissue,No,Very Good Plus,Mint,120g,"42,116",529,162.0,0.306,66.7,76.7,40.0,988,97.8%,no,Auction,2015,62.42,$86.44
1306,Tame Impala,Lonerism,Alternative,1961,US,Standard Reissue,No,Near Mint,Very Good Plus,120.0,"39,160",507,270.0,0.533,54.2,36.4,,3868,97.5%,no,Fixed Price,2017,47.65,$69.27
1307,Daft Punk,Alive 2007,Electronic,1961,germany,Standard Reissue,No,Very Good Plus,Very Good Plus,180.0,"18,675",791,1093.0,1.382,86.6,54.9,13.0,3788,,no,Fixed Price,2021,68.60,$82.12
1308,Led Zeppelin,Houses of the Holy,Rock,1989,Netherlands,Standard Reissue,False,  Mint ,Near Mint,180g,"24,142",986,1122.0,1.138,96.2,31.7,73.0,4953,95.6%,False,Fixed Price,2023,67.25,$112.20
1309,Outkast,Aquemini,Hip-Hop,2012,Japan,Standard Reissue,No,Good Plus,Near Mint,120.0,"26,171",327,605.0,1.85,73.4,71.6,0.0,4904,97.5%,1,Fixed Price,2024,68.33,$65.38
1310,Sufjan Stevens,Michigan,Folk,1997,Germany,Standard Reissue,no,Near Mint,Poor,200g,"47,981",196,389.0,1.985,55.8,38.3,5.0,3461,97.1%,False,Fixed Price,2019,46.61,$67.99
1311,The Rolling Stones,Tattoo You,Rock,2014,Netherlands,Limited Colored Vinyl,Yes,Very Good,Good Plus,140g,"10,306",710,1927.0,2.714,94.5,37.1,7.0,2484,98.4%,False,Fixed Price,2025,78.07,$90.75
1312,Steely Dan,Aja,Rock,1978,Germany,Standard Reissue,No,Fair,Very Good,140g,"23,792",973,1815.0,1.865,81.3,62.3,11.0,4055,100.0%,Yes,Fixed Price,2016,61.41,$52.95
1313,Miles Davis,Bitches Brew,Jazz,2018,UK,Anniversary Edition,Yes,Good Plus,Near Mint,180g,"44,077",937,1281.0,1.367,80.7,15.0,73.0,2390,98.7%,No,Fixed Price,2022,49.77,$56.51
1314,Steely Dan,Can't Buy a Thrill,Rock,1960,germany,Test Pressing,Yes,Good Plus,Very Good,120g,"1,493",448,1040.0,2.321,77.8,59.9,36.0,3208,98.8%,Yes,Fixed Price,2016,93.83,$105.15
1315,Radiohead,OK Computer,Alternative,1978,Australia,Standard Reissue,No,Near Mint,Mint,120g,"20,088",387,642.0,1.659,84.9,48.1,23.0,1473,94.7%,No,Auction,2017,61.39,$94.48
1316,Interpol,Turn on the Bright Lights,Alternative,1975,CANADA,Standard Reissue,No,Very Good,Mint,120.0,"30,698",498,1223.0,2.456,25.4,41.5,15.0,4147,96.4%,1,Fixed Price,2018,36.19,$47.47
1317,Nirvana,Bleach,Alternative,1971,Canada,Standard Reissue,No,  Very Good Plus ,Very Good Plus,180.0,"44,757",383,159.0,0.415,96.8,53.1,69.0,3294,100.0%,yes,Auction,2018,66.97,$74.35
1318,My Bloody Valentine,Isn't Anything,Alternative,1991,France,Promo Copy,No,Near Mint,Very Good,120.0,"4,219",303,715.0,2.36,28.6,68.6,4.0,3160,100.0%,Yes,Fixed Price,2018,61.37,$80.99
1319,Black Uhuru,Sinsemilla,Reggae,2001,Brazil,Original 1st Press,False,Mint,Near Mint,120.0,"6,386",325,499.0,1.535,22.0,55.4,0.0,4022,97.6%,0,Auction,2020,54.26,$86.84
1320,Joni Mitchell,Court and Spark,Folk,1975,Japan,Standard Reissue,No,Very Good,Mint,120.0,"36,372",1317,2419.0,1.837,77.8,24.8,35.0,2095,93.7%,0,Fixed Price,2021,55.82,$87.02
1321,The Beatles,Sgt. Pepper's Lonely Hearts Club Band,Rock,1971,netherlands,Limited Colored Vinyl,True,Very Good,Near Mint,120.0,"6,623",216,491.0,2.273,90.2,33.7,29.0,676,100.0%,False,Auction,2017,70.62,$99.55
1322,The White Stripes,Get Behind Me Satan,Alternative,1996,Australia,Limited Colored Vinyl,1,Very Good Plus,Very Good Plus,140.0,"20,087",574,700.0,1.22,64.0,42.9,38.0,1330,100.0%,No,Fixed Price,2016,59.72,$82.84
1323,Carole King,Tapestry,Folk,2016,Japan,Standard Reissue,No,Very Good Plus,Very Good Plus,120.0,"13,466",300,472.0,1.573,63.4,33.3,15.0,2184,96.2%,False,Fixed Price,2023,46.80,$62.79
1324,Funkadelic,Uncle Jam Wants You,R&B,2014,Brazil,Standard Reissue,False,Near Mint,Very Good,120.0,"2,485",319,,1.668,42.3,63.1,0.0,2284,96.0%,no,Fixed Price,2015,58.65,$94.09
1325,Frank Ocean,Blonde,R&B,1981,Netherlands,Standard Reissue,False,Very Good,Near Mint,180.0,"43,678",1305,506.0,0.388,103.3,33.3,19.0,1272,95.8%,True,Fixed Price,2022,59.29,$76.65
1326,Jane's Addiction,Ritual de lo Habitual,Alternative,2020,Japan,Standard Reissue,False,Very Good,Near Mint,180.0,"40,302",874,2133.0,2.441,28.4,23.5,39.0,2107,94.7%,True,Auction,2021,34.46,$45.03
1327,Alicia Keys,Songs in A Minor,R&B,2000,Germany,Promo Copy,No,Mint,Near Mint,180.0,"40,959",332,592.0,1.783,75.7,5.2,10.0,2800,95.5%,No,Fixed Price,2022,52.26,$87.23
1328,Japandroids,Post-Nothing,Alternative,2012,Canada,Standard Reissue,no,Poor,Good,120.0,"16,822",1385,3029.0,2.187,32.1,43.3,12.0,3829,100.0%,1,Fixed Price,2018,52.49,$44.26
1329,The White Stripes,White Blood Cells,Alternative,1984,France,Test Pressing,True,Near Mint,Near Mint,140.0,"15,205",117,41.0,0.35,61.2,41.5,4.0,2470,98.6%,No,Fixed Price,2015,68.12,$94.21
1330,Alicia Keys,Alicia,R&B,1961,brazil,Standard Reissue,0,Good Plus,Very Good Plus,200g,"19,863",1321,,2.129,73.6,80.9,40.0,2228,97.0%,No,Auction,2016,73.25,$81.08
1331,Metallica,...And Justice for All,Rock,1980,UK,Standard Reissue,No,Very Good Plus,Very Good Plus,140.0,"39,601",1016,679.0,0.668,91.3,58.9,55.0,3632,97.5%,No,Fixed Price,2022,65.20,$93.32
1332,Joanna Newsom,Ys,Folk,2007,Australia,Standard Reissue,No,Very Good Plus,Near Mint,140.0,"23,451",1104,1032.0,0.935,28.6,40.9,14.0,4346,95.6%,Yes,Fixed Price,2018,37.72,$58.30
1333,AC/DC,Back in Black,Rock,1965,CANADA,Promo Copy,No,Good Plus,Very Good Plus,180g,"14,138",1121,,0.161,95.2,44.5,,3206,96.6%,Yes,Fixed Price,2022,68.20,$75.27
1334,Snoop Dogg,Doggystyle,Hip-Hop,2017,Japan,Standard Reissue,False,  Near Mint ,Good Plus,200.0,"19,585",52,119.0,2.288,69.0,34.4,14.0,3287,98.0%,Yes,Fixed Price,2022,54.27,$56.39
1335,Bob Marley,Uprising,Reggae,1970,Canada,Original 1st Press,No,Very Good,Very Good Plus,180g,"49,569",50,107.0,2.14,90.6,44.9,5.0,1624,97.7%,No,Auction,2016,73.34,$94.53
1336,Prince,Around the World in a Day,R&B,2010,Netherlands,Limited Colored Vinyl,Yes,Very Good Plus,Very Good Plus,200.0,"19,601",395,574.0,1.453,88.0,41.9,15.0,2262,100.0%,no,Fixed Price,2023,66.01,$84.48
1337,Funkadelic,Maggot Brain,R&B,1996,GERMANY,Original 1st Press,False,Good Plus,Near Mint,140g,"2,667",207,416.0,2.01,51.2,56.8,9.0,557,97.5%,0,Auction,2023,72.33,$85.82
1338,The Rolling Stones,Voodoo Lounge,Rock,1960,Netherlands,Standard Reissue,False,Mint,Very Good Plus,180.0,"26,454",1652,2219.0,1.343,89.1,52.8,0.0,4559,99.7%,Yes,Fixed Price,2018,63.67,$90.56
1339,Rage Against the Machine,Evil Empire,Alternative,1986,US,Standard Reissue,No,Very Good Plus,Very Good Plus,200g,"32,721",307,485.0,1.58,69.3,23.0,10.0,1146,95.2%,Yes,Auction,2021,54.36,$75.75
1340,Massive Attack,Blue Lines,Electronic,1993,France,Standard Reissue,False,Very Good,Near Mint,180.0,"2,547",1029,871.0,0.846,54.3,20.4,21.0,1476,100.0%,Yes,Fixed Price,2024,46.64,$55.52
1341,Bjork,Homogenic,Electronic,2017,Japan,Limited Colored Vinyl,Yes,Near Mint,Good Plus,180g,"29,157",297,100.0,0.337,70.1,28.9,30.0,781,95.8%,True,Auction,2018,61.72,$89.84
1342,The Clash,London Calling,Rock,1991,brazil,Original 1st Press,No,Very Good Plus,Very Good,180g,"37,666",119,260.0,2.185,73.6,14.4,9.0,2436,94.7%,Yes,Fixed Price,2025,60.42,$79.71
1343,J Dilla,The Shining,Hip-Hop,1981,US,Standard Reissue,No,Very Good Plus,Very Good Plus,,"3,325",708,107.0,0.151,43.3,17.6,12.0,382,98.8%,no,Fixed Price,2024,38.40,$54.33
1344,Rage Against the Machine,Evil Empire,Alternative,1961,UK,Anniversary Edition,Yes,  Very Good Plus ,Good Plus,140g,"15,136",200,167.0,0.835,69.6,23.1,15.0,993,,No,Fixed Price,2022,59.21,$70.86
1345,Steely Dan,Can't Buy a Thrill,Rock,1991,Germany,Anniversary Edition,yes,Good Plus,Very Good,180.0,"18,170",610,1069.0,1.752,77.3,61.5,15.0,2276,91.9%,No,Auction,2016,71.27,$80.57
1346,Bob Marley,Legend,Reggae,1975,FRANCE,Limited Colored Vinyl,Yes,Good,Good Plus,120g,"17,960",302,1130.0,3.742,92.9,42.3,15.0,870,100.0%,Yes,Fixed Price,2018,81.10,$80.92
1347,Joni Mitchell,Hejira,Folk,2000,Netherlands,Standard Reissue,No,Very Good Plus,Good Plus,140.0,"28,126",255,523.0,2.051,79.0,55.4,7.0,368,92.9%,False,Fixed Price,2018,60.21,$84.84
1348,Interpol,Turn on the Bright Lights,Alternative,2014,Germany,Original 1st Press,No,Very Good Plus,Very Good,120g,"36,431",380,338.0,0.889,17.5,33.6,6.0,108,92.1%,Yes,Fixed Price,2017,44.92,$51.52
1349,David Bowie,Let's Dance,Pop,1975,UK,Limited Colored Vinyl,Yes,Good Plus,Good Plus,140.0,"25,182",468,147.0,0.314,89.2,34.2,4.0,1895,98.8%,No,Fixed Price,2019,58.10,$58.70
1350,Massive Attack,Mezzanine,Electronic,1998,CANADA,Original 1st Press,No,Very Good Plus,Very Good,120g,"48,443",344,205.0,0.596,52.0,68.2,0.0,3167,95.1%,False,Auction,2022,64.91,$84.08
1351,Alice in Chains,Dirt,Alternative,2021,Canada,Standard Reissue,No,Very Good Plus,Near Mint,200g,"28,131",630,999.0,1.586,66.0,46.2,20.0,4987,94.0%,No,Auction,2025,54.10,$56.24
1352,Patti Smith,Easter,Rock,2011,France,Original 1st Press,No,Near Mint,,140g,"28,024",653,1519.0,2.326,27.9,38.9,26.0,4508,100.0%,Yes,Fixed Price,2015,51.45,$67.64
1353,Kendrick Lamar,"good kid, m.A.A.d city",Hip-Hop,1965,australia,Test Pressing,Yes,Good Plus,Very Good Plus,140g,"48,997",27,58.0,2.148,91.9,22.8,1.0,4657,100.0%,No,Auction,2017,81.55,$80.16
1354,Kraftwerk,The Man-Machine,Electronic,1997,AUSTRALIA,Limited Colored Vinyl,1,Near Mint,Very Good Plus,180g,"33,130",394,703.0,1.784,81.8,51.1,21.0,4172,98.0%,Yes,Auction,2017,62.26,$94.73
1355,Guns N' Roses,Appetite for Destruction,Rock,2006,Japan,Original 1st Press,no,Very Good Plus,Good,180g,"19,136",75,73.0,0.973,90.1,60.4,9.0,3553,99.3%,yes,Auction,2025,87.67,$106.51
1356,Pearl Jam,Vitalogy,Alternative,1967,NETHERLANDS,Standard Reissue,No,Good Plus,Good Plus,140.0,"5,523",1189,1330.0,1.119,68.0,11.1,56.0,1862,93.5%,No,Fixed Price,2016,45.76,$49.88
1357,Joy Division,Closer,Alternative,1986,Canada,Standard Reissue,no,Very Good Plus,Good,140g,"16,404",485,156.0,0.322,40.8,67.5,0.0,2874,99.4%,No,Auction,2019,50.39,$62.91
1358,Joni Mitchell,Hejira,Folk,1967,Australia,Anniversary Edition,yes,Near Mint,,140g,"22,234",1899,5252.0,2.766,76.9,50.8,2.0,3054,99.8%,0,Fixed Price,2019,74.22,$106.16
1359,Neil Young,Comes a Time,Folk,1973,UK,Standard Reissue,No,Good,Very Good,120g,"48,060",362,56.0,0.155,64.5,21.8,54.0,1739,100.0%,No,Fixed Price,2023,34.30,$34.14
1360,Tame Impala,Lonerism,Alternative,1999,Japan,Standard Reissue,0,Very Good,Good Plus,180.0,"3,111",2161,478.0,0.221,63.6,36.4,23.0,3388,97.7%,No,Auction,2021,49.31,$64.42
1361,Red Hot Chili Peppers,Stadium Arcadium,Alternative,1963,France,Anniversary Edition,Yes,Very Good Plus,Good,140g,"44,114",408,814.0,1.995,67.3,40.4,4.0,2988,90.8%,False,Fixed Price,2021,52.98,$54.52
1362,Vampire Weekend,Father of the Bride,Alternative,2000,Canada,Standard Reissue,no,Good,Very Good Plus,140g,"37,411",653,166.0,0.254,68.9,42.1,0.0,1062,91.4%,No,Fixed Price,2022,52.52,$59.33
1363,The Beatles,Sgt. Pepper's Lonely Hearts Club Band,Rock,1961,GERMANY,Original 1st Press,No,Very Good,Very Good,120g,"22,361",209,161.0,0.77,84.7,33.7,20.0,1467,97.3%,Yes,Fixed Price,2022,68.42,$78.85
1364,Bjork,Vespertine,Electronic,2011,Germany,Original 1st Press,0,Near Mint,Very Good,120g,"21,574",899,,0.419,72.0,20.3,10.0,3042,99.5%,No,Fixed Price,2021,61.30,$92.05
1365,Tame Impala,Currents,Alternative,1976,Brazil,Promo Copy,no,Very Good,Near Mint,140g,"33,576",222,341.0,1.536,60.8,26.6,0.0,4774,92.9%,1,Fixed Price,2017,54.84,$58.54
1366,Alicia Keys,Songs in A Minor,R&B,2020,,Standard Reissue,No,Good,Near Mint,120.0,"31,099",1402,1976.0,1.409,71.2,10.3,2.0,206,94.0%,True,Auction,2024,46.97,$51.66
1367,Steely Dan,Aja,Rock,2007,Japan,Original 1st Press,0,Very Good,Mint,120g,"38,945",252,318.0,1.262,78.0,63.7,66.0,567,93.5%,False,Fixed Price,2025,73.61,$111.72
1368,Public Enemy,Fear of a Black Planet,Hip-Hop,1996,Japan,Anniversary Edition,Yes,Very Good Plus,Very Good Plus,140g,"18,156",878,2235.0,2.546,76.6,16.9,42.0,2106,94.7%,0,Fixed Price,2022,56.14,$70.26
1369,Aphex Twin,Selected Ambient Works 85-92,Electronic,2005,JAPAN,Anniversary Edition,1,Near Mint,Good Plus,140g,"36,715",365,281.0,0.77,63.1,2.5,74.0,4197,100.0%,Yes,Auction,2020,40.60,$53.25
1370,Rage Against the Machine,Evil Empire,Alternative,2007,netherlands,Standard Reissue,0,Good Plus,Mint,180g,"4,552",904,1985.0,2.196,69.9,29.3,6.0,4576,92.5%,Yes,Fixed Price,2024,55.64,$58.08
1371,Nas,It Was Written,Hip-Hop,2002,Germany,Anniversary Edition,Yes,Very Good,Near Mint,180g,"8,637",292,,2.812,70.7,42.9,67.0,1304,100.0%,1,Fixed Price,2025,66.66,$88.24
1372,Vampire Weekend,Father of the Bride,Alternative,1967,Japan,Anniversary Edition,True,Near Mint,Near Mint,140.0,"38,330",317,729.0,2.3,69.6,40.7,16.0,1549,,0,Fixed Price,2015,58.22,$91.39
1373,James Taylor,JT,Folk,1984,Germany,Standard Reissue,no,Mint,,140.0,"33,025",793,465.0,0.586,28.2,5.1,29.0,553,100.0%,Yes,Fixed Price,2016,30.95,$41.71
1374,Neil Young,Harvest Moon,Folk,1976,France,Standard Reissue,No,Good,Good Plus,140g,"2,396",2204,2048.0,0.929,60.5,71.6,1.0,12,100.0%,No,Fixed Price,2021,65.96,$64.90
1375,David Bowie,Diamond Dogs,Rock,2004,GERMANY,Limited Colored Vinyl,True,Good Plus,Very Good,140.0,"32,070",941,2022.0,2.149,89.7,35.4,65.0,4979,97.1%,No,Fixed Price,2020,69.83,$70.22
1376,Massive Attack,Mezzanine,Electronic,1977,NETHERLANDS,Original 1st Press,No,Near Mint,Very Good,180.0,"15,721",194,271.0,1.397,61.2,69.8,2.0,2431,96.7%,1,Fixed Price,2021,72.77,$111.98
1377,Funkadelic,Funkadelic,R&B,2008,AUSTRALIA,Promo Copy,False,Good,Very Good,120.0,"8,092",114,176.0,1.544,42.1,86.8,9.0,357,98.3%,No,Fixed Price,2025,71.99,$79.49
1378,Eminem,The Marshall Mathers LP,Hip-Hop,1988,AUSTRALIA,Original 1st Press,no,Very Good,Mint,180g,"32,528",195,154.0,0.79,101.5,13.4,0.0,3682,94.8%,0,Fixed Price,2025,68.11,$103.92
1379,Nina Simone,I Put a Spell on You,Jazz,2000,Canada,Standard Reissue,False,  Very Good Plus ,Good Plus,120.0,"47,019",709,729.0,1.028,79.9,70.9,12.0,1919,100.0%,No,Fixed Price,2021,70.36,$80.91
1380,The Smiths,Meat Is Murder,Alternative,1960,japan,Promo Copy,No,Good,Good Plus,180.0,"31,870",292,144.0,0.493,50.1,30.4,9.0,2812,97.1%,No,Fixed Price,2018,49.46,$41.33
1381,Prince,Around the World in a Day,R&B,2010,France,Standard Reissue,No,Very Good Plus,Very Good Plus,180.0,"8,164",1264,1233.0,0.975,93.5,47.0,6.0,1867,97.9%,No,Fixed Price,2022,68.04,$77.88
1382,Metallica,...And Justice for All,Rock,1988,us,Original 1st Press,No,Very Good,Near Mint,180g,"43,554",678,274.0,0.404,96.7,67.2,59.0,4419,96.3%,Yes,Fixed Price,2015,75.87,$89.35
1383,Marvin Gaye,Trouble Man,Soul,1985,UK,Standard Reissue,No,Very Good,Near Mint,140.0,"22,749",44,99.0,2.25,92.2,51.2,58.0,876,97.1%,No,Fixed Price,2017,73.71,$89.46
1384,Sade,Diamond Life,R&B,1997,CANADA,Standard Reissue,No,Good,Good Plus,120g,"12,789",237,80.0,0.338,76.9,56.4,13.0,4503,100.0%,Yes,Fixed Price,2017,57.39,$60.08
1385,The Beatles,Revolver,Rock,2003,CANADA,Limited Colored Vinyl,Yes,Very Good Plus,Very Good Plus,200g,"49,492",790,2702.0,3.42,89.5,5.6,50.0,793,99.4%,0,Fixed Price,2021,63.97,$81.28
1386,Led Zeppelin,Led Zeppelin IV,Rock,1973,Brazil,Anniversary Edition,Yes,Good,Very Good,120g,"17,294",1054,2744.0,2.603,106.2,63.4,22.0,1287,95.6%,Yes,Fixed Price,2022,77.39,$63.38
1387,Peter Gabriel,So,Pop,1984,Canada,Standard Reissue,False,Near Mint,Very Good Plus,120.0,"14,262",545,708.0,1.299,61.6,50.5,3.0,89,97.1%,No,Fixed Price,2025,58.36,$86.73
1388,Daft Punk,Discovery,Electronic,2004,UK,Original 1st Press,no,Good,Good Plus,140g,"37,944",370,167.0,0.451,82.1,73.3,9.0,1701,96.8%,no,Auction,2025,80.53,$72.59
1389,Kings of Leon,Youth and Young Manhood,Alternative,2000,japan,Standard Reissue,0,Very Good Plus,Very Good Plus,120g,778,389,185.0,0.476,68.0,79.4,2.0,1098,98.8%,No,Auction,2016,66.35,$79.10
1390,U2,Achtung Baby,Rock,1978,,Promo Copy,No,Very Good Plus,Good,140g,"8,108",275,578.0,2.102,76.6,31.2,28.0,1993,98.5%,No,Auction,2021,72.35,$96.67
1391,Erykah Badu,Baduizm,R&B,1960,Netherlands,Standard Reissue,0,Very Good Plus,Very Good,140g,"11,421",102,91.0,0.892,75.2,66.1,21.0,1860,96.4%,No,Fixed Price,2023,63.79,$86.19
1392,Daft Punk,Random Access Memories,Electronic,2014,Germany,Original 1st Press,No,Good Plus,Very Good,120.0,"18,752",303,78.0,0.257,88.8,68.4,7.0,2688,98.7%,no,Fixed Price,2019,87.34,$94.95
1393,The Rolling Stones,Voodoo Lounge,Rock,1979,Canada,Standard Reissue,No,Near Mint,Very Good Plus,120.0,"26,426",2044,4273.0,2.091,92.7,50.5,29.0,3796,,Yes,Fixed Price,2017,62.35,$75.42
1394,Pink Floyd,The Wall,Rock,1967,Canada,Original 1st Press,False,Good Plus,Very Good Plus,140g,"35,166",120,131.0,1.092,89.1,64.7,9.0,2070,95.4%,Yes,Fixed Price,2021,84.30,$99.06
1395,Arctic Monkeys,"Whatever People Say I Am, That's What I'm Not",Alternative,1994,france,Standard Reissue,No,  Very Good ,Good Plus,120.0,"28,448",2156,2255.0,1.046,62.1,26.2,80.0,1909,98.4%,Yes,Auction,2020,45.43,$46.85
1396,Sade,Love Deluxe,R&B,1995,Brazil,Standard Reissue,0,Very Good Plus,Good Plus,180.0,"26,189",1032,1822.0,1.766,77.5,71.8,1.0,3972,97.2%,No,Auction,2017,63.59,$76.93
1397,Stevie Wonder,Innervisions,Soul,1964,France,Standard Reissue,No,Very Good,Near Mint,200g,"12,332",323,67.0,0.207,91.0,36.4,23.0,4870,100.0%,no,Fixed Price,2018,68.38,$79.78
1398,New Order,Low Life,Electronic,1997,Germany,Limited Colored Vinyl,Yes,Good,Very Good,200.0,"31,047",216,449.0,2.079,62.9,51.5,35.0,1061,95.4%,Yes,Auction,2021,63.85,$63.28
1399,Brian Eno,Another Green World,Electronic,2013,UK,Standard Reissue,No,Very Good Plus,Very Good,180.0,"30,561",476,116.0,0.244,46.2,20.1,2.0,3939,94.3%,0,Auction,2017,39.72,$48.59
1400,J Dilla,Donuts,Hip-Hop,1960,Germany,Standard Reissue,No,Good Plus,Near Mint,120g,"7,648",1355,884.0,0.652,40.9,49.5,7.0,2720,96.5%,No,Fixed Price,2025,43.44,$51.21
1401,Jane's Addiction,Nothing's Shocking,Alternative,2010,Brazil,Promo Copy,No,Fair,Good Plus,120g,"40,354",510,694.0,1.361,28.1,13.4,1.0,1504,98.0%,no,Fixed Price,2020,39.86,$31.96
1402,John Coltrane,My Favorite Things,Jazz,1983,France,Promo Copy,0,Very Good Plus,Good,140.0,"5,252",135,321.0,2.378,75.8,42.2,16.0,209,98.6%,No,Fixed Price,2019,72.78,$102.74
1403,Nirvana,Bleach,Alternative,2000,NETHERLANDS,Original 1st Press,No,Very Good,Very Good Plus,120g,"36,489",332,232.0,0.699,94.1,53.2,24.0,156,96.7%,Yes,Fixed Price,2018,75.86,$95.42
1404,R.E.M.,Document,Alternative,2011,netherlands,Standard Reissue,False,Poor,Very Good Plus,180g,"26,183",1067,352.0,0.33,65.5,29.0,2.0,3769,94.8%,Yes,Fixed Price,2022,42.35,$33.19
1405,Japandroids,Post-Nothing,Alternative,1973,uk,Standard Reissue,No,Fair,Very Good Plus,180g,"48,313",947,419.0,0.442,31.5,49.1,47.0,1531,96.6%,No,Fixed Price,2015,37.83,$36.54
1406,The Cure,Wish,Alternative,1979,France,Original 1st Press,No,Very Good Plus,,140g,"5,170",92,144.0,1.565,38.7,39.8,23.0,2030,100.0%,No,Fixed Price,2018,61.49,$81.57
1407,The Smiths,The Queen Is Dead,Alternative,1970,Canada,Original 1st Press,False,Very Good Plus,Good,200g,"8,670",148,107.0,0.723,47.6,16.2,58.0,3301,95.9%,0,Auction,2023,61.52,$60.75
1408,Dolly Parton,Coat of Many Colors,Country,1974,Netherlands,Standard Reissue,No,Very Good Plus,Good,180g,"30,618",1445,3179.0,2.2,65.9,75.3,10.0,747,99.9%,Yes,Fixed Price,2021,65.57,$84.55
1409,Michael Jackson,Off the Wall,Pop,2020,Germany,Original 1st Press,No,Mint,Good,140.0,"27,501",111,134.0,1.207,96.2,76.6,46.0,4936,98.8%,1,Fixed Price,2024,88.98,$145.02
1410,Beastie Boys,Licensed to Ill,Hip-Hop,2012,France,Standard Reissue,No,Good Plus,Good Plus,120g,"27,362",139,316.0,2.273,55.2,47.1,1.0,1308,98.0%,No,Fixed Price,2017,60.30,$68.43
1411,The National,High Violet,Alternative,1987,Japan,Standard Reissue,No,Very Good Plus,Mint,120g,"32,269",3405,6248.0,1.835,47.7,16.1,21.0,1619,95.1%,Yes,Fixed Price,2018,40.85,$44.94
1412,Bob Marley,Catch a Fire,Reggae,1986,australia,Original 1st Press,False,Good,Near Mint,120.0,"8,922",118,31.0,0.263,93.2,52.4,4.0,1509,93.5%,No,Fixed Price,2018,81.64,$84.68
1413,Radiohead,The Bends,Alternative,1978,france,Standard Reissue,No,Very Good Plus,Very Good,180.0,"24,964",1121,621.0,0.554,89.3,44.0,0.0,4871,94.2%,Yes,Auction,2020,54.99,$63.21
1414,Sade,Love Deluxe,R&B,2015,uk,Anniversary Edition,True,  Very Good ,Near Mint,180g,"5,461",257,370.0,1.44,73.8,79.0,7.0,2212,94.8%,No,Fixed Price,2020,80.13,$106.07
1415,Public Enemy,Fear of a Black Planet,Hip-Hop,1990,Canada,Promo Copy,0,Good Plus,Near Mint,180g,"21,441",523,672.0,1.285,71.8,16.0,18.0,932,95.4%,no,Fixed Price,2016,49.02,$65.52
1416,Rage Against the Machine,Rage Against the Machine,Alternative,1984,AUSTRALIA,Standard Reissue,No,Very Good Plus,Poor,140.0,"38,766",1302,1897.0,1.457,69.0,78.5,7.0,4440,96.0%,No,Fixed Price,2024,64.29,$80.65
1417,Erykah Badu,New Amerykah Part One,R&B,2018,Canada,Standard Reissue,No,Near Mint,Very Good Plus,180.0,"32,591",3016,4838.0,1.604,70.3,36.6,4.0,3394,97.3%,Yes,Fixed Price,2022,48.38,$73.67
1418,J Dilla,Ruff Draft,Hip-Hop,1967,France,Original 1st Press,No,Very Good Plus,Near Mint,120g,"13,160",706,1669.0,2.364,42.0,23.7,1.0,3067,90.5%,Yes,Auction,2022,66.93,$90.33
1419,Led Zeppelin,Led Zeppelin II,Rock,1971,Netherlands,Standard Reissue,No,Mint,Good Plus,180g,"43,615",1411,2449.0,1.736,93.1,7.7,78.0,1012,98.8%,Yes,Fixed Price,2019,57.24,$75.62
1420,Eminem,The Eminem Show,Hip-Hop,1985,BRAZIL,Standard Reissue,0,Very Good Plus,Very Good,140g,"23,071",614,288.0,0.469,96.3,25.3,1.0,1087,97.2%,No,Auction,2018,56.39,$60.94
1421,R.E.M.,Green,Alternative,2014,France,Standard Reissue,no,Very Good Plus,Very Good,140.0,"39,037",386,418.0,1.083,60.5,74.3,8.0,1163,96.2%,No,Fixed Price,2023,63.30,$73.09
1422,Black Sabbath,Paranoid,Rock,2003,NETHERLANDS,Standard Reissue,0,Very Good Plus,Good,140.0,"2,419",946,1628.0,1.721,76.9,76.8,4.0,4358,90.2%,No,Fixed Price,2017,75.00,$100.09
1423,Marvin Gaye,What's Going On,Soul,2000,UK,Test Pressing,1,Very Good Plus,Good Plus,180.0,"27,746",138,333.0,2.413,93.6,25.8,24.0,4008,97.5%,no,Fixed Price,2019,82.06,$105.52
1424,Bob Dylan,Nashville Skyline,Folk,1995,,Standard Reissue,No,Very Good Plus,Mint,120g,"9,318",752,1448.0,1.926,92.8,28.3,8.0,2841,99.5%,Yes,Auction,2016,67.83,$102.81
1425,Kendrick Lamar,"good kid, m.A.A.d city",Hip-Hop,2006,,Standard Reissue,0,Fair,Good,120g,"19,960",564,635.0,1.126,82.8,18.5,10.0,3599,100.0%,Yes,Fixed Price,2021,54.16,$43.57
1426,AC/DC,Highway to Hell,Rock,1977,US,Limited Colored Vinyl,yes,Very Good Plus,Very Good Plus,180.0,"5,850",285,118.0,0.414,93.9,21.4,19.0,4220,100.0%,False,Auction,2021,66.30,$82.20
1427,Bjork,Homogenic,Electronic,1968,Netherlands,Standard Reissue,no,Near Mint,Very Good,120g,"31,937",136,88.0,0.647,71.3,30.2,7.0,3332,94.5%,False,Auction,2015,50.03,$61.79
1428,D'Angelo,Black Messiah,R&B,1996,uk,Original 1st Press,No,Very Good Plus,Mint,140g,"26,207",288,39.0,0.135,76.2,28.6,6.0,1081,95.1%,Yes,Fixed Price,2018,64.22,$83.72
1429,John Coltrane,Blue Train,Jazz,1986,FRANCE,Original 1st Press,No,Very Good Plus,,200.0,"45,995",399,622.0,1.559,70.2,51.8,37.0,2200,99.5%,0,Auction,2018,68.68,$98.89
1430,Pearl Jam,Vitalogy,Alternative,1980,germany,Limited Colored Vinyl,Yes,Good Plus,Near Mint,200g,"41,908",288,263.0,0.913,70.0,11.7,15.0,2512,100.0%,False,Fixed Price,2016,45.40,$54.23
1431,Black Sabbath,Black Sabbath,Rock,1970,Japan,Standard Reissue,No,Very Good,,140.0,"18,755",501,1157.0,2.309,75.4,26.0,29.0,1286,97.0%,Yes,Fixed Price,2019,56.16,$65.85
1432,Guns N' Roses,Appetite for Destruction,Rock,1960,Netherlands,Standard Reissue,False,Very Good Plus,Very Good,180.0,"6,255",107,92.0,0.86,82.5,62.6,14.0,3221,99.2%,1,Fixed Price,2020,70.25,$83.34
1433,Lauryn Hill,The Miseducation of Lauryn Hill,R&B,1993,US,Standard Reissue,No,Very Good Plus,Very Good,120.0,"33,361",461,681.0,1.477,70.7,12.7,13.0,1516,98.1%,True,Fixed Price,2022,52.32,$65.29
1434,Nirvana,In Utero,Alternative,2007,US,Standard Reissue,No,Good,Good,120g,"39,112",190,48.0,0.253,99.8,48.9,19.0,1719,100.0%,0,Fixed Price,2016,55.08,$51.28
1435,Soundgarden,Badmotorfinger,Alternative,1971,CANADA,Limited Colored Vinyl,Yes,Very Good Plus,Good,180.0,"29,909",720,181.0,0.251,71.2,73.1,30.0,813,94.7%,1,Fixed Price,2025,66.31,$77.87
1436,Willie Nelson,Red Headed Stranger,Country,1998,Japan,Standard Reissue,no,Good Plus,Poor,180g,"18,259",644,463.0,0.719,60.2,13.2,20.0,2482,93.7%,False,Fixed Price,2017,38.17,$37.97
1437,Jimi Hendrix,Axis: Bold as Love,Rock,1986,Australia,Promo Copy,False,Good Plus,Good Plus,180g,"11,095",214,141.0,0.659,73.3,49.8,13.0,4331,95.4%,0,Fixed Price,2022,62.41,$75.69
1438,The Rolling Stones,Let It Bleed,Rock,1964,AUSTRALIA,Original 1st Press,No,Very Good Plus,Very Good Plus,120g,"20,200",595,862.0,1.449,94.2,21.6,26.0,2619,91.5%,Yes,Auction,2018,79.24,$96.90
1439,Funkadelic,Funkadelic,R&B,1994,France,Original 1st Press,False,Good,Near Mint,180.0,"40,235",239,548.0,2.293,41.3,91.4,7.0,2887,100.0%,No,Fixed Price,2023,77.27,$70.91
1440,Alice in Chains,Dirt,Alternative,2005,Japan,Standard Reissue,no,Very Good,Very Good,180.0,"3,578",2300,5053.0,2.197,68.5,43.7,5.0,2276,94.6%,No,Fixed Price,2018,61.46,$74.32
1441,Vampire Weekend,Contra,Alternative,2000,Japan,Limited Colored Vinyl,Yes,Very Good Plus,Good Plus,120.0,"36,730",590,946.0,1.603,72.4,30.4,1.0,117,96.3%,no,Fixed Price,2023,60.79,$62.62
1442,The Cure,Wish,Alternative,1984,NETHERLANDS,Standard Reissue,0,Mint,Very Good,200.0,"40,512",601,1263.0,2.101,36.5,41.8,65.0,4090,91.8%,No,Fixed Price,2023,44.24,$65.42
1443,Soundgarden,Badmotorfinger,Alternative,1969,uk,Anniversary Edition,Yes,Good,Very Good Plus,200.0,"35,358",424,298.0,0.703,74.0,75.3,7.0,4614,97.8%,False,Fixed Price,2022,66.74,$73.57
1444,Peter Gabriel,Us,Pop,2015,France,Anniversary Edition,True,  Good ,Very Good,120.0,"9,631",1137,3721.0,3.273,60.6,60.8,43.0,1207,,Yes,Auction,2022,67.76,$63.55
1445,Michael Jackson,Thriller,Pop,1971,JAPAN,Standard Reissue,No,Near Mint,Near Mint,120g,"21,085",761,1381.0,1.815,90.6,61.9,5.0,2757,96.8%,Yes,Fixed Price,2020,78.99,$120.63
1446,Loretta Lynn,Coal Miner's Daughter,Country,1988,Germany,Limited Colored Vinyl,Yes,Very Good,,140.0,"41,575",121,65.0,0.537,19.8,59.3,24.0,2542,97.5%,False,Auction,2022,46.83,$47.27
1447,AC/DC,Highway to Hell,Rock,1975,CANADA,Original 1st Press,no,Good Plus,Good Plus,180g,"41,863",683,207.0,0.303,96.0,16.7,11.0,3327,94.7%,Yes,Fixed Price,2015,63.28,$56.00
1448,Led Zeppelin,Physical Graffiti,Rock,2003,Canada,Standard Reissue,No,Very Good Plus,Good Plus,140.0,"44,794",481,376.0,0.782,93.9,54.3,96.0,33,100.0%,False,Fixed Price,2021,72.37,$102.39
1449,Sufjan Stevens,Carrie & Lowell,Folk,1994,Netherlands,Promo Copy,0,Very Good,Near Mint,120g,"8,480",139,222.0,1.597,43.7,12.7,11.0,4679,96.7%,True,Auction,2022,49.75,$57.21
1450,2Pac,All Eyez on Me,Hip-Hop,1978,Brazil,Standard Reissue,No,Poor,Near Mint,140g,"37,320",238,503.0,2.113,96.1,16.3,23.0,4786,100.0%,Yes,Fixed Price,2025,55.26,$51.38
1451,Metallica,Master of Puppets,Rock,2013,japan,Original 1st Press,No,Near Mint,Poor,120.0,"15,247",300,282.0,0.94,101.5,73.4,6.0,4061,93.8%,Yes,Fixed Price,2015,89.90,$96.01
1452,Kings of Leon,Because of the Times,Alternative,1969,US,Standard Reissue,no,Near Mint,Very Good Plus,140.0,"16,196",178,383.0,2.152,68.5,15.3,94.0,3846,100.0%,Yes,Fixed Price,2023,49.42,$68.83
1453,Kendrick Lamar,To Pimp a Butterfly,Hip-Hop,2018,UK,Standard Reissue,False,Very Good Plus,Very Good Plus,180g,"4,790",1102,1438.0,1.305,95.6,9.1,11.0,3920,100.0%,0,Fixed Price,2020,57.80,$87.63
1454,Red Hot Chili Peppers,Californication,Alternative,1984,AUSTRALIA,Standard Reissue,False,Very Good Plus,Good,120g,"14,033",596,761.0,1.277,64.8,45.9,0.0,4838,95.0%,True,Auction,2015,60.06,$70.76
1455,D'Angelo,Voodoo,R&B,1960,Australia,Standard Reissue,No,Mint,Good Plus,120.0,"23,074",267,566.0,2.12,77.6,19.6,21.0,4818,94.4%,No,Fixed Price,2024,58.24,$84.26
1456,David Bowie,Low,Electronic,1968,Japan,Standard Reissue,No,Very Good,Mint,140g,"25,559",968,1215.0,1.255,91.0,1.1,24.0,1369,100.0%,1,Fixed Price,2016,56.83,$76.98
1457,Tame Impala,The Slow Rush,Alternative,1989,brazil,Original 1st Press,0,Near Mint,Very Good Plus,180g,"24,056",87,23.0,0.264,56.9,66.2,55.0,1936,100.0%,False,Fixed Price,2023,68.36,$98.76
1458,Aphex Twin,Syro,Electronic,1960,Germany,Original 1st Press,No,Mint,Very Good,140g,"37,135",61,66.0,1.082,58.2,21.8,13.0,4612,96.5%,yes,Fixed Price,2021,57.21,$81.60
1459,George Michael,Faith,Pop,1974,Australia,Anniversary Edition,Yes,Near Mint,Near Mint,120.0,"7,678",384,1348.0,3.51,64.0,27.7,48.0,792,96.3%,0,Fixed Price,2025,58.63,$100.16
1460,Bob Marley,Exodus,Reggae,1972,uk,Limited Colored Vinyl,1,Near Mint,Near Mint,120g,"46,314",151,290.0,1.921,91.5,29.0,1.0,4072,94.5%,False,Auction,2021,66.96,$89.45
1461,Outkast,Southernplayalisticadillacmuzik,Hip-Hop,1962,Brazil,Standard Reissue,No,Mint,,180.0,"45,179",476,,1.58,67.9,35.4,2.0,4977,98.0%,False,Fixed Price,2020,50.46,$78.78
1462,R.E.M.,Document,Alternative,2006,,Standard Reissue,False,Very Good,Very Good Plus,200g,"41,822",488,1208.0,2.475,64.9,30.6,6.0,1604,,False,Fixed Price,2019,52.65,$71.11
1463,Funkadelic,Cosmic Slop,R&B,2012,UK,Standard Reissue,0,Very Good Plus,Very Good Plus,140.0,"19,076",1317,841.0,0.639,41.5,20.4,28.0,234,100.0%,no,Fixed Price,2024,33.34,$36.92
1464,Radiohead,A Moon Shaped Pool,Alternative,1986,FRANCE,Standard Reissue,False,Mint,Very Good Plus,120.0,"25,522",113,165.0,1.46,84.7,55.7,22.0,691,94.9%,True,Fixed Price,2022,67.08,$106.64
1465,Bob Marley,Exodus,Reggae,2011,JAPAN,Standard Reissue,no,Very Good,Near Mint,120.0,"44,349",1298,545.0,0.42,98.5,28.3,5.0,4264,96.9%,Yes,Fixed Price,2020,56.01,$69.40
1466,The Smiths,Meat Is Murder,Alternative,2018,Brazil,Limited Colored Vinyl,Yes,Good,Very Good,120.0,"35,914",60,22.0,0.367,47.9,30.7,25.0,4559,97.0%,False,Auction,2024,50.39,$41.02
1467,Paul Simon,So Beautiful or So What,Folk,1989,France,Standard Reissue,No,  Near Mint ,Fair,,"22,229",1270,2783.0,2.191,75.2,32.3,31.0,3003,98.3%,No,Auction,2020,56.70,$71.48
1468,Vampire Weekend,Father of the Bride,Alternative,2020,france,Promo Copy,False,Very Good Plus,Very Good,140.0,"43,106",79,195.0,2.468,73.2,40.1,0.0,832,97.4%,1,Fixed Price,2025,62.85,$96.13
1469,Guns N' Roses,Use Your Illusion I,Rock,2012,JAPAN,Original 1st Press,no,Very Good Plus,Very Good,180.0,"20,633",612,501.0,0.819,90.7,26.5,116.0,2323,96.5%,no,Fixed Price,2018,76.59,$103.27
1470,Kraftwerk,The Man-Machine,Electronic,1966,Japan,Limited Colored Vinyl,Yes,Poor,Near Mint,,"38,432",1075,2039.0,1.897,80.5,54.2,8.0,1264,99.5%,No,Fixed Price,2018,67.10,$63.20
1471,The National,Trouble Will Find Me,Alternative,1991,Canada,Standard Reissue,No,Near Mint,Good,140.0,"38,690",1677,2827.0,1.686,47.0,46.4,11.0,4201,95.1%,No,Fixed Price,2015,51.52,$58.54
1472,D'Angelo,Voodoo,R&B,1989,,Original 1st Press,False,Mint,Very Good Plus,180.0,"28,067",224,488.0,2.179,69.4,18.7,40.0,492,96.6%,0,Fixed Price,2021,63.01,$79.49
1473,The Rolling Stones,Let It Bleed,Rock,1965,netherlands,Standard Reissue,No,Near Mint,Near Mint,180.0,"16,558",367,510.0,1.39,87.4,11.7,27.0,3578,97.7%,0,Fixed Price,2017,52.13,$72.20
1474,De La Soul,De La Soul Is Dead,Hip-Hop,1965,UK,Standard Reissue,No,Good Plus,Very Good,120.0,"45,934",1154,2276.0,1.972,70.2,42.4,0.0,733,97.2%,True,Fixed Price,2020,53.43,$57.14
1475,Nas,Illmatic,Hip-Hop,2022,Germany,Anniversary Edition,Yes,Very Good,Very Good Plus,180g,"46,205",256,416.0,1.625,67.2,15.1,33.0,2795,94.4%,0,Fixed Price,2024,46.70,$53.41
1476,The Cure,Disintegration,Alternative,2002,Germany,Limited Colored Vinyl,Yes,Mint,Good,140.0,"17,519",368,706.0,1.918,37.8,65.3,42.0,1995,96.6%,Yes,Auction,2022,56.94,$80.06
1477,Kings of Leon,Youth and Young Manhood,Alternative,1971,UK,Standard Reissue,False,  Very Good Plus ,Very Good Plus,180g,"47,592",552,1332.0,2.413,69.5,74.9,23.0,4702,94.4%,Yes,Fixed Price,2019,62.35,$70.93
1478,New Order,Low Life,Electronic,2014,GERMANY,Standard Reissue,No,Mint,Good,,"16,242",217,396.0,1.825,73.3,48.4,2.0,2944,98.1%,no,Fixed Price,2024,61.03,$97.81
1479,Aphex Twin,Drukqs,Electronic,1989,Netherlands,Anniversary Edition,Yes,Very Good,Poor,180.0,"16,545",246,729.0,2.963,65.4,25.3,27.0,1777,93.6%,No,Fixed Price,2017,58.41,$59.10
1480,Loretta Lynn,Coal Miner's Daughter,Country,1989,NETHERLANDS,Promo Copy,no,Very Good,Very Good,140g,"23,720",67,114.0,1.701,19.4,59.5,11.0,2160,100.0%,True,Auction,2022,49.52,$49.64
1481,Funkadelic,Free Your Mind,R&B,2020,FRANCE,Standard Reissue,No,Near Mint,Very Good Plus,120.0,"3,914",1473,2980.0,2.023,43.9,64.5,12.0,4054,99.6%,0,Auction,2024,55.02,$84.44
1482,Frank Ocean,Blonde,R&B,2020,Germany,Anniversary Edition,Yes,Very Good Plus,Very Good Plus,180g,"41,461",404,1289.0,3.191,102.5,31.9,15.0,783,97.8%,1,Fixed Price,2022,69.11,$110.27
1483,Joanna Newsom,Ys,Folk,2009,Germany,Anniversary Edition,yes,Near Mint,Near Mint,140.0,"16,723",975,2637.0,2.705,35.0,35.2,29.0,3623,93.5%,No,Fixed Price,2017,53.87,$74.71
1484,Paul Simon,Graceland,Folk,2016,Canada,Original 1st Press,False,Mint,Very Good Plus,140g,"18,766",221,372.0,1.683,77.8,11.5,5.0,3411,92.1%,1,Auction,2018,67.53,$107.95
1485,Funkadelic,Cosmic Slop,R&B,1975,Canada,Limited Colored Vinyl,Yes,Very Good,Very Good,180g,"32,890",527,1469.0,2.787,36.7,15.8,5.0,3252,97.6%,No,Fixed Price,2019,46.59,$58.94
1486,Prince,1999,R&B,2022,france,Standard Reissue,no,Near Mint,Very Good,140g,"20,324",1336,297.0,0.222,86.7,52.0,30.0,1082,,no,Fixed Price,2022,52.76,$81.88
1487,AC/DC,Highway to Hell,Rock,1979,France,Standard Reissue,No,Near Mint,Good,180g,"2,527",1863,1302.0,0.699,89.5,23.1,11.0,2631,100.0%,No,Auction,2023,52.11,$76.16
1488,The Beatles,Rubber Soul,Rock,1981,BRAZIL,Original 1st Press,0,Fair,Near Mint,200g,"29,834",684,105.0,0.154,93.1,24.2,4.0,2623,92.6%,1,Fixed Price,2015,68.40,$75.98
1489,Bob Marley,Uprising,Reggae,2003,UK,Standard Reissue,No,Very Good Plus,Good Plus,180g,"16,436",180,300.0,1.667,93.6,43.2,19.0,453,91.9%,True,Fixed Price,2020,74.56,$72.75
1490,Simon & Garfunkel,Bridge Over Troubled Water,Folk,2018,BRAZIL,Test Pressing,Yes,Mint,Very Good,,"27,211",107,247.0,2.308,67.7,43.8,11.0,4721,94.5%,0,Fixed Price,2020,86.87,$119.29
1491,Willie Nelson,Red Headed Stranger,Country,1998,Japan,Anniversary Edition,Yes,Very Good Plus,Near Mint,,"23,890",91,29.0,0.319,57.8,11.7,25.0,2906,100.0%,Yes,Auction,2023,40.49,$48.41
1492,Neil Young,Harvest,Folk,1990,AUSTRALIA,Anniversary Edition,1,Near Mint,Very Good Plus,120g,"46,306",452,665.0,1.471,60.5,16.0,19.0,4995,100.0%,Yes,Fixed Price,2022,38.01,$48.55
1493,Parliament,Mothership Connection,R&B,2020,UK,Anniversary Edition,yes,Near Mint,Very Good Plus,180.0,"26,707",640,1578.0,2.466,44.7,77.1,15.0,3654,96.9%,No,Fixed Price,2023,62.75,$79.32
1494,Bob Dylan,Blonde on Blonde,Folk,2002,,Standard Reissue,No,Poor,Fair,120g,"9,143",316,538.0,1.703,85.2,31.2,4.0,512,98.4%,No,Fixed Price,2018,57.68,$50.29
1495,U2,War,Rock,1964,US,Original 1st Press,No,Very Good Plus,Good,140.0,"12,031",190,,1.074,81.5,17.4,25.0,2318,95.0%,No,Auction,2021,64.13,$86.95
1496,Nina Simone,I Put a Spell on You,Jazz,1964,brazil,Limited Colored Vinyl,True,Very Good Plus,Mint,120.0,"28,326",48,40.0,0.833,72.4,68.1,36.0,2953,96.1%,No,Auction,2025,64.62,$88.57
1497,Prince,Dirty Mind,R&B,1992,Germany,Anniversary Edition,Yes,Near Mint,Very Good Plus,140g,"1,692",999,1442.0,1.443,91.3,50.4,28.0,1426,96.1%,No,Auction,2020,62.31,$93.21
1498,Metallica,...And Justice for All,Rock,1993,Brazil,Test Pressing,Yes,Very Good Plus,Very Good Plus,120g,"24,707",273,163.0,0.597,100.7,58.8,1.0,1074,98.0%,No,Fixed Price,2021,93.83,$105.12
1499,Massive Attack,Protection,Electronic,1991,UK,Standard Reissue,False,Fair,Very Good Plus,180g,"48,949",538,487.0,0.905,56.6,21.2,31.0,1044,93.6%,Yes,Fixed Price,2015,40.12,$31.76
1500,New Order,Low Life,Electronic,1998,Brazil,Standard Reissue,False,Fair,Very Good,180g,"18,542",1014,2267.0,2.236,64.1,46.7,37.0,4815,100.0%,No,Fixed Price,2018,58.09,$50.82
1501,D'Angelo,Voodoo,R&B,1972,Brazil,Standard Reissue,No,Near Mint,Very Good Plus,140g,"34,493",170,147.0,0.865,69.9,20.2,138.0,3508,98.2%,No,Fixed Price,2018,44.08,$54.99
1502,Brian Eno,Music for Airports,Electronic,2013,australia,Promo Copy,No,Near Mint,Very Good Plus,140g,"20,933",271,619.0,2.284,43.8,29.8,2.0,3049,100.0%,Yes,Auction,2021,56.30,$74.87
1503,Bob Dylan,Blonde on Blonde,Folk,1960,US,Standard Reissue,No,Near Mint,Mint,120.0,"33,634",659,919.0,1.395,89.1,27.4,6.0,2440,98.3%,True,Auction,2019,61.15,$89.44
1504,Beastie Boys,Licensed to Ill,Hip-Hop,2000,Australia,Original 1st Press,False,Mint,Good Plus,140.0,"29,343",410,745.0,1.817,57.5,37.6,2.0,577,96.4%,True,Fixed Price,2020,66.25,$97.89
1505,Kendrick Lamar,To Pimp a Butterfly,Hip-Hop,1991,japan,Limited Colored Vinyl,yes,Near Mint,Fair,120g,"25,615",15,13.0,0.867,93.0,12.9,22.0,945,99.5%,No,Auction,2020,62.34,$86.51
1506,Aphex Twin,Syro,Electronic,2005,Australia,Standard Reissue,False,Near Mint,Very Good Plus,140.0,"47,794",463,929.0,2.006,63.4,21.0,22.0,1814,96.3%,no,Fixed Price,2025,52.10,$68.25
1507,Joni Mitchell,Blue,Folk,1979,Germany,Promo Copy,No,Very Good Plus,Near Mint,120.0,"20,830",423,762.0,1.801,75.4,56.1,17.0,384,99.4%,1,Fixed Price,2023,68.79,$64.18
1508,Sly and the Family Stone,Stand!,Soul,2009,Australia,Test Pressing,yes,Very Good Plus,Mint,140g,"10,789",457,679.0,1.486,73.7,73.2,61.0,1864,98.2%,True,Fixed Price,2023,92.22,$117.94
1509,D'Angelo,Brown Sugar,R&B,1999,,Standard Reissue,False,Good Plus,Near Mint,120g,"3,118",1395,2658.0,1.905,71.9,66.5,12.0,72,97.3%,False,Fixed Price,2015,69.72,$91.69
1510,Soundgarden,Badmotorfinger,Alternative,1961,uk,Standard Reissue,No,Mint,Fair,180.0,"34,739",1789,3508.0,1.961,76.3,69.5,26.0,1103,97.6%,No,Fixed Price,2022,66.11,$98.59
1511,Marvin Gaye,What's Going On,Soul,1965,Brazil,Standard Reissue,No,Good Plus,Fair,120.0,"21,564",434,464.0,1.069,90.5,32.5,12.0,2939,95.0%,False,Fixed Price,2015,55.53,$60.05
1512,Bob Dylan,Highway 61 Revisited,Folk,2016,US,Standard Reissue,0,Very Good,Very Good Plus,120.0,"28,659",62,132.0,2.129,90.9,53.6,3.0,466,94.2%,No,Fixed Price,2023,75.65,$110.22
1513,New Order,Low Life,Electronic,2006,france,Limited Colored Vinyl,1,Good Plus,Very Good,200g,"21,881",246,143.0,0.581,65.1,47.8,65.0,1362,99.6%,No,Fixed Price,2020,61.48,$65.60
1514,Aphex Twin,Drukqs,Electronic,2018,FRANCE,Original 1st Press,0,  Very Good ,Near Mint,140g,"21,486",70,145.0,2.071,62.5,27.4,24.0,675,90.8%,No,Auction,2025,70.69,$75.24
1515,Prince,Lovesexy,R&B,1996,Brazil,Original 1st Press,0,Near Mint,Very Good Plus,140g,"31,291",210,153.0,0.729,92.9,13.8,21.0,94,94.2%,yes,Fixed Price,2017,70.09,$84.20
1516,The Beach Boys,Wild Honey,Pop,2016,Netherlands,Limited Colored Vinyl,Yes,Mint,Very Good Plus,,"1,464",320,466.0,1.456,76.2,31.1,3.0,1653,97.1%,1,Fixed Price,2024,68.84,$89.12
1517,R.E.M.,Murmur,Alternative,1989,canada,Original 1st Press,False,Near Mint,Near Mint,180.0,"42,189",103,65.0,0.631,61.5,47.9,4.0,3290,94.3%,True,Fixed Price,2019,66.34,$92.25
1518,Black Sabbath,Black Sabbath,Rock,1965,UK,Promo Copy,No,Mint,Very Good Plus,180.0,"23,750",337,442.0,1.312,72.1,20.2,4.0,382,98.4%,0,Fixed Price,2025,50.26,$81.89
1519,David Bowie,Let's Dance,Pop,1982,australia,Original 1st Press,False,Very Good Plus,,140g,"27,151",828,1029.0,1.243,87.4,30.2,7.0,4239,95.6%,False,Fixed Price,2019,73.84,$96.19
1520,Soundgarden,Superunknown,Alternative,1967,Brazil,Test Pressing,Yes,Mint,Near Mint,120g,"17,382",102,207.0,2.029,72.6,30.9,14.0,1710,95.3%,No,Fixed Price,2018,83.12,$145.42
1521,Nina Simone,Nina Simone in Concert,Jazz,1975,Netherlands,Standard Reissue,False,Near Mint,Mint,140g,"43,986",311,50.0,0.161,71.0,44.8,50.0,1738,95.1%,Yes,Auction,2017,44.37,$67.02
1522,The White Stripes,Get Behind Me Satan,Alternative,1970,France,Original 1st Press,0,Very Good,Fair,140g,"25,759",501,367.0,0.733,66.0,46.6,9.0,3717,98.8%,Yes,Fixed Price,2022,71.19,$75.60
1523,Neil Young,Rust Never Sleeps,Folk,2018,Brazil,Original 1st Press,No,Very Good Plus,Very Good,180.0,"31,346",42,41.0,0.976,67.1,59.0,34.0,3931,97.4%,yes,Auction,2018,76.93,$99.26
1524,Sly and the Family Stone,Stand!,Soul,2006,Australia,Standard Reissue,No,Mint,Very Good Plus,180.0,"42,818",290,419.0,1.445,71.3,72.0,21.0,1664,92.9%,Yes,Fixed Price,2025,63.99,$87.97
1525,Tame Impala,The Slow Rush,Alternative,1992,brazil,Limited Colored Vinyl,yes,Near Mint,Good Plus,120g,"47,564",952,906.0,0.952,62.7,74.3,3.0,439,98.1%,0,Auction,2019,69.25,$99.08
1526,Fleetwood Mac,Rumours,Rock,1990,Germany,Promo Copy,No,Very Good,Good Plus,120g,"11,344",214,254.0,1.187,88.8,13.4,5.0,3758,96.2%,Yes,Auction,2021,68.92,$79.95
1527,Nas,It Was Written,Hip-Hop,1976,Netherlands,Limited Colored Vinyl,Yes,Very Good,Good,200.0,"30,113",248,313.0,1.262,66.1,48.7,16.0,2019,89.8%,Yes,Fixed Price,2016,58.09,$55.36
1528,Sufjan Stevens,Michigan,Folk,1987,Japan,Standard Reissue,No,Near Mint,Very Good Plus,140.0,"36,840",1286,1332.0,1.036,50.5,36.2,7.0,1400,95.6%,Yes,Fixed Price,2018,44.71,$54.67
1529,Radiohead,In Rainbows,Alternative,1972,Japan,Standard Reissue,False,Near Mint,Good,,"43,482",974,2408.0,2.472,81.4,13.8,5.0,1835,99.6%,No,Fixed Price,2016,52.94,$66.18
1530,James Taylor,Sweet Baby James,Folk,1968,France,Anniversary Edition,Yes,Near Mint,Good Plus,120g,"29,272",1717,6027.0,3.51,30.7,78.7,5.0,3250,98.1%,Yes,Auction,2017,63.25,$99.09
1531,Nina Simone,Nina Simone in Concert,Jazz,1999,AUSTRALIA,Limited Colored Vinyl,Yes,Good Plus,Very Good,140.0,"4,708",480,407.0,0.848,68.0,43.1,24.0,4136,100.0%,no,Fixed Price,2015,68.36,$81.59
1532,Television,Marquee Moon,Rock,2018,Australia,Promo Copy,0,Near Mint,Near Mint,,"44,049",903,1796.0,1.989,26.2,24.1,43.0,559,96.1%,No,Fixed Price,2022,37.42,$57.28
1533,Vampire Weekend,Father of the Bride,Alternative,1970,,Test Pressing,yes,Very Good Plus,Near Mint,200.0,"1,692",634,309.0,0.487,68.6,35.3,39.0,4987,97.5%,False,Fixed Price,2018,76.15,$87.26
1534,Midnight Oil,Blue Sky Mining,Rock,2005,australia,Limited Colored Vinyl,True,Good,Near Mint,200g,"11,364",454,508.0,1.119,27.0,42.2,1.0,3890,95.5%,No,Fixed Price,2021,55.83,$54.26
1535,Pearl Jam,Vs.,Alternative,2015,Netherlands,Standard Reissue,False,Very Good Plus,Very Good Plus,140.0,"22,247",763,858.0,1.125,65.8,13.7,9.0,3554,93.4%,0,Fixed Price,2023,42.65,$57.39
1536,The Smiths,Meat Is Murder,Alternative,2013,france,Standard Reissue,No,Very Good Plus,Near Mint,140g,"6,822",1326,2910.0,2.195,55.0,30.2,16.0,1839,94.7%,No,Fixed Price,2022,52.92,$63.74
1537,The National,Trouble Will Find Me,Alternative,2007,Japan,Standard Reissue,0,Near Mint,Good Plus,120.0,"6,187",1651,1851.0,1.121,40.6,42.3,84.0,1384,95.7%,Yes,Fixed Price,2015,53.36,$69.65
1538,Joni Mitchell,Ladies of the Canyon,Folk,1982,,Standard Reissue,No,Good,Mint,180g,"2,258",528,1238.0,2.345,77.9,41.6,48.0,1676,97.2%,No,Fixed Price,2022,63.82,$82.42
1539,Erykah Badu,Baduizm,R&B,1990,canada,Standard Reissue,False,Very Good Plus,Very Good Plus,200g,"40,865",1728,2387.0,1.381,79.5,63.7,45.0,2815,100.0%,Yes,Fixed Price,2019,66.25,$103.58
1540,Sade,Diamond Life,R&B,2002,BRAZIL,Original 1st Press,No,Near Mint,Near Mint,180g,"1,780",98,136.0,1.388,78.3,54.9,4.0,1129,97.8%,0,Fixed Price,2023,81.21,$119.25
1541,Michael Jackson,Off the Wall,Pop,2022,US,Standard Reissue,0,Near Mint,Very Good Plus,180.0,"13,268",603,372.0,0.617,94.4,77.9,0.0,2522,100.0%,No,Fixed Price,2023,74.51,$125.53
1542,Nas,It Was Written,Hip-Hop,2002,France,Original 1st Press,No,Very Good,Good Plus,140g,"15,834",222,129.0,0.581,68.6,38.9,19.0,1713,92.7%,False,Auction,2023,66.00,$79.50
1543,The National,Boxer,Alternative,1980,AUSTRALIA,Test Pressing,1,Very Good Plus,Mint,140g,"30,472",292,59.0,0.202,44.6,70.5,28.0,353,98.5%,No,Fixed Price,2024,78.51,$114.22
1544,Aphex Twin,Syro,Electronic,1961,Brazil,Anniversary Edition,1,Fair,Very Good Plus,180.0,"12,637",557,1513.0,2.716,63.6,23.3,2.0,4110,95.6%,yes,Fixed Price,2019,59.46,$44.08
1545,N.W.A,Straight Outta Compton,Hip-Hop,1963,Brazil,Standard Reissue,no,Very Good Plus,Near Mint,180g,"43,678",804,603.0,0.75,61.5,53.5,5.0,176,96.3%,True,Auction,2015,55.03,$69.56
1546,Johnny Cash,At Folsom Prison,Country,2000,US,Standard Reissue,No,Near Mint,Mint,,"2,715",2537,678.0,0.267,91.4,57.6,7.0,2374,97.9%,No,Fixed Price,2018,63.32,$96.54
1547,Wu-Tang Clan,Enter the Wu-Tang (36 Chambers),Hip-Hop,1974,Canada,Standard Reissue,No,Very Good,Very Good,180.0,"19,061",757,1355.0,1.79,70.4,9.4,82.0,2786,98.6%,Yes,Auction,2019,52.45,$57.84
1548,Funkadelic,Free Your Mind,R&B,1971,germany,Standard Reissue,No,Mint,Very Good,180g,"27,569",1010,2078.0,2.057,45.9,65.1,20.0,249,98.3%,No,Fixed Price,2017,57.89,$88.26
1549,New Order,Low Life,Electronic,1960,us,Promo Copy,No,Very Good,Very Good Plus,140g,"34,493",827,1210.0,1.463,63.4,43.3,9.0,1198,100.0%,0,Fixed Price,2015,60.67,$73.90
1550,Michael Jackson,Bad,Pop,1985,France,Standard Reissue,0,Good Plus,Good,140g,"5,651",334,378.0,1.132,100.0,36.5,8.0,1987,97.3%,Yes,Fixed Price,2016,71.45,$68.89
1551,Daft Punk,Discovery,Electronic,1975,Netherlands,Standard Reissue,No,Very Good,Mint,,"18,223",165,89.0,0.539,87.3,69.3,0.0,272,96.8%,Yes,Auction,2020,64.19,$84.31
1552,Kings of Leon,Because of the Times,Alternative,1970,Brazil,Standard Reissue,No,Very Good Plus,Near Mint,200g,"18,344",1079,1518.0,1.407,67.7,15.9,14.0,3642,98.2%,No,Auction,2021,50.54,$71.04
1553,Duran Duran,Rio,Pop,1999,Japan,Standard Reissue,False,Near Mint,Good,200.0,"6,775",173,60.0,0.347,70.9,52.3,0.0,3871,95.4%,False,Auction,2020,50.71,$68.93
1554,Pearl Jam,Vitalogy,Alternative,2013,Germany,Limited Colored Vinyl,Yes,Mint,Very Good,180.0,"14,088",490,870.0,1.776,62.3,11.9,,2520,92.6%,False,Auction,2024,48.46,$75.02
1555,Outkast,Southernplayalisticadillacmuzik,Hip-Hop,2011,Netherlands,Original 1st Press,0,Very Good Plus,Very Good,200g,"11,027",449,277.0,0.617,71.6,30.9,10.0,862,97.8%,0,Fixed Price,2017,71.33,$96.05
1556,Paul Simon,So Beautiful or So What,Folk,1971,australia,Standard Reissue,False,Near Mint,Very Good,140g,"24,612",1599,1293.0,0.809,74.0,33.4,11.0,1796,99.2%,Yes,Fixed Price,2021,57.83,$78.53
1557,Vampire Weekend,Modern Vampires of the City,Alternative,2021,GERMANY,Standard Reissue,No,Very Good Plus,Near Mint,180.0,"49,302",583,,1.504,69.1,26.7,59.0,57,97.5%,True,Fixed Price,2023,53.65,$78.04
1558,Pearl Jam,Vs.,Alternative,1992,Japan,Standard Reissue,No,Good,Good,180.0,"9,853",1290,825.0,0.64,64.8,16.6,51.0,1212,97.6%,False,Fixed Price,2022,49.96,$45.46
1559,Paul Simon,Graceland,Folk,1981,Australia,Standard Reissue,No,Very Good Plus,Good Plus,180g,"35,437",1272,2075.0,1.631,74.7,8.5,49.0,1670,97.1%,No,Fixed Price,2021,47.74,$59.23
1560,The Cure,Wish,Alternative,1984,Australia,Anniversary Edition,Yes,Near Mint,Very Good,120.0,"21,504",824,,2.545,33.8,35.9,4.0,252,99.4%,1,Fixed Price,2021,49.90,$60.98
1561,Radiohead,Kid A,Alternative,1965,AUSTRALIA,Original 1st Press,No,Near Mint,Mint,140.0,"22,379",300,137.0,0.457,85.3,35.5,3.0,3138,95.2%,No,Auction,2018,71.15,$102.95
1562,The Beach Boys,Surf's Up,Pop,1992,France,Limited Colored Vinyl,1,Good Plus,Near Mint,200.0,"9,142",267,163.0,0.61,81.3,25.3,,3213,93.9%,No,Auction,2017,58.96,$75.49
1563,Duran Duran,Rio,Pop,1998,France,Limited Colored Vinyl,Yes,Very Good Plus,Very Good Plus,120.0,"2,490",575,891.0,1.55,72.8,43.5,20.0,3263,98.3%,No,Fixed Price,2020,64.20,$84.37
1564,Eminem,The Marshall Mathers LP,Hip-Hop,1961,Germany,Original 1st Press,False,Very Good,Good,140g,"47,961",545,877.0,1.609,93.4,12.1,30.0,20,97.3%,No,Auction,2016,62.71,$84.28
1565,Portishead,Third,Electronic,1990,Australia,Limited Colored Vinyl,True,Very Good Plus,Mint,120.0,"30,167",1380,1786.0,1.294,78.9,15.4,4.0,2134,100.0%,Yes,Fixed Price,2018,58.74,$68.60
1566,U2,War,Rock,1969,UK,Standard Reissue,0,  Very Good Plus ,Very Good Plus,180g,"19,238",1879,4479.0,2.384,79.6,24.1,15.0,4933,96.7%,Yes,Fixed Price,2022,51.65,$78.75
1567,The Rolling Stones,Voodoo Lounge,Rock,1965,Japan,Promo Copy,No,Near Mint,Good,200g,"38,456",847,414.0,0.489,94.0,55.6,65.0,175,98.6%,No,Fixed Price,2023,77.31,$112.97
1568,Red Hot Chili Peppers,Stadium Arcadium,Alternative,1981,Australia,Standard Reissue,No,Very Good Plus,Mint,180.0,"47,517",1816,2528.0,1.392,59.4,42.5,45.0,4287,96.5%,No,Fixed Price,2018,54.20,$77.22
1569,Kraftwerk,Computer World,Electronic,1963,UK,Anniversary Edition,True,Very Good Plus,Near Mint,140g,"5,971",397,475.0,1.196,83.6,31.8,12.0,1374,100.0%,False,Fixed Price,2019,63.14,$92.08
1570,Rage Against the Machine,Evil Empire,Alternative,1982,Netherlands,Anniversary Edition,True,Very Good,Near Mint,120.0,"28,094",1667,2778.0,1.666,63.4,27.0,8.0,4848,98.2%,Yes,Fixed Price,2021,50.54,$55.86
1571,Public Enemy,Fear of a Black Planet,Hip-Hop,1975,FRANCE,Promo Copy,No,Good Plus,Good Plus,140g,"43,745",497,244.0,0.491,76.7,17.6,7.0,607,100.0%,no,Fixed Price,2015,59.62,$69.56
1572,Outkast,ATLiens,Hip-Hop,2008,Australia,Original 1st Press,No,Very Good Plus,Mint,120g,"26,958",339,478.0,1.41,69.6,69.0,47.0,1653,98.7%,No,Fixed Price,2019,74.79,$107.29
1573,John Coltrane,My Favorite Things,Jazz,2003,US,Standard Reissue,No,Very Good Plus,Very Good,120.0,"15,047",330,266.0,0.806,73.2,37.0,11.0,4926,96.8%,Yes,Auction,2016,56.61,$80.79
1574,Nirvana,Nevermind,Alternative,1960,Brazil,Standard Reissue,No,Near Mint,Good Plus,140.0,"38,899",343,436.0,1.271,91.8,38.6,24.0,2974,99.9%,No,Fixed Price,2015,54.51,$65.29
1575,Kraftwerk,Autobahn,Electronic,1997,uk,Limited Colored Vinyl,Yes,Good,Very Good,140.0,"29,690",878,1243.0,1.416,75.6,32.2,28.0,3468,100.0%,Yes,Fixed Price,2015,59.28,$64.93
1576,Alicia Keys,Songs in A Minor,R&B,1987,Brazil,Original 1st Press,False,Good,Very Good Plus,180.0,"1,896",434,541.0,1.247,74.1,4.9,31.0,117,93.0%,0,Fixed Price,2023,67.21,$74.06
1577,Pink Floyd,The Wall,Rock,2006,US,Anniversary Edition,Yes,Good,Poor,180.0,"13,377",1021,1408.0,1.379,91.3,66.1,32.0,226,96.5%,No,Fixed Price,2015,76.98,$63.38
1578,Carole King,Tapestry,Folk,1992,France,Standard Reissue,No,Very Good,Very Good,200.0,"21,313",1023,965.0,0.943,58.2,33.0,6.0,1080,99.9%,No,Fixed Price,2022,46.64,$52.29
1579,Dave Brubeck,Time Out,Jazz,1993,Brazil,Original 1st Press,False,Near Mint,Good Plus,120g,"25,402",548,108.0,0.197,28.0,29.7,47.0,1340,100.0%,Yes,Fixed Price,2016,46.36,$52.23
1580,The Rolling Stones,Tattoo You,Rock,1961,UK,Standard Reissue,No,Very Good Plus,Very Good,180.0,"31,945",298,722.0,2.423,89.4,37.0,25.0,3451,96.5%,No,Fixed Price,2015,67.46,$89.95
1581,The White Stripes,White Blood Cells,Alternative,1981,US,Limited Colored Vinyl,Yes,Very Good Plus,Very Good,140g,"33,671",607,2270.0,3.74,59.2,45.1,16.0,4837,100.0%,yes,Fixed Price,2015,64.32,$87.53
1582,The White Stripes,Elephant,Alternative,2015,Germany,Standard Reissue,No,Good Plus,Near Mint,140.0,"13,625",374,656.0,1.754,68.8,47.6,8.0,2107,94.8%,0,Fixed Price,2021,58.97,$69.41
1583,My Bloody Valentine,Isn't Anything,Alternative,1989,US,Standard Reissue,No,Very Good Plus,Good Plus,180g,"8,268",899,1902.0,2.116,25.5,72.9,17.0,1035,100.0%,False,Fixed Price,2021,53.46,$77.99
1584,Television,Marquee Moon,Rock,1977,UK,Limited Colored Vinyl,Yes,Good Plus,Very Good,180g,"7,841",372,1000.0,2.688,22.0,28.1,11.0,4540,96.9%,No,Fixed Price,2019,42.97,$56.92
1585,Kendrick Lamar,To Pimp a Butterfly,Hip-Hop,1965,brazil,Standard Reissue,No,Near Mint,Near Mint,180g,"31,365",409,883.0,2.159,92.5,14.8,1.0,955,91.4%,no,Fixed Price,2023,62.81,$81.05
1586,Led Zeppelin,Led Zeppelin II,Rock,1984,brazil,Limited Colored Vinyl,True,Mint,Very Good Plus,180g,"49,739",570,1900.0,3.333,100.5,4.9,33.0,2616,94.0%,No,Fixed Price,2022,61.17,$83.82
1587,Portishead,Dummy,Electronic,1968,Canada,Anniversary Edition,True,Good,Good Plus,180.0,"20,358",566,276.0,0.488,87.4,20.4,145.0,3550,,yes,Fixed Price,2023,59.40,$52.63
1588,Aphex Twin,Syro,Electronic,2001,Canada,Limited Colored Vinyl,Yes,Very Good Plus,,120.0,"41,567",604,2211.0,3.661,56.3,24.8,,59,95.6%,No,Fixed Price,2021,56.78,$87.10
1589,Interpol,Turn on the Bright Lights,Alternative,1974,Germany,Original 1st Press,No,Mint,Very Good,140g,"27,709",284,48.0,0.169,23.6,35.3,3.0,1551,96.2%,Yes,Fixed Price,2023,41.14,$59.46
1590,Beastie Boys,Ill Communication,Hip-Hop,1998,uk,Standard Reissue,No,Very Good,Very Good,120g,"33,699",1212,2609.0,2.153,52.4,14.6,24.0,2566,95.7%,no,Fixed Price,2025,44.68,$52.30
1591,Bob Dylan,Blood on the Tracks,Folk,1973,,Standard Reissue,False,Very Good Plus,Good Plus,200.0,"27,026",416,723.0,1.738,89.1,5.9,6.0,705,96.1%,No,Auction,2021,56.36,$74.59
1592,Nirvana,In Utero,Alternative,1987,uk,Original 1st Press,No,Very Good Plus,Very Good,180g,"11,924",415,115.0,0.277,96.0,46.6,0.0,4771,100.0%,No,Fixed Price,2020,80.33,$94.30
1593,Dolly Parton,Coat of Many Colors,Country,2014,Japan,Limited Colored Vinyl,Yes,Good Plus,Very Good Plus,180g,"2,747",613,1830.0,2.985,64.0,73.3,2.0,3669,100.0%,No,Auction,2024,72.58,$67.57
1594,Arcade Fire,Reflektor,Alternative,1965,CANADA,Original 1st Press,no,Very Good,Good Plus,120.0,"27,745",439,974.0,2.219,58.3,62.4,27.0,1454,99.2%,No,Fixed Price,2023,71.48,$79.49
1595,Erykah Badu,Mama's Gun,R&B,1989,GERMANY,Promo Copy,0,Good Plus,Mint,180.0,"31,306",211,223.0,1.057,79.3,19.0,12.0,675,99.6%,Yes,Fixed Price,2021,60.10,$69.32
1596,Sufjan Stevens,Carrie & Lowell,Folk,2019,Australia,Promo Copy,No,Very Good Plus,Good,120g,"17,274",369,89.0,0.241,51.1,11.8,8.0,2224,92.3%,Yes,Fixed Price,2024,47.57,$64.51
1597,Black Sabbath,Black Sabbath,Rock,1969,US,Anniversary Edition,Yes,Mint,Near Mint,140.0,"13,154",283,497.0,1.756,73.7,23.0,28.0,354,100.0%,yes,Fixed Price,2024,59.81,$95.22
1598,Outkast,Southernplayalisticadillacmuzik,Hip-Hop,1978,JAPAN,Original 1st Press,No,Very Good Plus,Good Plus,140g,"48,478",345,207.0,0.6,68.2,35.3,62.0,169,95.7%,Yes,Fixed Price,2016,59.35,$85.67
1599,De La Soul,De La Soul Is Dead,Hip-Hop,1999,Australia,Standard Reissue,No,Good Plus,Mint,180.0,"6,030",627,1071.0,1.708,68.7,44.4,51.0,1957,100.0%,Yes,Fixed Price,2024,65.07,$73.92
1600,Stevie Wonder,Music of My Mind,Soul,1974,Canada,Standard Reissue,no,Very Good Plus,,180g,"5,017",272,435.0,1.599,89.4,39.4,29.0,2902,93.4%,Yes,Fixed Price,2016,63.04,$77.96
1601,Vampire Weekend,Contra,Alternative,2017,Australia,Test Pressing,Yes,Very Good,Near Mint,200.0,"8,429",88,166.0,1.886,70.9,33.9,11.0,4389,93.5%,Yes,Fixed Price,2018,77.65,$95.88
1602,George Michael,Faith,Pop,1989,france,Limited Colored Vinyl,yes,Very Good,Very Good Plus,120.0,"14,335",417,1345.0,3.225,65.5,29.4,73.0,2909,94.2%,0,Fixed Price,2019,60.25,$81.44
1603,Duran Duran,Duran Duran,Pop,1973,US,Standard Reissue,False,Good Plus,Near Mint,120.0,"16,616",266,344.0,1.293,78.2,13.1,37.0,1982,97.1%,Yes,Fixed Price,2025,51.97,$63.60
1604,Funkadelic,Maggot Brain,R&B,2022,US,Standard Reissue,No,Very Good,Very Good,180g,"14,420",160,232.0,1.45,48.5,61.0,13.0,1765,97.8%,0,Auction,2025,52.00,$77.71
1605,Junior Murvin,Police and Thieves,Reggae,1973,Japan,Original 1st Press,No,Near Mint,Good Plus,120g,"49,354",120,70.0,0.583,21.7,42.4,40.0,3151,94.5%,No,Fixed Price,2023,54.47,$78.33
1606,The National,High Violet,Alternative,2013,netherlands,Limited Colored Vinyl,Yes,Near Mint,Near Mint,140g,"5,797",261,756.0,2.897,46.3,12.5,7.0,4818,96.7%,Yes,Fixed Price,2017,54.16,$79.92
1607,Brian Eno,Another Green World,Electronic,1973,Canada,Promo Copy,False,Fair,Good,140.0,"11,146",373,893.0,2.394,44.5,15.7,3.0,2628,99.6%,False,Fixed Price,2015,57.40,$45.35
1608,Alicia Keys,Alicia,R&B,1991,Germany,Limited Colored Vinyl,Yes,Near Mint,Very Good Plus,,"19,949",661,756.0,1.144,77.5,78.1,1.0,3660,,No,Auction,2021,78.64,$112.74
1609,Nas,Illmatic,Hip-Hop,2004,Netherlands,Limited Colored Vinyl,Yes,Near Mint,Very Good Plus,180.0,"14,724",368,127.0,0.345,65.8,16.8,8.0,2384,98.2%,Yes,Fixed Price,2024,46.03,$53.89
1610,David Bowie,Hunky Dory,Rock,1992,US,Original 1st Press,no,Very Good Plus,Good,120g,"4,600",121,142.0,1.174,91.6,77.6,47.0,139,98.2%,0,Fixed Price,2017,91.08,$113.46
1611,Bob Marley,Kaya,Reggae,1975,Germany,Standard Reissue,0,Very Good Plus,Good Plus,120.0,"36,613",601,1433.0,2.384,94.4,36.5,82.0,2969,100.0%,yes,Fixed Price,2025,61.12,$81.24
1612,Bon Iver,"For Emma, Forever Ago",Folk,1977,Australia,Limited Colored Vinyl,Yes,Near Mint,Poor,140.0,"6,380",434,306.0,0.705,36.2,11.8,7.0,646,99.5%,No,Auction,2021,46.15,$59.99
1613,Soundgarden,Superunknown,Alternative,1995,UK,Original 1st Press,No,Very Good,Mint,180.0,"14,862",37,19.0,0.514,71.0,34.8,52.0,2771,96.2%,Yes,Fixed Price,2017,69.90,$92.63
1614,David Bowie,Heroes,Rock,1995,US,Test Pressing,Yes,Good Plus,Good,120g,"33,205",502,1846.0,3.677,85.0,8.5,26.0,1773,94.9%,Yes,Fixed Price,2020,80.81,$78.41
1615,Simon & Garfunkel,Sounds of Silence,Folk,1975,Brazil,Original 1st Press,No,Fair,Near Mint,120g,"37,107",212,197.0,0.929,62.8,40.0,46.0,1631,96.0%,0,Fixed Price,2022,60.40,$63.40
1616,Interpol,Antics,Alternative,2001,France,Promo Copy,No,Very Good,Near Mint,200.0,"14,978",502,959.0,1.91,20.5,4.8,5.0,4537,100.0%,1,Fixed Price,2021,40.73,$54.88
1617,Pink Floyd,The Wall,Rock,1977,FRANCE,Standard Reissue,No,Near Mint,Good,200g,"21,802",137,260.0,1.898,91.2,69.4,1.0,292,97.4%,1,Fixed Price,2023,68.78,$91.00
1618,The Smiths,"Strangeways, Here We Come",Alternative,1972,Canada,Standard Reissue,No,Near Mint,Very Good Plus,140.0,"4,405",617,1249.0,2.024,50.8,33.8,0.0,3655,98.2%,no,Fixed Price,2022,52.15,$66.09
1619,Snoop Dogg,Doggystyle,Hip-Hop,2011,AUSTRALIA,Standard Reissue,False,Near Mint,Near Mint,180.0,"28,833",486,492.0,1.012,75.1,31.4,37.0,1274,95.5%,No,Fixed Price,2025,46.76,$72.30
1620,Prince,Around the World in a Day,R&B,1978,Germany,Anniversary Edition,Yes,Near Mint,Good,140.0,"5,791",559,1742.0,3.116,90.5,49.2,66.0,2962,100.0%,No,Fixed Price,2016,75.73,$102.02
1621,Paul Simon,So Beautiful or So What,Folk,1998,germany,Standard Reissue,False,Mint,Good Plus,200.0,"26,843",499,1201.0,2.407,76.2,39.7,9.0,1343,94.5%,0,Fixed Price,2023,65.16,$78.65
1622,Nirvana,In Utero,Alternative,1974,Germany,Standard Reissue,False,Very Good Plus,Good,140.0,"34,947",1125,2523.0,2.243,98.4,51.3,44.0,1123,95.9%,True,Fixed Price,2018,69.91,$80.86
1623,AC/DC,Back in Black,Rock,2005,UK,Promo Copy,No,Mint,Very Good Plus,120g,"8,147",152,340.0,2.237,92.8,49.1,17.0,1757,89.8%,True,Fixed Price,2020,81.69,$129.36
1624,Kings of Leon,Youth and Young Manhood,Alternative,2022,US,Limited Colored Vinyl,Yes,Good Plus,Very Good Plus,140.0,"21,718",429,327.0,0.762,67.9,78.3,0.0,1910,96.6%,0,Fixed Price,2024,71.21,$84.71
1625,Arcade Fire,The Suburbs,Alternative,1993,UK,Standard Reissue,No,Very Good,Poor,120g,"41,522",717,1384.0,1.93,54.5,23.6,4.0,2042,97.8%,Yes,Auction,2021,36.57,$39.79
1626,Funkadelic,Uncle Jam Wants You,R&B,2001,US,Standard Reissue,False,Very Good Plus,Very Good,180g,"10,621",1251,1052.0,0.841,41.2,61.8,8.0,3323,99.9%,0,Fixed Price,2025,54.07,$66.12
1627,Nina Simone,I Put a Spell on You,Jazz,1984,Brazil,Standard Reissue,no,  Very Good Plus ,,180.0,"4,041",64,107.0,1.672,67.9,66.5,61.0,4020,98.5%,Yes,Auction,2024,74.33,$116.95
1628,Interpol,Antics,Alternative,2021,UK,Standard Reissue,No,Good,,140.0,"4,923",589,610.0,1.036,17.1,7.9,2.0,1769,92.4%,No,Fixed Price,2025,39.97,$45.23
1629,Alicia Keys,Songs in A Minor,R&B,1995,brazil,Standard Reissue,No,Near Mint,Near Mint,140g,"33,787",1325,1183.0,0.893,76.5,8.9,1.0,116,98.6%,No,Fixed Price,2025,41.26,$72.82
1630,New Order,Low Life,Electronic,1967,Brazil,Standard Reissue,No,Good Plus,Very Good Plus,120g,"42,300",153,20.0,0.131,69.8,47.8,15.0,4227,97.3%,No,Auction,2022,47.93,$45.52
1631,Al Green,I'm Still in Love with You,Soul,2000,Japan,Original 1st Press,No,Very Good Plus,Very Good Plus,180.0,"4,505",330,204.0,0.618,55.3,28.6,13.0,756,90.6%,False,Fixed Price,2021,64.74,$77.62
1632,Kendrick Lamar,"good kid, m.A.A.d city",Hip-Hop,2012,Brazil,Standard Reissue,No,Very Good Plus,Very Good Plus,120.0,"14,101",2780,2730.0,0.982,90.1,28.7,6.0,1857,100.0%,Yes,Fixed Price,2017,59.47,$80.37
1633,James Taylor,JT,Folk,1968,BRAZIL,Anniversary Edition,Yes,Mint,Good Plus,200.0,"4,876",236,513.0,2.174,30.7,11.5,10.0,3154,100.0%,False,Fixed Price,2015,43.37,$69.31
1634,Peter Gabriel,Us,Pop,2007,Japan,Limited Colored Vinyl,True,Good Plus,Very Good,140.0,"41,765",839,891.0,1.062,66.6,57.1,27.0,382,99.2%,Yes,Fixed Price,2024,65.29,$71.61
1635,The National,High Violet,Alternative,1978,,Original 1st Press,No,Mint,Very Good Plus,120g,"3,402",212,377.0,1.778,45.9,15.4,11.0,3880,97.0%,Yes,Fixed Price,2024,55.25,$76.63
1636,The National,Boxer,Alternative,1966,US,Test Pressing,Yes,Very Good Plus,Very Good Plus,180.0,"19,286",26,45.0,1.731,45.6,61.9,37.0,2187,99.8%,False,Fixed Price,2020,75.93,$92.95
1637,David Bowie,Station to Station,Rock,1995,Japan,Original 1st Press,0,Good,Good Plus,,"11,248",365,448.0,1.227,90.1,9.8,58.0,2954,92.6%,0,Fixed Price,2018,68.93,$60.45
1638,Daft Punk,Homework,Electronic,1982,France,Standard Reissue,False,Very Good,,140.0,"32,180",2300,4275.0,1.859,85.8,36.6,66.0,3644,94.0%,Yes,Fixed Price,2025,59.94,$61.96
1639,Bob Marley,Kaya,Reggae,1977,France,Standard Reissue,No,Near Mint,Near Mint,180.0,"8,801",453,537.0,1.185,91.8,35.9,10.0,112,93.5%,No,Fixed Price,2018,64.04,$91.57
1640,Dolly Parton,Coat of Many Colors,Country,2004,Netherlands,Promo Copy,no,  Good Plus ,Good Plus,180.0,"39,255",474,551.0,1.162,61.7,82.5,6.0,3814,94.8%,1,Fixed Price,2016,70.30,$65.15
1641,Parliament,Chocolate City,R&B,2004,US,Anniversary Edition,Yes,Near Mint,,120g,"43,041",227,154.0,0.678,46.4,44.1,32.0,1158,98.0%,Yes,Fixed Price,2015,52.08,$69.69
1642,Bjork,Vespertine,Electronic,1967,Brazil,Original 1st Press,0,Near Mint,Mint,180g,"25,179",576,1114.0,1.934,70.9,24.6,24.0,2970,99.1%,0,Auction,2021,62.43,$92.35
1643,Prince,Lovesexy,R&B,1960,Netherlands,Standard Reissue,No,Near Mint,Very Good,200g,"28,482",1472,1777.0,1.207,94.9,14.8,13.0,3735,97.7%,1,Fixed Price,2022,59.77,$83.12
1644,Vampire Weekend,Father of the Bride,Alternative,1988,Canada,Anniversary Edition,Yes,Good Plus,Very Good,180.0,"16,239",26,64.0,2.462,75.4,40.0,37.0,4112,98.9%,No,Auction,2024,67.57,$69.90
1645,The Smiths,The Queen Is Dead,Alternative,1978,France,Standard Reissue,No,Near Mint,Very Good Plus,120.0,"11,536",288,553.0,1.92,46.9,17.1,3.0,2581,94.3%,yes,Fixed Price,2023,39.98,$64.60
1646,James Taylor,Sweet Baby James,Folk,1981,Brazil,Original 1st Press,No,Very Good Plus,Good,120.0,"4,799",84,107.0,1.274,28.5,76.2,11.0,3791,100.0%,Yes,Fixed Price,2024,73.22,$77.08
1647,Sly and the Family Stone,Fresh,Soul,2011,US,Anniversary Edition,Yes,Good Plus,Very Good Plus,180g,"31,037",712,348.0,0.489,69.5,62.6,23.0,2072,99.4%,False,Fixed Price,2016,61.37,$67.31
1648,Bob Marley,Exodus,Reggae,1981,Australia,Standard Reissue,No,Near Mint,Mint,200.0,"22,509",259,537.0,2.073,97.1,27.4,60.0,211,,Yes,Fixed Price,2024,59.30,$73.89
1649,Fleetwood Mac,Rumours,Rock,1984,Australia,Standard Reissue,No,Poor,Near Mint,140g,"2,967",197,161.0,0.817,86.7,18.6,1.0,3280,99.9%,no,Fixed Price,2023,61.61,$62.75
1650,AC/DC,Highway to Hell,Rock,2015,Germany,Original 1st Press,No,Good,Very Good Plus,120g,"43,157",152,71.0,0.467,91.7,17.1,76.0,3582,100.0%,No,Auction,2024,60.69,$56.93
1651,Bob Marley,Catch a Fire,Reggae,1982,UK,Anniversary Edition,1,Very Good,Near Mint,,"10,978",249,675.0,2.711,97.8,55.0,,4874,,Yes,Fixed Price,2019,76.88,$79.85
1652,Fleetwood Mac,Tusk,Rock,1984,UK,Anniversary Edition,1,Very Good,Good Plus,180g,"44,922",1133,194.0,0.171,86.5,29.8,83.0,138,100.0%,yes,Fixed Price,2017,55.63,$69.05
1653,Miles Davis,In a Silent Way,Jazz,1964,Canada,Standard Reissue,0,Good Plus,Good Plus,140g,"25,294",1649,,1.358,81.0,36.8,12.0,2292,91.9%,False,Fixed Price,2020,54.85,$49.37
1654,The Notorious B.I.G.,Ready to Die,Hip-Hop,1983,Japan,Original 1st Press,No,Very Good Plus,Very Good Plus,180g,"1,860",122,50.0,0.41,95.4,79.2,20.0,2490,92.8%,No,Fixed Price,2022,92.62,$106.86
1655,Erykah Badu,Mama's Gun,R&B,2021,UK,Standard Reissue,No,Very Good,Very Good,140g,"45,804",579,811.0,1.401,73.0,19.1,26.0,1858,97.2%,Yes,Auction,2023,52.09,$61.81
1656,Junior Murvin,Police and Thieves,Reggae,2003,NETHERLANDS,Standard Reissue,no,Good,Good Plus,120g,"45,878",536,159.0,0.297,18.4,36.7,9.0,3115,91.5%,Yes,Fixed Price,2017,33.51,$33.02
1657,Brian Eno,Another Green World,Electronic,1968,Netherlands,Anniversary Edition,Yes,Very Good,Very Good,140g,"8,784",501,362.0,0.723,47.0,17.9,13.0,1992,98.2%,No,Auction,2021,42.87,$51.00
1658,Bob Dylan,Nashville Skyline,Folk,1972,Germany,Original 1st Press,No,Near Mint,Near Mint,200.0,"5,354",342,338.0,0.988,87.2,25.6,14.0,634,98.8%,1,Auction,2021,72.12,$109.54
1659,Bjork,Debut,Electronic,1975,France,Standard Reissue,False,Mint,Very Good,180g,"20,663",304,432.0,1.421,73.7,60.8,22.0,2625,86.7%,No,Fixed Price,2021,62.15,$98.68
1660,Anita Baker,Rapture,Soul,1990,japan,Promo Copy,False,Good,Very Good,140.0,"24,521",380,84.0,0.221,20.5,51.8,1.0,4250,98.3%,No,Auction,2023,42.53,$42.21
1661,Dr. Dre,The Chronic,Hip-Hop,1987,CANADA,Original 1st Press,False,Near Mint,Very Good Plus,120g,"32,684",93,196.0,2.108,96.0,18.9,35.0,1693,100.0%,True,Fixed Price,2024,80.88,$107.76
1662,Marvin Gaye,Trouble Man,Soul,2007,CANADA,Limited Colored Vinyl,1,Good Plus,Very Good Plus,120g,"24,228",648,2426.0,3.744,94.6,54.4,2.0,4813,93.4%,No,Auction,2015,83.06,$94.94
1663,The Rolling Stones,Made in the Shade,Rock,1967,Germany,Anniversary Edition,yes,Mint,Near Mint,140.0,"48,700",961,1868.0,1.944,89.6,16.1,0.0,1928,97.0%,No,Auction,2016,52.70,$89.64
1664,Bob Marley,Catch a Fire,Reggae,1999,Netherlands,Limited Colored Vinyl,Yes,Good Plus,Mint,200g,"7,964",116,34.0,0.293,97.2,55.2,65.0,2098,92.4%,no,Fixed Price,2024,71.10,$83.08
1665,Alicia Keys,Songs in A Minor,R&B,1984,AUSTRALIA,Standard Reissue,No,Very Good Plus,Mint,200g,"12,658",851,651.0,0.765,75.3,7.5,1.0,4725,99.0%,True,Fixed Price,2021,49.56,$71.78
1666,Pink Floyd,The Dark Side of the Moon,Rock,1992,,Standard Reissue,0,Very Good,Very Good,180.0,"40,331",382,382.0,1.0,86.5,22.1,2.0,2467,93.9%,False,Fixed Price,2024,51.68,$54.44
1667,Paul Simon,Graceland,Folk,1987,Brazil,Standard Reissue,No,Very Good,Very Good,120g,"8,111",225,79.0,0.351,73.4,12.4,9.0,1100,98.2%,No,Fixed Price,2021,43.21,$54.09
1668,Led Zeppelin,Led Zeppelin II,Rock,1977,Australia,Anniversary Edition,Yes,Very Good,Very Good Plus,140.0,"24,921",625,1466.0,2.346,103.6,7.5,93.0,4666,97.3%,Yes,Auction,2020,63.54,$78.12
1669,Nina Simone,Nina Simone in Concert,Jazz,2008,Australia,Limited Colored Vinyl,Yes,Good,Very Good,180.0,"26,403",318,1138.0,3.579,76.9,46.8,25.0,1802,94.5%,No,Auction,2016,68.54,$76.06
1670,George Michael,Faith,Pop,1970,UK,Original 1st Press,0,Fair,Very Good,120.0,"39,254",236,264.0,1.119,64.4,28.3,34.0,881,95.2%,Yes,Fixed Price,2023,60.26,$59.43
1671,The Modern Lovers,The Modern Lovers,Rock,2003,Netherlands,Anniversary Edition,True,Very Good,Very Good Plus,140g,"27,957",608,642.0,1.056,23.4,18.9,32.0,3121,98.0%,No,Fixed Price,2023,34.79,$47.52
1672,Steely Dan,The Royal Scam,Rock,2009,UK,Standard Reissue,No,Very Good Plus,Good Plus,120g,"14,779",996,472.0,0.474,87.0,6.6,18.0,1334,96.2%,Yes,Fixed Price,2016,47.29,$60.75
1673,Neil Young,After the Gold Rush,Folk,1982,CANADA,Original 1st Press,No,Very Good Plus,Near Mint,120.0,"5,705",255,310.0,1.216,63.9,40.6,4.0,1612,96.8%,True,Fixed Price,2023,67.34,$97.64
1674,Bjork,Post,Electronic,1966,,Promo Copy,0,Good,Very Good Plus,120g,"5,653",1161,1328.0,1.144,78.6,65.8,5.0,3962,96.4%,False,Fixed Price,2024,80.67,$82.08
1675,Kendrick Lamar,To Pimp a Butterfly,Hip-Hop,1977,UK,Promo Copy,No,Very Good Plus,Near Mint,120.0,"19,882",349,631.0,1.808,95.5,15.1,22.0,4332,97.2%,No,Fixed Price,2022,73.49,$101.76
1676,Joni Mitchell,Hejira,Folk,1962,US,Standard Reissue,False,Near Mint,Very Good Plus,180g,"43,098",702,205.0,0.292,74.1,49.4,2.0,2937,100.0%,1,Fixed Price,2023,48.02,$73.29
1677,Prince,Around the World in a Day,R&B,1996,Brazil,Original 1st Press,no,Very Good Plus,Fair,180g,"33,406",260,512.0,1.969,91.2,41.8,24.0,241,100.0%,No,Auction,2023,75.50,$77.85
1678,Eminem,The Marshall Mathers LP,Hip-Hop,1961,NETHERLANDS,Anniversary Edition,True,Mint,Poor,180.0,"45,106",921,2306.0,2.504,99.1,11.2,3.0,1734,99.4%,no,Fixed Price,2021,65.20,$100.59
1679,Radiohead,The Bends,Alternative,1971,US,Standard Reissue,False,Near Mint,Very Good,120.0,"42,079",412,738.0,1.791,82.4,55.7,23.0,4202,98.3%,No,Auction,2021,53.88,$74.38
1680,Black Sabbath,Paranoid,Rock,1994,JAPAN,Original 1st Press,False,Near Mint,Very Good Plus,200g,"9,852",466,223.0,0.479,75.5,82.1,26.0,183,94.8%,No,Fixed Price,2023,93.10,$129.49
1681,The Beatles,The White Album,Rock,1970,Canada,Standard Reissue,False,Very Good Plus,Very Good Plus,140.0,"29,648",1222,315.0,0.258,90.6,59.9,8.0,4424,100.0%,No,Auction,2022,62.91,$88.26
1682,Prince,Sign o' the Times,R&B,1977,US,Limited Colored Vinyl,Yes,Near Mint,Near Mint,180g,"18,581",81,206.0,2.543,88.1,44.0,7.0,2349,95.8%,Yes,Fixed Price,2023,75.24,$111.15
1683,My Bloody Valentine,Isn't Anything,Alternative,1979,Australia,Limited Colored Vinyl,1,Very Good,Very Good,120.0,"9,290",136,197.0,1.449,28.9,64.6,12.0,2187,93.6%,No,Auction,2015,59.15,$76.18
1684,The Beach Boys,Pet Sounds,Pop,1970,Brazil,Standard Reissue,No,Good Plus,,140.0,"19,710",936,1787.0,1.909,76.5,28.5,1.0,4318,91.9%,Yes,Fixed Price,2021,55.05,$56.77
1685,The Beatles,Abbey Road,Rock,1993,US,Standard Reissue,No,Very Good,Near Mint,200.0,"6,416",830,1307.0,1.575,87.6,71.8,48.0,1710,97.7%,No,Auction,2025,72.79,$98.84
1686,Red Hot Chili Peppers,Stadium Arcadium,Alternative,1992,UK,Anniversary Edition,Yes,Very Good Plus,Near Mint,180g,"47,743",32,17.0,0.531,66.7,46.1,22.0,808,96.3%,False,Fixed Price,2018,51.94,$65.93
1687,Bon Iver,"22, A Million",Folk,1975,Canada,Standard Reissue,False,Fair,Near Mint,140.0,"10,462",2220,2108.0,0.95,41.6,41.5,25.0,2150,100.0%,Yes,Fixed Price,2018,40.63,$29.87
1688,Sly and the Family Stone,Stand!,Soul,2000,US,Anniversary Edition,True,Good Plus,Very Good Plus,140g,"15,242",1316,2813.0,2.138,74.2,65.0,20.0,899,99.7%,No,Fixed Price,2020,69.21,$76.17
1689,Rage Against the Machine,Evil Empire,Alternative,1993,Netherlands,Original 1st Press,No,Very Good Plus,Near Mint,180.0,"20,726",485,850.0,1.753,68.1,24.3,2.0,2653,93.8%,Yes,Fixed Price,2023,64.36,$84.50
1690,Massive Attack,Blue Lines,Electronic,1998,US,Standard Reissue,False,Good Plus,Mint,140.0,"48,000",375,530.0,1.413,51.3,15.3,5.0,338,98.7%,No,Fixed Price,2015,42.53,$53.96
1691,Neil Young,Harvest Moon,Folk,2005,UK,Standard Reissue,No,Good Plus,Very Good,120.0,"7,375",415,643.0,1.549,62.2,72.2,74.0,2284,93.2%,Yes,Fixed Price,2018,66.72,$60.26
1692,David Bowie,Ziggy Stardust,Rock,1983,Japan,Test Pressing,Yes,Fair,Good,140g,"12,462",134,259.0,1.933,92.0,9.6,31.0,2612,97.2%,no,Fixed Price,2018,82.01,$70.08
1693,Interpol,Turn on the Bright Lights,Alternative,1998,Brazil,Limited Colored Vinyl,Yes,Fair,Mint,120g,"40,082",480,1045.0,2.177,19.5,38.3,69.0,4734,94.7%,True,Fixed Price,2022,45.95,$46.21
1694,Daft Punk,Random Access Memories,Electronic,1998,France,Anniversary Edition,True,Very Good Plus,Very Good Plus,180.0,"3,972",690,2278.0,3.301,88.4,78.3,33.0,3945,95.9%,no,Fixed Price,2019,79.49,$108.28
1695,Arcade Fire,Funeral,Alternative,1965,NETHERLANDS,Limited Colored Vinyl,yes,Very Good Plus,Good,180g,"48,193",210,277.0,1.319,62.4,69.8,20.0,2906,97.8%,False,Fixed Price,2015,64.77,$70.24
1696,Jane's Addiction,Nothing's Shocking,Alternative,1961,us,Original 1st Press,No,Near Mint,Good,180g,"47,303",187,264.0,1.412,24.3,20.6,28.0,1912,100.0%,Yes,Fixed Price,2024,40.37,$49.33
1697,Kendrick Lamar,"good kid, m.A.A.d city",Hip-Hop,1961,Japan,Standard Reissue,False,  Mint ,Near Mint,180.0,"9,538",572,66.0,0.115,92.6,19.8,14.0,3171,93.6%,Yes,Auction,2022,50.18,$73.77
1698,Wu-Tang Clan,Enter the Wu-Tang (36 Chambers),Hip-Hop,1998,France,Standard Reissue,0,Near Mint,Good Plus,120g,"7,149",1126,462.0,0.41,69.1,6.7,9.0,3500,96.0%,No,Fixed Price,2021,41.97,$59.18
1699,Jimi Hendrix,Axis: Bold as Love,Rock,2001,Japan,Standard Reissue,No,Very Good Plus,Fair,140g,"40,243",149,239.0,1.604,73.3,48.4,50.0,888,98.6%,No,Fixed Price,2019,58.62,$66.46
1700,Daft Punk,Homework,Electronic,1992,Brazil,Standard Reissue,0,Good,Very Good,120g,"4,856",226,135.0,0.597,88.4,38.8,0.0,1827,96.1%,No,Fixed Price,2018,57.50,$63.31
1701,The Rolling Stones,Let It Bleed,Rock,1978,france,Standard Reissue,No,Mint,Near Mint,120g,"18,221",1378,1508.0,1.094,93.8,15.8,0.0,4482,98.4%,1,Auction,2015,61.88,$109.90
1702,Pink Floyd,Animals,Rock,2011,Japan,Original 1st Press,No,Near Mint,Very Good Plus,140g,"21,138",218,207.0,0.95,85.6,73.0,10.0,1632,93.2%,Yes,Auction,2021,84.95,$108.54
1703,Fleetwood Mac,Fleetwood Mac,Rock,1976,japan,Test Pressing,yes,Very Good,Good Plus,180g,"22,656",132,288.0,2.182,84.4,77.3,26.0,3441,98.1%,Yes,Fixed Price,2025,92.88,$99.92
1704,Stevie Wonder,Music of My Mind,Soul,1962,Netherlands,Anniversary Edition,yes,Good,Very Good,120.0,"38,763",845,2070.0,2.45,94.8,35.8,1.0,915,96.5%,Yes,Fixed Price,2015,65.76,$62.97
1705,Steely Dan,The Royal Scam,Rock,1983,UK,Limited Colored Vinyl,Yes,Near Mint,Very Good Plus,140.0,"34,622",404,600.0,1.485,79.5,4.7,9.0,3132,100.0%,True,Fixed Price,2019,46.64,$57.82
1706,Prince,Sign o' the Times,R&B,2010,france,Limited Colored Vinyl,1,Very Good Plus,Near Mint,180g,"35,703",746,858.0,1.15,91.1,46.6,14.0,670,100.0%,No,Fixed Price,2024,64.91,$80.86
1707,Talking Heads,Fear of Music,Alternative,2021,Australia,Standard Reissue,No,Mint,Very Good,180g,"25,162",539,673.0,1.249,83.7,20.7,1.0,1388,99.4%,False,Fixed Price,2023,57.96,$91.72
1708,The White Stripes,Elephant,Alternative,2019,Netherlands,Standard Reissue,0,Near Mint,Very Good Plus,,"12,758",229,390.0,1.703,62.4,55.1,6.0,2200,94.2%,Yes,Auction,2025,58.79,$78.94
1709,Brian Eno,Another Green World,Electronic,1993,US,Standard Reissue,No,Very Good,Near Mint,120.0,"13,876",743,806.0,1.085,44.2,19.7,0.0,1928,98.5%,No,Fixed Price,2023,44.24,$55.56
1710,Tame Impala,Lonerism,Alternative,1970,Brazil,Standard Reissue,0,Very Good,Very Good Plus,120.0,"34,013",1006,150.0,0.149,56.9,40.6,7.0,4696,96.5%,No,Fixed Price,2025,47.39,$61.50
1711,R.E.M.,Automatic for the People,Alternative,2017,Germany,Limited Colored Vinyl,Yes,Mint,Very Good Plus,,"9,702",357,448.0,1.255,60.9,64.0,11.0,4058,93.6%,Yes,Fixed Price,2018,70.27,$100.38
1712,Kendrick Lamar,Section.80,Hip-Hop,1978,uk,Standard Reissue,False,Very Good Plus,Near Mint,200g,"11,930",424,753.0,1.776,92.1,20.6,2.0,2968,98.1%,No,Auction,2024,63.30,$80.87
1713,Jimi Hendrix,Electric Ladyland,Rock,1964,Japan,Limited Colored Vinyl,1,Very Good,Very Good Plus,200g,"36,974",400,909.0,2.272,72.2,14.2,2.0,1549,96.5%,No,Fixed Price,2020,57.06,$64.39
1714,The Rolling Stones,Sticky Fingers,Rock,1999,BRAZIL,Standard Reissue,No,  Mint ,Good,120g,"34,431",732,1366.0,1.866,93.7,70.5,38.0,520,97.8%,0,Fixed Price,2019,80.43,$135.68
1715,Michael Jackson,Dangerous,Pop,1976,US,Promo Copy,False,Very Good,Very Good,140.0,"47,276",135,189.0,1.4,93.6,27.6,11.0,3970,97.0%,No,Auction,2016,65.37,$67.73
1716,Portishead,Dummy,Electronic,2017,Germany,Anniversary Edition,Yes,Good,Very Good Plus,120.0,"12,978",549,1497.0,2.727,78.7,25.9,11.0,1260,97.8%,yes,Fixed Price,2025,59.34,$51.77
1717,Portishead,Dummy,Electronic,1984,Netherlands,Promo Copy,No,Good Plus,Mint,180.0,"44,467",141,294.0,2.085,84.1,24.9,23.0,1187,100.0%,Yes,Fixed Price,2018,63.14,$68.02
1718,Bjork,Vespertine,Electronic,2008,Germany,Promo Copy,False,Very Good Plus,Very Good Plus,120.0,"17,997",695,1568.0,2.256,70.9,27.0,51.0,409,97.7%,1,Fixed Price,2019,60.30,$75.96
1719,New Order,"Power, Corruption and Lies",Electronic,1970,US,Anniversary Edition,Yes,Near Mint,Mint,180g,"38,534",1034,540.0,0.522,64.3,5.0,55.0,157,95.7%,False,Auction,2021,47.54,$73.28
1720,Frank Ocean,Blonde,R&B,1990,germany,Original 1st Press,No,Near Mint,Mint,180.0,"9,724",358,594.0,1.659,97.0,31.2,12.0,1166,94.3%,True,Fixed Price,2023,76.62,$109.32
1721,Bob Dylan,Nashville Skyline,Folk,1997,UK,Limited Colored Vinyl,Yes,Very Good,Near Mint,180g,"43,618",148,197.0,1.331,94.7,30.0,16.0,2607,98.3%,no,Fixed Price,2022,56.89,$65.63
1722,The Beach Boys,Surf's Up,Pop,1974,,Standard Reissue,No,Very Good Plus,Poor,120g,"17,752",114,39.0,0.342,81.2,26.8,9.0,760,98.8%,No,Auction,2018,53.49,$61.48
1723,Nina Simone,Nina Simone in Concert,Jazz,2002,Brazil,Promo Copy,No,Very Good Plus,Poor,120.0,"43,851",440,883.0,2.007,76.1,49.4,7.0,2731,95.6%,No,Fixed Price,2020,68.29,$72.40
1724,Nirvana,Nevermind,Alternative,1972,JAPAN,Original 1st Press,No,Very Good,Good Plus,140.0,"9,808",388,635.0,1.637,101.9,34.5,0.0,3446,92.7%,no,Auction,2019,77.14,$103.57
1725,Guns N' Roses,Use Your Illusion I,Rock,1964,Netherlands,Standard Reissue,No,Good,Good Plus,200g,"42,563",486,512.0,1.053,92.0,20.7,64.0,3218,97.1%,Yes,Fixed Price,2020,51.18,$44.77
1726,Pearl Jam,Ten,Alternative,1963,Canada,Standard Reissue,False,  Mint ,Near Mint,140.0,"5,640",304,688.0,2.263,66.7,73.4,14.0,2936,99.8%,0,Fixed Price,2024,71.31,$97.81
1727,Arctic Monkeys,"Whatever People Say I Am, That's What I'm Not",Alternative,1990,Germany,Standard Reissue,No,Near Mint,Mint,180g,"14,507",1021,1576.0,1.544,59.9,30.9,0.0,2970,95.7%,yes,Fixed Price,2023,49.41,$64.05
1728,Pink Floyd,Wish You Were Here,Rock,2015,Germany,Test Pressing,Yes,Very Good,Good Plus,120g,"10,747",324,504.0,1.556,95.1,25.6,8.0,2741,94.9%,Yes,Fixed Price,2024,83.22,$94.84
1729,Bjork,Post,Electronic,1989,Australia,Standard Reissue,No,Very Good Plus,Good Plus,140.0,"4,680",577,883.0,1.53,68.3,67.9,23.0,640,100.0%,True,Fixed Price,2021,69.11,$81.48
1730,Daft Punk,Alive 2007,Electronic,2004,UK,Standard Reissue,No,Good Plus,Very Good,120.0,"25,562",526,709.0,1.348,85.7,57.8,8.0,441,94.1%,Yes,Fixed Price,2016,63.12,$72.96
1731,Beastie Boys,Licensed to Ill,Hip-Hop,1970,Netherlands,Standard Reissue,No,Very Good,Very Good,180.0,"33,352",454,835.0,1.839,53.2,41.6,86.0,3570,96.9%,No,Fixed Price,2020,46.98,$52.74
1732,Arcade Fire,Funeral,Alternative,1987,Netherlands,Anniversary Edition,Yes,Near Mint,Mint,180g,"37,815",1297,,1.199,57.6,69.2,1.0,2160,90.8%,No,Fixed Price,2015,58.77,$76.58
1733,Radiohead,A Moon Shaped Pool,Alternative,2006,France,Standard Reissue,No,Very Good Plus,Near Mint,140g,"42,482",716,268.0,0.374,83.3,58.4,15.0,2543,96.2%,False,Fixed Price,2022,60.79,$95.13
1734,Portishead,Dummy,Electronic,1981,us,Limited Colored Vinyl,1,Very Good Plus,Fair,140.0,"3,090",357,379.0,1.062,78.2,20.1,35.0,4372,93.8%,True,Fixed Price,2016,61.94,$82.12
1735,R.E.M.,Reckoning,Alternative,1982,Canada,Anniversary Edition,True,Mint,Mint,120g,"27,274",403,67.0,0.166,65.8,41.9,37.0,1568,94.6%,False,Fixed Price,2015,52.06,$94.62
1736,Nas,It Was Written,Hip-Hop,1961,Brazil,Anniversary Edition,Yes,Good Plus,Good Plus,180g,"38,132",243,54.0,0.222,64.1,45.9,0.0,1629,92.7%,True,Fixed Price,2022,52.94,$47.07
1737,Pearl Jam,Vs.,Alternative,2018,netherlands,Limited Colored Vinyl,yes,Very Good Plus,Very Good,200g,"10,866",765,2394.0,3.129,62.5,9.1,9.0,2192,98.3%,Yes,Auction,2023,60.14,$67.98
1738,Steely Dan,Can't Buy a Thrill,Rock,2001,brazil,Standard Reissue,no,Good Plus,Fair,140g,"8,846",411,557.0,1.355,79.6,67.1,7.0,3775,92.6%,No,Fixed Price,2018,71.95,$73.44
1739,Daft Punk,Random Access Memories,Electronic,2007,Australia,Anniversary Edition,yes,Very Good Plus,Very Good Plus,140g,"3,656",214,694.0,3.243,88.7,74.6,124.0,45,96.5%,0,Fixed Price,2025,72.70,$95.10
1740,Dolly Parton,Coat of Many Colors,Country,1961,brazil,Limited Colored Vinyl,Yes,Very Good Plus,Very Good Plus,180g,"46,170",507,126.0,0.249,63.0,78.2,38.0,741,100.0%,No,Fixed Price,2017,66.35,$84.65
1741,Paul Simon,So Beautiful or So What,Folk,1994,Germany,Standard Reissue,False,Good,Very Good,180g,"26,853",495,954.0,1.927,76.1,29.9,14.0,155,100.0%,Yes,Fixed Price,2023,59.68,$66.46
1742,Prince,1999,R&B,1968,UK,Standard Reissue,No,Near Mint,Very Good Plus,180g,"32,601",850,195.0,0.229,93.0,49.2,4.0,1441,90.5%,0,Auction,2016,63.82,$92.89
1743,Patti Smith,Easter,Rock,1989,US,Standard Reissue,False,Very Good,Near Mint,200.0,527,145,27.0,0.186,29.8,42.2,0.0,382,100.0%,No,Fixed Price,2021,42.79,$44.81
1744,Joy Division,Closer,Alternative,2004,UK,Anniversary Edition,1,Very Good Plus,Very Good,140g,"21,593",89,145.0,1.629,41.9,60.5,35.0,1249,95.4%,Yes,Fixed Price,2022,65.82,$76.59
1745,Alice in Chains,Facelift,Alternative,1976,Brazil,Limited Colored Vinyl,Yes,Very Good Plus,Very Good,140.0,"34,488",106,187.0,1.764,58.7,45.3,55.0,186,90.8%,True,Fixed Price,2016,57.26,$79.05
1746,The Notorious B.I.G.,Ready to Die,Hip-Hop,1998,Australia,Standard Reissue,no,Very Good,Good Plus,140g,"11,673",154,49.0,0.318,88.8,77.3,0.0,3945,99.5%,False,Fixed Price,2016,73.63,$73.88
1747,Radiohead,Kid A,Alternative,1989,AUSTRALIA,Test Pressing,True,Very Good Plus,Very Good,180.0,"42,615",146,431.0,2.952,87.9,32.5,31.0,147,95.1%,0,Fixed Price,2019,87.23,$101.17
1748,Arctic Monkeys,Favourite Worst Nightmare,Alternative,1961,Canada,Limited Colored Vinyl,Yes,Good,Very Good Plus,180g,"23,550",684,655.0,0.958,58.6,63.6,2.0,4197,95.5%,0,Fixed Price,2017,65.65,$79.17
1749,Prince,Lovesexy,R&B,1992,Canada,Original 1st Press,0,Very Good Plus,Good Plus,120g,"33,775",142,206.0,1.451,90.0,14.0,21.0,4836,93.5%,Yes,Fixed Price,2025,55.09,$74.09
1750,Vampire Weekend,Modern Vampires of the City,Alternative,1995,germany,Anniversary Edition,Yes,Very Good Plus,Good,140.0,"22,009",393,109.0,0.277,70.3,23.4,27.0,4976,100.0%,0,Fixed Price,2022,52.81,$72.72
1751,Miles Davis,In a Silent Way,Jazz,2015,Germany,Test Pressing,1,Near Mint,Mint,120.0,"11,982",126,143.0,1.135,74.6,38.0,28.0,3554,97.3%,0,Auction,2019,81.14,$128.75
1752,Midnight Oil,Blue Sky Mining,Rock,1986,Japan,Original 1st Press,No,Good,Near Mint,200.0,"30,717",768,281.0,0.366,29.4,39.1,25.0,4922,98.0%,Yes,Fixed Price,2020,53.24,$54.35
1753,Kendrick Lamar,To Pimp a Butterfly,Hip-Hop,2012,Japan,Original 1st Press,No,Good,Very Good Plus,200g,"22,511",50,33.0,0.66,88.1,15.9,1.0,1741,89.0%,True,Fixed Price,2025,68.39,$58.88
1754,D'Angelo,Voodoo,R&B,2002,UK,Limited Colored Vinyl,Yes,Good Plus,Mint,180g,"14,125",1187,1452.0,1.223,68.9,17.7,4.0,3262,99.3%,No,Fixed Price,2018,60.68,$65.90
1755,Talking Heads,Fear of Music,Alternative,2001,Canada,Standard Reissue,No,Very Good,Good,180g,"42,105",488,1005.0,2.059,78.9,23.2,1.0,2947,92.8%,no,Fixed Price,2021,48.81,$57.84
1756,J Dilla,Ruff Draft,Hip-Hop,1968,France,Anniversary Edition,Yes,Very Good Plus,Near Mint,120g,"25,137",511,1536.0,3.006,48.7,29.6,25.0,1348,100.0%,No,Fixed Price,2015,49.01,$72.60
1757,Nirvana,In Utero,Alternative,1994,Australia,Standard Reissue,No,Mint,Near Mint,120.0,"48,537",419,159.0,0.379,98.5,52.7,24.0,1257,94.9%,yes,Fixed Price,2019,60.87,$90.20
1758,Duran Duran,Rio,Pop,1993,UK,Anniversary Edition,True,Very Good,Very Good Plus,200g,"9,375",173,26.0,0.15,72.6,41.7,23.0,2113,92.0%,Yes,Auction,2023,62.11,$77.08
1759,Dolly Parton,Coat of Many Colors,Country,1973,Netherlands,Standard Reissue,0,Mint,Good Plus,180g,"21,201",253,,1.158,61.8,78.3,0.0,3106,97.0%,Yes,Fixed Price,2022,63.94,$88.82
1760,Eminem,The Eminem Show,Hip-Hop,2010,Netherlands,Standard Reissue,No,Good,Good,120.0,"35,992",2364,4680.0,1.98,97.8,24.7,23.0,4613,95.2%,No,Fixed Price,2023,66.31,$54.14
1761,Nas,It Was Written,Hip-Hop,2011,AUSTRALIA,Standard Reissue,0,Mint,Near Mint,140.0,"17,651",108,14.0,0.13,68.1,42.9,1.0,3659,93.7%,Yes,Fixed Price,2022,52.50,$78.71
1762,Pink Floyd,Animals,Rock,2006,Germany,Standard Reissue,No,Very Good,Good,120g,"9,195",464,914.0,1.97,93.2,75.5,23.0,3058,100.0%,No,Auction,2025,76.66,$91.21
1763,Frank Ocean,"Nostalgia, Ultra",R&B,2011,us,Standard Reissue,False,Mint,Very Good Plus,200g,"48,483",1200,1562.0,1.302,96.5,36.1,54.0,2044,91.1%,False,Fixed Price,2024,54.69,$90.99
1764,Tame Impala,Currents,Alternative,2019,US,Original 1st Press,No,Very Good,Very Good,120.0,"43,343",287,351.0,1.223,64.9,25.2,,1481,100.0%,False,Fixed Price,2023,70.82,$94.32
1765,Daft Punk,Random Access Memories,Electronic,1993,US,Original 1st Press,No,  Good ,Very Good,140g,"6,051",185,300.0,1.622,87.6,73.7,4.0,2875,100.0%,No,Fixed Price,2019,92.96,$97.99
1766,Sufjan Stevens,Carrie & Lowell,Folk,1965,Brazil,Standard Reissue,0,Good,Near Mint,120.0,"7,166",1694,2623.0,1.548,50.9,5.9,2.0,4685,,yes,Fixed Price,2025,40.36,$37.42
1767,Talking Heads,Fear of Music,Alternative,1994,NETHERLANDS,Standard Reissue,False,Very Good Plus,Good Plus,180.0,"45,473",2348,2466.0,1.05,75.3,20.5,9.0,2247,100.0%,False,Fixed Price,2018,46.06,$48.01
1768,Snoop Dogg,Doggystyle,Hip-Hop,2019,uk,Anniversary Edition,Yes,Mint,Very Good Plus,200g,"37,316",408,218.0,0.534,76.9,32.1,59.0,3758,92.1%,0,Fixed Price,2019,50.37,$80.37
1769,Marvin Gaye,Let's Get It On,Soul,1983,Germany,Original 1st Press,0,Very Good Plus,Mint,140g,"18,810",213,138.0,0.648,92.4,72.2,2.0,1310,97.1%,no,Fixed Price,2017,80.87,$112.18
1770,Emmylou Harris,Wrecking Ball,Country,2012,Japan,Promo Copy,0,  Very Good Plus ,Very Good Plus,140g,"41,269",308,331.0,1.075,25.1,44.2,42.0,198,99.6%,No,Auction,2017,45.76,$50.28
1771,Steely Dan,Aja,Rock,2019,UK,Original 1st Press,No,Good,Near Mint,180.0,"19,835",869,917.0,1.055,77.4,59.1,29.0,4631,,No,Fixed Price,2020,81.26,$82.33
1772,Emmylou Harris,Wrecking Ball,Country,1970,Brazil,Original 1st Press,0,Very Good Plus,Poor,180.0,"23,834",277,53.0,0.191,27.7,41.0,30.0,3283,100.0%,Yes,Fixed Price,2024,47.97,$54.49
1773,Bon Iver,"22, A Million",Folk,2020,Netherlands,Original 1st Press,False,Mint,Very Good,140.0,"39,690",621,996.0,1.604,36.0,41.2,12.0,1655,90.3%,No,Fixed Price,2020,46.75,$61.55
1774,Kendrick Lamar,"good kid, m.A.A.d city",Hip-Hop,2017,US,Standard Reissue,False,Very Good,Very Good Plus,180.0,"34,682",741,593.0,0.8,94.9,25.0,2.0,3878,99.4%,No,Fixed Price,2024,60.00,$77.65
1775,Willie Nelson,Stardust,Country,1974,Germany,Standard Reissue,No,Very Good,Good,140.0,"15,734",226,268.0,1.186,64.9,35.0,0.0,2847,94.8%,0,Fixed Price,2023,51.68,$59.87
1776,Joni Mitchell,Ladies of the Canyon,Folk,1978,Canada,Limited Colored Vinyl,True,Very Good,Mint,120g,"35,686",100,207.0,2.07,75.6,52.3,5.0,2877,97.3%,no,Fixed Price,2016,68.68,$81.17
1777,Sly and the Family Stone,Stand!,Soul,2013,UK,Anniversary Edition,1,Good Plus,Good Plus,,"34,479",164,44.0,0.268,74.4,73.3,23.0,4496,93.7%,Yes,Fixed Price,2019,70.76,$76.89
1778,Tame Impala,Lonerism,Alternative,1991,Canada,Promo Copy,0,Near Mint,Very Good,180.0,"13,550",23,55.0,2.391,62.2,35.1,13.0,485,97.6%,1,Auction,2016,66.19,$89.16
1779,David Bowie,Scary Monsters,Rock,1966,canada,Original 1st Press,False,Very Good Plus,Very Good Plus,140g,"6,566",218,98.0,0.45,88.8,26.0,60.0,3882,97.7%,No,Fixed Price,2021,71.59,$86.53
1780,Kendrick Lamar,To Pimp a Butterfly,Hip-Hop,2013,Brazil,Original 1st Press,0,Near Mint,Good,120.0,"5,365",466,983.0,2.109,95.0,14.2,5.0,1068,95.0%,Yes,Fixed Price,2019,78.56,$106.10
1781,Frank Ocean,Channel Orange,R&B,1992,US,Promo Copy,No,Mint,Very Good,180g,"10,433",219,388.0,1.772,97.5,17.4,6.0,1610,94.7%,No,Fixed Price,2020,71.17,$120.04
1782,The National,High Violet,Alternative,2008,BRAZIL,Limited Colored Vinyl,Yes,Very Good Plus,Good Plus,180g,"12,705",112,167.0,1.491,44.2,16.0,12.0,1498,95.2%,False,Fixed Price,2023,46.83,$66.65
1783,Tame Impala,Currents,Alternative,1983,Australia,Standard Reissue,No,Very Good,Very Good,200g,"23,246",538,975.0,1.812,65.6,28.7,65.0,4020,99.8%,False,Auction,2016,51.48,$71.63
1784,Arctic Monkeys,Favourite Worst Nightmare,Alternative,2006,Canada,Standard Reissue,No,Good,Poor,200g,"37,800",932,1482.0,1.59,63.7,54.9,26.0,4861,96.3%,False,Fixed Price,2019,63.53,$58.60
1785,Bob Marley,Exodus,Reggae,2000,brazil,Standard Reissue,No,Near Mint,Very Good Plus,140.0,"22,736",839,990.0,1.18,98.4,31.2,3.0,4450,100.0%,0,Fixed Price,2015,65.89,$84.68
1786,Bob Dylan,The Freewheelin' Bob Dylan,Folk,1968,Netherlands,Limited Colored Vinyl,Yes,Very Good,Good,120g,"42,407",2403,4995.0,2.079,90.4,39.4,1.0,827,97.7%,False,Fixed Price,2022,61.30,$76.37
1787,The Smiths,"Strangeways, Here We Come",Alternative,1997,Brazil,Standard Reissue,no,Near Mint,Very Good Plus,140g,"27,895",677,1571.0,2.321,49.9,34.7,2.0,4556,96.6%,Yes,Auction,2020,46.42,$75.19
1788,Bjork,Debut,Electronic,2020,us,Standard Reissue,No,Very Good Plus,Very Good,120g,"48,078",1070,2462.0,2.301,66.1,60.8,6.0,217,90.3%,no,Fixed Price,2025,54.61,$84.20
1789,Simon & Garfunkel,Bridge Over Troubled Water,Folk,1962,US,Limited Colored Vinyl,Yes,Good,Very Good,180.0,"4,310",259,606.0,2.34,64.6,46.9,14.0,3348,95.8%,False,Fixed Price,2023,60.65,$57.34
1790,Simon & Garfunkel,Sounds of Silence,Folk,1979,Australia,Anniversary Edition,Yes,Near Mint,Mint,120.0,"28,103",337,1079.0,3.202,66.6,45.0,10.0,2570,95.9%,0,Fixed Price,2024,66.21,$89.25
1791,Brian Eno,Music for Airports,Electronic,2005,France,Standard Reissue,No,Good,Very Good Plus,180g,"20,484",746,1556.0,2.086,40.3,26.3,2.0,4424,95.0%,0,Fixed Price,2025,42.80,$48.65
1792,Prince,1999,R&B,1966,France,Limited Colored Vinyl,yes,Very Good,Very Good Plus,120.0,"5,915",537,1666.0,3.102,85.4,50.5,48.0,3767,99.2%,Yes,Auction,2020,72.47,$70.61
1793,Massive Attack,Blue Lines,Electronic,2003,us,Standard Reissue,No,Very Good Plus,Very Good,180.0,"9,653",348,681.0,1.957,55.0,15.1,74.0,1625,93.3%,Yes,Fixed Price,2024,41.65,$48.52
1794,David Bowie,Scary Monsters,Rock,2013,Japan,Standard Reissue,False,  Very Good ,Near Mint,180.0,"28,121",1264,1118.0,0.884,92.3,21.4,13.0,4549,96.5%,no,Fixed Price,2024,61.67,$74.61
1795,James Taylor,Sweet Baby James,Folk,2015,GERMANY,Standard Reissue,0,Very Good Plus,Very Good Plus,180.0,"13,878",1167,1999.0,1.713,31.4,73.7,21.0,4219,100.0%,0,Fixed Price,2025,57.79,$89.10
1796,Simon & Garfunkel,Sounds of Silence,Folk,2009,netherlands,Promo Copy,No,Very Good,Mint,180.0,"48,844",542,661.0,1.22,64.0,46.4,19.0,820,90.5%,0,Fixed Price,2019,54.32,$77.87
1797,Bob Marley,Exodus,Reggae,1980,Germany,Limited Colored Vinyl,True,Very Good,Good Plus,180.0,"42,164",668,570.0,0.853,93.1,25.9,26.0,3676,90.2%,Yes,Fixed Price,2016,64.27,$77.53
1798,Bob Dylan,Nashville Skyline,Folk,2018,france,Standard Reissue,False,  Mint ,Very Good Plus,140.0,"9,491",522,280.0,0.536,86.4,31.9,9.0,4978,97.4%,No,Auction,2024,61.76,$99.04
1799,Kings of Leon,Youth and Young Manhood,Alternative,1969,us,Standard Reissue,No,Very Good Plus,Very Good,200.0,"49,329",236,97.0,0.411,66.6,81.8,11.0,3457,96.6%,True,Auction,2015,60.98,$74.90
1800,De La Soul,3 Feet High and Rising,Hip-Hop,2013,,Standard Reissue,No,Very Good,Good Plus,140.0,"44,058",924,1798.0,1.946,71.7,41.7,13.0,1403,95.0%,True,Fixed Price,2015,55.27,$66.02
1801,The Beatles,The White Album,Rock,1977,Canada,Standard Reissue,0,  Very Good Plus ,Very Good,140.0,"34,570",560,1063.0,1.898,93.0,65.8,27.0,4341,98.9%,True,Fixed Price,2019,74.40,$89.09
1802,Talking Heads,Speaking in Tongues,Alternative,2004,Australia,Original 1st Press,False,Very Good,Very Good,120g,"10,506",181,129.0,0.713,73.2,31.6,5.0,1840,,Yes,Fixed Price,2025,58.48,$75.00
1803,Eminem,The Eminem Show,Hip-Hop,1978,UK,Original 1st Press,No,Very Good,Near Mint,180.0,856,452,738.0,1.633,97.0,31.2,7.0,2596,98.0%,No,Fixed Price,2015,82.36,$118.79
1804,The Smiths,Meat Is Murder,Alternative,1972,Germany,Limited Colored Vinyl,Yes,Good,Very Good,120.0,"25,117",285,393.0,1.379,48.4,32.8,0.0,1897,99.6%,False,Fixed Price,2020,45.98,$46.71
1805,Patti Smith,Easter,Rock,1987,Japan,Limited Colored Vinyl,True,Mint,Good Plus,180g,"34,497",154,62.0,0.403,28.4,35.0,4.0,4833,100.0%,0,Fixed Price,2018,39.29,$57.96
1806,Aphex Twin,Drukqs,Electronic,2005,France,Standard Reissue,False,Mint,Mint,140.0,"1,648",1174,237.0,0.202,67.8,27.5,13.0,1239,97.6%,0,Auction,2019,56.72,$91.13
1807,Pearl Jam,Ten,Alternative,1997,Canada,Standard Reissue,0,Near Mint,Good Plus,140.0,"47,882",756,579.0,0.766,66.8,73.3,8.0,3348,95.6%,Yes,Fixed Price,2020,63.41,$89.28
1808,Bjork,Vespertine,Electronic,1999,Germany,Original 1st Press,False,Near Mint,Very Good Plus,140g,"27,170",533,594.0,1.114,70.5,21.5,42.0,1930,100.0%,Yes,Auction,2020,67.64,$88.44
1809,Duran Duran,Duran Duran,Pop,1971,Australia,Limited Colored Vinyl,1,Very Good,Mint,140g,"5,212",888,2875.0,3.238,74.7,11.7,23.0,4142,95.1%,No,Fixed Price,2015,66.22,$89.49
1810,Bob Marley,Legend,Reggae,2015,Japan,Standard Reissue,No,Good Plus,Near Mint,120g,"14,691",1408,2712.0,1.926,94.1,50.5,9.0,2434,97.5%,no,Fixed Price,2021,72.89,$79.60
1811,Beastie Boys,Ill Communication,Hip-Hop,1996,UK,Original 1st Press,False,Good,Mint,140g,"36,671",293,651.0,2.222,58.5,14.6,11.0,1246,97.1%,Yes,Fixed Price,2016,62.68,$63.57
1812,The National,High Violet,Alternative,1970,Brazil,Standard Reissue,False,Near Mint,Fair,180.0,"4,532",738,1684.0,2.282,39.7,16.9,1.0,194,100.0%,No,Fixed Price,2024,43.97,$56.01
1813,Michael Jackson,Thriller,Pop,2002,FRANCE,Standard Reissue,0,Very Good,Good Plus,200g,"16,332",232,570.0,2.457,96.4,58.1,15.0,4543,99.3%,Yes,Auction,2022,69.96,$77.39
1814,2Pac,Me Against the World,Hip-Hop,2014,US,Promo Copy,No,Very Good Plus,Near Mint,120.0,"13,026",274,463.0,1.69,92.2,32.5,10.0,3044,100.0%,No,Fixed Price,2017,70.10,$101.16
1815,Dr. Dre,The Chronic,Hip-Hop,1996,uk,Anniversary Edition,True,Near Mint,Very Good Plus,140g,"15,860",526,507.0,0.964,97.6,16.9,42.0,811,100.0%,False,Fixed Price,2025,63.65,$121.47
1816,Joni Mitchell,Court and Spark,Folk,2008,Australia,Anniversary Edition,Yes,Very Good,Good,120.0,"4,384",617,2285.0,3.703,76.9,34.0,57.0,3963,97.9%,no,Fixed Price,2025,69.17,$83.25
1817,The National,Boxer,Alternative,1991,Japan,Standard Reissue,False,Near Mint,Very Good Plus,200.0,"3,499",234,343.0,1.466,47.6,65.5,3.0,1059,98.7%,0,Fixed Price,2025,57.09,$88.47
1818,Talking Heads,Remain in Light,Alternative,1992,Netherlands,Limited Colored Vinyl,Yes,Near Mint,Fair,140g,"44,871",611,2273.0,3.72,77.9,68.9,2.0,4832,97.4%,1,Fixed Price,2021,71.36,$98.91
1819,Radiohead,The Bends,Alternative,1984,US,Anniversary Edition,Yes,Good Plus,Very Good,180g,"19,837",358,243.0,0.679,88.6,41.7,6.0,4177,100.0%,Yes,Fixed Price,2024,66.18,$74.64
1820,Arcade Fire,Funeral,Alternative,2007,,Standard Reissue,No,Poor,,140.0,"16,575",1440,247.0,0.172,54.3,64.9,4.0,3743,96.8%,yes,Fixed Price,2021,57.18,$34.54
1821,David Bowie,Diamond Dogs,Rock,1998,Netherlands,Original 1st Press,No,Fair,Near Mint,180g,"17,210",593,890.0,1.501,91.0,33.5,19.0,3890,99.2%,True,Fixed Price,2017,71.66,$74.62
1822,Funkadelic,One Nation Under a Groove,R&B,1964,Brazil,Anniversary Edition,Yes,Very Good,Near Mint,180g,"17,978",335,1059.0,3.161,41.7,53.2,103.0,4914,96.7%,No,Fixed Price,2024,65.19,$92.79
1823,Pink Floyd,Animals,Rock,2008,Japan,Original 1st Press,False,Very Good Plus,Very Good,140g,"2,836",321,513.0,1.598,88.6,72.2,1.0,4983,96.3%,Yes,Fixed Price,2024,86.38,$104.92
1824,Daft Punk,Discovery,Electronic,1996,Canada,Standard Reissue,No,Very Good Plus,Poor,180g,"46,302",1400,1107.0,0.791,84.6,72.8,15.0,451,96.6%,No,Fixed Price,2020,61.37,$69.94
1825,Vampire Weekend,Contra,Alternative,1990,UK,Anniversary Edition,True,Mint,Good Plus,120.0,"27,055",360,215.0,0.597,70.1,30.4,1.0,2109,100.0%,0,Fixed Price,2016,49.67,$85.14
1826,Prince,Lovesexy,R&B,1972,uk,Limited Colored Vinyl,Yes,Very Good Plus,Near Mint,140.0,"24,748",396,656.0,1.657,85.6,15.0,33.0,2683,98.2%,True,Fixed Price,2017,58.91,$83.75
1827,N.W.A,Straight Outta Compton,Hip-Hop,1995,US,Anniversary Edition,Yes,Good Plus,Good,140g,"1,773",1253,2956.0,2.359,57.6,43.6,1.0,323,96.2%,Yes,Auction,2025,58.32,$69.21
1828,Neil Young,Harvest Moon,Folk,1960,US,Standard Reissue,No,  Near Mint ,Very Good,140g,"10,331",511,339.0,0.663,58.9,71.0,86.0,156,100.0%,Yes,Fixed Price,2015,60.29,$68.39
1829,Nirvana,Bleach,Alternative,1989,Australia,Anniversary Edition,True,  Very Good Plus ,Very Good Plus,140g,"35,048",818,3060.0,3.741,98.3,54.8,9.0,515,94.0%,False,Fixed Price,2020,72.82,$106.53
1830,Beastie Boys,Paul's Boutique,Hip-Hop,2016,canada,Original 1st Press,No,Fair,Very Good Plus,200g,"7,217",151,270.0,1.788,59.2,2.5,18.0,2459,99.1%,Yes,Fixed Price,2022,64.23,$53.55
1831,Joni Mitchell,Hejira,Folk,1961,,Standard Reissue,no,Very Good,Very Good,140g,"44,636",362,,1.365,74.2,54.2,39.0,1840,95.6%,no,Fixed Price,2023,49.79,$62.56
1832,The Beatles,Revolver,Rock,1962,Canada,Standard Reissue,0,Good,Very Good Plus,,"31,333",223,375.0,1.682,92.6,11.7,9.0,4280,95.6%,False,Fixed Price,2016,53.91,$60.74
1833,Simon & Garfunkel,Bridge Over Troubled Water,Folk,1998,Australia,Standard Reissue,no,Very Good,Very Good,120.0,"36,141",1072,1097.0,1.023,66.5,51.9,16.0,696,97.0%,True,Fixed Price,2020,58.85,$70.76
1834,Eminem,The Marshall Mathers LP,Hip-Hop,1991,Germany,Original 1st Press,False,Near Mint,Near Mint,120.0,"31,837",588,461.0,0.784,97.0,10.0,0.0,4793,100.0%,yes,Fixed Price,2020,66.20,$89.43
1835,Funkadelic,One Nation Under a Groove,R&B,2017,Netherlands,Original 1st Press,No,Very Good,Mint,180.0,"21,906",255,617.0,2.42,38.2,52.3,5.0,3487,92.1%,No,Fixed Price,2018,62.82,$86.20
1836,AC/DC,Highway to Hell,Rock,1974,,Promo Copy,0,Mint,,120.0,"19,322",265,560.0,2.113,91.0,18.5,54.0,154,93.7%,no,Auction,2021,69.66,$133.39
1837,Norah Jones,Little Broken Hearts,Jazz,2018,Australia,Original 1st Press,No,Mint,Very Good,140.0,"12,708",116,212.0,1.828,61.7,27.3,0.0,3853,92.9%,0,Auction,2021,60.40,$86.14
1838,Joni Mitchell,Ladies of the Canyon,Folk,1969,Japan,Limited Colored Vinyl,1,Very Good Plus,Near Mint,120g,"44,065",211,197.0,0.934,78.3,50.3,9.0,4410,96.9%,No,Fixed Price,2021,71.12,$98.25
1839,Arctic Monkeys,Favourite Worst Nightmare,Alternative,1995,Germany,Original 1st Press,False,Good,Very Good,200g,"44,154",353,482.0,1.365,63.1,62.4,,2426,100.0%,No,Fixed Price,2024,71.31,$67.82
1840,Marvin Gaye,Let's Get It On,Soul,1990,Japan,Standard Reissue,No,Mint,Mint,120.0,"29,082",492,770.0,1.565,93.9,77.5,19.0,692,98.1%,Yes,Fixed Price,2017,72.46,$99.69
1841,Alice in Chains,Dirt,Alternative,1986,,Standard Reissue,No,Near Mint,Good,180.0,"38,656",1464,1458.0,0.996,64.1,49.7,4.0,1362,91.6%,No,Auction,2022,61.43,$88.68
1842,R.E.M.,Green,Alternative,2006,France,Standard Reissue,No,Good Plus,Good,,"15,206",779,1213.0,1.557,64.6,72.5,7.0,1688,95.9%,False,Fixed Price,2017,60.93,$68.19
1843,Stevie Wonder,Songs in the Key of Life,Soul,1991,UK,Limited Colored Vinyl,yes,Very Good Plus,Good,180g,"21,379",815,1496.0,1.836,86.6,24.0,1.0,1865,93.2%,No,Auction,2020,68.29,$83.01
1844,Radiohead,Kid A,Alternative,1960,australia,Standard Reissue,False,Near Mint,Good Plus,180g,"29,305",122,115.0,0.943,76.3,30.1,49.0,3930,100.0%,No,Fixed Price,2018,48.38,$81.99
1845,Sly and the Family Stone,There's a Riot Goin' On,Soul,2010,Brazil,Standard Reissue,No,Very Good Plus,Near Mint,120.0,"20,023",680,1687.0,2.481,77.0,26.3,14.0,2639,,True,Fixed Price,2021,61.79,$83.45
1846,Duran Duran,Rio,Pop,2010,Germany,Original 1st Press,No,Very Good Plus,Good Plus,120.0,"34,227",325,804.0,2.474,77.6,46.1,27.0,4538,98.1%,False,Fixed Price,2021,67.71,$72.22
1847,AC/DC,Powerage,Rock,1989,US,Standard Reissue,No,Good,Very Good Plus,140.0,"46,211",682,1650.0,2.419,91.7,39.7,18.0,92,98.4%,Yes,Fixed Price,2022,62.52,$61.96
1848,Interpol,Turn on the Bright Lights,Alternative,1982,US,Test Pressing,True,Very Good Plus,Very Good Plus,120g,"28,220",176,58.0,0.33,23.0,39.5,0.0,4820,97.4%,No,Fixed Price,2016,57.04,$57.70
1849,Kendrick Lamar,To Pimp a Butterfly,Hip-Hop,1960,uk,Standard Reissue,no,  Poor ,Mint,120g,"10,761",576,1225.0,2.127,91.9,14.6,50.0,220,97.9%,yes,Fixed Price,2015,59.80,$49.29
1850,Neil Young,On the Beach,Folk,1962,NETHERLANDS,Limited Colored Vinyl,yes,Mint,Very Good Plus,120g,"44,177",158,272.0,1.722,58.2,49.7,22.0,4444,90.8%,False,Fixed Price,2024,54.20,$83.80
1851,Metallica,...And Justice for All,Rock,2008,Japan,Standard Reissue,No,Near Mint,Near Mint,120g,"1,453",282,391.0,1.387,96.9,63.2,21.0,4256,95.7%,No,Auction,2021,77.06,$121.31
1852,Black Sabbath,Black Sabbath,Rock,2017,Brazil,Standard Reissue,no,Mint,Very Good Plus,140g,"44,848",181,144.0,0.796,67.2,21.8,24.0,2059,99.9%,Yes,Fixed Price,2018,40.36,$61.40
1853,My Bloody Valentine,Isn't Anything,Alternative,1981,JAPAN,Original 1st Press,False,Good,Near Mint,120.0,"30,014",366,642.0,1.754,33.1,68.3,5.0,1935,100.0%,no,Fixed Price,2021,66.99,$65.93
1854,Bob Dylan,Nashville Skyline,Folk,2010,Netherlands,Anniversary Edition,Yes,Very Good Plus,Good Plus,120g,"25,573",333,852.0,2.559,90.9,31.1,8.0,1029,95.4%,Yes,Auction,2023,66.00,$90.85
1855,Bob Marley,Uprising,Reggae,2006,Australia,Standard Reissue,0,Good Plus,Good Plus,200.0,"36,279",1019,1230.0,1.207,91.1,42.7,4.0,2745,94.2%,Yes,Fixed Price,2022,62.29,$69.58
1856,New Order,"Power, Corruption and Lies",Electronic,1977,US,Standard Reissue,No,Near Mint,Very Good Plus,200.0,"23,908",532,491.0,0.923,66.0,9.4,8.0,730,92.8%,No,Auction,2018,43.31,$70.91
1857,R.E.M.,Automatic for the People,Alternative,1971,BRAZIL,Standard Reissue,No,Very Good,Very Good,140g,"33,111",948,1845.0,1.946,62.7,68.6,2.0,45,100.0%,yes,Fixed Price,2025,66.96,$77.98
1858,Prince,Dirty Mind,R&B,1983,US,Standard Reissue,No,Very Good,Very Good Plus,180.0,"12,639",433,1063.0,2.455,91.1,46.7,23.0,1470,100.0%,No,Fixed Price,2020,70.73,$88.79
1859,Paul Simon,Graceland,Folk,2017,CANADA,Anniversary Edition,Yes,Very Good Plus,Very Good Plus,140.0,"48,743",483,1665.0,3.447,74.0,13.9,0.0,1246,98.6%,False,Auction,2022,50.51,$58.18
1860,The Clash,Combat Rock,Rock,1983,canada,Standard Reissue,False,Near Mint,,180g,"46,577",1197,409.0,0.342,71.3,37.6,17.0,2186,,0,Auction,2015,48.73,$67.47
1861,Tom Petty,Wildflowers,Rock,1962,GERMANY,Standard Reissue,False,Near Mint,Very Good,200.0,"46,276",695,1431.0,2.059,22.1,78.0,15.0,203,98.4%,0,Auction,2018,46.82,$66.59
1862,Neil Young,Harvest Moon,Folk,2002,canada,Anniversary Edition,Yes,Mint,Near Mint,120g,"24,534",423,1040.0,2.459,62.6,72.5,47.0,3581,93.1%,Yes,Fixed Price,2016,65.11,$95.85
1863,The Strokes,Room on Fire,Alternative,2018,Netherlands,Limited Colored Vinyl,Yes,Mint,Very Good,200g,"30,863",189,626.0,3.312,66.3,17.1,22.0,3249,92.1%,False,Fixed Price,2021,54.46,$82.69
1864,John Coltrane,Giant Steps,Jazz,1965,Canada,Limited Colored Vinyl,True,Very Good,Very Good Plus,180g,"37,407",619,581.0,0.939,74.9,72.8,3.0,1555,95.8%,False,Fixed Price,2015,66.73,$68.79
1865,Massive Attack,Mezzanine,Electronic,1974,GERMANY,Standard Reissue,No,Very Good Plus,Very Good,180g,"43,743",1615,,2.391,57.5,63.6,40.0,3715,98.4%,Yes,Auction,2017,52.13,$64.87
1866,Michael Jackson,Thriller,Pop,2009,NETHERLANDS,Standard Reissue,no,Good Plus,Good,,"10,593",1427,3345.0,2.344,98.4,65.4,26.0,2653,,No,Auction,2018,81.21,$85.17
1867,Joy Division,Unknown Pleasures,Alternative,1995,Japan,Limited Colored Vinyl,Yes,Near Mint,Good Plus,140.0,"31,304",467,1514.0,3.242,45.1,64.4,29.0,2707,95.9%,Yes,Fixed Price,2021,65.49,$69.24
1868,De La Soul,De La Soul Is Dead,Hip-Hop,1983,UK,Standard Reissue,No,Very Good,Good Plus,180g,"4,128",623,495.0,0.795,74.6,44.9,1.0,266,94.3%,False,Fixed Price,2022,61.91,$72.17
1869,Pearl Jam,Vitalogy,Alternative,2012,Germany,Standard Reissue,No,Good Plus,Good Plus,140.0,"22,458",3323,7177.0,2.16,59.9,8.1,11.0,3304,97.9%,False,Fixed Price,2019,40.37,$41.02
1870,Metallica,Master of Puppets,Rock,1981,Canada,Standard Reissue,No,Mint,Very Good,200.0,"8,582",954,2217.0,2.324,91.0,73.0,35.0,3382,98.2%,False,Fixed Price,2020,79.00,$126.69
1871,New Order,Low Life,Electronic,1963,France,Anniversary Edition,True,Near Mint,Very Good Plus,180g,"42,405",406,1024.0,2.522,64.3,54.0,13.0,1029,99.2%,No,Auction,2015,62.30,$81.61
1872,R.E.M.,Murmur,Alternative,2019,Netherlands,Original 1st Press,0,Near Mint,Good,,"9,083",656,285.0,0.434,59.7,43.7,16.0,3112,95.4%,Yes,Fixed Price,2025,63.33,$82.17
1873,Stevie Wonder,Innervisions,Soul,1973,japan,Standard Reissue,False,Very Good,,200g,"4,899",924,1603.0,1.735,87.9,40.2,21.0,4959,,No,Auction,2021,64.90,$70.93
1874,Dolly Parton,Jolene,Country,1979,Netherlands,Standard Reissue,0,Good,Very Good Plus,120g,"23,026",26,51.0,1.962,65.3,40.0,4.0,4509,97.6%,No,Fixed Price,2021,56.46,$54.24
1875,Pearl Jam,Ten,Alternative,2004,Brazil,Standard Reissue,No,Good Plus,Near Mint,120g,"41,298",742,880.0,1.186,68.9,70.7,35.0,3994,,No,Fixed Price,2018,56.43,$64.96
1876,Black Uhuru,Red,Reggae,1967,Germany,Original 1st Press,No,Very Good Plus,Near Mint,120g,"34,863",232,203.0,0.875,26.7,37.5,1.0,137,97.6%,True,Auction,2017,51.83,$67.91
1877,Interpol,Antics,Alternative,1973,France,Promo Copy,No,Very Good,,180.0,"14,563",681,537.0,0.789,22.6,2.7,0.0,3729,92.6%,no,Auction,2022,32.92,$39.17
1878,Aphex Twin,Selected Ambient Works 85-92,Electronic,2022,Germany,Standard Reissue,No,Very Good Plus,Good,120g,"2,879",1398,1899.0,1.358,63.9,3.2,14.0,1954,98.6%,0,Fixed Price,2023,42.62,$45.41
1879,Bob Dylan,The Freewheelin' Bob Dylan,Folk,1975,Australia,Original 1st Press,No,Very Good Plus,Very Good,180.0,"4,230",158,283.0,1.791,90.1,36.6,42.0,838,99.4%,yes,Fixed Price,2020,70.54,$90.60
1880,Anita Baker,Rapture,Soul,2016,Germany,Standard Reissue,No,Very Good,Very Good Plus,120.0,"27,107",711,1311.0,1.844,21.8,49.0,10.0,4752,99.5%,Yes,Fixed Price,2023,44.80,$55.57
1881,Alice in Chains,Facelift,Alternative,1998,FRANCE,Limited Colored Vinyl,yes,Very Good,Near Mint,120g,"6,966",572,650.0,1.136,61.5,39.9,27.0,4470,97.6%,False,Auction,2020,58.76,$92.18
1882,Prince,Dirty Mind,R&B,1993,NETHERLANDS,Anniversary Edition,True,Mint,Poor,,"4,842",710,1847.0,2.601,88.8,49.9,1.0,3459,98.7%,Yes,Fixed Price,2017,69.48,$87.89
1883,U2,The Joshua Tree,Rock,1982,Brazil,Standard Reissue,No,Poor,Very Good Plus,180.0,"6,825",212,35.0,0.165,77.0,48.1,11.0,4632,100.0%,No,Fixed Price,2017,65.68,$50.67
1884,Black Sabbath,Master of Reality,Rock,2006,Japan,Standard Reissue,No,Good Plus,Very Good Plus,200.0,"25,243",354,589.0,1.664,70.0,15.6,1.0,3030,91.6%,Yes,Auction,2017,42.97,$43.22
1885,The Rolling Stones,Emotional Rescue,Rock,2003,australia,Standard Reissue,0,Good Plus,Very Good,120g,"39,308",1632,2860.0,1.752,94.0,33.1,22.0,3255,96.3%,Yes,Fixed Price,2017,64.37,$80.35
1886,The Strokes,Room on Fire,Alternative,1967,Brazil,Standard Reissue,no,Good Plus,Very Good,180g,"46,517",314,220.0,0.701,66.3,20.7,1.0,369,100.0%,0,Fixed Price,2021,41.07,$45.49
1887,Joni Mitchell,Hissing of Summer Lawns,Folk,1992,Germany,Standard Reissue,0,Good Plus,Good,140.0,"37,009",472,787.0,1.667,77.9,43.3,47.0,637,100.0%,0,Fixed Price,2016,60.58,$68.03
1888,Funkadelic,Free Your Mind,R&B,1971,Brazil,Standard Reissue,False,Near Mint,Very Good Plus,200.0,"4,617",931,325.0,0.349,41.2,61.9,3.0,1627,95.7%,Yes,Auction,2025,55.89,$90.50
1889,Black Sabbath,Paranoid,Rock,1964,Netherlands,Original 1st Press,No,Very Good Plus,Very Good Plus,180g,"4,952",78,,0.333,71.1,82.0,0.0,151,97.3%,yes,Fixed Price,2020,78.67,$111.17
1890,Radiohead,In Rainbows,Alternative,2010,,Limited Colored Vinyl,Yes,Poor,Very Good Plus,140.0,"31,462",430,1042.0,2.423,85.9,17.5,0.0,3983,98.9%,False,Fixed Price,2021,65.22,$55.75
1891,Nirvana,Bleach,Alternative,1998,Japan,Limited Colored Vinyl,Yes,Mint,Good,,"25,097",152,205.0,1.349,92.4,56.8,25.0,1508,96.8%,No,Fixed Price,2016,79.24,$120.25
1892,Parliament,Mothership Connection,R&B,2001,us,Standard Reissue,False,Near Mint,,200g,"34,108",444,222.0,0.5,44.4,74.8,35.0,216,98.3%,No,Fixed Price,2018,53.89,$89.99
1893,Jimi Hendrix,Electric Ladyland,Rock,1970,France,Test Pressing,Yes,Near Mint,Very Good Plus,180.0,"4,209",48,65.0,1.354,71.8,15.1,69.0,4395,93.1%,No,Fixed Price,2016,75.26,$107.47
1894,Beastie Boys,Paul's Boutique,Hip-Hop,1960,France,Promo Copy,no,  Near Mint ,,180.0,"32,882",362,279.0,0.771,57.3,14.9,0.0,3396,94.6%,No,Fixed Price,2024,47.29,$66.79
1895,Tame Impala,Lonerism,Alternative,1966,Canada,Anniversary Edition,Yes,Fair,Near Mint,200g,"33,909",1720,6434.0,3.741,61.2,33.7,5.0,1845,98.0%,False,Fixed Price,2023,61.05,$51.39
1896,David Bowie,Let's Dance,Pop,1981,France,Test Pressing,True,Near Mint,Fair,140.0,"33,245",278,635.0,2.284,95.1,33.8,11.0,407,99.1%,No,Auction,2022,87.55,$118.51
1897,The Cure,Disintegration,Alternative,1986,japan,Limited Colored Vinyl,Yes,Fair,Near Mint,120g,"27,758",1001,2551.0,2.548,34.8,67.9,2.0,1643,97.4%,0,Fixed Price,2018,57.94,$62.54
1898,Portishead,Portishead,Electronic,1961,AUSTRALIA,Test Pressing,yes,Very Good Plus,Good Plus,140g,"41,948",170,340.0,2.0,85.1,54.7,10.0,581,94.0%,False,Auction,2022,90.37,$105.81
1899,Nirvana,In Utero,Alternative,1979,Canada,Standard Reissue,No,Very Good,,140g,"16,524",1329,1891.0,1.423,92.3,52.6,12.0,4215,99.1%,False,Fixed Price,2018,74.87,$71.03
1900,Black Uhuru,Sinsemilla,Reggae,1980,australia,Standard Reissue,no,Near Mint,Very Good,140.0,"48,296",708,1698.0,2.398,25.2,54.9,9.0,3810,89.2%,Yes,Fixed Price,2016,43.48,$57.71
1901,Tame Impala,Lonerism,Alternative,2018,Germany,Original 1st Press,0,Good Plus,Very Good Plus,140g,"1,318",729,1285.0,1.763,60.1,42.0,0.0,1732,94.4%,No,Fixed Price,2023,70.44,$74.34
1902,Marvin Gaye,What's Going On,Soul,1978,UK,Anniversary Edition,True,Near Mint,Good Plus,140g,"33,747",255,79.0,0.31,93.8,24.8,4.0,2064,96.5%,Yes,Auction,2020,57.69,$74.19
1903,Funkadelic,Cosmic Slop,R&B,1993,UK,Standard Reissue,0,Near Mint,Good Plus,120g,"25,628",307,156.0,0.508,45.4,22.5,,1434,,Yes,Fixed Price,2021,39.12,$55.22
1904,Radiohead,The Bends,Alternative,1988,AUSTRALIA,Original 1st Press,No,Very Good Plus,Fair,120g,"6,088",435,349.0,0.802,92.2,47.8,20.0,4992,95.6%,No,Fixed Price,2019,81.41,$114.05
1905,Metallica,...And Justice for All,Rock,1977,Brazil,Original 1st Press,no,Good Plus,Very Good,120g,"19,417",269,614.0,2.283,97.9,59.4,0.0,1943,100.0%,0,Fixed Price,2016,87.30,$104.14
1906,Sly and the Family Stone,There's a Riot Goin' On,Soul,1972,netherlands,Standard Reissue,False,Good,Very Good Plus,140g,"26,388",1680,2512.0,1.495,72.1,32.9,78.0,3645,94.0%,No,Fixed Price,2019,60.41,$63.70
1907,U2,The Joshua Tree,Rock,1995,netherlands,Standard Reissue,0,Near Mint,Mint,140.0,"9,279",402,609.0,1.515,75.5,52.0,82.0,4950,94.4%,No,Auction,2021,62.80,$76.33
1908,The Notorious B.I.G.,Life After Death,Hip-Hop,1975,australia,Anniversary Edition,Yes,Very Good Plus,Very Good Plus,180.0,"31,926",401,64.0,0.16,97.8,69.6,14.0,1004,98.7%,No,Auction,2017,69.71,$93.96
1909,U2,The Joshua Tree,Rock,1968,Netherlands,Anniversary Edition,Yes,Very Good Plus,Very Good Plus,120.0,"23,818",534,295.0,0.552,79.9,50.6,24.0,3943,100.0%,No,Fixed Price,2022,63.84,$103.05
1910,The Beach Boys,Wild Honey,Pop,1968,Australia,Promo Copy,No,Very Good,Very Good Plus,120.0,"36,863",554,922.0,1.664,80.8,28.2,30.0,3479,92.8%,1,Fixed Price,2023,68.31,$88.62
1911,The Modern Lovers,The Modern Lovers,Rock,1991,Canada,Standard Reissue,False,Near Mint,,140.0,"31,287",1747,2248.0,1.287,21.2,15.3,32.0,1360,97.3%,No,Fixed Price,2025,27.52,$43.63
1912,R.E.M.,Murmur,Alternative,2005,US,Original 1st Press,No,Good Plus,Mint,120g,"41,165",445,446.0,1.002,61.2,54.5,30.0,1573,99.6%,no,Auction,2019,69.47,$83.24
1913,David Bowie,Scary Monsters,Rock,1982,Germany,Standard Reissue,No,Very Good,Mint,120.0,"17,433",741,815.0,1.1,88.7,26.9,5.0,208,96.3%,False,Fixed Price,2021,58.98,$73.00
1914,Outkast,Stankonia,Hip-Hop,1991,us,Anniversary Edition,Yes,Good Plus,Near Mint,180g,"15,465",398,1448.0,3.638,65.3,7.3,4.0,701,97.2%,Yes,Fixed Price,2020,54.20,$54.44
1915,Metallica,Ride the Lightning,Rock,2005,Australia,Standard Reissue,No,Very Good,Very Good,180g,"20,031",1097,1842.0,1.679,95.8,19.6,8.0,4218,98.0%,No,Fixed Price,2021,65.18,$89.01
1916,Television,Marquee Moon,Rock,2013,Netherlands,Standard Reissue,No,Good,Very Good Plus,120g,"26,530",583,295.0,0.506,25.2,25.2,11.0,2478,99.3%,Yes,Auction,2017,29.47,$24.77
1917,Michael Jackson,Dangerous,Pop,2022,Japan,Anniversary Edition,1,Poor,Near Mint,120.0,"42,131",253,514.0,2.032,88.6,31.9,7.0,387,97.6%,No,Fixed Price,2022,59.75,$57.64
1918,Brian Eno,Another Green World,Electronic,1965,UK,Standard Reissue,No,Very Good,Near Mint,120g,"18,148",248,174.0,0.702,42.6,19.1,1.0,3013,97.1%,no,Auction,2016,37.87,$45.49
1919,Public Enemy,Fear of a Black Planet,Hip-Hop,2022,,Original 1st Press,No,Very Good Plus,Near Mint,140g,"40,406",216,425.0,1.968,79.7,18.2,26.0,545,97.7%,True,Auction,2024,64.29,$90.82
1920,Dave Brubeck,Time Out,Jazz,1976,us,Standard Reissue,False,Near Mint,Good Plus,120.0,"7,668",1293,1694.0,1.31,31.7,33.1,10.0,4267,92.5%,No,Fixed Price,2017,45.92,$62.87
1921,Interpol,Turn on the Bright Lights,Alternative,1986,us,Limited Colored Vinyl,Yes,  Very Good ,Very Good Plus,180.0,"3,333",346,1241.0,3.587,24.1,42.2,2.0,3955,94.1%,True,Auction,2017,52.13,$77.01
1922,Nirvana,Nevermind,Alternative,2009,AUSTRALIA,Limited Colored Vinyl,True,Very Good Plus,Very Good Plus,180.0,"21,219",544,1508.0,2.772,101.1,33.1,53.0,2663,91.9%,No,Fixed Price,2016,68.35,$95.22
1923,Frank Ocean,Channel Orange,R&B,1995,US,Anniversary Edition,True,Very Good Plus,Very Good Plus,120.0,"23,455",384,1026.0,2.672,97.3,16.6,11.0,2182,98.0%,Yes,Fixed Price,2020,59.12,$74.88
1924,Duran Duran,Rio,Pop,2020,US,Standard Reissue,0,Very Good,Very Good Plus,120.0,"38,802",407,711.0,1.747,79.8,51.7,37.0,102,97.4%,0,Fixed Price,2022,63.81,$70.41
1925,Daft Punk,Homework,Electronic,1999,Japan,Original 1st Press,0,Mint,Very Good Plus,140g,"2,866",408,664.0,1.627,89.0,41.8,4.0,2542,94.0%,No,Fixed Price,2019,79.57,$115.68
1926,John Coltrane,A Love Supreme,Jazz,1991,France,Original 1st Press,False,Very Good Plus,Poor,180.0,"43,048",100,93.0,0.93,76.4,65.6,15.0,4291,89.7%,1,Auction,2023,80.99,$96.95
1927,Stevie Wonder,Music of My Mind,Soul,2006,Netherlands,Anniversary Edition,Yes,Near Mint,Very Good,140g,"45,577",155,324.0,2.09,85.9,39.7,4.0,588,93.4%,True,Fixed Price,2021,60.81,$80.01
1928,Peter Gabriel,So,Pop,2009,Australia,Standard Reissue,False,Good Plus,Good Plus,140g,"6,184",332,350.0,1.054,59.8,50.3,46.0,3536,98.2%,Yes,Fixed Price,2020,63.68,$65.06
1929,Fleetwood Mac,Rumours,Rock,1982,France,Original 1st Press,False,Very Good,Good Plus,180.0,"43,155",114,256.0,2.246,91.4,11.1,1.0,4566,94.0%,No,Fixed Price,2015,65.28,$81.21
1930,Burning Spear,Marcus Garvey,Reggae,1976,US,Promo Copy,No,Good Plus,Poor,140.0,"4,906",119,135.0,1.134,25.2,38.0,8.0,2971,,1,Fixed Price,2021,46.87,$41.82
1931,The Rolling Stones,Let It Bleed,Rock,1979,UK,Standard Reissue,No,Very Good,Fair,140.0,"26,978",786,724.0,0.921,97.0,22.7,36.0,4422,91.7%,No,Fixed Price,2022,60.32,$71.10
1932,Simon & Garfunkel,Bridge Over Troubled Water,Folk,1977,Netherlands,Standard Reissue,No,Good Plus,Mint,200g,"43,223",1619,639.0,0.395,71.5,43.9,31.0,3758,95.3%,No,Fixed Price,2016,48.68,$67.11
1933,The Rolling Stones,Made in the Shade,Rock,1972,France,Standard Reissue,0,Very Good Plus,Near Mint,120.0,"46,807",671,252.0,0.376,92.4,16.6,19.0,4366,91.2%,1,Fixed Price,2019,54.70,$72.04
1934,Marvin Gaye,"Here, My Dear",Soul,1977,JAPAN,Limited Colored Vinyl,True,Poor,Mint,180.0,"26,092",238,308.0,1.294,92.4,32.1,1.0,3470,93.3%,True,Fixed Price,2016,77.86,$67.64
1935,Tom Petty,Wildflowers,Rock,1961,US,Anniversary Edition,Yes,Very Good,Near Mint,180.0,"19,892",534,1577.0,2.953,27.9,75.4,7.0,3765,95.0%,False,Fixed Price,2021,59.19,$69.67
1936,The Cure,Wish,Alternative,1975,Netherlands,Original 1st Press,0,Very Good,Mint,180.0,"11,140",405,819.0,2.022,38.6,42.0,5.0,917,97.2%,Yes,Fixed Price,2025,55.17,$54.63
1937,Tame Impala,Lonerism,Alternative,1965,CANADA,Anniversary Edition,1,Mint,Near Mint,120.0,"42,391",379,1377.0,3.633,64.2,25.1,53.0,426,96.7%,no,Fixed Price,2022,52.80,$66.40
1938,Sufjan Stevens,Illinois,Folk,1975,Brazil,Standard Reissue,0,Mint,Very Good,120g,"41,590",1300,,1.845,57.7,45.0,10.0,2513,98.2%,0,Fixed Price,2018,51.81,$64.26
1939,The Beach Boys,Pet Sounds,Pop,1996,Japan,Anniversary Edition,True,Near Mint,Very Good,200.0,"30,461",809,140.0,0.173,83.4,35.2,12.0,4068,99.4%,0,Fixed Price,2021,55.31,$86.76
1940,Red Hot Chili Peppers,Stadium Arcadium,Alternative,2015,uk,Original 1st Press,No,Good Plus,Very Good Plus,120g,"6,871",470,1026.0,2.183,65.7,37.1,52.0,2715,94.6%,No,Auction,2015,72.74,$115.81
1941,The Rolling Stones,Made in the Shade,Rock,1995,japan,Standard Reissue,No,Good Plus,Near Mint,120g,"29,150",894,2199.0,2.46,96.9,13.8,30.0,4815,100.0%,No,Fixed Price,2025,61.31,$70.63
1942,The Cure,Disintegration,Alternative,1960,AUSTRALIA,Promo Copy,no,Very Good Plus,Good,200.0,"38,278",108,94.0,0.87,38.1,69.6,4.0,4290,98.0%,True,Fixed Price,2020,67.21,$85.60
1943,R.E.M.,Murmur,Alternative,2002,Germany,Standard Reissue,No,Good Plus,Very Good,120g,"7,623",1216,2543.0,2.091,63.2,48.0,0.0,111,96.0%,yes,Fixed Price,2019,64.08,$61.79
1944,The White Stripes,Elephant,Alternative,1984,BRAZIL,Standard Reissue,No,Very Good Plus,Very Good Plus,140.0,"2,709",1630,3821.0,2.344,69.2,49.5,7.0,2432,91.8%,1,Auction,2016,65.22,$71.53
1945,The Rolling Stones,Let It Bleed,Rock,2008,Australia,Original 1st Press,False,Very Good,Good Plus,120g,"32,598",257,311.0,1.21,98.6,15.1,38.0,245,100.0%,0,Fixed Price,2023,69.44,$83.95
1946,The Smiths,Meat Is Murder,Alternative,2002,brazil,Standard Reissue,False,  Near Mint ,Very Good,120.0,"8,652",496,1058.0,2.133,51.1,34.4,14.0,4165,98.4%,No,Auction,2023,45.11,$67.67
1947,U2,The Joshua Tree,Rock,1965,UK,Standard Reissue,No,Good Plus,Very Good Plus,140g,"41,392",502,280.0,0.558,77.0,52.0,10.0,3890,92.3%,No,Fixed Price,2017,53.55,$64.84
1948,Arctic Monkeys,AM,Alternative,1989,Australia,Limited Colored Vinyl,True,Good Plus,,120.0,645,508,663.0,1.305,58.2,23.4,30.0,1811,91.7%,No,Fixed Price,2025,60.54,$65.57
1949,Michael Jackson,Bad,Pop,2010,Canada,Original 1st Press,No,Near Mint,Poor,180.0,"12,491",59,126.0,2.136,95.2,34.2,3.0,1329,91.6%,No,Fixed Price,2023,84.25,$118.10
1950,U2,Achtung Baby,Rock,1996,Germany,Anniversary Edition,Yes,Very Good,Poor,140.0,"7,486",288,1030.0,3.576,79.6,36.1,32.0,1255,95.9%,1,Fixed Price,2019,67.76,$66.11
1951,Soundgarden,Badmotorfinger,Alternative,2022,UK,Limited Colored Vinyl,Yes,Good,Mint,180.0,"16,842",371,925.0,2.493,71.2,74.0,1.0,4760,95.2%,False,Auction,2023,80.81,$93.19
1952,The National,High Violet,Alternative,1980,uk,Anniversary Edition,yes,Near Mint,Good Plus,140.0,"10,411",328,137.0,0.418,38.4,16.2,31.0,2477,100.0%,False,Fixed Price,2019,40.58,$45.02
1953,Daft Punk,Discovery,Electronic,1963,,Standard Reissue,no,Good,Poor,200g,"19,738",74,111.0,1.5,92.4,76.0,7.0,4315,95.4%,No,Fixed Price,2025,81.56,$74.08
1954,Arctic Monkeys,Favourite Worst Nightmare,Alternative,1982,US,Standard Reissue,No,Very Good,Very Good,180g,"8,691",448,804.0,1.795,53.3,56.7,8.0,3029,99.4%,False,Auction,2022,52.17,$57.80
1955,Marvin Gaye,"Here, My Dear",Soul,2012,NETHERLANDS,Original 1st Press,no,Good Plus,Good,200g,"9,116",59,122.0,2.068,95.6,32.0,28.0,2783,94.8%,Yes,Fixed Price,2020,76.04,$65.57
1956,Funkadelic,Maggot Brain,R&B,1994,FRANCE,Standard Reissue,0,Mint,Mint,120.0,"1,133",793,1101.0,1.388,45.0,56.2,7.0,2176,99.8%,0,Fixed Price,2016,56.24,$97.28
1957,D'Angelo,Brown Sugar,R&B,2006,NETHERLANDS,Original 1st Press,No,Very Good Plus,Fair,120.0,"4,475",297,388.0,1.306,76.7,66.4,21.0,2890,100.0%,False,Auction,2024,79.89,$110.66
1958,James Taylor,Sweet Baby James,Folk,1967,CANADA,Anniversary Edition,Yes,Very Good,Good Plus,180g,"42,627",544,2020.0,3.713,25.9,76.2,37.0,2226,93.5%,yes,Fixed Price,2019,60.71,$64.54
1959,D'Angelo,Black Messiah,R&B,2008,France,Test Pressing,True,Near Mint,Near Mint,140g,"28,318",67,91.0,1.358,76.4,24.9,0.0,599,95.8%,Yes,Fixed Price,2021,74.26,$105.85
1960,Eminem,The Eminem Show,Hip-Hop,1995,germany,Standard Reissue,False,Good,Very Good,120g,"43,525",202,127.0,0.629,98.2,28.2,17.0,2065,89.5%,No,Fixed Price,2015,57.16,$61.00
1961,Steely Dan,The Royal Scam,Rock,1972,UK,Standard Reissue,No,Mint,Fair,180g,"17,989",693,807.0,1.165,75.7,3.1,4.0,4178,99.7%,True,Auction,2020,42.24,$65.40
1962,R.E.M.,Reckoning,Alternative,1988,Canada,Standard Reissue,No,Near Mint,Near Mint,180.0,"18,010",800,140.0,0.175,58.7,41.7,47.0,42,93.1%,False,Fixed Price,2019,45.48,$64.09
1963,Midnight Oil,Blue Sky Mining,Rock,1972,US,Standard Reissue,No,Very Good Plus,Good Plus,140g,"32,979",176,373.0,2.119,28.7,37.3,0.0,1798,95.7%,True,Fixed Price,2019,38.72,$46.77
1964,Johnny Cash,At Folsom Prison,Country,1993,JAPAN,Limited Colored Vinyl,1,Very Good Plus,Good,180g,"30,771",368,382.0,1.038,93.8,59.7,28.0,1745,100.0%,no,Auction,2021,78.03,$105.96
1965,Joanna Newsom,Ys,Folk,1998,Japan,Limited Colored Vinyl,Yes,  Very Good ,Near Mint,180.0,"39,590",236,320.0,1.356,33.9,41.3,15.0,1861,98.8%,No,Fixed Price,2023,44.77,$47.52
1966,David Bowie,Let's Dance,Pop,1987,Japan,Standard Reissue,0,Good,Mint,120.0,"24,129",688,1240.0,1.802,85.4,32.4,46.0,311,99.2%,No,Fixed Price,2017,62.66,$66.84
1967,Carole King,Tapestry,Folk,2016,GERMANY,Standard Reissue,No,Good Plus,Good Plus,180g,"34,671",495,241.0,0.487,57.3,33.7,5.0,3694,98.2%,False,Auction,2023,47.20,$51.45
1968,Arctic Monkeys,"Whatever People Say I Am, That's What I'm Not",Alternative,1975,NETHERLANDS,Limited Colored Vinyl,1,Very Good Plus,,140.0,"28,164",258,524.0,2.031,56.3,26.6,5.0,4572,93.9%,No,Fixed Price,2019,53.18,$79.54
1969,Sufjan Stevens,Michigan,Folk,1993,Japan,Standard Reissue,0,  Very Good ,Very Good,140.0,"21,004",223,404.0,1.812,55.3,37.6,9.0,2292,97.9%,no,Auction,2022,54.46,$61.62
1970,New Order,Technique,Electronic,2006,Japan,Standard Reissue,No,Good Plus,Good Plus,140g,780,569,669.0,1.176,62.0,56.8,9.0,4050,91.5%,No,Fixed Price,2019,60.21,$64.21
1971,Kings of Leon,Youth and Young Manhood,Alternative,1976,Brazil,Original 1st Press,No,Very Good,Very Good Plus,140.0,"32,471",132,311.0,2.356,71.9,80.2,6.0,1744,,Yes,Fixed Price,2022,84.29,$110.82
1972,Nina Simone,I Put a Spell on You,Jazz,2015,canada,Standard Reissue,no,Very Good Plus,Good,140g,609,35,74.0,2.114,72.8,67.1,1.0,4808,97.1%,False,Auction,2021,72.48,$98.01
1973,Bob Marley,Catch a Fire,Reggae,1971,us,Promo Copy,False,Very Good Plus,Near Mint,140.0,"43,301",646,1051.0,1.627,93.2,56.5,11.0,3080,95.6%,0,Fixed Price,2024,80.15,$107.62
1974,Sufjan Stevens,Michigan,Folk,2016,CANADA,Limited Colored Vinyl,True,Very Good Plus,Very Good Plus,180.0,"39,559",76,32.0,0.421,53.7,39.9,33.0,487,89.8%,no,Auction,2016,48.58,$75.18
1975,Soundgarden,Superunknown,Alternative,1985,canada,Standard Reissue,No,Very Good,Fair,120g,"10,622",711,261.0,0.367,71.2,33.3,23.0,369,97.0%,No,Fixed Price,2017,49.94,$61.16
1976,Aphex Twin,Syro,Electronic,1999,Netherlands,Standard Reissue,False,Very Good Plus,Good,180g,"1,633",400,520.0,1.3,61.7,24.7,38.0,3602,97.3%,Yes,Fixed Price,2025,48.45,$74.19
1977,Funkadelic,Cosmic Slop,R&B,2013,UK,Anniversary Edition,1,Good Plus,Very Good Plus,120g,"43,859",1090,2130.0,1.954,41.6,20.6,0.0,3210,96.2%,No,Auction,2024,37.70,$50.91
1978,Prince,Lovesexy,R&B,1992,BRAZIL,Standard Reissue,no,Near Mint,Very Good,180g,"4,943",537,629.0,1.171,93.4,12.2,3.0,3740,91.9%,0,Fixed Price,2016,49.24,$75.79
1979,Jane's Addiction,Ritual de lo Habitual,Alternative,2016,France,Standard Reissue,0,Very Good Plus,,120.0,"46,232",683,1090.0,1.596,23.3,23.1,24.0,1970,91.7%,1,Fixed Price,2023,28.19,$40.50
1980,Loretta Lynn,Coal Miner's Daughter,Country,1997,Brazil,Promo Copy,0,Near Mint,Mint,140g,"40,983",57,41.0,0.719,22.3,63.2,20.0,3181,97.1%,Yes,Fixed Price,2015,52.76,$80.33
1981,The Rolling Stones,Some Girls,Rock,2004,Australia,Anniversary Edition,Yes,Near Mint,Very Good,120g,"15,906",129,289.0,2.24,89.1,48.7,12.0,4352,95.7%,No,Fixed Price,2023,62.84,$74.73
1982,Simon & Garfunkel,Bridge Over Troubled Water,Folk,2018,,Standard Reissue,0,Very Good,Poor,180.0,"38,951",477,418.0,0.876,67.0,41.6,36.0,3140,100.0%,No,Auction,2022,56.37,$64.56
1983,Kendrick Lamar,"good kid, m.A.A.d city",Hip-Hop,1970,Netherlands,Standard Reissue,No,Very Good,Good Plus,120g,"38,419",1928,4749.0,2.463,94.7,15.6,1.0,125,91.5%,1,Fixed Price,2015,63.25,$73.84
1984,Dr. Dre,The Chronic,Hip-Hop,1968,netherlands,Limited Colored Vinyl,yes,Very Good,Very Good,200.0,"24,509",592,956.0,1.615,96.1,21.9,11.0,4988,98.6%,Yes,Fixed Price,2025,72.49,$79.87
1985,Duran Duran,Duran Duran,Pop,2003,Canada,Standard Reissue,No,Fair,Poor,140.0,"26,790",628,351.0,0.559,74.0,8.6,29.0,3504,96.9%,No,Fixed Price,2017,45.03,$38.49
1986,Jane's Addiction,Ritual de lo Habitual,Alternative,2004,JAPAN,Standard Reissue,No,Good Plus,Near Mint,140.0,"48,156",1238,2306.0,1.863,24.9,21.2,4.0,3782,,No,Fixed Price,2022,29.29,$33.42
1987,Lauryn Hill,The Miseducation of Lauryn Hill,R&B,2014,Brazil,Promo Copy,No,Very Good Plus,Near Mint,140g,"47,299",262,31.0,0.118,67.0,16.4,16.0,76,96.4%,No,Fixed Price,2024,53.34,$72.85
1988,2Pac,Me Against the World,Hip-Hop,1975,Australia,Limited Colored Vinyl,Yes,Very Good Plus,Very Good Plus,120g,"9,963",95,152.0,1.6,92.8,27.6,29.0,2201,93.8%,True,Auction,2024,70.33,$106.21
1989,Prince,Sign o' the Times,R&B,2020,France,Limited Colored Vinyl,True,Good Plus,Very Good,140.0,"41,570",929,,2.048,90.1,39.3,,769,95.7%,1,Auction,2021,65.71,$68.98
1990,U2,Achtung Baby,Rock,1990,France,Limited Colored Vinyl,1,Very Good,Near Mint,140g,"13,912",227,453.0,1.996,77.3,30.9,26.0,687,96.0%,Yes,Fixed Price,2016,65.33,$71.63
1991,Funkadelic,One Nation Under a Groove,R&B,1979,JAPAN,Standard Reissue,No,Good Plus,Very Good Plus,120.0,"23,787",3377,8171.0,2.42,43.4,54.8,35.0,3742,100.0%,yes,Auction,2025,53.51,$65.25
1992,The Clash,London Calling,Rock,1996,NETHERLANDS,Limited Colored Vinyl,Yes,Very Good,Very Good Plus,180.0,"17,269",637,462.0,0.725,66.2,12.3,41.0,2376,97.4%,Yes,Fixed Price,2022,50.89,$63.70
1993,Arctic Monkeys,AM,Alternative,2014,Canada,Promo Copy,No,Very Good,Near Mint,120.0,"36,377",703,1351.0,1.922,59.8,20.6,9.0,2826,96.8%,True,Fixed Price,2022,58.98,$70.66
1994,My Bloody Valentine,Isn't Anything,Alternative,1988,Canada,Original 1st Press,False,Good Plus,Very Good Plus,200.0,"40,602",813,1055.0,1.298,30.1,73.2,16.0,1767,98.2%,no,Auction,2024,68.12,$80.08
1995,Neil Young,On the Beach,Folk,1994,FRANCE,Test Pressing,Yes,Very Good,Good,200.0,"32,451",234,823.0,3.517,62.9,45.1,22.0,3014,100.0%,Yes,Auction,2025,78.58,$80.67
1996,Aphex Twin,Selected Ambient Works 85-92,Electronic,1971,UK,Standard Reissue,no,  Very Good ,Very Good Plus,120g,"45,879",466,260.0,0.558,62.4,5.9,27.0,4327,93.4%,0,Fixed Price,2025,47.10,$55.12
1997,New Order,"Power, Corruption and Lies",Electronic,1971,,Test Pressing,Yes,Very Good,Near Mint,200g,"29,357",191,301.0,1.576,68.4,0.3,32.0,819,100.0%,True,Fixed Price,2024,67.21,$76.96
1998,R.E.M.,Green,Alternative,2022,Australia,Promo Copy,no,Mint,Good,140.0,"27,955",206,38.0,0.184,62.5,69.7,3.0,413,100.0%,Yes,Fixed Price,2025,66.77,$79.35
1999,The Clash,Sandinista!,Rock,2004,Canada,Original 1st Press,False,Very Good Plus,Very Good,120.0,"4,384",222,27.0,0.122,67.4,30.6,1.0,4251,97.1%,False,Fixed Price,2021,66.40,$71.98
2000,Vampire Weekend,Modern Vampires of the City,Alternative,1993,,Standard Reissue,0,  Very Good ,Very Good,120.0,"31,861",588,1342.0,2.282,69.2,28.5,2.0,4223,97.4%,Yes,Fixed Price,2020,60.77,$76.68
2001,Marvin Gaye,Let's Get It On,Soul,2020,France,Original 1st Press,No,Near Mint,Near Mint,200g,"35,111",127,86.0,0.677,93.1,74.2,2.0,617,97.0%,No,Fixed Price,2022,73.75,$109.44
2002,Fleetwood Mac,Fleetwood Mac,Rock,2012,UK,Anniversary Edition,yes,Near Mint,Very Good,120g,"6,746",676,1807.0,2.673,90.8,76.6,27.0,4441,98.0%,yes,Fixed Price,2019,85.87,$107.98
2003,The Beach Boys,Pet Sounds,Pop,1986,Australia,Anniversary Edition,Yes,Good,Mint,120.0,"7,100",529,360.0,0.681,78.4,30.3,50.0,869,96.3%,No,Fixed Price,2017,65.28,$67.29
2004,The Clash,Combat Rock,Rock,2006,UK,Original 1st Press,False,Very Good,Mint,180g,"8,246",654,197.0,0.301,73.0,41.7,7.0,2330,100.0%,no,Fixed Price,2016,70.34,$100.29
2005,The National,High Violet,Alternative,1976,France,Standard Reissue,No,Very Good Plus,Very Good Plus,180.0,"18,308",399,171.0,0.429,39.6,16.9,0.0,813,,No,Fixed Price,2022,37.35,$40.78
2006,Joni Mitchell,Hejira,Folk,1990,canada,Standard Reissue,False,Very Good Plus,Near Mint,120g,"25,340",2239,3060.0,1.367,82.4,46.8,7.0,1212,92.6%,No,Fixed Price,2024,57.02,$85.38
2007,AC/DC,Highway to Hell,Rock,1981,Canada,Original 1st Press,No,Mint,Mint,180.0,"8,936",377,700.0,1.857,93.3,20.9,3.0,3640,100.0%,True,Fixed Price,2024,76.80,$117.99
2008,Bob Marley,Kaya,Reggae,2019,Brazil,Standard Reissue,0,Good Plus,,120g,"32,192",446,815.0,1.827,91.7,32.8,1.0,960,97.2%,No,Fixed Price,2019,62.35,$57.23
2009,The Clash,London Calling,Rock,1997,US,Limited Colored Vinyl,Yes,Very Good,Near Mint,140g,"8,396",378,157.0,0.415,72.5,14.0,30.0,1837,95.1%,No,Auction,2016,55.56,$52.96
2010,Alice in Chains,Facelift,Alternative,2004,US,Original 1st Press,No,Near Mint,Near Mint,180g,"22,944",598,971.0,1.624,57.7,39.7,3.0,2036,96.2%,No,Auction,2017,60.10,$90.37
2011,Parliament,Mothership Connection,R&B,2019,UK,Anniversary Edition,True,Near Mint,Very Good,180g,"18,265",10,1.0,0.1,39.2,74.1,26.0,1459,93.3%,False,Fixed Price,2025,52.96,$79.30
2012,AC/DC,Powerage,Rock,2000,UK,Anniversary Edition,Yes,Very Good Plus,Good,140.0,"8,947",231,417.0,1.805,94.8,36.1,4.0,1770,95.7%,1,Fixed Price,2021,69.33,$88.75
2013,Daft Punk,Discovery,Electronic,2003,FRANCE,Anniversary Edition,True,Good,Very Good,140.0,"17,546",293,362.0,1.235,87.2,73.2,19.0,1943,93.7%,No,Fixed Price,2022,76.59,$83.17
2014,Jimi Hendrix,Are You Experienced,Rock,1998,,Original 1st Press,No,Very Good Plus,Very Good Plus,140.0,"47,663",412,518.0,1.257,73.2,39.3,15.0,2127,97.8%,Yes,Fixed Price,2023,63.24,$90.54
2015,The Rolling Stones,Sticky Fingers,Rock,1985,CANADA,Original 1st Press,No,Good Plus,Good Plus,180g,"11,288",266,129.0,0.485,93.6,68.6,4.0,275,97.8%,Yes,Fixed Price,2025,85.22,$89.18
2016,David Bowie,Station to Station,Rock,1976,JAPAN,Standard Reissue,no,Mint,Good,180.0,"16,047",887,1857.0,2.094,90.0,16.9,1.0,4209,98.2%,Yes,Fixed Price,2017,60.34,$83.93
2017,David Bowie,Scary Monsters,Rock,1995,France,Limited Colored Vinyl,True,Very Good,,140.0,"35,386",788,1538.0,1.952,93.4,19.9,1.0,4640,97.0%,Yes,Fixed Price,2022,61.64,$69.48
2018,Black Sabbath,Paranoid,Rock,2002,UK,Standard Reissue,False,Near Mint,Near Mint,180g,"24,589",251,356.0,1.418,66.1,81.0,13.0,2844,100.0%,0,Fixed Price,2017,68.63,$105.17
2019,Dr. Dre,The Chronic,Hip-Hop,2009,Canada,Standard Reissue,0,Good,Very Good Plus,140.0,"41,943",227,210.0,0.925,98.8,20.8,23.0,3236,95.6%,False,Fixed Price,2017,62.16,$61.97
2020,Wu-Tang Clan,Enter the Wu-Tang (36 Chambers),Hip-Hop,1991,UK,Limited Colored Vinyl,Yes,Good,Very Good,120g,"43,500",1168,2179.0,1.866,69.9,11.5,,2015,98.7%,No,Fixed Price,2025,50.70,$43.52
2021,Pink Floyd,The Dark Side of the Moon,Rock,2017,UK,Anniversary Edition,Yes,Very Good,Very Good Plus,140.0,"27,853",1111,202.0,0.182,90.8,14.2,20.0,3267,97.5%,No,Fixed Price,2018,47.83,$54.95
2022,Daft Punk,Discovery,Electronic,1962,Australia,Standard Reissue,No,Very Good,,140g,"12,506",2284,5588.0,2.447,84.9,74.3,35.0,1514,96.7%,1,Fixed Price,2022,82.67,$94.45
2023,Simon & Garfunkel,Bridge Over Troubled Water,Folk,1981,france,Promo Copy,False,Mint,Very Good Plus,180.0,"41,109",91,92.0,1.011,69.6,40.4,16.0,2366,99.1%,No,Fixed Price,2015,64.02,$104.79
2024,The Rolling Stones,Some Girls,Rock,1978,UK,Standard Reissue,No,Near Mint,Near Mint,120.0,"5,796",839,1779.0,2.12,98.6,47.4,57.0,363,97.6%,0,Auction,2023,69.85,$99.85
2025,Jimi Hendrix,Axis: Bold as Love,Rock,1961,AUSTRALIA,Test Pressing,True,Good Plus,Near Mint,120g,"48,828",88,211.0,2.398,72.8,52.1,1.0,3860,98.0%,No,Fixed Price,2024,81.42,$96.86
2026,Pink Floyd,The Wall,Rock,1986,Canada,Standard Reissue,False,Good Plus,Near Mint,140g,413,1391,1495.0,1.075,91.6,71.0,10.0,3496,96.2%,no,Fixed Price,2018,76.68,$93.22
2027,J Dilla,Donuts,Hip-Hop,1962,Germany,Test Pressing,True,Good,,120g,"32,202",37,105.0,2.838,47.4,53.9,16.0,3928,99.4%,0,Fixed Price,2022,79.03,$73.28
2028,The Rolling Stones,Tattoo You,Rock,1997,US,Standard Reissue,0,Near Mint,Very Good,180g,"8,467",283,163.0,0.576,93.9,37.8,14.0,839,97.3%,No,Auction,2022,67.94,$87.42
2029,Radiohead,OK Computer,Alternative,1996,Australia,Standard Reissue,No,Very Good Plus,Good Plus,120.0,"3,511",1700,4124.0,2.426,95.0,52.5,6.0,3048,98.2%,False,Fixed Price,2015,77.15,$85.11
2030,Funkadelic,Maggot Brain,R&B,1974,UK,Standard Reissue,No,Very Good Plus,Mint,120g,"28,228",325,502.0,1.545,42.1,60.1,0.0,706,98.4%,False,Fixed Price,2017,53.92,$67.60
2031,Peter Gabriel,Us,Pop,2010,Japan,Standard Reissue,No,Very Good Plus,Good Plus,200g,"20,511",1007,1751.0,1.739,66.8,63.4,32.0,798,94.5%,1,Fixed Price,2021,61.10,$69.82
2032,D'Angelo,Black Messiah,R&B,1967,netherlands,Promo Copy,No,Poor,Very Good,120g,"32,288",96,123.0,1.281,71.0,23.4,23.0,2557,92.3%,Yes,Auction,2022,58.51,$46.24
2033,Outkast,ATLiens,Hip-Hop,2002,Germany,Original 1st Press,No,Good Plus,Very Good,180g,"45,307",44,75.0,1.705,68.9,71.2,7.0,1555,98.3%,No,Fixed Price,2024,75.57,$84.35
2034,Portishead,Portishead,Electronic,2007,Brazil,Limited Colored Vinyl,Yes,Very Good,Good,200.0,545,586,1902.0,3.246,80.2,57.9,,1650,96.0%,No,Fixed Price,2025,77.11,$59.66
2035,J Dilla,Donuts,Hip-Hop,1974,germany,Standard Reissue,no,Good,Near Mint,180.0,"8,908",291,494.0,1.698,43.6,47.3,1.0,1429,93.9%,Yes,Auction,2020,48.42,$49.39
2036,Outkast,Stankonia,Hip-Hop,1978,US,Standard Reissue,No,Very Good Plus,Very Good Plus,120g,"28,357",189,170.0,0.899,70.2,0.4,7.0,2444,95.7%,No,Fixed Price,2017,38.14,$45.34
2037,Bob Dylan,Highway 61 Revisited,Folk,2021,Canada,Limited Colored Vinyl,Yes,Poor,Very Good Plus,140g,"47,157",300,836.0,2.787,92.1,52.4,4.0,3863,99.1%,yes,Fixed Price,2022,65.80,$48.27
2038,Neil Young,Comes a Time,Folk,1961,Germany,Standard Reissue,False,Very Good Plus,Very Good Plus,180g,"35,632",1291,2692.0,2.085,62.8,16.7,13.0,3542,99.1%,yes,Fixed Price,2015,39.76,$49.11
2039,Nirvana,Bleach,Alternative,2005,FRANCE,Standard Reissue,0,Near Mint,Very Good Plus,140g,"35,492",818,1690.0,2.066,99.9,52.6,15.0,3407,98.7%,0,Fixed Price,2024,66.54,$113.29
2040,Dolly Parton,Trio,Country,1999,CANADA,Limited Colored Vinyl,Yes,Very Good Plus,,120g,"4,545",616,806.0,1.308,68.1,78.3,8.0,118,97.0%,0,Fixed Price,2020,75.21,$106.53
2041,Vampire Weekend,Contra,Alternative,2008,UK,Standard Reissue,No,Mint,Mint,200g,"4,724",313,96.0,0.307,71.4,30.1,26.0,2202,100.0%,no,Fixed Price,2021,55.16,$92.10
2042,Outkast,Southernplayalisticadillacmuzik,Hip-Hop,1973,UK,Standard Reissue,No,  Mint ,Near Mint,180.0,"22,951",179,273.0,1.525,68.4,34.8,17.0,4058,95.2%,1,Fixed Price,2023,46.16,$72.07
2043,Portishead,Portishead,Electronic,1992,canada,Original 1st Press,False,Very Good,Near Mint,180.0,"5,390",241,497.0,2.062,84.8,56.2,38.0,3278,100.0%,False,Fixed Price,2023,83.86,$91.33
2044,Kendrick Lamar,"good kid, m.A.A.d city",Hip-Hop,1975,Germany,Limited Colored Vinyl,Yes,Very Good,Very Good Plus,200.0,"4,722",649,2259.0,3.481,94.6,23.3,18.0,2478,100.0%,no,Auction,2016,67.19,$84.64
2045,Soundgarden,Superunknown,Alternative,1970,Australia,Limited Colored Vinyl,1,Near Mint,Very Good,140g,"14,905",128,93.0,0.727,72.7,33.1,29.0,1255,99.5%,No,Fixed Price,2016,55.59,$66.32
2046,Erykah Badu,New Amerykah Part One,R&B,1982,Germany,Promo Copy,False,Near Mint,Very Good Plus,140g,"22,209",439,873.0,1.989,79.8,34.2,18.0,4398,,no,Fixed Price,2015,66.41,$101.61
2047,Erykah Badu,Mama's Gun,R&B,1979,Brazil,Standard Reissue,No,Very Good,Good,120.0,"35,058",178,439.0,2.466,77.8,22.7,1.0,2763,93.6%,Yes,Fixed Price,2021,55.30,$55.68
2048,Carole King,Tapestry,Folk,1976,Canada,Standard Reissue,0,Very Good Plus,Mint,120.0,"32,813",285,360.0,1.263,62.3,28.8,12.0,3439,96.4%,Yes,Fixed Price,2015,45.22,$64.89
2049,R.E.M.,Document,Alternative,2007,France,Original 1st Press,0,Very Good,Very Good Plus,180.0,"7,879",162,319.0,1.969,61.3,27.5,3.0,3530,96.3%,No,Auction,2020,67.07,$75.93
2050,Beastie Boys,Ill Communication,Hip-Hop,1978,FRANCE,Standard Reissue,No,Very Good Plus,Good Plus,120g,"4,029",1086,1531.0,1.41,53.4,18.9,45.0,1737,98.3%,0,Fixed Price,2022,51.42,$65.90
2051,David Bowie,Scary Monsters,Rock,1981,Germany,Original 1st Press,No,Very Good Plus,Good Plus,140g,"4,008",664,568.0,0.855,84.3,20.0,11.0,3012,95.9%,True,Fixed Price,2025,69.64,$84.74
2052,The Beatles,Revolver,Rock,1965,Brazil,Limited Colored Vinyl,Yes,Near Mint,Very Good Plus,120g,"41,245",263,878.0,3.338,93.8,12.8,4.0,4628,95.7%,No,Auction,2022,65.12,$83.18
2053,Michael Jackson,Bad,Pop,2015,australia,Limited Colored Vinyl,True,Fair,Very Good Plus,120g,"10,563",607,622.0,1.025,93.3,37.0,72.0,4635,92.4%,True,Fixed Price,2022,68.57,$57.33
2054,Erykah Badu,Mama's Gun,R&B,1980,US,Standard Reissue,No,Very Good Plus,Fair,140.0,"15,070",535,484.0,0.905,73.9,17.1,31.0,2517,98.5%,False,Auction,2022,46.30,$63.26
2055,Neil Young,After the Gold Rush,Folk,2001,us,Test Pressing,Yes,Near Mint,Near Mint,180g,"17,080",75,,2.8,68.3,42.6,11.0,2956,93.9%,Yes,Fixed Price,2015,87.91,$124.17
2056,Arcade Fire,Funeral,Alternative,1997,Australia,Anniversary Edition,True,Good,Good Plus,140g,"40,627",424,1400.0,3.302,60.4,64.9,3.0,1662,94.0%,False,Fixed Price,2023,69.05,$78.50
2057,The Rolling Stones,Emotional Rescue,Rock,2006,FRANCE,Anniversary Edition,1,Very Good Plus,Very Good Plus,140.0,"32,541",86,122.0,1.419,91.7,36.6,5.0,3446,100.0%,No,Fixed Price,2020,71.14,$89.31
2058,Carole King,Tapestry,Folk,2016,canada,Standard Reissue,False,Very Good,Poor,180g,"38,704",195,432.0,2.215,56.9,32.9,23.0,604,95.2%,No,Auction,2025,56.29,$61.44
2059,The Rolling Stones,Made in the Shade,Rock,2003,UK,Standard Reissue,0,Fair,Very Good,120g,"33,918",61,69.0,1.131,89.5,9.5,81.0,422,99.1%,False,Fixed Price,2025,49.13,$40.32
2060,Red Hot Chili Peppers,Californication,Alternative,2015,australia,Standard Reissue,No,Near Mint,Near Mint,180g,"10,953",1187,2877.0,2.424,61.7,46.2,5.0,4915,99.7%,False,Fixed Price,2024,50.19,$70.58
2061,Parliament,Mothership Connection,R&B,1982,Germany,Anniversary Edition,1,Mint,Very Good,180g,"35,603",1434,4143.0,2.889,41.6,82.0,16.0,3000,94.8%,0,Fixed Price,2018,61.89,$84.87
2062,The Clash,London Calling,Rock,1996,US,Promo Copy,No,Very Good Plus,Very Good,140.0,"43,081",213,57.0,0.268,70.6,15.8,34.0,3429,96.8%,No,Auction,2019,51.95,$70.08
2063,Jane's Addiction,Ritual de lo Habitual,Alternative,1968,Australia,Test Pressing,Yes,Very Good Plus,Very Good Plus,140.0,"37,787",300,972.0,3.24,29.0,23.5,43.0,3920,99.9%,False,Fixed Price,2019,65.59,$91.50
2064,The Beatles,Sgt. Pepper's Lonely Hearts Club Band,Rock,1987,Germany,Original 1st Press,no,Good Plus,Near Mint,200.0,"40,684",437,570.0,1.304,87.1,28.0,7.0,598,97.6%,Yes,Fixed Price,2021,72.27,$87.31
2065,David Bowie,Scary Monsters,Rock,1981,Germany,Anniversary Edition,yes,Near Mint,Good Plus,120g,"5,916",730,,1.284,92.2,15.1,9.0,4301,97.4%,Yes,Fixed Price,2018,64.80,$70.11
2066,David Bowie,Let's Dance,Pop,2009,US,Standard Reissue,No,Very Good Plus,Very Good Plus,120.0,"14,212",712,1015.0,1.426,92.7,37.1,9.0,3804,98.7%,1,Fixed Price,2018,63.97,$80.57
2067,Dolly Parton,Trio,Country,2006,UK,Limited Colored Vinyl,Yes,Fair,Fair,200g,"20,330",926,1994.0,2.153,60.0,78.2,4.0,1561,97.1%,No,Fixed Price,2024,70.28,$57.67
2068,Alice in Chains,Facelift,Alternative,1971,US,Standard Reissue,0,Very Good Plus,Good,200g,"28,038",1411,2159.0,1.53,58.2,46.6,19.0,3253,98.8%,False,Fixed Price,2023,51.69,$64.87
2069,Fleetwood Mac,Fleetwood Mac,Rock,2012,Australia,Limited Colored Vinyl,yes,Very Good Plus,Good Plus,180.0,"45,127",917,2107.0,2.298,88.1,79.2,10.0,550,98.5%,1,Fixed Price,2021,79.87,$99.74
2070,New Order,Technique,Electronic,1975,UK,Standard Reissue,No,Mint,Good,120.0,"45,554",773,1544.0,1.997,62.8,54.7,46.0,1030,100.0%,No,Auction,2016,53.28,$70.15
2071,Bob Marley,Exodus,Reggae,1989,Australia,Limited Colored Vinyl,Yes,  Very Good ,,120g,"22,573",780,2335.0,2.994,87.3,26.6,21.0,3288,97.6%,0,Fixed Price,2022,70.92,$95.33
2072,Sade,Promise,R&B,1978,France,Standard Reissue,No,Very Good Plus,Very Good,180.0,"7,933",1558,2441.0,1.567,79.5,26.8,37.0,413,98.7%,no,Fixed Price,2015,64.64,$84.21
2073,The Clash,Combat Rock,Rock,1980,UK,Standard Reissue,No,Good,Fair,180.0,"28,983",1031,915.0,0.887,71.0,35.2,11.0,4675,96.3%,Yes,Fixed Price,2015,47.34,$48.27
2074,Stevie Wonder,Music of My Mind,Soul,1970,US,Limited Colored Vinyl,Yes,Good Plus,Near Mint,120.0,"49,176",116,33.0,0.284,87.0,36.3,0.0,1542,96.8%,True,Fixed Price,2023,57.26,$66.39
2075,George Michael,Faith,Pop,1999,Netherlands,Anniversary Edition,True,Good,Good,180g,"28,758",32,9.0,0.281,63.5,26.2,11.0,2730,95.5%,True,Fixed Price,2018,51.76,$53.92
2076,Kraftwerk,Computer World,Electronic,1982,Germany,Limited Colored Vinyl,1,Very Good,Good Plus,140.0,"37,068",901,2912.0,3.232,75.1,31.5,15.0,429,94.5%,No,Fixed Price,2015,63.03,$69.46
2077,Stevie Wonder,Music of My Mind,Soul,1976,US,Promo Copy,False,Very Good Plus,Near Mint,180.0,"36,408",142,133.0,0.937,90.0,41.5,15.0,2335,98.1%,0,Fixed Price,2024,67.21,$84.82
2078,New Order,Technique,Electronic,1988,UK,Anniversary Edition,True,  Very Good ,Very Good Plus,200.0,"16,615",953,3427.0,3.596,60.9,56.9,44.0,1564,97.5%,False,Fixed Price,2018,74.50,$75.10
2079,Midnight Oil,Blue Sky Mining,Rock,2006,australia,Standard Reissue,False,Good,Good,200.0,"36,441",1131,158.0,0.14,27.2,34.3,30.0,4615,100.0%,Yes,Fixed Price,2023,32.28,$29.25
2080,Aphex Twin,Drukqs,Electronic,2002,Netherlands,Standard Reissue,No,Mint,Very Good Plus,200.0,"21,106",932,178.0,0.191,59.2,25.3,9.0,2012,97.7%,0,Fixed Price,2023,48.65,$68.31
2081,Bob Dylan,Nashville Skyline,Folk,2007,US,Anniversary Edition,1,Very Good,Very Good Plus,140g,"41,591",1098,2277.0,2.074,88.5,29.4,9.0,2551,94.3%,False,Fixed Price,2016,59.60,$76.38
2082,Junior Murvin,Police and Thieves,Reggae,2001,us,Anniversary Edition,Yes,Mint,Mint,180.0,"29,629",133,105.0,0.789,21.9,35.9,36.0,3685,94.9%,no,Fixed Price,2018,37.10,$57.76
2083,R.E.M.,Document,Alternative,2016,UK,Promo Copy,No,Near Mint,Mint,140.0,"12,657",660,144.0,0.218,57.3,31.9,7.0,4459,100.0%,Yes,Auction,2024,53.34,$78.98
2084,Bon Iver,"22, A Million",Folk,1988,brazil,Standard Reissue,False,Very Good,Very Good,140.0,"32,270",172,393.0,2.285,39.1,44.9,12.0,2406,94.6%,No,Fixed Price,2020,54.03,$65.25
2085,The Strokes,Room on Fire,Alternative,2022,US,Standard Reissue,No,Very Good Plus,Near Mint,180.0,"37,792",310,297.0,0.958,69.1,12.4,23.0,312,97.3%,1,Auction,2023,43.10,$58.77
2086,N.W.A,Straight Outta Compton,Hip-Hop,1971,Netherlands,Promo Copy,No,Very Good,Near Mint,180g,"1,841",28,28.0,1.0,62.6,44.4,46.0,2246,95.2%,Yes,Auction,2019,61.00,$77.35
2087,Interpol,Turn on the Bright Lights,Alternative,1963,CANADA,Promo Copy,No,Very Good,Very Good Plus,180g,"28,848",366,825.0,2.254,19.8,37.7,33.0,1825,93.6%,0,Fixed Price,2021,45.26,$51.88
2088,Vampire Weekend,Contra,Alternative,1968,Japan,Anniversary Edition,Yes,Very Good,Very Good Plus,180g,"49,744",250,468.0,1.872,72.1,25.7,17.0,387,100.0%,True,Fixed Price,2025,51.90,$67.09
2089,Frank Ocean,"Nostalgia, Ultra",R&B,1961,US,Original 1st Press,0,  Very Good Plus ,Near Mint,120g,"24,289",228,82.0,0.36,91.2,40.3,4.0,1004,91.9%,0,Auction,2017,73.34,$88.50
2090,R.E.M.,Automatic for the People,Alternative,2006,JAPAN,Limited Colored Vinyl,yes,Mint,Very Good Plus,140g,"43,221",537,178.0,0.331,62.4,69.5,13.0,3347,100.0%,False,Fixed Price,2021,66.05,$101.94
2091,Nirvana,Bleach,Alternative,2015,US,Anniversary Edition,True,Very Good Plus,Good,120.0,"4,824",489,,3.319,101.5,55.2,24.0,229,94.9%,No,Auction,2025,77.46,$99.19
2092,The Notorious B.I.G.,Ready to Die,Hip-Hop,1969,Brazil,Promo Copy,No,Near Mint,Near Mint,180g,"38,275",67,104.0,1.552,90.2,73.4,2.0,220,93.1%,No,Auction,2016,76.37,$125.87
2093,Alice in Chains,Facelift,Alternative,1997,us,Standard Reissue,False,Very Good Plus,Good Plus,180g,631,945,637.0,0.674,64.5,43.4,25.0,1584,99.5%,No,Fixed Price,2023,51.38,$67.00
2094,Bjork,Homogenic,Electronic,1999,germany,Standard Reissue,No,Good Plus,Near Mint,180g,"20,217",2400,4342.0,1.809,66.2,26.9,31.0,1302,100.0%,False,Fixed Price,2016,46.32,$50.88
2095,Simon & Garfunkel,Sounds of Silence,Folk,2007,japan,Test Pressing,Yes,Very Good,Poor,140.0,"33,461",282,1037.0,3.677,71.2,41.8,7.0,1362,94.9%,no,Fixed Price,2018,82.41,$97.04
2096,Outkast,ATLiens,Hip-Hop,1974,AUSTRALIA,Standard Reissue,0,Very Good,Very Good,180.0,"36,589",205,294.0,1.434,68.4,66.4,36.0,156,100.0%,no,Fixed Price,2020,67.52,$83.65
2097,Brian Eno,Another Green World,Electronic,2020,Japan,Standard Reissue,No,Fair,Fair,180.0,"17,098",410,,0.922,47.4,11.5,37.0,4351,94.3%,False,Fixed Price,2023,40.01,$39.16
2098,Dolly Parton,Jolene,Country,2001,UK,Anniversary Edition,True,Very Good Plus,Good,120g,"43,771",1026,3222.0,3.14,66.7,45.1,69.0,463,94.2%,Yes,Auction,2024,54.17,$73.90
2099,The Clash,London Calling,Rock,1975,,Test Pressing,yes,Good Plus,Mint,140.0,"45,751",202,710.0,3.515,73.6,9.0,18.0,4130,96.2%,1,Fixed Price,2021,70.08,$90.75
2100,Peter Gabriel,So,Pop,2017,Canada,Standard Reissue,No,Very Good Plus,Mint,180.0,"4,466",994,269.0,0.271,58.5,50.2,13.0,4730,97.4%,No,Fixed Price,2022,55.77,$87.48
2101,John Coltrane,Blue Train,Jazz,2016,us,Original 1st Press,No,Very Good Plus,Good Plus,200g,"2,671",323,372.0,1.152,74.9,50.8,0.0,1898,100.0%,yes,Fixed Price,2023,78.71,$117.31
2102,Funkadelic,Free Your Mind,R&B,1973,Japan,Standard Reissue,False,Very Good Plus,Very Good Plus,120.0,"22,706",1691,4163.0,2.462,41.1,64.1,42.0,1681,96.4%,No,Fixed Price,2025,57.51,$84.20
2103,Norah Jones,Little Broken Hearts,Jazz,1961,Australia,Promo Copy,False,Good,,180g,"47,577",642,1015.0,1.581,63.7,19.9,24.0,3358,97.1%,False,Fixed Price,2019,58.37,$65.13
2104,Paul Simon,Graceland,Folk,1998,US,Standard Reissue,0,Near Mint,Fair,140.0,"26,924",1009,1949.0,1.932,73.7,7.1,1.0,4291,96.0%,True,Fixed Price,2019,45.79,$53.41
2105,AC/DC,Back in Black,Rock,1996,Netherlands,Standard Reissue,No,Near Mint,Very Good Plus,140g,"9,381",1219,1928.0,1.582,90.1,45.9,32.0,3604,94.7%,No,Fixed Price,2015,62.50,$79.85
2106,Black Uhuru,Sinsemilla,Reggae,1992,UK,Anniversary Edition,1,Very Good,Good,200g,"45,078",487,960.0,1.971,22.2,52.6,34.0,2018,97.3%,Yes,Fixed Price,2019,42.15,$45.98
2107,Kraftwerk,The Man-Machine,Electronic,2022,UK,Limited Colored Vinyl,Yes,Poor,Mint,120g,857,235,38.0,0.162,77.4,56.4,22.0,2069,98.2%,Yes,Auction,2023,68.01,$62.97
2108,Neil Young,Harvest Moon,Folk,2013,UK,Promo Copy,No,Near Mint,,180.0,"48,035",377,849.0,2.252,67.1,66.1,16.0,1640,93.4%,False,Fixed Price,2022,75.60,$119.40
2109,Kendrick Lamar,Section.80,Hip-Hop,1983,GERMANY,Standard Reissue,No,Near Mint,Good,120g,"44,761",431,849.0,1.97,94.3,18.3,0.0,2666,99.8%,No,Fixed Price,2018,56.82,$65.76
2110,R.E.M.,Reckoning,Alternative,1990,Japan,Test Pressing,1,Mint,Very Good,180.0,"2,146",194,100.0,0.515,64.0,49.8,3.0,97,96.1%,Yes,Fixed Price,2017,81.07,$96.35
2111,Sly and the Family Stone,Stand!,Soul,2017,Japan,Promo Copy,No,Very Good Plus,Good Plus,200.0,"6,210",361,347.0,0.961,71.0,68.9,25.0,4308,100.0%,No,Fixed Price,2022,70.28,$88.46
2112,Sufjan Stevens,Carrie & Lowell,Folk,1990,AUSTRALIA,Test Pressing,Yes,Good Plus,Near Mint,180.0,"13,458",115,135.0,1.174,58.4,7.3,8.0,3864,97.5%,Yes,Fixed Price,2020,63.96,$73.38
2113,Parliament,Chocolate City,R&B,2004,Germany,Promo Copy,No,Near Mint,Near Mint,120g,"39,471",232,56.0,0.241,43.1,47.7,24.0,2519,100.0%,No,Auction,2023,50.66,$68.44
2114,David Bowie,Low,Electronic,2013,Brazil,Standard Reissue,False,Very Good Plus,Very Good Plus,120.0,"32,636",391,490.0,1.253,90.8,5.4,3.0,3644,93.0%,Yes,Fixed Price,2022,50.57,$63.21
2115,Bon Iver,"For Emma, Forever Ago",Folk,1969,Brazil,Standard Reissue,No,  Very Good ,Mint,140.0,"11,957",1500,2713.0,1.809,37.4,8.5,22.0,1689,95.8%,No,Fixed Price,2018,37.86,$51.15
2116,Pearl Jam,Vs.,Alternative,1982,FRANCE,Limited Colored Vinyl,yes,Very Good,,140g,"3,943",147,26.0,0.177,69.8,16.5,5.0,1161,94.2%,1,Auction,2022,57.32,$67.67
2117,Sly and the Family Stone,Stand!,Soul,1960,Canada,Anniversary Edition,Yes,Good Plus,Very Good,180.0,"30,078",654,515.0,0.787,79.0,72.9,0.0,198,95.3%,No,Fixed Price,2017,74.03,$90.79
2118,Simon & Garfunkel,Sounds of Silence,Folk,1981,Netherlands,Original 1st Press,no,Near Mint,Good,180.0,"45,778",61,134.0,2.197,63.3,40.4,1.0,2715,91.7%,0,Fixed Price,2024,62.35,$82.50
2119,Vampire Weekend,Vampire Weekend,Alternative,1997,,Original 1st Press,No,Mint,Very Good,120g,"24,096",384,744.0,1.938,71.6,27.0,42.0,556,93.7%,Yes,Fixed Price,2018,65.37,$88.68
2120,Bob Dylan,Blonde on Blonde,Folk,2020,Brazil,Standard Reissue,No,Very Good,Very Good,140.0,"23,774",531,740.0,1.394,90.5,29.6,24.0,1302,94.2%,No,Auction,2022,54.60,$77.06
2121,David Bowie,Ziggy Stardust,Rock,1990,US,Standard Reissue,No,Good,Good Plus,200g,"36,343",526,1006.0,1.913,89.5,14.9,16.0,3205,98.1%,No,Auction,2024,58.67,$59.48
2122,The Cure,Wish,Alternative,1972,US,Test Pressing,Yes,Good Plus,Near Mint,120g,"48,101",487,1431.0,2.938,31.4,40.5,22.0,3699,99.7%,Yes,Fixed Price,2021,59.27,$62.96
2123,Steely Dan,Can't Buy a Thrill,Rock,1992,Netherlands,Standard Reissue,No,Mint,Good Plus,140.0,"35,917",489,1014.0,2.074,76.9,67.2,55.0,1893,96.0%,0,Auction,2025,64.61,$95.52
2124,Prince,Around the World in a Day,R&B,1980,Canada,Standard Reissue,No,Good Plus,Near Mint,,"19,390",873,1346.0,1.542,94.3,45.3,1.0,2076,94.6%,yes,Fixed Price,2021,65.73,$74.08
2125,Norah Jones,Little Broken Hearts,Jazz,2004,Germany,Standard Reissue,No,Near Mint,Very Good Plus,140.0,"5,714",958,963.0,1.005,65.6,28.4,15.0,810,94.5%,True,Fixed Price,2018,53.45,$70.02
2126,Jimi Hendrix,Axis: Bold as Love,Rock,2010,Japan,Test Pressing,1,Good,Very Good,180.0,"6,643",226,108.0,0.478,77.9,49.8,4.0,4231,99.9%,Yes,Fixed Price,2020,82.19,$71.26
2127,Eminem,The Eminem Show,Hip-Hop,1980,Canada,Standard Reissue,False,  Near Mint ,Very Good Plus,180g,"6,036",1405,1206.0,0.858,101.7,25.2,29.0,1686,98.4%,False,Fixed Price,2025,59.83,$96.96
2128,John Coltrane,Blue Train,Jazz,1972,Netherlands,Standard Reissue,No,Very Good,,180.0,"48,198",449,722.0,1.608,73.1,52.3,6.0,904,99.0%,No,Fixed Price,2021,55.52,$75.74
2129,Burning Spear,Marcus Garvey,Reggae,1961,UK,Standard Reissue,No,Good Plus,Good Plus,,"37,367",330,774.0,2.345,21.4,30.8,8.0,2716,97.0%,True,Fixed Price,2025,32.44,$40.11
2130,Prince,Lovesexy,R&B,1961,,Test Pressing,yes,Near Mint,Near Mint,180.0,"30,510",166,361.0,2.175,89.8,13.1,17.0,3770,98.4%,no,Fixed Price,2017,81.31,$140.30
2131,Brian Eno,Music for Airports,Electronic,1978,France,Standard Reissue,No,Very Good Plus,Near Mint,140.0,"2,439",941,2278.0,2.421,45.3,21.6,39.0,3959,96.6%,No,Fixed Price,2025,47.34,$68.17
2132,Bob Marley,Legend,Reggae,1973,germany,Promo Copy,0,Near Mint,Very Good,140g,"43,909",96,64.0,0.667,94.2,49.0,32.0,1692,94.8%,False,Fixed Price,2024,72.28,$92.66
2133,2Pac,All Eyez on Me,Hip-Hop,1982,brazil,Standard Reissue,No,Mint,Very Good Plus,140.0,"17,027",204,350.0,1.716,95.2,24.8,25.0,1219,96.3%,Yes,Fixed Price,2018,57.50,$103.26
2134,Tame Impala,Currents,Alternative,1960,UK,Test Pressing,True,Good Plus,Good Plus,120g,"20,140",121,82.0,0.678,62.4,22.9,16.0,402,96.9%,yes,Fixed Price,2019,72.67,$63.44
2135,D'Angelo,Voodoo,R&B,1964,Australia,Original 1st Press,No,Very Good,Very Good,120g,"48,352",277,562.0,2.029,68.7,22.2,17.0,1689,100.0%,No,Fixed Price,2015,62.99,$68.12
2136,Television,Marquee Moon,Rock,1999,France,Original 1st Press,No,Very Good Plus,,120g,"33,448",219,94.0,0.429,22.7,31.4,7.0,2379,97.9%,No,Fixed Price,2015,45.87,$48.57
2137,The White Stripes,White Blood Cells,Alternative,1976,Germany,Standard Reissue,0,Near Mint,Very Good Plus,140g,"49,807",189,401.0,2.122,62.4,41.0,16.0,4726,100.0%,Yes,Auction,2022,55.54,$81.96
2138,Aphex Twin,Selected Ambient Works 85-92,Electronic,2018,Canada,Standard Reissue,False,Near Mint,Near Mint,140.0,"40,419",691,225.0,0.326,61.3,2.0,3.0,3559,96.4%,Yes,Fixed Price,2025,34.54,$49.91
2139,Alice in Chains,Facelift,Alternative,1971,FRANCE,Original 1st Press,No,Very Good,Very Good Plus,180.0,"30,556",140,251.0,1.793,67.8,42.2,32.0,4409,94.3%,1,Fixed Price,2017,67.45,$79.67
2140,The Clash,Combat Rock,Rock,1968,US,Standard Reissue,False,Very Good Plus,Very Good,140g,"48,316",690,164.0,0.238,69.5,29.2,30.0,3245,98.9%,No,Fixed Price,2017,48.74,$58.80
2141,Beastie Boys,Licensed to Ill,Hip-Hop,1992,netherlands,Test Pressing,True,  Very Good ,Good Plus,180g,"25,942",496,995.0,2.006,57.7,43.8,32.0,4887,97.2%,False,Fixed Price,2023,74.24,$89.48
2142,Bob Dylan,Nashville Skyline,Folk,2008,UK,Standard Reissue,0,Very Good Plus,Very Good Plus,120g,"8,592",27,16.0,0.593,95.0,30.8,5.0,171,94.1%,No,Auction,2020,65.66,$78.55
2143,Aphex Twin,Syro,Electronic,1987,FRANCE,Anniversary Edition,True,Mint,Good Plus,120g,"24,500",89,310.0,3.483,55.4,23.9,26.0,746,92.8%,No,Fixed Price,2021,50.55,$61.53
2144,New Order,Technique,Electronic,2015,France,Anniversary Edition,True,Good Plus,Good,120.0,"10,138",1004,1593.0,1.587,65.4,47.9,38.0,4051,96.7%,0,Fixed Price,2025,66.05,$68.97
2145,Brian Eno,Another Green World,Electronic,1971,Brazil,Standard Reissue,No,Mint,Near Mint,200.0,"31,356",1229,2309.0,1.879,44.6,11.8,6.0,4160,,0,Fixed Price,2021,28.53,$51.71
2146,De La Soul,De La Soul Is Dead,Hip-Hop,1969,UK,Original 1st Press,No,  Very Good Plus ,Mint,180g,"26,558",836,1163.0,1.391,75.6,42.7,2.0,4388,91.7%,yes,Fixed Price,2016,74.80,$108.27
2147,Jimi Hendrix,Axis: Bold as Love,Rock,1966,Australia,Standard Reissue,No,Fair,Good,140g,"28,317",673,525.0,0.78,70.3,42.3,20.0,2002,91.9%,No,Fixed Price,2017,49.36,$40.69
2148,Red Hot Chili Peppers,Californication,Alternative,1987,Brazil,Standard Reissue,No,Very Good,Good Plus,200g,"35,754",339,728.0,2.147,60.7,49.9,8.0,176,91.2%,Yes,Auction,2017,53.44,$58.43
2149,Erykah Badu,Baduizm,R&B,1984,Netherlands,Test Pressing,yes,Very Good Plus,Very Good Plus,140g,"2,636",124,61.0,0.492,75.1,70.9,27.0,1080,,Yes,Fixed Price,2015,83.18,$99.96
2150,Public Enemy,Fear of a Black Planet,Hip-Hop,1975,Brazil,Limited Colored Vinyl,Yes,Good,Good,200.0,"43,086",190,453.0,2.384,72.6,22.1,21.0,2414,95.8%,No,Fixed Price,2023,57.41,$55.42
2151,The Rolling Stones,Emotional Rescue,Rock,2018,NETHERLANDS,Standard Reissue,No,Mint,Mint,180g,"22,725",527,187.0,0.355,93.1,35.8,1.0,1423,99.5%,No,Fixed Price,2021,64.80,$92.65
2152,Neil Young,Harvest Moon,Folk,1973,UK,Standard Reissue,0,Very Good Plus,Very Good,140.0,"16,892",2911,5241.0,1.8,63.4,67.8,21.0,3351,95.3%,0,Auction,2025,64.39,$90.83
2153,Dolly Parton,Coat of Many Colors,Country,1961,Germany,Promo Copy,No,Very Good Plus,Near Mint,180.0,"1,832",250,286.0,1.144,65.0,76.6,0.0,2509,98.6%,False,Fixed Price,2019,82.32,$108.76
2154,Steely Dan,The Royal Scam,Rock,1967,FRANCE,Standard Reissue,No,Mint,Good,140g,"48,977",319,333.0,1.044,80.8,4.4,33.0,2652,92.7%,Yes,Fixed Price,2020,41.24,$58.68
2155,Kendrick Lamar,To Pimp a Butterfly,Hip-Hop,1990,Brazil,Promo Copy,No,Poor,Mint,140.0,"39,288",551,610.0,1.107,96.3,17.0,59.0,2904,98.2%,Yes,Auction,2018,56.62,$53.62
2156,Jimi Hendrix,Are You Experienced,Rock,1991,Germany,Limited Colored Vinyl,1,Near Mint,Near Mint,200.0,"17,090",445,278.0,0.625,69.7,38.9,15.0,2788,96.8%,Yes,Fixed Price,2025,56.66,$76.73
2157,Rage Against the Machine,Rage Against the Machine,Alternative,2014,Australia,Limited Colored Vinyl,Yes,Near Mint,Very Good Plus,120.0,"44,082",758,1208.0,1.594,72.3,80.1,4.0,1730,,No,Fixed Price,2019,75.90,$113.75
2158,Talking Heads,Speaking in Tongues,Alternative,1994,UK,Original 1st Press,False,Fair,Near Mint,140g,"1,842",1191,2872.0,2.411,78.2,34.2,65.0,130,97.7%,No,Fixed Price,2021,72.48,$55.05
2159,Neil Young,Harvest Moon,Folk,2016,France,Standard Reissue,no,Very Good,Good,120.0,"36,158",482,195.0,0.405,68.1,71.1,3.0,359,98.2%,No,Fixed Price,2018,65.67,$62.71
2160,My Bloody Valentine,Loveless,Alternative,1983,Germany,Original 1st Press,No,  Near Mint ,Very Good Plus,180g,848,68,107.0,1.574,29.4,47.6,66.0,3653,100.0%,1,Fixed Price,2025,64.28,$105.37
2161,Nirvana,Bleach,Alternative,2012,US,Standard Reissue,No,Fair,Fair,140.0,"47,028",1142,2837.0,2.484,96.0,48.2,5.0,670,100.0%,No,Fixed Price,2017,59.97,$46.20
2162,Funkadelic,Funkadelic,R&B,2003,Australia,Standard Reissue,no,Very Good Plus,Good Plus,140.0,"36,042",349,254.0,0.728,42.1,92.3,,3149,100.0%,No,Auction,2019,53.10,$77.34
2163,Kendrick Lamar,"good kid, m.A.A.d city",Hip-Hop,1965,Japan,Limited Colored Vinyl,Yes,Very Good Plus,Good Plus,180g,"29,978",391,913.0,2.335,100.8,21.9,32.0,3054,,False,Auction,2017,66.93,$109.56
2164,Tame Impala,Lonerism,Alternative,1963,Canada,Standard Reissue,No,Very Good Plus,Good Plus,140g,"11,321",1236,2191.0,1.773,54.5,40.7,8.0,1975,94.9%,No,Fixed Price,2017,53.09,$72.36
2165,Portishead,Portishead,Electronic,1999,Germany,Test Pressing,True,Good Plus,Good,140g,"9,564",278,1022.0,3.676,80.7,54.0,23.0,567,92.9%,Yes,Auction,2016,91.26,$96.56
2166,De La Soul,De La Soul Is Dead,Hip-Hop,1983,Australia,Standard Reissue,No,Good,Very Good,120.0,"20,989",2100,1338.0,0.637,76.4,40.8,1.0,3327,97.2%,No,Fixed Price,2025,61.30,$64.60
2167,Patti Smith,Horses,Rock,2010,Australia,Standard Reissue,No,Near Mint,Fair,140g,"48,526",262,546.0,2.084,34.3,80.4,8.0,1518,96.4%,No,Auction,2021,55.96,$82.19
2168,Nina Simone,Nina Simone in Concert,Jazz,1979,France,Limited Colored Vinyl,1,Mint,Mint,140g,"39,227",41,10.0,0.244,74.3,50.7,25.0,4303,100.0%,Yes,Fixed Price,2023,56.31,$78.75
2169,Public Enemy,It Takes a Nation of Millions to Hold Us Back,Hip-Hop,1969,Germany,Limited Colored Vinyl,Yes,Near Mint,Very Good Plus,140.0,"3,768",141,200.0,1.418,74.2,34.0,33.0,386,100.0%,Yes,Auction,2023,62.53,$91.61
2170,Led Zeppelin,Led Zeppelin II,Rock,2016,US,Standard Reissue,No,Mint,Near Mint,200.0,"37,867",293,480.0,1.638,97.0,10.8,15.0,3400,93.4%,no,Fixed Price,2019,48.36,$74.91
2171,AC/DC,Powerage,Rock,1976,Germany,Limited Colored Vinyl,1,Very Good,Very Good,120g,"35,599",630,774.0,1.229,91.7,37.1,4.0,1757,,True,Fixed Price,2017,71.03,$55.39
2172,Tame Impala,Lonerism,Alternative,1984,AUSTRALIA,Standard Reissue,No,  Near Mint ,Very Good,120.0,"35,605",709,144.0,0.203,65.5,35.5,13.0,826,100.0%,yes,Fixed Price,2022,47.08,$59.99
2173,Fleetwood Mac,Fleetwood Mac,Rock,1974,Canada,Test Pressing,Yes,  Mint ,Good Plus,,"38,290",169,93.0,0.55,84.0,76.6,57.0,4232,99.9%,No,Fixed Price,2020,83.98,$89.42
2174,Daft Punk,Alive 2007,Electronic,2021,UK,Standard Reissue,No,Very Good Plus,Very Good Plus,120g,"49,972",350,721.0,2.06,82.8,57.9,12.0,1239,100.0%,True,Fixed Price,2021,58.59,$77.18
2175,Tame Impala,The Slow Rush,Alternative,1970,Germany,Standard Reissue,No,Near Mint,Good Plus,180.0,"12,478",1301,1258.0,0.967,55.8,73.9,13.0,4822,95.7%,no,Fixed Price,2020,56.89,$73.20
2176,Johnny Cash,At Folsom Prison,Country,2021,US,Standard Reissue,No,Poor,Very Good Plus,180g,"15,814",362,626.0,1.729,93.6,62.7,31.0,4100,95.7%,yes,Fixed Price,2024,67.44,$50.78
2177,Tame Impala,Lonerism,Alternative,1964,JAPAN,Original 1st Press,no,Very Good,Good Plus,120g,"11,406",583,158.0,0.271,60.4,32.9,43.0,1783,92.6%,Yes,Fixed Price,2015,62.16,$73.51
2178,R.E.M.,Automatic for the People,Alternative,1966,US,Standard Reissue,No,  Good ,Very Good Plus,120.0,"12,394",260,128.0,0.492,64.6,71.4,19.0,4003,97.3%,No,Fixed Price,2019,64.57,$66.23
2179,Pearl Jam,Vitalogy,Alternative,1960,Canada,Standard Reissue,No,Near Mint,Very Good Plus,200g,"8,756",788,1085.0,1.377,64.5,12.4,46.0,3378,98.5%,No,Fixed Price,2015,41.56,$58.97
2180,Kendrick Lamar,DAMN.,Hip-Hop,2004,australia,Standard Reissue,no,Very Good Plus,Very Good,120.0,"49,266",1508,162.0,0.107,87.4,76.7,15.0,1382,92.1%,No,Auction,2025,59.72,$80.25
2181,Arctic Monkeys,AM,Alternative,1998,Canada,Original 1st Press,False,Very Good,Very Good,120.0,"29,154",249,25.0,0.1,55.7,15.5,,1279,91.1%,0,Fixed Price,2024,52.59,$62.52
2182,The Clash,Sandinista!,Rock,2000,Netherlands,Standard Reissue,No,Mint,Near Mint,140.0,"15,922",381,630.0,1.654,70.0,27.7,13.0,197,95.6%,False,Auction,2017,56.35,$104.64
2183,Jimi Hendrix,Electric Ladyland,Rock,1995,Netherlands,Anniversary Edition,True,Near Mint,Very Good Plus,180.0,"6,787",285,378.0,1.326,64.7,12.1,17.0,4769,93.3%,True,Fixed Price,2023,53.05,$67.27
2184,Prince,Lovesexy,R&B,1976,US,Limited Colored Vinyl,1,Poor,Near Mint,140g,"29,157",267,205.0,0.768,90.8,12.2,0.0,2740,97.9%,No,Auction,2020,53.13,$50.71
2185,Massive Attack,Blue Lines,Electronic,2009,Netherlands,Standard Reissue,No,Good Plus,Good,180.0,"39,385",461,328.0,0.711,54.0,19.1,29.0,1746,100.0%,0,Auction,2015,37.68,$34.85
2186,New Order,Technique,Electronic,2004,Germany,Standard Reissue,No,Near Mint,Very Good Plus,180.0,"21,203",3518,8385.0,2.383,62.5,50.8,22.0,585,98.2%,Yes,Fixed Price,2016,59.42,$74.24
2187,The Modern Lovers,The Modern Lovers,Rock,1985,UK,Standard Reissue,No,Very Good Plus,Very Good,140g,"38,710",215,235.0,1.093,23.8,23.1,29.0,4007,98.8%,Yes,Auction,2017,35.34,$52.81
2188,Radiohead,OK Computer,Alternative,2016,CANADA,Limited Colored Vinyl,True,Good Plus,Very Good Plus,200g,"42,255",833,482.0,0.579,85.7,51.4,5.0,1101,94.7%,Yes,Fixed Price,2024,69.50,$75.67
2189,U2,The Joshua Tree,Rock,2009,US,Original 1st Press,no,  Very Good ,Mint,200.0,"40,382",386,695.0,1.801,80.0,48.3,40.0,1203,100.0%,0,Auction,2025,77.43,$102.39
2190,Midnight Oil,Blue Sky Mining,Rock,1981,BRAZIL,Standard Reissue,No,Good Plus,Good,120.0,"10,768",357,190.0,0.532,31.0,39.8,1.0,2384,100.0%,False,Auction,2021,41.86,$42.89
2191,Stevie Wonder,Talking Book,Soul,1964,UK,Test Pressing,1,Very Good,Good Plus,140g,"19,590",108,196.0,1.815,93.0,36.8,10.0,1674,95.3%,1,Fixed Price,2018,87.39,$104.52
2192,John Coltrane,A Love Supreme,Jazz,2016,Brazil,Standard Reissue,No,Good,Very Good Plus,120g,"40,928",367,693.0,1.888,70.8,67.4,39.0,3701,98.7%,Yes,Fixed Price,2020,72.10,$71.40
2193,R.E.M.,Reckoning,Alternative,1976,,Standard Reissue,No,Very Good Plus,Very Good Plus,140g,"48,202",2310,1044.0,0.452,61.1,47.3,12.0,643,98.6%,yes,Auction,2017,49.95,$64.52
2194,Vampire Weekend,Father of the Bride,Alternative,1990,Japan,Limited Colored Vinyl,Yes,Near Mint,Mint,140.0,"4,959",609,1060.0,1.741,66.3,41.2,20.0,726,93.8%,Yes,Fixed Price,2016,63.94,$88.82
2195,Bjork,Homogenic,Electronic,1993,Netherlands,Standard Reissue,0,Very Good Plus,Good Plus,120.0,"31,030",235,57.0,0.243,73.8,32.7,0.0,1343,,No,Fixed Price,2018,60.93,$83.06
2196,R.E.M.,Document,Alternative,2004,France,Original 1st Press,No,Very Good Plus,Near Mint,120.0,"21,114",173,124.0,0.717,61.5,33.9,50.0,3505,92.6%,Yes,Fixed Price,2025,62.50,$77.53
2197,Michael Jackson,Bad,Pop,1989,france,Limited Colored Vinyl,Yes,Very Good Plus,Very Good Plus,140.0,"28,695",70,215.0,3.071,94.7,34.5,79.0,1181,94.8%,No,Auction,2021,71.68,$101.50
2198,Kraftwerk,Trans-Europe Express,Electronic,2006,Japan,Anniversary Edition,Yes,Fair,Good Plus,180.0,"27,114",340,651.0,1.915,78.5,58.1,4.0,1719,96.4%,1,Fixed Price,2016,62.79,$63.22
2199,Carole King,Tapestry,Folk,1967,Netherlands,Promo Copy,No,Mint,Very Good Plus,180g,"11,456",522,964.0,1.847,58.0,32.4,15.0,483,91.9%,0,Fixed Price,2021,61.51,$122.88
2200,Steely Dan,Aja,Rock,1972,us,Anniversary Edition,True,  Very Good ,Mint,180g,"42,530",1243,3441.0,2.768,74.3,57.9,,2780,99.9%,Yes,Fixed Price,2025,65.28,$75.91
2201,Jane's Addiction,Ritual de lo Habitual,Alternative,1981,UK,Limited Colored Vinyl,yes,Mint,Good Plus,120g,"45,085",687,531.0,0.773,29.5,20.6,25.0,3137,93.4%,Yes,Fixed Price,2021,31.49,$45.34
2202,Tame Impala,Currents,Alternative,2017,Australia,Original 1st Press,False,Very Good Plus,Mint,120.0,"13,492",84,,2.488,60.3,18.6,27.0,808,96.6%,No,Fixed Price,2021,64.67,$61.84
2203,James Taylor,Sweet Baby James,Folk,1973,Germany,Standard Reissue,No,Near Mint,Very Good Plus,140.0,"13,716",656,69.0,0.105,32.3,75.6,15.0,443,95.4%,False,Auction,2018,46.85,$54.72
2204,Bob Dylan,Highway 61 Revisited,Folk,1966,Japan,Standard Reissue,No,Very Good Plus,Very Good,200.0,"3,088",465,1142.0,2.456,94.2,57.3,4.0,889,94.4%,1,Fixed Price,2024,84.04,$115.45
2205,Radiohead,In Rainbows,Alternative,2018,uk,Standard Reissue,No,Near Mint,Good Plus,140g,"7,898",221,548.0,2.48,83.2,17.8,14.0,701,95.6%,yes,Auction,2024,61.41,$70.14
2206,Kendrick Lamar,"good kid, m.A.A.d city",Hip-Hop,2019,Australia,Original 1st Press,no,Near Mint,Fair,120g,"26,444",339,484.0,1.428,86.5,20.0,64.0,1434,95.0%,Yes,Auction,2021,70.17,$85.91
2207,Beastie Boys,Paul's Boutique,Hip-Hop,2018,AUSTRALIA,Standard Reissue,False,Very Good,Very Good,120g,"33,224",199,460.0,2.312,56.9,5.5,18.0,237,97.9%,No,Fixed Price,2025,44.30,$56.20
2208,Joy Division,Unknown Pleasures,Alternative,1999,,Original 1st Press,0,Good Plus,Good Plus,200.0,"23,134",684,1569.0,2.294,39.4,73.0,27.0,4117,93.8%,False,Fixed Price,2017,64.28,$77.13
2209,Radiohead,A Moon Shaped Pool,Alternative,2000,Netherlands,Limited Colored Vinyl,Yes,Very Good Plus,Very Good,120.0,"47,955",297,506.0,1.704,84.1,55.5,1.0,4612,93.1%,Yes,Fixed Price,2021,69.07,$89.77
2210,Funkadelic,Funkadelic,R&B,2009,Netherlands,Anniversary Edition,True,Very Good,Very Good,200g,"30,507",1322,1308.0,0.989,41.6,88.2,13.0,4538,99.1%,No,Fixed Price,2017,67.52,$94.85
2211,Miles Davis,In a Silent Way,Jazz,2019,Netherlands,Standard Reissue,No,Very Good,Very Good Plus,140g,"12,964",477,1002.0,2.101,79.5,39.6,40.0,675,97.5%,Yes,Auction,2021,60.79,$88.93
2212,Talking Heads,Speaking in Tongues,Alternative,1991,Germany,Standard Reissue,No,Very Good,Very Good Plus,180.0,"13,004",645,1167.0,1.809,79.6,39.8,0.0,1030,97.1%,No,Fixed Price,2025,64.83,$76.98
2213,The Strokes,Is This It,Alternative,2020,Netherlands,Standard Reissue,No,Good,Mint,180g,"39,458",606,1153.0,1.903,68.2,18.3,27.0,1434,94.9%,False,Fixed Price,2022,45.66,$53.09
2214,Funkadelic,Maggot Brain,R&B,1988,australia,Standard Reissue,0,Very Good Plus,Very Good,120.0,"12,309",994,801.0,0.806,39.0,61.1,31.0,2726,99.7%,No,Auction,2016,45.05,$47.29
2215,Eminem,The Marshall Mathers LP,Hip-Hop,2010,Germany,Limited Colored Vinyl,Yes,Good Plus,Mint,140.0,"22,730",512,194.0,0.379,103.6,9.7,11.0,1750,100.0%,No,Fixed Price,2016,67.68,$78.27
2216,Neil Young,Harvest Moon,Folk,1982,Australia,Standard Reissue,No,Very Good Plus,Fair,140g,"49,058",1068,2523.0,2.362,63.8,74.8,14.0,2346,95.6%,No,Fixed Price,2018,63.70,$78.32
2217,The Rolling Stones,Sticky Fingers,Rock,1968,germany,Standard Reissue,False,  Very Good Plus ,Mint,140g,"14,231",1536,1826.0,1.189,91.6,69.5,25.0,3360,95.8%,False,Fixed Price,2021,74.85,$109.20
2218,Pink Floyd,The Dark Side of the Moon,Rock,1979,UK,Original 1st Press,No,Good Plus,Very Good Plus,140g,"41,443",423,778.0,1.839,90.5,26.9,32.0,1904,97.1%,Yes,Fixed Price,2018,73.38,$84.86
2219,Led Zeppelin,Physical Graffiti,Rock,1993,Netherlands,Standard Reissue,No,Near Mint,Near Mint,200g,"31,922",373,661.0,1.772,102.2,62.1,4.0,2424,98.4%,0,Fixed Price,2020,74.99,$110.19
2220,Midnight Oil,Blue Sky Mining,Rock,2012,Canada,Standard Reissue,no,Very Good Plus,,120.0,"49,772",1171,2584.0,2.207,24.9,38.8,26.0,1137,92.5%,yes,Fixed Price,2016,32.78,$40.85
2221,Kraftwerk,The Man-Machine,Electronic,2017,Japan,Standard Reissue,No,Good Plus,Near Mint,120g,"46,193",552,674.0,1.221,73.3,54.0,20.0,605,96.6%,Yes,Fixed Price,2022,53.95,$62.01
2222,Kraftwerk,Trans-Europe Express,Electronic,2020,UK,Anniversary Edition,Yes,Very Good,Fair,120g,"34,875",17,37.0,2.176,81.3,58.8,24.0,1513,94.6%,No,Fixed Price,2025,70.22,$70.34
2223,Funkadelic,Maggot Brain,R&B,2014,Australia,Standard Reissue,no,Very Good Plus,Good,120g,"28,407",386,539.0,1.396,40.9,60.2,22.0,4590,94.8%,No,Fixed Price,2016,52.52,$64.34
2224,Michael Jackson,Thriller,Pop,1994,Australia,Limited Colored Vinyl,Yes,Near Mint,Very Good Plus,140g,"18,334",358,1088.0,3.039,94.1,63.3,1.0,2464,93.7%,True,Auction,2024,81.03,$107.18
2225,Dr. Dre,The Chronic,Hip-Hop,1963,Japan,Standard Reissue,No,Very Good Plus,Very Good Plus,,"7,619",611,1109.0,1.815,94.0,19.3,38.0,1438,96.3%,No,Fixed Price,2015,65.46,$89.04
2226,R.E.M.,Document,Alternative,1974,Canada,Standard Reissue,No,Near Mint,Very Good,180g,"41,627",868,501.0,0.577,58.0,27.7,42.0,48,94.8%,No,Fixed Price,2016,48.52,$63.40
2227,J Dilla,The Shining,Hip-Hop,2014,UK,Anniversary Edition,Yes,Near Mint,Near Mint,120g,"43,982",1064,3836.0,3.605,41.7,13.4,27.0,3745,96.4%,Yes,Fixed Price,2023,46.71,$63.80
2228,Outkast,ATLiens,Hip-Hop,1985,France,Original 1st Press,No,  Fair ,Very Good,140.0,"20,834",296,178.0,0.601,67.2,67.0,21.0,4713,99.8%,No,Fixed Price,2016,77.97,$73.40
2229,The Smiths,Meat Is Murder,Alternative,1984,JAPAN,Original 1st Press,0,Very Good,Very Good,180.0,"22,723",144,318.0,2.208,51.0,32.9,4.0,359,92.0%,False,Fixed Price,2022,61.46,$70.10
2230,The Rolling Stones,Beggars Banquet,Rock,1994,netherlands,Standard Reissue,No,Near Mint,Very Good Plus,180.0,"27,270",243,210.0,0.864,92.7,39.1,38.0,3918,,No,Auction,2018,62.63,$97.61
2231,Willie Nelson,Red Headed Stranger,Country,2017,Australia,Standard Reissue,No,Good Plus,,140g,"46,853",286,518.0,1.811,65.3,9.9,50.0,3973,98.6%,No,Auction,2023,41.13,$41.76
2232,2Pac,All Eyez on Me,Hip-Hop,1998,US,Original 1st Press,No,Very Good Plus,,120g,"38,430",105,177.0,1.686,97.5,16.9,27.0,776,94.2%,no,Fixed Price,2017,74.24,$112.79
2233,Sade,Diamond Life,R&B,1995,Canada,Anniversary Edition,1,Good Plus,Fair,180g,"49,389",331,743.0,2.245,78.4,51.0,18.0,1125,96.3%,No,Auction,2021,60.51,$68.79
2234,Joni Mitchell,Hissing of Summer Lawns,Folk,1986,uk,Limited Colored Vinyl,Yes,Very Good Plus,Mint,180g,"34,374",343,849.0,2.475,67.9,43.7,4.0,995,95.7%,No,Auction,2022,57.58,$82.91
2235,Outkast,Southernplayalisticadillacmuzik,Hip-Hop,1960,Netherlands,Standard Reissue,False,Near Mint,Near Mint,140.0,"7,297",1127,259.0,0.23,68.4,32.6,1.0,2051,98.8%,Yes,Fixed Price,2022,50.66,$75.02
2236,Bjork,Post,Electronic,1992,Germany,Standard Reissue,No,Near Mint,Very Good Plus,200.0,"13,440",63,141.0,2.238,73.3,64.7,6.0,2909,97.9%,No,Auction,2025,74.45,$122.28
2237,U2,War,Rock,1983,GERMANY,Anniversary Edition,Yes,Good Plus,Very Good,120.0,"6,504",1078,2477.0,2.298,76.9,21.4,5.0,2291,98.2%,No,Fixed Price,2021,57.73,$62.34
2238,J Dilla,Ruff Draft,Hip-Hop,1969,CANADA,Limited Colored Vinyl,Yes,Poor,Good Plus,140g,"35,125",903,3032.0,3.358,47.4,27.3,2.0,2003,96.7%,0,Fixed Price,2022,47.54,$33.80
2239,Duran Duran,Rio,Pop,2017,BRAZIL,Original 1st Press,No,Very Good Plus,Near Mint,120g,"4,070",466,474.0,1.017,75.1,43.4,7.0,3132,94.5%,Yes,Fixed Price,2022,70.62,$111.54
2240,Tame Impala,The Slow Rush,Alternative,2010,Australia,Standard Reissue,No,Very Good,Very Good,200g,"3,721",16,24.0,1.5,61.2,71.3,61.0,603,95.4%,No,Auction,2025,69.44,$102.13
2241,Frank Ocean,"Nostalgia, Ultra",R&B,2002,,Standard Reissue,No,Fair,Very Good Plus,140g,"26,520",1312,421.0,0.321,100.1,32.6,4.0,2829,98.5%,No,Fixed Price,2021,55.81,$62.10
2242,Burning Spear,Marcus Garvey,Reggae,2022,france,Anniversary Edition,yes,Fair,Good Plus,140.0,"4,135",614,546.0,0.889,14.6,31.5,0.0,467,92.1%,True,Fixed Price,2024,45.02,$40.00
2243,Stevie Wonder,Talking Book,Soul,1975,US,Promo Copy,No,Very Good,Near Mint,140g,"42,449",213,318.0,1.493,85.2,36.3,14.0,1135,97.1%,False,Fixed Price,2016,71.09,$96.15
2244,Bob Dylan,The Freewheelin' Bob Dylan,Folk,1979,Canada,Standard Reissue,No,Near Mint,,140.0,"25,554",351,592.0,1.687,94.0,34.4,6.0,2338,99.1%,0,Fixed Price,2018,70.89,$108.24
2245,Duran Duran,Duran Duran,Pop,1961,France,Anniversary Edition,True,Near Mint,Good,180g,"11,764",589,1056.0,1.793,78.7,14.0,25.0,2946,100.0%,1,Fixed Price,2015,65.42,$74.07
2246,De La Soul,De La Soul Is Dead,Hip-Hop,1977,australia,Standard Reissue,0,Mint,Very Good,140g,"43,040",837,827.0,0.988,72.7,43.5,3.0,4971,97.7%,No,Fixed Price,2021,58.84,$99.94
2247,Aphex Twin,Drukqs,Electronic,1964,France,Standard Reissue,False,Fair,,140.0,"33,601",731,1126.0,1.54,62.6,24.9,10.0,1043,99.1%,No,Auction,2025,51.12,$45.77
2248,David Bowie,Station to Station,Rock,1986,Australia,Limited Colored Vinyl,Yes,Near Mint,Good,180.0,"33,313",653,2212.0,3.387,90.9,14.4,6.0,2020,93.6%,No,Fixed Price,2025,60.16,$80.95
2249,Sufjan Stevens,Illinois,Folk,2008,US,Original 1st Press,no,Very Good,Good Plus,180.0,"13,759",661,162.0,0.245,53.4,38.8,43.0,880,97.4%,No,Auction,2023,62.06,$66.28
2250,Neil Young,Comes a Time,Folk,2011,BRAZIL,Limited Colored Vinyl,1,Mint,,180g,"34,328",567,600.0,1.058,60.9,25.8,32.0,1425,99.7%,1,Fixed Price,2022,46.38,$81.36
2251,My Bloody Valentine,Loveless,Alternative,1981,Brazil,Standard Reissue,No,Near Mint,Very Good Plus,140g,"36,182",1082,505.0,0.467,24.8,47.4,15.0,2202,94.8%,False,Auction,2018,34.73,$50.49
2252,Kraftwerk,Autobahn,Electronic,1976,Australia,Standard Reissue,0,Very Good,Mint,120g,"20,624",729,631.0,0.866,78.0,34.2,16.0,130,95.5%,Yes,Auction,2020,59.31,$66.54
2253,The Smiths,"Strangeways, Here We Come",Alternative,1972,UK,Limited Colored Vinyl,1,Good Plus,Mint,180.0,"20,375",683,988.0,1.447,47.9,41.0,4.0,3636,100.0%,False,Fixed Price,2019,57.60,$74.16
2254,Dolly Parton,Coat of Many Colors,Country,1969,US,Standard Reissue,No,Very Good Plus,Very Good,,"30,811",645,371.0,0.575,66.1,77.1,19.0,4505,100.0%,No,Fixed Price,2023,67.70,$80.70
2255,Tame Impala,Lonerism,Alternative,1975,Japan,Limited Colored Vinyl,Yes,Mint,Good,180.0,"1,858",446,1569.0,3.518,62.9,33.9,2.0,977,96.1%,Yes,Fixed Price,2022,71.29,$89.13
2256,David Bowie,Hunky Dory,Rock,1987,germany,Original 1st Press,No,  Good Plus ,Good,140g,"34,879",348,402.0,1.155,90.7,85.2,17.0,3149,,No,Fixed Price,2017,85.53,$94.85
2257,Red Hot Chili Peppers,Californication,Alternative,1971,Brazil,Standard Reissue,no,Near Mint,Very Good,200g,"32,675",475,932.0,1.962,62.5,46.3,7.0,4842,89.9%,True,Fixed Price,2025,55.48,$72.22
2258,Rage Against the Machine,Rage Against the Machine,Alternative,1963,Netherlands,Promo Copy,0,  Very Good Plus ,Very Good,120g,"17,683",265,652.0,2.46,64.1,80.9,,4965,,No,Fixed Price,2024,80.13,$128.70
2259,Neil Young,Comes a Time,Folk,1984,Canada,Standard Reissue,No,Good,Very Good Plus,180g,"20,178",851,149.0,0.175,63.5,22.3,10.0,4241,97.3%,Yes,Fixed Price,2019,45.29,$43.25
2260,Norah Jones,Little Broken Hearts,Jazz,2012,Japan,Limited Colored Vinyl,Yes,Very Good,Good,180g,"41,535",790,601.0,0.761,67.0,25.3,10.0,2912,97.2%,True,Fixed Price,2017,49.86,$62.04
2261,Joni Mitchell,Blue,Folk,2002,germany,Promo Copy,False,Near Mint,Good Plus,140.0,"7,453",124,267.0,2.153,76.1,53.8,12.0,2231,99.6%,False,Fixed Price,2025,80.66,$105.77
2262,Carole King,Tapestry,Folk,1975,Germany,Original 1st Press,no,Near Mint,Good Plus,200g,"13,524",107,206.0,1.925,55.8,33.9,2.0,3407,94.4%,False,Auction,2025,74.95,$94.21
2263,The Beach Boys,Surf's Up,Pop,2011,Japan,Standard Reissue,No,Very Good Plus,Very Good Plus,120g,"44,212",402,532.0,1.323,81.5,24.3,22.0,3018,,no,Fixed Price,2016,47.22,$63.50
2264,Marvin Gaye,Let's Get It On,Soul,2005,Germany,Anniversary Edition,yes,Very Good,Very Good Plus,200g,"37,938",1238,610.0,0.493,94.0,78.2,58.0,1100,97.5%,No,Fixed Price,2022,72.15,$99.01
2265,David Bowie,Hunky Dory,Rock,1996,Japan,Limited Colored Vinyl,Yes,Very Good,Very Good Plus,140g,"47,954",122,,0.418,94.7,78.8,25.0,2364,97.1%,No,Fixed Price,2024,77.03,$104.70
2266,The Beatles,Abbey Road,Rock,2012,US,Promo Copy,No,Very Good Plus,Near Mint,180.0,"44,634",540,297.0,0.55,89.7,76.6,114.0,3339,93.7%,0,Fixed Price,2023,74.56,$92.52
2267,Red Hot Chili Peppers,Stadium Arcadium,Alternative,2009,Germany,Anniversary Edition,1,Very Good,Very Good,200.0,"26,871",1102,3596.0,3.263,62.9,34.8,16.0,3710,93.7%,True,Auction,2024,63.41,$69.19
2268,Nina Simone,I Put a Spell on You,Jazz,1976,Australia,Standard Reissue,No,Mint,Near Mint,140.0,"49,968",1436,3544.0,2.468,70.7,66.1,11.0,3131,97.0%,Yes,Fixed Price,2016,65.67,$91.33
2269,Eminem,The Eminem Show,Hip-Hop,2012,US,Original 1st Press,0,Very Good Plus,Near Mint,180.0,"30,227",1322,538.0,0.407,98.5,23.7,32.0,1655,96.0%,No,Fixed Price,2019,68.14,$88.69
2270,Simon & Garfunkel,Bridge Over Troubled Water,Folk,1989,Netherlands,Standard Reissue,False,Near Mint,Good Plus,180g,"48,062",645,1536.0,2.381,61.0,42.1,3.0,1156,92.3%,Yes,Fixed Price,2019,54.26,$70.44
2271,D'Angelo,Voodoo,R&B,2008,france,Standard Reissue,0,Near Mint,Good Plus,,"49,131",87,152.0,1.747,75.6,29.0,17.0,1252,98.2%,False,Auction,2022,48.28,$68.82
2272,Kraftwerk,Computer World,Electronic,2021,Canada,Standard Reissue,No,Very Good Plus,Good,120.0,"9,138",638,311.0,0.487,78.2,28.5,22.0,3431,96.0%,0,Fixed Price,2025,54.33,$79.87
2273,Joni Mitchell,Blue,Folk,1996,Brazil,Limited Colored Vinyl,True,Very Good,Near Mint,140g,"18,698",104,201.0,1.933,77.8,55.4,19.0,950,94.5%,No,Fixed Price,2024,67.94,$87.82
2274,The Beatles,Sgt. Pepper's Lonely Hearts Club Band,Rock,1994,france,Anniversary Edition,Yes,Good Plus,Near Mint,120.0,"10,034",408,717.0,1.757,85.2,30.1,46.0,334,100.0%,No,Fixed Price,2023,63.79,$65.91
2275,2Pac,Me Against the World,Hip-Hop,1978,Japan,Limited Colored Vinyl,Yes,Near Mint,Fair,140.0,"49,490",101,208.0,2.059,91.5,32.5,8.0,1681,96.4%,False,Fixed Price,2020,61.62,$80.00
2276,Vampire Weekend,Father of the Bride,Alternative,1966,US,Anniversary Edition,Yes,Good Plus,Near Mint,140.0,"12,721",205,105.0,0.512,70.5,40.7,18.0,2920,98.0%,No,Fixed Price,2017,55.89,$64.37
2277,AC/DC,Back in Black,Rock,1998,CANADA,Anniversary Edition,True,  Very Good ,Good Plus,180g,"44,957",1100,1507.0,1.37,92.8,46.1,0.0,2193,100.0%,Yes,Fixed Price,2017,64.06,$62.06
2278,Prince,Sign o' the Times,R&B,2006,Germany,Test Pressing,Yes,Very Good Plus,Near Mint,120.0,"11,439",64,221.0,3.453,87.8,43.3,21.0,4782,98.1%,No,Auction,2018,94.29,$148.66
2279,Duran Duran,Rio,Pop,2008,Germany,Limited Colored Vinyl,True,Very Good Plus,Good,,"12,002",305,512.0,1.679,67.8,53.0,20.0,972,95.3%,False,Fixed Price,2016,61.94,$69.27
2280,John Coltrane,My Favorite Things,Jazz,2016,Japan,Original 1st Press,0,Very Good Plus,Very Good Plus,180.0,"40,649",570,345.0,0.605,71.6,39.2,12.0,602,94.1%,Yes,Fixed Price,2017,68.94,$86.90
2281,Neil Young,Harvest,Folk,2018,Canada,Original 1st Press,False,Very Good Plus,Very Good,120.0,"36,617",533,351.0,0.659,61.3,11.9,7.0,2953,98.9%,Yes,Auction,2021,56.09,$76.50
2282,New Order,Technique,Electronic,2019,Netherlands,Standard Reissue,False,Good Plus,Very Good,120.0,"37,648",1256,1936.0,1.541,64.4,56.2,21.0,115,100.0%,No,Fixed Price,2025,55.55,$69.94
2283,Sufjan Stevens,Carrie & Lowell,Folk,2006,US,Standard Reissue,0,Near Mint,Very Good Plus,120.0,"41,346",489,989.0,2.022,55.1,5.4,4.0,2023,96.6%,True,Auction,2024,38.72,$52.06
2284,Funkadelic,Uncle Jam Wants You,R&B,1961,Japan,Anniversary Edition,1,Good Plus,Very Good,200g,"20,979",195,566.0,2.903,44.1,59.2,5.0,3517,100.0%,No,Fixed Price,2016,69.18,$80.99
2285,New Order,"Power, Corruption and Lies",Electronic,1966,australia,Standard Reissue,0,Good,Very Good,120.0,"32,122",949,2226.0,2.346,64.4,7.1,24.0,711,95.7%,No,Fixed Price,2019,43.28,$46.61
2286,David Bowie,Low,Electronic,1980,Brazil,Anniversary Edition,yes,Good Plus,Very Good,180g,"48,826",810,560.0,0.691,84.5,4.7,12.0,509,100.0%,No,Fixed Price,2023,47.78,$46.33
2287,The Cure,Pornography,Alternative,1986,Netherlands,Promo Copy,No,  Near Mint ,Very Good,180g,"8,598",321,610.0,1.9,34.9,83.4,52.0,1293,95.6%,Yes,Fixed Price,2016,69.75,$95.00
2288,Joni Mitchell,Blue,Folk,2019,Germany,Original 1st Press,No,Near Mint,Near Mint,180g,"27,062",743,1516.0,2.04,76.9,50.8,24.0,1857,98.1%,no,Fixed Price,2025,73.43,$109.94
2289,D'Angelo,Voodoo,R&B,2022,uk,Anniversary Edition,True,Good,Very Good Plus,180g,"30,478",169,193.0,1.142,74.8,21.8,0.0,4308,95.8%,Yes,Fixed Price,2024,49.09,$48.03
2290,My Bloody Valentine,Isn't Anything,Alternative,1986,Netherlands,Limited Colored Vinyl,True,Very Good,Near Mint,180.0,"8,174",528,394.0,0.746,31.9,68.5,40.0,1093,99.8%,0,Fixed Price,2022,58.99,$67.89
2291,Sly and the Family Stone,Stand!,Soul,2020,France,Limited Colored Vinyl,Yes,Mint,Poor,120g,"46,296",408,349.0,0.855,73.7,65.7,2.0,3072,96.0%,Yes,Auction,2025,56.39,$79.11
2292,Funkadelic,Uncle Jam Wants You,R&B,1962,Netherlands,Limited Colored Vinyl,Yes,Very Good,Good Plus,,"25,325",605,1666.0,2.754,38.0,60.2,27.0,4710,93.7%,Yes,Fixed Price,2016,58.24,$76.79
2293,Wu-Tang Clan,Enter the Wu-Tang (36 Chambers),Hip-Hop,1981,netherlands,Original 1st Press,No,Very Good,Near Mint,140.0,"26,366",536,1082.0,2.019,71.3,10.7,12.0,2374,100.0%,No,Fixed Price,2021,60.75,$59.62
2294,The Notorious B.I.G.,Life After Death,Hip-Hop,1995,Australia,Original 1st Press,0,Very Good,Poor,180.0,"16,833",102,140.0,1.373,95.3,75.0,91.0,1098,92.2%,Yes,Fixed Price,2025,90.89,$88.25
2295,Daft Punk,Random Access Memories,Electronic,1983,US,Original 1st Press,False,Very Good Plus,Very Good Plus,120g,"36,403",218,82.0,0.376,87.0,73.5,11.0,1213,95.9%,no,Fixed Price,2021,83.86,$113.72
2296,Joni Mitchell,Court and Spark,Folk,1968,japan,Test Pressing,True,Very Good,Mint,120.0,"42,290",537,196.0,0.365,75.5,28.4,11.0,4274,97.4%,No,Fixed Price,2023,74.39,$82.69
2297,Kendrick Lamar,To Pimp a Butterfly,Hip-Hop,1966,australia,Standard Reissue,no,Very Good Plus,Very Good,120g,"34,863",758,581.0,0.766,86.8,14.2,6.0,352,98.3%,no,Auction,2021,55.85,$76.02
2298,Neil Young,Harvest Moon,Folk,1966,Canada,Test Pressing,True,Very Good Plus,Near Mint,200.0,"10,554",442,1208.0,2.733,64.9,66.6,13.0,1801,98.0%,Yes,Fixed Price,2018,91.43,$126.88
2299,The Notorious B.I.G.,Life After Death,Hip-Hop,1988,,Standard Reissue,No,Very Good,Very Good,180.0,"2,296",853,173.0,0.203,93.0,76.4,3.0,593,97.5%,Yes,Fixed Price,2017,71.28,$92.69
2300,Peter Gabriel,So,Pop,1983,CANADA,Standard Reissue,False,Near Mint,,140.0,"6,841",405,879.0,2.17,58.3,48.6,12.0,2075,98.2%,False,Fixed Price,2015,61.02,$75.31
2301,Kraftwerk,The Man-Machine,Electronic,2006,France,Standard Reissue,No,Very Good Plus,Very Good Plus,180g,"2,885",176,279.0,1.585,79.1,50.9,7.0,3764,97.9%,Yes,Fixed Price,2015,66.44,$87.10
2302,Public Enemy,Fear of a Black Planet,Hip-Hop,1972,UK,Standard Reissue,No,Very Good,Very Good,140g,"35,914",1715,2611.0,1.522,74.5,17.6,13.0,87,98.6%,Yes,Fixed Price,2020,47.94,$60.85
2303,Massive Attack,Blue Lines,Electronic,1982,JAPAN,Limited Colored Vinyl,yes,Fair,Near Mint,180.0,712,949,701.0,0.739,58.5,16.8,12.0,4569,95.5%,Yes,Fixed Price,2023,52.28,$53.42
2304,The Notorious B.I.G.,Ready to Die,Hip-Hop,1986,,Original 1st Press,No,Good,Mint,140g,"18,879",81,135.0,1.667,95.5,79.8,5.0,3192,99.5%,No,Fixed Price,2022,96.20,$100.96
2305,D'Angelo,Black Messiah,R&B,1984,Brazil,Limited Colored Vinyl,True,Near Mint,Mint,180.0,"34,636",271,879.0,3.244,68.5,27.2,31.0,2969,100.0%,True,Fixed Price,2017,61.27,$94.64
2306,Daft Punk,Random Access Memories,Electronic,1979,Canada,Standard Reissue,0,Near Mint,Very Good,180.0,"37,217",147,74.0,0.503,90.3,78.2,1.0,3037,97.9%,False,Auction,2019,72.93,$81.97
2307,Anita Baker,Rapture,Soul,1995,us,Test Pressing,True,Very Good,Very Good Plus,120g,"19,685",300,898.0,2.993,23.8,51.2,45.0,2391,99.5%,0,Fixed Price,2020,69.02,$77.48
2308,The Notorious B.I.G.,Ready to Die,Hip-Hop,2004,JAPAN,Standard Reissue,False,Good,,120.0,"35,034",946,1137.0,1.202,93.1,76.2,15.0,665,94.8%,True,Auction,2022,69.49,$68.44
2309,Bob Dylan,Nashville Skyline,Folk,2020,BRAZIL,Anniversary Edition,True,Mint,,180.0,"42,898",538,1943.0,3.612,92.5,29.1,7.0,983,,False,Fixed Price,2025,65.89,$114.42
2310,Marvin Gaye,Trouble Man,Soul,2005,Australia,Standard Reissue,No,Very Good Plus,Poor,180g,"8,837",913,1579.0,1.729,93.3,53.0,10.0,4210,92.7%,Yes,Auction,2015,66.24,$68.41
2311,Beastie Boys,Paul's Boutique,Hip-Hop,1963,Netherlands,Limited Colored Vinyl,True,Mint,Poor,140.0,"30,685",454,1228.0,2.705,49.6,11.5,74.0,897,98.0%,False,Fixed Price,2023,52.14,$70.77
2312,Nina Simone,I Put a Spell on You,Jazz,1987,UK,Original 1st Press,No,Very Good,Very Good Plus,180g,"36,971",145,184.0,1.269,74.1,68.3,2.0,1652,100.0%,Yes,Fixed Price,2017,73.65,$81.69
2313,Nas,Illmatic,Hip-Hop,1989,US,Original 1st Press,No,Very Good,Good Plus,140.0,"17,405",292,638.0,2.185,69.6,16.2,1.0,3747,92.2%,No,Auction,2023,62.79,$75.94
2314,Soundgarden,Superunknown,Alternative,2013,JAPAN,Anniversary Edition,Yes,Very Good Plus,Good,120g,"8,990",189,383.0,2.026,68.6,35.2,2.0,4873,96.9%,No,Fixed Price,2020,59.31,$69.21
2315,Eminem,The Marshall Mathers LP,Hip-Hop,1966,Brazil,Original 1st Press,No,  Mint ,Good,200g,"13,070",138,232.0,1.681,100.9,16.2,25.0,481,95.2%,False,Fixed Price,2018,78.79,$115.24
2316,Metallica,Ride the Lightning,Rock,1986,brazil,Promo Copy,No,Very Good Plus,Very Good,180.0,"21,271",298,263.0,0.883,95.2,20.5,1.0,4122,97.3%,yes,Fixed Price,2016,62.20,$79.31
2317,Joy Division,Unknown Pleasures,Alternative,2005,France,Promo Copy,No,  Near Mint ,Mint,180g,"44,169",83,144.0,1.735,40.6,69.7,32.0,405,,No,Fixed Price,2020,61.29,$88.48
2318,Radiohead,OK Computer,Alternative,2006,Canada,Standard Reissue,No,Near Mint,Good Plus,120g,"23,933",3858,7059.0,1.83,78.7,54.1,58.0,4505,99.5%,0,Fixed Price,2020,65.79,$94.81
2319,Arctic Monkeys,AM,Alternative,1981,France,Anniversary Edition,Yes,Very Good,Near Mint,120.0,"35,224",330,173.0,0.524,64.2,26.0,25.0,4999,96.4%,No,Fixed Price,2017,53.31,$66.67
2320,N.W.A,Straight Outta Compton,Hip-Hop,1978,Germany,Anniversary Edition,Yes,Very Good Plus,Very Good,180g,"11,506",228,540.0,2.368,62.1,40.5,28.0,2223,100.0%,Yes,Fixed Price,2020,58.95,$74.97
2321,Portishead,Dummy,Electronic,2022,Australia,Standard Reissue,No,Very Good Plus,,120.0,"19,758",1727,3940.0,2.281,84.5,23.4,13.0,814,96.6%,Yes,Fixed Price,2024,56.14,$64.47
2322,Stevie Wonder,Talking Book,Soul,1984,CANADA,Promo Copy,no,Good,Good Plus,180g,"49,917",617,1182.0,1.916,88.2,42.1,18.0,1744,96.4%,True,Fixed Price,2019,68.17,$64.25
2323,Jimi Hendrix,Axis: Bold as Love,Rock,1987,Australia,Limited Colored Vinyl,Yes,Good Plus,Good,180.0,"25,807",620,1412.0,2.277,74.8,40.5,68.0,2853,97.5%,No,Fixed Price,2022,68.18,$71.61
2324,Pearl Jam,Ten,Alternative,2018,JAPAN,Limited Colored Vinyl,True,Very Good,Near Mint,120.0,"43,923",638,976.0,1.53,65.5,71.9,0.0,250,99.0%,no,Fixed Price,2020,73.53,$95.19
2325,Sufjan Stevens,Michigan,Folk,1964,netherlands,Standard Reissue,0,Near Mint,Very Good,120.0,"32,528",661,86.0,0.13,52.1,35.0,16.0,4866,100.0%,yes,Auction,2017,44.07,$58.25
2326,Kendrick Lamar,DAMN.,Hip-Hop,1996,Netherlands,Standard Reissue,No,Near Mint,Near Mint,180g,"39,683",747,1160.0,1.553,90.8,77.4,14.0,3927,93.5%,No,Fixed Price,2023,73.05,$108.45
2327,Tame Impala,The Slow Rush,Alternative,1985,Netherlands,Standard Reissue,No,Very Good Plus,Good Plus,120.0,"17,400",781,1209.0,1.548,60.8,76.7,15.0,1275,97.7%,False,Fixed Price,2023,63.94,$71.52
2328,The Beach Boys,Surf's Up,Pop,1977,canada,Standard Reissue,No,Near Mint,Mint,180g,"15,704",1408,829.0,0.589,85.6,26.2,15.0,2152,88.5%,No,Fixed Price,2025,55.37,$88.72
2329,Eminem,The Marshall Mathers LP,Hip-Hop,2007,Brazil,Standard Reissue,No,Poor,Very Good Plus,180g,"17,660",1340,2842.0,2.121,98.1,8.8,2.0,102,97.9%,Yes,Auction,2021,56.09,$46.48
2330,The Notorious B.I.G.,Ready to Die,Hip-Hop,1969,France,Original 1st Press,False,Near Mint,Good Plus,180.0,"16,592",146,293.0,2.007,95.7,83.0,43.0,190,90.1%,1,Auction,2019,93.48,$98.67
2331,Daft Punk,Random Access Memories,Electronic,1990,Germany,Anniversary Edition,Yes,Near Mint,Very Good,200.0,"3,221",114,42.0,0.368,87.8,75.8,6.0,2631,96.5%,No,Fixed Price,2018,68.59,$98.41
2332,Soundgarden,Badmotorfinger,Alternative,2017,Australia,Anniversary Edition,True,Very Good Plus,,180g,"3,687",1503,2939.0,1.955,69.5,72.6,30.0,4985,93.7%,Yes,Fixed Price,2020,74.58,$94.53
2333,Funkadelic,Maggot Brain,R&B,2001,Japan,Limited Colored Vinyl,yes,Near Mint,Good,120.0,"14,905",917,1918.0,2.092,43.0,58.7,,1118,,Yes,Fixed Price,2024,57.30,$74.17
2334,U2,War,Rock,1991,GERMANY,Standard Reissue,No,Fair,Near Mint,180.0,"2,157",260,98.0,0.377,83.5,16.4,18.0,3354,96.2%,No,Auction,2017,54.32,$39.96
2335,The Beatles,Abbey Road,Rock,1991,UK,Original 1st Press,No,  Very Good ,Near Mint,140g,"37,429",152,237.0,1.559,88.4,69.3,3.0,2633,97.8%,True,Fixed Price,2019,88.02,$112.99
2336,Tom Petty,Wildflowers,Rock,1982,GERMANY,Standard Reissue,No,Very Good,Very Good Plus,200.0,"23,874",858,1936.0,2.256,19.4,75.3,18.0,2544,100.0%,yes,Auction,2025,48.12,$73.89
2337,The Notorious B.I.G.,Life After Death,Hip-Hop,1989,Australia,Anniversary Edition,Yes,Near Mint,Near Mint,200.0,"21,258",996,1445.0,1.451,93.1,67.5,40.0,3280,99.8%,No,Auction,2022,71.43,$100.89
2338,Fleetwood Mac,Tusk,Rock,1971,UK,Standard Reissue,0,Near Mint,Good Plus,120g,"9,481",603,430.0,0.713,87.7,33.7,56.0,2940,95.2%,0,Fixed Price,2019,65.12,$81.75
2339,Sufjan Stevens,Carrie & Lowell,Folk,1974,netherlands,Limited Colored Vinyl,True,Good,Very Good Plus,140.0,"4,801",951,2346.0,2.467,51.9,12.7,4.0,2086,100.0%,0,Fixed Price,2017,52.97,$46.07
2340,Duran Duran,Rio,Pop,1985,Germany,Original 1st Press,No,Very Good Plus,Very Good,200.0,"16,309",132,264.0,2.0,72.7,45.8,9.0,4825,94.1%,No,Fixed Price,2019,80.97,$108.15
2341,Outkast,ATLiens,Hip-Hop,1976,Netherlands,Original 1st Press,0,Very Good Plus,Good,120g,"21,467",329,334.0,1.015,70.7,68.5,13.0,2081,100.0%,0,Fixed Price,2024,75.79,$102.78
2342,David Bowie,Let's Dance,Pop,1987,Japan,Test Pressing,1,Poor,Mint,140.0,"22,664",373,1040.0,2.788,83.8,36.8,6.0,1262,92.5%,False,Fixed Price,2017,85.56,$81.29
2343,Radiohead,OK Computer,Alternative,1972,Canada,Anniversary Edition,Yes,Very Good Plus,Very Good Plus,120g,"49,739",1029,465.0,0.452,84.8,52.8,27.0,2350,100.0%,True,Fixed Price,2019,62.56,$69.67
2344,Bob Dylan,Blonde on Blonde,Folk,2003,UK,Standard Reissue,No,Very Good Plus,Good,200g,"6,938",122,293.0,2.402,91.8,33.6,14.0,4770,97.4%,Yes,Fixed Price,2025,69.09,$86.66
2345,Radiohead,The Bends,Alternative,2018,UK,Limited Colored Vinyl,Yes,Very Good Plus,Good Plus,180g,"30,774",152,138.0,0.908,87.4,43.1,38.0,1609,96.9%,No,Auction,2020,68.50,$75.12
2346,De La Soul,3 Feet High and Rising,Hip-Hop,2009,UK,Limited Colored Vinyl,Yes,Very Good,Very Good Plus,140.0,"15,295",312,311.0,0.997,73.3,51.0,30.0,1964,94.6%,Yes,Fixed Price,2025,67.72,$84.53
2347,Midnight Oil,Blue Sky Mining,Rock,2002,France,Standard Reissue,No,Very Good,Very Good,120.0,"6,561",1023,965.0,0.943,25.1,38.9,60.0,2413,98.3%,False,Fixed Price,2015,44.61,$55.40
2348,D'Angelo,Black Messiah,R&B,2009,UK,Limited Colored Vinyl,Yes,Very Good Plus,Good Plus,120g,"45,306",359,323.0,0.9,74.1,22.7,54.0,523,93.7%,No,Auction,2025,57.92,$65.95
2349,Neil Young,On the Beach,Folk,2016,Brazil,Limited Colored Vinyl,Yes,Near Mint,Very Good Plus,140.0,"37,043",685,2367.0,3.455,61.6,53.2,12.0,1358,99.2%,True,Auction,2020,62.34,$90.47
2350,Sufjan Stevens,Illinois,Folk,1963,Germany,Standard Reissue,No,Very Good Plus,Near Mint,140g,"14,173",1098,2284.0,2.08,58.9,40.0,37.0,1331,98.2%,True,Fixed Price,2019,51.98,$71.92
2351,Tame Impala,Lonerism,Alternative,1984,US,Standard Reissue,No,Good Plus,Good,200g,"32,109",439,218.0,0.497,60.2,31.6,7.0,2277,95.2%,Yes,Fixed Price,2020,50.63,$48.27
2352,Beastie Boys,Paul's Boutique,Hip-Hop,1963,Germany,Test Pressing,yes,Very Good Plus,Near Mint,140.0,"45,373",393,224.0,0.57,54.9,2.9,25.0,1598,93.2%,No,Fixed Price,2015,55.58,$71.06
2353,Interpol,Antics,Alternative,1972,canada,Standard Reissue,No,  Very Good Plus ,Very Good,140g,"39,687",1083,1558.0,1.439,16.1,3.7,0.0,4438,95.0%,yes,Fixed Price,2019,20.97,$25.37
2354,Guns N' Roses,Appetite for Destruction,Rock,1999,Canada,Anniversary Edition,1,Near Mint,Near Mint,180.0,"5,384",800,2377.0,2.971,84.4,57.5,26.0,3974,96.8%,1,Fixed Price,2017,75.55,$112.25
2355,AC/DC,Powerage,Rock,1972,Japan,Standard Reissue,no,Good,Near Mint,120g,"22,431",582,90.0,0.155,90.0,33.2,9.0,1190,100.0%,1,Auction,2022,55.59,$58.43
2356,R.E.M.,Automatic for the People,Alternative,1970,France,Limited Colored Vinyl,1,Mint,Near Mint,180.0,"1,641",983,2115.0,2.152,59.1,69.5,16.0,2838,92.0%,No,Auction,2024,70.91,$112.77
2357,Joni Mitchell,Court and Spark,Folk,1980,France,Anniversary Edition,Yes,Very Good,Near Mint,180.0,"11,129",471,95.0,0.202,75.3,27.9,18.0,866,98.7%,Yes,Fixed Price,2024,58.50,$66.83
2358,D'Angelo,Voodoo,R&B,1977,Canada,Standard Reissue,False,Very Good Plus,Poor,120g,"3,858",462,470.0,1.017,73.1,24.1,12.0,3586,100.0%,No,Fixed Price,2015,55.79,$57.03
2359,Led Zeppelin,Physical Graffiti,Rock,2006,Germany,Anniversary Edition,1,Very Good Plus,Very Good Plus,140.0,"16,991",1045,1972.0,1.887,92.2,56.7,10.0,3834,100.0%,No,Fixed Price,2022,73.93,$95.77
2360,David Bowie,Hunky Dory,Rock,2017,US,Original 1st Press,No,Very Good Plus,Near Mint,140.0,"48,336",864,1674.0,1.938,89.7,87.7,10.0,3996,91.8%,0,Auction,2023,90.99,$146.57
2361,Massive Attack,Protection,Electronic,2015,Canada,Limited Colored Vinyl,1,Good,Mint,140.0,"26,023",120,282.0,2.35,60.8,19.1,31.0,728,100.0%,Yes,Fixed Price,2020,53.38,$45.21
2362,Joni Mitchell,Hejira,Folk,1976,US,Standard Reissue,False,Very Good,Mint,120.0,"5,254",885,2057.0,2.324,74.0,51.1,69.0,733,96.6%,Yes,Fixed Price,2017,69.27,$81.89
2363,Michael Jackson,Dangerous,Pop,1972,GERMANY,Original 1st Press,No,Good Plus,Very Good Plus,120g,"37,463",356,276.0,0.775,95.9,27.0,1.0,86,93.1%,yes,Fixed Price,2016,79.43,$80.05
2364,Bjork,Homogenic,Electronic,1972,canada,Standard Reissue,no,Very Good Plus,Very Good Plus,180g,"45,252",1392,3329.0,2.392,71.3,23.3,11.0,3481,98.5%,No,Fixed Price,2023,36.66,$47.75
2365,Alicia Keys,Songs in A Minor,R&B,2009,UK,Limited Colored Vinyl,Yes,Good,Very Good,120g,372,737,1725.0,2.341,72.5,4.2,92.0,2994,95.0%,No,Fixed Price,2019,53.65,$57.97
2366,The White Stripes,White Blood Cells,Alternative,2020,france,Standard Reissue,No,Mint,Mint,200g,"16,315",297,522.0,1.758,65.9,41.7,23.0,2207,94.1%,No,Fixed Price,2023,59.37,$89.31
2367,Nirvana,In Utero,Alternative,1984,US,Standard Reissue,No,Near Mint,Near Mint,180g,"22,965",1263,1744.0,1.381,97.5,59.3,3.0,3532,97.9%,No,Fixed Price,2017,74.01,$82.31
2368,Metallica,Master of Puppets,Rock,2021,NETHERLANDS,Standard Reissue,No,Very Good Plus,Very Good,140g,"11,820",925,199.0,0.215,97.2,71.9,39.0,3183,100.0%,Yes,Fixed Price,2021,68.61,$99.94
2369,David Bowie,Low,Electronic,2003,France,Anniversary Edition,yes,Very Good Plus,Mint,180g,"20,057",246,855.0,3.476,89.5,-0.4,53.0,2340,97.6%,No,Auction,2019,56.64,$81.56
2370,The Beach Boys,Wild Honey,Pop,2008,JAPAN,Original 1st Press,No,Mint,Very Good,180.0,"37,411",101,63.0,0.624,79.5,26.8,1.0,463,100.0%,0,Auction,2019,65.17,$96.33
2371,Massive Attack,Mezzanine,Electronic,1964,BRAZIL,Standard Reissue,No,Very Good,Very Good,180g,"40,534",807,1709.0,2.118,55.5,67.7,18.0,1237,96.3%,Yes,Fixed Price,2020,58.19,$65.43
2372,Bjork,Debut,Electronic,2011,japan,Promo Copy,No,Very Good,Good Plus,140g,"21,024",110,131.0,1.191,74.6,62.0,3.0,1820,90.4%,No,Fixed Price,2019,71.85,$85.99
2373,Interpol,Antics,Alternative,1985,BRAZIL,Standard Reissue,0,Good Plus,Near Mint,140.0,"47,873",1370,2035.0,1.485,19.2,4.7,2.0,1556,99.9%,0,Fixed Price,2016,23.37,$30.76
2374,Simon & Garfunkel,Sounds of Silence,Folk,2015,US,Standard Reissue,No,Near Mint,Very Good Plus,180g,"23,139",1056,2436.0,2.307,68.1,42.2,44.0,4677,98.8%,No,Fixed Price,2024,53.19,$79.01
2375,David Bowie,Aladdin Sane,Rock,1989,,Standard Reissue,0,Mint,Poor,140.0,"49,097",1315,1050.0,0.798,86.8,70.9,21.0,633,94.4%,No,Fixed Price,2022,60.01,$71.37
2376,Snoop Dogg,Doggystyle,Hip-Hop,1994,Brazil,Original 1st Press,No,Near Mint,Good Plus,180.0,"20,560",350,198.0,0.566,74.5,32.7,4.0,1093,91.9%,False,Fixed Price,2019,66.60,$82.63
2377,De La Soul,3 Feet High and Rising,Hip-Hop,1982,Japan,Standard Reissue,No,Very Good Plus,Very Good Plus,180.0,"7,087",867,1533.0,1.768,73.9,37.2,9.0,2793,97.6%,Yes,Fixed Price,2024,60.08,$80.02
2378,R.E.M.,Automatic for the People,Alternative,1993,brazil,Limited Colored Vinyl,Yes,Good Plus,Near Mint,140.0,"31,975",655,239.0,0.365,62.1,68.3,7.0,2449,100.0%,Yes,Fixed Price,2025,61.43,$66.15
2379,Frank Ocean,Blonde,R&B,1970,Australia,Limited Colored Vinyl,1,Good Plus,Near Mint,200.0,"11,295",513,351.0,0.684,99.6,34.0,,4922,91.4%,No,Fixed Price,2017,68.47,$77.58
2380,Neil Young,Harvest Moon,Folk,1987,Japan,Standard Reissue,False,Very Good Plus,Good Plus,180.0,"20,981",287,86.0,0.3,65.8,71.1,69.0,4676,97.5%,0,Fixed Price,2017,60.96,$77.32
2381,Radiohead,A Moon Shaped Pool,Alternative,1961,,Anniversary Edition,1,Very Good Plus,Very Good Plus,120.0,"39,306",489,1073.0,2.194,83.4,52.3,2.0,2717,,1,Fixed Price,2016,67.25,$99.18
2382,Prince,Around the World in a Day,R&B,1967,Japan,Standard Reissue,No,Very Good Plus,Very Good,120g,"47,871",475,264.0,0.556,91.0,39.9,48.0,3999,100.0%,yes,Fixed Price,2019,53.86,$69.15
2383,Funkadelic,Cosmic Slop,R&B,1978,Canada,Promo Copy,No,Very Good Plus,Mint,180.0,"41,959",638,1515.0,2.375,42.4,22.4,40.0,178,100.0%,no,Fixed Price,2021,45.32,$60.30
2384,New Order,Low Life,Electronic,2020,us,Promo Copy,no,Very Good,Good,140.0,"9,153",86,45.0,0.523,67.0,46.8,0.0,3456,,0,Auction,2021,58.16,$79.60
2385,R.E.M.,Document,Alternative,1967,US,Limited Colored Vinyl,Yes,Very Good,Very Good,180.0,"5,346",478,1003.0,2.098,63.3,27.7,24.0,2345,98.5%,no,Fixed Price,2018,64.19,$81.78
2386,Funkadelic,Free Your Mind,R&B,2016,Brazil,Standard Reissue,0,Very Good,Very Good,180g,"15,363",391,807.0,2.064,44.1,62.3,27.0,728,98.7%,No,Fixed Price,2022,58.61,$77.32
2387,Public Enemy,It Takes a Nation of Millions to Hold Us Back,Hip-Hop,2008,germany,Standard Reissue,no,Very Good Plus,Mint,180g,"1,588",2154,2384.0,1.107,74.2,41.1,7.0,1331,100.0%,1,Fixed Price,2019,56.26,$77.92
2388,Outkast,Southernplayalisticadillacmuzik,Hip-Hop,1976,US,Original 1st Press,False,Poor,Very Good Plus,120.0,"39,970",33,52.0,1.576,75.7,36.3,14.0,508,91.9%,Yes,Fixed Price,2017,74.55,$58.03
2389,Kendrick Lamar,To Pimp a Butterfly,Hip-Hop,2002,AUSTRALIA,Original 1st Press,No,Very Good Plus,Mint,180.0,"19,353",549,1255.0,2.286,92.9,15.0,0.0,1272,99.9%,False,Fixed Price,2023,75.75,$88.94
2390,Al Green,I'm Still in Love with You,Soul,2020,Brazil,Standard Reissue,False,Fair,Mint,140g,"2,404",184,26.0,0.141,63.4,24.4,7.0,4876,98.0%,Yes,Auction,2023,48.04,$44.46
2391,Brian Eno,Another Green World,Electronic,1979,US,Standard Reissue,No,Good,Mint,140.0,"12,237",410,984.0,2.4,42.4,18.7,7.0,66,,0,Fixed Price,2024,48.17,$63.96
2392,Joanna Newsom,Ys,Folk,2005,France,Anniversary Edition,1,Near Mint,Near Mint,140.0,"49,819",113,143.0,1.265,30.9,35.5,13.0,985,93.5%,No,Fixed Price,2018,42.72,$58.98
2393,Dave Brubeck,Time Out,Jazz,2012,Brazil,Standard Reissue,no,Near Mint,,140g,"12,281",679,379.0,0.558,26.6,32.6,8.0,4331,99.9%,1,Fixed Price,2020,41.93,$64.05
2394,Miles Davis,Kind of Blue,Jazz,1996,Canada,Standard Reissue,No,Very Good Plus,Near Mint,140.0,"26,837",505,743.0,1.471,81.6,31.8,5.0,469,94.2%,False,Auction,2021,62.88,$86.82
2395,The Beach Boys,Wild Honey,Pop,2001,france,Limited Colored Vinyl,Yes,Fair,Mint,140g,"20,937",328,975.0,2.973,85.1,27.3,3.0,3883,99.4%,Yes,Fixed Price,2018,62.68,$52.98
2396,The Smiths,"Strangeways, Here We Come",Alternative,1979,Netherlands,Standard Reissue,False,Good Plus,,200.0,"7,709",522,690.0,1.322,46.2,38.0,60.0,4127,88.4%,No,Fixed Price,2016,44.20,$49.49
2397,Kraftwerk,Computer World,Electronic,1966,Australia,Standard Reissue,0,Very Good Plus,Good Plus,140g,"18,880",624,348.0,0.558,79.8,28.5,18.0,419,96.4%,no,Fixed Price,2021,54.79,$75.92
2398,The Clash,Combat Rock,Rock,2019,Japan,Standard Reissue,No,Very Good Plus,Mint,120.0,"15,186",1316,414.0,0.315,67.2,35.2,5.0,807,97.3%,True,Fixed Price,2023,49.81,$67.52
2399,The Clash,London Calling,Rock,1962,Germany,Standard Reissue,False,Mint,Very Good,120.0,"49,301",974,903.0,0.927,74.3,8.5,10.0,3810,96.7%,Yes,Fixed Price,2017,40.56,$58.56
2400,The Strokes,Is This It,Alternative,1971,Australia,Standard Reissue,No,Very Good Plus,Very Good,180.0,"17,802",2368,5310.0,2.242,71.7,23.2,14.0,4864,89.1%,Yes,Fixed Price,2015,58.04,$74.08
2401,Outkast,Southernplayalisticadillacmuzik,Hip-Hop,2010,US,Test Pressing,Yes,Mint,Good,200g,"6,204",410,1275.0,3.11,69.6,38.1,50.0,561,96.6%,0,Fixed Price,2025,85.07,$148.97
2402,Johnny Cash,At Folsom Prison,Country,2015,US,Anniversary Edition,1,Very Good Plus,Good,140g,"30,913",118,242.0,2.051,96.9,59.9,0.0,2326,96.1%,Yes,Fixed Price,2017,83.22,$92.18
2403,Neil Young,On the Beach,Folk,2012,Germany,Promo Copy,No,Good Plus,Very Good Plus,180g,"42,430",205,181.0,0.883,63.4,48.5,39.0,4854,99.4%,Yes,Fixed Price,2025,63.69,$64.81
2404,Public Enemy,Fear of a Black Planet,Hip-Hop,2002,Australia,Limited Colored Vinyl,Yes,Good Plus,Fair,180.0,"5,642",362,976.0,2.696,72.7,18.5,5.0,2259,92.2%,True,Fixed Price,2023,57.21,$62.17
2405,Erykah Badu,Mama's Gun,R&B,1979,US,Original 1st Press,No,Very Good Plus,Mint,140g,"8,977",569,1075.0,1.889,76.7,22.9,28.0,4040,99.2%,Yes,Fixed Price,2015,77.28,$106.20
2406,Portishead,Third,Electronic,2022,Australia,Limited Colored Vinyl,Yes,Very Good Plus,Fair,120g,"6,120",741,1649.0,2.225,80.1,8.8,2.0,848,100.0%,False,Fixed Price,2024,66.23,$81.97
2407,Arctic Monkeys,"Whatever People Say I Am, That's What I'm Not",Alternative,1993,Canada,Promo Copy,No,Very Good Plus,Very Good Plus,200g,"12,350",817,1381.0,1.69,61.8,28.7,15.0,526,,1,Fixed Price,2022,63.93,$82.06
2408,Red Hot Chili Peppers,Californication,Alternative,1979,US,Standard Reissue,No,Near Mint,Good,140g,"34,484",663,932.0,1.406,67.8,46.9,7.0,1942,94.9%,True,Fixed Price,2016,59.01,$85.24
2409,Burning Spear,Marcus Garvey,Reggae,1961,Brazil,Standard Reissue,No,Near Mint,Very Good,140g,"13,931",541,85.0,0.157,21.7,32.1,5.0,2094,96.1%,No,Auction,2020,33.04,$46.83
2410,David Bowie,Heroes,Rock,1965,UK,Promo Copy,No,Very Good Plus,Good Plus,140.0,"8,975",243,355.0,1.461,89.3,8.1,7.0,314,93.1%,No,Fixed Price,2022,62.37,$69.12
2411,The Notorious B.I.G.,Life After Death,Hip-Hop,1965,,Standard Reissue,False,Good Plus,Mint,120g,"17,704",558,1094.0,1.961,97.2,65.3,11.0,4520,96.2%,Yes,Fixed Price,2020,77.75,$87.13
2412,The Rolling Stones,Exile on Main St.,Rock,1995,UK,Standard Reissue,No,Very Good Plus,Very Good Plus,120.0,"4,872",448,1042.0,2.326,93.7,13.5,0.0,4025,96.2%,False,Auction,2020,58.73,$78.50
2413,Paul Simon,So Beautiful or So What,Folk,1964,Japan,Standard Reissue,0,Very Good Plus,Near Mint,120.0,"47,243",582,871.0,1.497,72.3,35.5,36.0,583,93.7%,0,Fixed Price,2023,49.97,$73.02
2414,Arctic Monkeys,Favourite Worst Nightmare,Alternative,1998,UK,Promo Copy,False,Very Good Plus,Good,140.0,"41,261",489,517.0,1.057,56.2,59.6,7.0,442,98.3%,yes,Fixed Price,2023,63.62,$73.01
2415,Daft Punk,Discovery,Electronic,1972,Germany,Standard Reissue,No,Good Plus,Very Good,140g,"31,040",664,141.0,0.212,83.9,72.2,21.0,2178,92.0%,False,Fixed Price,2018,66.80,$72.10
2416,Funkadelic,Maggot Brain,R&B,2021,Netherlands,Original 1st Press,No,Good Plus,Very Good Plus,200g,"6,085",187,75.0,0.401,43.2,58.8,,2379,,False,Fixed Price,2021,63.41,$88.99
2417,New Order,Technique,Electronic,2009,us,Standard Reissue,No,Very Good,Very Good,120g,"8,095",168,259.0,1.542,67.8,56.5,13.0,269,98.7%,Yes,Fixed Price,2020,60.92,$73.12
2418,Sly and the Family Stone,There's a Riot Goin' On,Soul,1963,Canada,Limited Colored Vinyl,Yes,  Good Plus ,Near Mint,200.0,"20,101",392,507.0,1.293,67.1,30.6,31.0,2932,96.6%,Yes,Fixed Price,2025,67.56,$78.76
2419,The Rolling Stones,Beggars Banquet,Rock,1975,uk,Promo Copy,0,Mint,Good Plus,140g,"41,620",61,138.0,2.262,92.3,37.4,22.0,3357,96.0%,Yes,Fixed Price,2019,67.39,$89.96
2420,Outkast,Southernplayalisticadillacmuzik,Hip-Hop,1967,UK,Standard Reissue,No,Good,Very Good Plus,120.0,"32,610",584,919.0,1.574,67.3,36.7,11.0,3760,96.2%,Yes,Fixed Price,2019,55.97,$57.57
2421,The Beatles,Rubber Soul,Rock,1961,US,Standard Reissue,No,Good Plus,Very Good Plus,120g,"18,370",457,508.0,1.112,90.9,19.4,53.0,4773,92.5%,1,Fixed Price,2019,59.27,$63.39
2422,Neil Young,Comes a Time,Folk,1967,Australia,Standard Reissue,no,Very Good Plus,Very Good,,"18,829",348,504.0,1.448,65.5,21.1,3.0,2293,100.0%,No,Fixed Price,2017,47.05,$60.60
2423,Dolly Parton,Coat of Many Colors,Country,1999,Germany,Standard Reissue,No,Very Good Plus,Very Good,,"47,145",415,760.0,1.831,59.6,77.9,4.0,3266,94.8%,No,Auction,2023,65.01,$84.41
2424,Guns N' Roses,Use Your Illusion I,Rock,1996,japan,Anniversary Edition,Yes,Very Good Plus,Good Plus,140g,"21,168",162,538.0,3.321,90.9,19.3,,1709,95.9%,Yes,Auction,2019,61.07,$63.55
2425,Michael Jackson,Bad,Pop,1988,Brazil,Limited Colored Vinyl,Yes,Good,Good Plus,120.0,"14,173",570,720.0,1.263,96.0,32.7,22.0,3808,100.0%,yes,Fixed Price,2020,64.39,$54.91
2426,David Bowie,Station to Station,Rock,1982,japan,Original 1st Press,no,Very Good,Very Good,120g,831,283,348.0,1.23,85.2,15.3,2.0,3018,94.4%,Yes,Fixed Price,2018,69.55,$82.35
2427,Burning Spear,Marcus Garvey,Reggae,1964,,Limited Colored Vinyl,Yes,Very Good,Very Good Plus,180.0,"46,736",492,423.0,0.86,26.5,27.1,13.0,3572,96.4%,No,Fixed Price,2017,38.31,$47.07
2428,The Rolling Stones,Tattoo You,Rock,1975,Germany,Test Pressing,Yes,Very Good Plus,Mint,180.0,"11,960",591,2163.0,3.66,97.1,40.2,21.0,2879,96.3%,Yes,Fixed Price,2015,88.80,$117.73
2429,Norah Jones,Little Broken Hearts,Jazz,1985,Australia,Promo Copy,No,Good Plus,Near Mint,140.0,"5,569",189,271.0,1.434,61.1,23.0,10.0,2721,97.7%,0,Fixed Price,2020,56.30,$68.48
2430,The Rolling Stones,Let It Bleed,Rock,2008,US,Standard Reissue,0,Near Mint,Very Good,200g,"26,908",96,88.0,0.917,88.6,20.2,3.0,4425,91.6%,False,Fixed Price,2016,57.95,$75.22
2431,Kraftwerk,The Man-Machine,Electronic,2000,France,Limited Colored Vinyl,Yes,Very Good Plus,Very Good,140.0,"6,754",667,1607.0,2.409,81.4,49.7,31.0,174,95.5%,Yes,Fixed Price,2023,72.06,$79.48
2432,Radiohead,In Rainbows,Alternative,1981,UK,Standard Reissue,no,Very Good,Fair,140g,"21,490",526,899.0,1.709,86.7,21.5,7.0,1107,97.7%,No,Fixed Price,2022,52.80,$50.89
2433,Talking Heads,Fear of Music,Alternative,1987,brazil,Original 1st Press,No,  Very Good Plus ,Near Mint,200g,"19,737",180,150.0,0.833,80.6,26.9,56.0,3451,99.7%,True,Fixed Price,2020,65.28,$81.20
2434,Prince,Around the World in a Day,R&B,1998,Australia,Standard Reissue,no,Mint,Very Good Plus,180g,"5,527",699,691.0,0.989,87.8,45.2,5.0,182,96.3%,no,Auction,2022,65.23,$111.43
2435,Bjork,Post,Electronic,1971,BRAZIL,Original 1st Press,0,Near Mint,Good Plus,140.0,"42,561",157,81.0,0.516,70.7,61.9,11.0,2069,100.0%,No,Fixed Price,2025,72.55,$97.70
2436,Dolly Parton,Coat of Many Colors,Country,1970,uk,Standard Reissue,No,Very Good,,120.0,"21,662",2315,4627.0,1.999,65.4,76.6,5.0,4351,96.0%,No,Fixed Price,2018,65.88,$95.00
2437,Radiohead,A Moon Shaped Pool,Alternative,1980,France,Standard Reissue,0,Very Good,Good,180.0,"47,288",529,338.0,0.639,83.3,61.0,3.0,2538,,No,Fixed Price,2016,65.39,$71.42
2438,Soundgarden,Badmotorfinger,Alternative,2001,UK,Standard Reissue,no,Near Mint,Very Good Plus,120g,"42,100",48,45.0,0.938,66.0,72.4,3.0,1099,96.3%,True,Fixed Price,2025,63.30,$90.68
2439,Tame Impala,Lonerism,Alternative,1972,Brazil,Standard Reissue,No,Good Plus,Very Good Plus,,"21,055",652,722.0,1.107,56.0,36.4,80.0,980,93.7%,No,Fixed Price,2021,51.48,$57.28
2440,Johnny Cash,American IV: The Man Comes Around,Country,1965,France,Original 1st Press,No,Near Mint,Very Good Plus,180g,"27,794",256,571.0,2.23,93.5,55.1,13.0,2335,96.6%,False,Fixed Price,2025,79.82,$119.04
2441,Dolly Parton,Jolene,Country,1971,US,Limited Colored Vinyl,Yes,Very Good Plus,Very Good,120.0,"40,149",759,2208.0,2.909,64.5,43.6,15.0,4104,99.3%,no,Fixed Price,2019,64.16,$78.93
2442,The Beach Boys,Wild Honey,Pop,1975,FRANCE,Limited Colored Vinyl,Yes,Very Good Plus,Good Plus,120.0,"15,504",93,251.0,2.699,80.1,30.5,49.0,209,93.7%,No,Fixed Price,2020,65.83,$74.67
2443,Neil Young,Rust Never Sleeps,Folk,1998,Japan,Anniversary Edition,Yes,Good,Good Plus,200.0,"10,695",590,,1.703,62.0,52.8,43.0,452,95.4%,No,Fixed Price,2020,63.92,$53.08
2444,Prince,Sign o' the Times,R&B,1964,Brazil,Promo Copy,False,  Very Good Plus ,Very Good Plus,120g,"19,825",954,1930.0,2.023,93.3,41.7,,4605,100.0%,False,Fixed Price,2023,73.01,$98.63
2445,Eminem,The Marshall Mathers LP,Hip-Hop,1999,japan,Original 1st Press,0,Mint,Good Plus,140.0,"21,446",580,248.0,0.428,103.1,12.6,33.0,775,93.0%,Yes,Fixed Price,2020,78.17,$110.96
2446,Dolly Parton,Jolene,Country,1964,FRANCE,Limited Colored Vinyl,Yes,Very Good Plus,Good,180g,"1,000",528,363.0,0.688,62.2,40.3,18.0,3306,97.3%,Yes,Fixed Price,2024,65.42,$76.09
2447,Parliament,Chocolate City,R&B,2020,France,Promo Copy,No,Near Mint,Fair,120g,"42,420",180,236.0,1.311,46.2,45.2,6.0,1418,95.4%,No,Fixed Price,2022,57.85,$88.70
2448,Junior Murvin,Police and Thieves,Reggae,2021,Netherlands,Anniversary Edition,Yes,Good,,180g,"39,902",112,204.0,1.821,18.3,34.0,6.0,2561,94.1%,Yes,Auction,2025,38.79,$39.10
2449,The Rolling Stones,Some Girls,Rock,2005,BRAZIL,Original 1st Press,No,Good Plus,Very Good,120.0,"34,485",445,927.0,2.083,91.2,42.8,71.0,1896,93.1%,No,Fixed Price,2025,75.48,$84.46
2450,Sly and the Family Stone,Fresh,Soul,1962,France,Standard Reissue,No,Near Mint,Mint,140g,"13,303",853,785.0,0.92,75.6,63.0,13.0,817,94.4%,Yes,Fixed Price,2019,65.49,$99.77
2451,Arctic Monkeys,"Whatever People Say I Am, That's What I'm Not",Alternative,1988,germany,Anniversary Edition,Yes,Very Good,Poor,140.0,"19,434",295,918.0,3.112,58.1,30.9,10.0,1551,98.7%,0,Auction,2015,54.43,$72.51
2452,Funkadelic,Uncle Jam Wants You,R&B,1995,japan,Standard Reissue,no,  Very Good Plus ,Very Good,120g,"39,156",1597,3812.0,2.387,46.8,61.0,15.0,1781,92.6%,no,Fixed Price,2019,49.93,$69.47
2453,Jane's Addiction,Nothing's Shocking,Alternative,1977,France,Standard Reissue,No,Very Good,Good Plus,180.0,331,329,355.0,1.079,27.5,16.3,11.0,3212,96.6%,Yes,Fixed Price,2021,40.50,$43.15
2454,Pearl Jam,Ten,Alternative,2001,Canada,Standard Reissue,No,Good Plus,Good Plus,140g,"35,153",198,255.0,1.288,66.2,66.7,17.0,669,100.0%,No,Fixed Price,2016,61.75,$66.37
2455,Bon Iver,"For Emma, Forever Ago",Folk,1964,canada,Anniversary Edition,True,Near Mint,Very Good Plus,180g,"36,363",342,333.0,0.974,41.5,12.5,32.0,1634,91.8%,No,Fixed Price,2025,40.65,$57.00
2456,Peter Gabriel,So,Pop,1984,,Standard Reissue,No,Good Plus,Very Good Plus,180g,"13,271",897,1617.0,1.803,61.5,47.9,11.0,277,94.2%,No,Fixed Price,2019,64.22,$80.47
2457,John Coltrane,Giant Steps,Jazz,2018,Germany,Test Pressing,yes,Near Mint,Very Good,120g,"1,094",17,38.0,2.235,79.3,76.7,17.0,4460,95.2%,No,Auction,2022,99.16,$143.07
2458,Nas,Illmatic,Hip-Hop,1961,AUSTRALIA,Standard Reissue,No,Mint,Near Mint,200.0,"7,931",1985,3562.0,1.794,72.3,12.0,6.0,2488,,True,Fixed Price,2017,46.53,$71.82
2459,The National,Boxer,Alternative,2016,Brazil,Anniversary Edition,Yes,Very Good Plus,Very Good Plus,200g,827,1538,2218.0,1.442,53.1,62.2,3.0,707,95.6%,No,Fixed Price,2020,70.39,$80.02
2460,R.E.M.,Reckoning,Alternative,1984,japan,Limited Colored Vinyl,Yes,Near Mint,Very Good Plus,180.0,"16,148",755,2763.0,3.66,58.8,42.6,13.0,2850,99.8%,Yes,Fixed Price,2023,64.04,$73.75
2461,Brian Eno,Another Green World,Electronic,2020,JAPAN,Standard Reissue,No,Near Mint,Near Mint,140.0,"21,100",1071,1038.0,0.969,44.5,13.9,16.0,2397,95.8%,no,Fixed Price,2025,39.79,$67.42
2462,Frank Ocean,"Nostalgia, Ultra",R&B,2002,France,Standard Reissue,No,Near Mint,Very Good,180g,"22,600",844,355.0,0.421,98.9,37.0,57.0,13,94.9%,0,Fixed Price,2022,62.41,$89.30
2463,R.E.M.,Document,Alternative,1977,Netherlands,Promo Copy,No,Near Mint,Good Plus,180.0,"47,694",636,416.0,0.654,60.9,28.3,0.0,1531,,True,Fixed Price,2025,46.72,$60.28
2464,The White Stripes,White Blood Cells,Alternative,1989,Canada,Limited Colored Vinyl,Yes,Near Mint,Good Plus,200.0,"38,637",612,590.0,0.964,59.6,38.5,10.0,1304,97.0%,Yes,Fixed Price,2018,52.58,$75.32
2465,The National,Trouble Will Find Me,Alternative,1970,GERMANY,Standard Reissue,False,Very Good,Good,120.0,"9,843",448,714.0,1.594,43.6,40.9,5.0,1035,100.0%,No,Fixed Price,2016,49.69,$54.92
2466,Prince,1999,R&B,1985,Japan,Limited Colored Vinyl,True,Near Mint,Mint,140g,"29,966",331,979.0,2.958,92.4,52.4,21.0,2180,98.3%,yes,Auction,2025,77.43,$106.47
2467,Sade,Love Deluxe,R&B,2013,Germany,Standard Reissue,no,Very Good,Very Good Plus,140.0,"46,919",1571,1110.0,0.707,74.7,79.3,14.0,2038,99.5%,Yes,Fixed Price,2015,63.10,$74.45
2468,My Bloody Valentine,Loveless,Alternative,1998,,Original 1st Press,0,Very Good,,200g,"32,362",206,451.0,2.189,31.0,58.6,5.0,1468,98.0%,Yes,Fixed Price,2016,63.83,$80.81
2469,Funkadelic,Cosmic Slop,R&B,2008,Germany,Limited Colored Vinyl,Yes,Very Good Plus,Good,120.0,"8,300",1028,1341.0,1.304,43.9,22.8,110.0,3971,96.8%,No,Fixed Price,2019,51.09,$56.85
2470,Arctic Monkeys,Favourite Worst Nightmare,Alternative,2022,us,Original 1st Press,0,Fair,Near Mint,180.0,"41,585",131,309.0,2.359,65.5,58.9,14.0,2619,100.0%,False,Fixed Price,2025,73.19,$68.81
2471,Black Sabbath,Paranoid,Rock,2005,UK,Promo Copy,0,Near Mint,Very Good,200.0,"34,877",154,360.0,2.338,73.7,71.7,104.0,710,94.7%,yes,Fixed Price,2024,76.74,$91.87
2472,Tame Impala,The Slow Rush,Alternative,1981,Germany,Limited Colored Vinyl,True,Near Mint,Very Good Plus,120g,"30,753",515,791.0,1.536,59.4,74.4,31.0,3886,97.5%,No,Fixed Price,2020,73.70,$115.58
2473,R.E.M.,Murmur,Alternative,1999,netherlands,Standard Reissue,No,Near Mint,Near Mint,180g,"41,520",109,54.0,0.495,60.8,44.1,24.0,1908,91.3%,False,Fixed Price,2023,48.34,$60.55
2474,My Bloody Valentine,Isn't Anything,Alternative,2006,us,Limited Colored Vinyl,Yes,Near Mint,Near Mint,180g,"15,908",511,908.0,1.777,27.7,68.2,1.0,1341,100.0%,No,Auction,2019,59.17,$87.54
2475,Alicia Keys,Alicia,R&B,1966,Germany,Limited Colored Vinyl,Yes,Near Mint,Mint,120g,"39,045",106,178.0,1.679,80.2,77.3,54.0,953,93.5%,Yes,Fixed Price,2024,76.14,$90.25
2476,Duran Duran,Rio,Pop,2017,australia,Anniversary Edition,Yes,Near Mint,Very Good Plus,180.0,"2,955",690,2503.0,3.628,78.3,43.7,33.0,2328,100.0%,No,Fixed Price,2020,74.52,$102.08
2477,Prince,Purple Rain,R&B,1987,US,Original 1st Press,False,Mint,Near Mint,120.0,"40,231",516,728.0,1.411,89.2,42.0,,4084,99.6%,0,Fixed Price,2020,78.85,$148.17
2478,Joni Mitchell,Hissing of Summer Lawns,Folk,1970,GERMANY,Standard Reissue,0,Very Good,,120g,"4,477",816,1361.0,1.668,78.1,41.0,69.0,536,96.4%,No,Auction,2015,69.36,$89.56
2479,Michael Jackson,Dangerous,Pop,1972,France,Original 1st Press,No,Good,Fair,140.0,"39,761",268,404.0,1.507,95.0,24.4,41.0,2373,97.9%,No,Fixed Price,2024,71.77,$66.20
2480,The Beatles,Sgt. Pepper's Lonely Hearts Club Band,Rock,1994,GERMANY,Standard Reissue,No,Very Good Plus,Very Good Plus,120.0,"16,423",718,132.0,0.184,89.4,28.0,19.0,90,99.3%,no,Auction,2020,53.78,$65.65
2481,The Beatles,The White Album,Rock,1967,Germany,Original 1st Press,No,Very Good,Near Mint,180.0,"41,282",208,357.0,1.716,88.9,54.6,1.0,3273,97.2%,0,Auction,2024,84.94,$136.60
2482,Simon & Garfunkel,Sounds of Silence,Folk,2002,Australia,Original 1st Press,No,Very Good Plus,Very Good Plus,140.0,"34,275",672,69.0,0.103,58.9,44.7,16.0,2143,88.9%,No,Auction,2018,61.77,$83.97
2483,Dave Brubeck,Time Out,Jazz,2019,Brazil,Standard Reissue,No,Fair,Very Good Plus,180.0,"34,782",259,121.0,0.467,27.5,30.9,8.0,2390,96.6%,Yes,Fixed Price,2024,34.44,$31.82
2484,Marvin Gaye,"Here, My Dear",Soul,2016,US,Standard Reissue,No,Fair,Very Good,140g,"10,243",200,332.0,1.66,89.4,28.3,3.0,556,98.9%,False,Auction,2020,67.28,$76.42
2485,Marvin Gaye,Let's Get It On,Soul,1980,France,Limited Colored Vinyl,Yes,Near Mint,Very Good,180g,"23,056",368,225.0,0.611,88.4,73.2,3.0,681,100.0%,No,Fixed Price,2019,79.09,$104.54
2486,Bob Dylan,Highway 61 Revisited,Folk,2018,Germany,Original 1st Press,No,Very Good,Mint,180.0,"36,290",281,477.0,1.698,90.8,52.5,14.0,4948,93.6%,No,Fixed Price,2019,79.43,$100.94
2487,David Bowie,Ziggy Stardust,Rock,1971,Netherlands,Promo Copy,False,Very Good Plus,Near Mint,120g,"34,015",162,166.0,1.025,87.2,8.8,3.0,2863,97.0%,No,Auction,2022,55.88,$57.81
2488,U2,The Joshua Tree,Rock,1967,Brazil,Standard Reissue,No,Very Good Plus,Very Good,140.0,"46,346",1543,2126.0,1.378,76.5,48.9,27.0,2127,,no,Auction,2023,56.85,$69.68
2489,Stevie Wonder,Talking Book,Soul,2010,Brazil,Standard Reissue,No,Poor,Near Mint,180.0,"36,399",386,878.0,2.275,91.3,40.5,13.0,4015,98.5%,No,Fixed Price,2015,66.14,$64.32
2490,Stevie Wonder,Innervisions,Soul,1996,,Limited Colored Vinyl,Yes,Very Good,Poor,120g,"41,215",82,145.0,1.768,83.2,36.2,20.0,1657,94.9%,Yes,Fixed Price,2023,66.11,$70.89
2491,The National,Boxer,Alternative,1961,Australia,Anniversary Edition,Yes,Very Good Plus,Good Plus,140g,"24,156",137,26.0,0.19,41.0,66.3,5.0,1420,,Yes,Fixed Price,2023,55.55,$69.22
2492,Metallica,...And Justice for All,Rock,1969,Brazil,Test Pressing,Yes,Very Good,Fair,180g,"8,651",58,37.0,0.638,89.2,62.8,5.0,4779,94.2%,0,Fixed Price,2021,96.01,$112.32
2493,Kendrick Lamar,"good kid, m.A.A.d city",Hip-Hop,2001,Germany,Standard Reissue,False,Near Mint,Very Good Plus,180g,"46,235",313,174.0,0.556,93.1,24.1,3.0,2754,95.8%,0,Auction,2020,48.96,$66.28
2494,Michael Jackson,Dangerous,Pop,2005,UK,Standard Reissue,No,Near Mint,Mint,120.0,"12,114",1324,739.0,0.558,96.7,29.7,3.0,1616,94.2%,no,Fixed Price,2018,66.58,$116.89
2495,Marvin Gaye,Let's Get It On,Soul,2000,UK,Anniversary Edition,Yes,Very Good,Very Good,200.0,"3,445",80,63.0,0.787,91.4,76.6,39.0,4872,100.0%,Yes,Auction,2016,75.71,$87.48
2496,Prince,1999,R&B,1978,netherlands,Standard Reissue,no,Mint,Mint,140g,"8,728",1132,725.0,0.64,88.5,49.1,33.0,3931,99.2%,No,Fixed Price,2016,69.03,$113.67
2497,John Coltrane,Giant Steps,Jazz,1975,Japan,Anniversary Edition,1,Near Mint,Very Good,200g,"21,074",741,1621.0,2.188,70.6,77.0,3.0,4451,100.0%,No,Fixed Price,2021,69.13,$101.25
2498,Peter Gabriel,Us,Pop,1979,Germany,Standard Reissue,no,Near Mint,Good Plus,140.0,"12,120",2326,5529.0,2.377,66.6,54.8,19.0,4711,100.0%,1,Fixed Price,2018,63.95,$88.53
2499,Pink Floyd,Animals,Rock,2010,Germany,Standard Reissue,No,Very Good Plus,Very Good Plus,,"35,683",797,1002.0,1.257,92.9,73.9,8.0,518,,0,Auction,2022,70.13,$105.91
2500,David Bowie,Aladdin Sane,Rock,1966,Brazil,Anniversary Edition,Yes,Good Plus,Mint,140.0,"38,601",244,746.0,3.057,85.1,74.3,23.0,2249,97.4%,No,Fixed Price,2017,80.09,$83.70
2501,The Smiths,The Queen Is Dead,Alternative,1970,Canada,Limited Colored Vinyl,Yes,Near Mint,,180.0,"41,312",124,329.0,2.653,44.8,16.9,6.0,4605,100.0%,Yes,Fixed Price,2025,40.95,$62.95
2502,Eminem,The Marshall Mathers LP,Hip-Hop,1997,Netherlands,Original 1st Press,False,Very Good Plus,Good Plus,140.0,"20,620",53,123.0,2.321,100.5,17.0,21.0,1303,97.9%,Yes,Fixed Price,2020,80.83,$95.59
2503,Pink Floyd,The Dark Side of the Moon,Rock,2019,Germany,Standard Reissue,No,Near Mint,Very Good,140g,"13,634",2433,2218.0,0.912,84.3,19.8,4.0,606,94.2%,Yes,Fixed Price,2021,51.70,$72.40
2504,Parliament,Mothership Connection,R&B,1996,France,Standard Reissue,False,Mint,Very Good Plus,120g,"29,961",532,891.0,1.675,42.1,70.6,12.0,4857,98.3%,yes,Auction,2021,56.35,$107.66
2505,Guns N' Roses,Use Your Illusion I,Rock,1968,canada,Anniversary Edition,Yes,Mint,Near Mint,180g,"41,849",363,,0.358,84.7,26.5,21.0,2136,93.8%,0,Fixed Price,2020,54.80,$87.90
2506,Aphex Twin,Drukqs,Electronic,2004,germany,Standard Reissue,No,Near Mint,Very Good,180.0,"13,880",252,297.0,1.179,58.0,24.6,9.0,4768,97.6%,no,Fixed Price,2022,45.80,$65.35
2507,Simon & Garfunkel,Sounds of Silence,Folk,1982,GERMANY,Standard Reissue,No,Very Good,Very Good Plus,120.0,"9,511",516,1263.0,2.448,68.4,41.0,18.0,2432,96.6%,True,Fixed Price,2020,54.75,$67.65
2508,Public Enemy,Fear of a Black Planet,Hip-Hop,1990,Netherlands,Original 1st Press,0,Fair,,120g,"45,579",109,158.0,1.45,78.1,18.4,2.0,2079,96.1%,No,Fixed Price,2022,58.05,$51.98
2509,Arcade Fire,Funeral,Alternative,1973,AUSTRALIA,Standard Reissue,No,Good,Very Good Plus,140g,"23,627",432,215.0,0.498,58.5,66.0,1.0,1142,100.0%,No,Fixed Price,2023,62.85,$64.76
2510,Massive Attack,Protection,Electronic,1968,brazil,Test Pressing,Yes,Good,Near Mint,120g,"28,940",488,1643.0,3.367,56.8,18.5,3.0,3738,99.8%,No,Fixed Price,2024,68.23,$80.40
2511,Daft Punk,Random Access Memories,Electronic,2012,Japan,Standard Reissue,No,Near Mint,Very Good,140g,"22,492",951,544.0,0.572,80.4,73.6,1.0,2891,91.2%,0,Auction,2023,68.50,$105.14
2512,Talking Heads,Remain in Light,Alternative,1979,Brazil,Standard Reissue,No,Very Good,Good Plus,180g,"34,793",835,1419.0,1.699,76.2,72.5,47.0,1254,93.6%,Yes,Fixed Price,2020,66.70,$72.60
2513,Joni Mitchell,Ladies of the Canyon,Folk,1968,Germany,Standard Reissue,No,Mint,Near Mint,180g,"44,265",1468,3132.0,2.134,78.8,49.2,47.0,2848,91.1%,No,Auction,2021,56.02,$101.59
2514,Neil Young,Comes a Time,Folk,1972,UK,Limited Colored Vinyl,Yes,Very Good Plus,Near Mint,120g,"3,570",592,2154.0,3.639,62.7,22.7,8.0,3483,95.9%,0,Auction,2018,64.71,$78.00
2515,Erykah Badu,New Amerykah Part One,R&B,2015,Brazil,Standard Reissue,No,Very Good Plus,Good,180.0,"48,057",72,36.0,0.5,73.9,34.4,1.0,77,95.3%,No,Fixed Price,2021,49.96,$69.94
2516,The Notorious B.I.G.,Life After Death,Hip-Hop,1993,Australia,Anniversary Edition,yes,Near Mint,Very Good Plus,140g,"46,138",117,104.0,0.889,92.9,68.6,29.0,814,98.1%,1,Auction,2016,72.59,$100.94
2517,Pink Floyd,Animals,Rock,1972,US,Original 1st Press,No,Near Mint,,140g,"8,353",272,29.0,0.107,92.5,72.2,27.0,3104,93.2%,Yes,Fixed Price,2023,86.19,$115.61
2518,David Bowie,Diamond Dogs,Rock,1985,Germany,Anniversary Edition,Yes,Very Good Plus,Mint,180g,"9,699",914,2810.0,3.074,89.4,31.4,10.0,3444,97.1%,No,Fixed Price,2020,67.13,$92.99
2519,Prince,Lovesexy,R&B,1995,France,Standard Reissue,False,Mint,Good,200g,"27,052",1302,299.0,0.23,93.4,12.5,65.0,2842,94.1%,0,Auction,2020,49.50,$60.58
2520,N.W.A,Straight Outta Compton,Hip-Hop,2011,Japan,Original 1st Press,No,Very Good,Very Good,120.0,"37,275",178,369.0,2.073,63.8,46.5,13.0,1399,100.0%,yes,Fixed Price,2021,76.47,$100.35
2521,Alice in Chains,Dirt,Alternative,2007,Australia,Limited Colored Vinyl,1,Good,Very Good Plus,120g,"44,182",135,377.0,2.793,61.5,45.0,17.0,2600,96.6%,yes,Fixed Price,2024,59.03,$64.62
2522,Black Sabbath,Paranoid,Rock,1963,Canada,Original 1st Press,False,Near Mint,Near Mint,120.0,"41,599",236,520.0,2.203,72.0,80.3,4.0,3007,97.2%,no,Fixed Price,2024,84.59,$130.54
2523,Arcade Fire,Reflektor,Alternative,1998,Netherlands,Standard Reissue,No,Near Mint,Very Good Plus,120g,"32,044",862,296.0,0.343,56.0,69.2,1.0,957,100.0%,No,Fixed Price,2022,58.36,$74.05
2524,Portishead,Portishead,Electronic,1966,UK,Limited Colored Vinyl,1,Good,Very Good,120g,"7,283",303,692.0,2.284,89.8,59.1,21.0,1951,95.7%,0,Auction,2021,84.77,$93.31
2525,R.E.M.,Reckoning,Alternative,2021,Germany,Standard Reissue,No,Very Good Plus,Very Good,120.0,"46,478",1249,727.0,0.582,60.0,44.9,7.0,4700,100.0%,no,Auction,2024,48.65,$60.53
2526,Funkadelic,Cosmic Slop,R&B,2009,Australia,Original 1st Press,No,Near Mint,Poor,200g,"29,557",188,44.0,0.234,40.1,21.5,16.0,3486,91.7%,0,Fixed Price,2017,57.21,$70.50
2527,Neil Young,Harvest,Folk,1990,Brazil,Standard Reissue,No,Very Good Plus,Good Plus,180g,"33,057",162,253.0,1.562,64.8,9.7,3.0,1598,100.0%,No,Fixed Price,2017,43.86,$54.63
2528,Sufjan Stevens,Illinois,Folk,2018,BRAZIL,Promo Copy,False,Very Good Plus,Very Good Plus,120.0,"42,988",144,173.0,1.201,55.4,43.8,4.0,1945,95.0%,No,Fixed Price,2022,67.25,$80.00
2529,Stevie Wonder,Talking Book,Soul,2009,Japan,Standard Reissue,No,Very Good,Very Good,200g,"5,936",714,315.0,0.441,89.5,39.7,5.0,4374,98.8%,No,Fixed Price,2020,64.06,$72.30
2530,Led Zeppelin,Houses of the Holy,Rock,2021,France,Standard Reissue,0,Good,Mint,120.0,"12,059",553,153.0,0.277,98.0,29.0,15.0,2040,97.6%,True,Fixed Price,2021,61.50,$71.61
2531,Alice in Chains,Dirt,Alternative,2008,Germany,Anniversary Edition,yes,Good,Near Mint,180.0,"12,410",1048,3493.0,3.333,65.3,46.7,22.0,475,96.7%,No,Fixed Price,2015,65.08,$78.12
2532,J Dilla,Donuts,Hip-Hop,1980,US,Standard Reissue,No,Very Good,Very Good Plus,140g,"26,970",867,2137.0,2.465,50.9,52.9,17.0,1903,94.4%,no,Fixed Price,2019,60.48,$81.22
2533,D'Angelo,Brown Sugar,R&B,1965,UK,Anniversary Edition,Yes,Near Mint,Mint,120.0,"22,529",257,839.0,3.265,73.3,65.9,11.0,2170,92.0%,No,Auction,2015,68.54,$104.41
2534,The Beatles,Sgt. Pepper's Lonely Hearts Club Band,Rock,1967,GERMANY,Promo Copy,0,Very Good Plus,Near Mint,140g,"37,202",725,546.0,0.753,86.3,30.2,5.0,536,99.9%,False,Auction,2022,71.35,$113.17
2535,Wu-Tang Clan,Enter the Wu-Tang (36 Chambers),Hip-Hop,2008,Netherlands,Standard Reissue,No,Very Good Plus,Very Good Plus,140g,"44,730",1438,2301.0,1.6,70.9,14.3,8.0,1452,92.5%,False,Fixed Price,2021,41.57,$56.10
2536,The Rolling Stones,Beggars Banquet,Rock,1971,NETHERLANDS,Standard Reissue,No,Very Good Plus,Good,120g,"20,547",563,533.0,0.947,91.3,33.3,11.0,186,96.3%,1,Fixed Price,2022,66.56,$72.76
2537,Joni Mitchell,Blue,Folk,2000,Germany,Original 1st Press,No,Mint,Very Good Plus,180g,"17,931",459,1075.0,2.342,78.7,54.8,1.0,1025,88.8%,False,Fixed Price,2019,79.15,$136.42
2538,Public Enemy,It Takes a Nation of Millions to Hold Us Back,Hip-Hop,2013,Japan,Limited Colored Vinyl,Yes,  Very Good Plus ,Near Mint,120g,"42,562",371,163.0,0.439,69.3,41.9,13.0,4342,95.3%,Yes,Fixed Price,2016,59.25,$78.42
2539,Interpol,Turn on the Bright Lights,Alternative,2006,UK,Standard Reissue,0,  Good Plus ,,200.0,"25,708",1143,426.0,0.373,16.9,36.4,25.0,3925,100.0%,True,Auction,2025,45.09,$51.15
2540,My Bloody Valentine,Loveless,Alternative,2009,,Limited Colored Vinyl,True,Near Mint,Near Mint,180.0,"26,412",257,631.0,2.455,36.6,43.5,21.0,3829,100.0%,Yes,Auction,2020,62.27,$98.53
2541,Miles Davis,Bitches Brew,Jazz,2015,Brazil,Original 1st Press,No,Very Good,Fair,120.0,"28,923",187,199.0,1.064,82.7,18.0,50.0,81,96.0%,No,Fixed Price,2020,64.15,$62.91
2542,Miles Davis,Kind of Blue,Jazz,1961,UK,Standard Reissue,False,Good Plus,Good Plus,120.0,"5,409",693,762.0,1.1,83.3,30.9,11.0,745,95.5%,True,Fixed Price,2016,60.63,$62.72
2543,Nas,It Was Written,Hip-Hop,1992,Canada,Original 1st Press,0,Very Good,Good Plus,140g,"43,090",74,62.0,0.838,70.0,45.2,36.0,2061,93.7%,No,Fixed Price,2023,66.38,$69.85
2544,Duran Duran,Rio,Pop,1967,australia,Standard Reissue,No,Near Mint,Very Good,120.0,"34,975",726,1144.0,1.576,74.0,48.5,9.0,647,100.0%,No,Fixed Price,2020,58.63,$81.37
2545,Public Enemy,Fear of a Black Planet,Hip-Hop,1995,Japan,Original 1st Press,No,Mint,Near Mint,120.0,"35,769",42,92.0,2.19,74.2,20.9,46.0,3388,94.4%,Yes,Fixed Price,2019,66.58,$92.81
2546,Michael Jackson,Off the Wall,Pop,1985,FRANCE,Anniversary Edition,True,Very Good,Mint,120g,"16,162",680,2209.0,3.249,95.7,74.2,35.0,3895,100.0%,No,Auction,2023,80.70,$90.00
2547,Marvin Gaye,What's Going On,Soul,1979,netherlands,Standard Reissue,False,Mint,Very Good Plus,120.0,"27,039",870,1797.0,2.066,92.1,27.9,6.0,2346,94.2%,1,Fixed Price,2015,59.25,$96.07
2548,Joni Mitchell,Hejira,Folk,1976,Australia,Original 1st Press,No,Good,Good Plus,120.0,"11,957",308,301.0,0.977,77.8,50.8,2.0,2407,93.5%,No,Auction,2024,76.90,$72.78
2549,Tame Impala,The Slow Rush,Alternative,1963,France,Standard Reissue,No,Mint,Very Good,140g,"46,974",739,251.0,0.34,54.9,71.2,28.0,2676,95.6%,Yes,Fixed Price,2024,51.49,$61.83
2550,Talking Heads,Fear of Music,Alternative,2022,US,Standard Reissue,False,Very Good Plus,Near Mint,200.0,"41,218",538,955.0,1.775,77.8,18.8,31.0,337,96.8%,No,Fixed Price,2025,58.05,$64.46
2551,Black Uhuru,Sinsemilla,Reggae,1968,Germany,Standard Reissue,0,Very Good Plus,Very Good Plus,120.0,"21,828",613,831.0,1.356,24.3,52.2,20.0,3102,100.0%,no,Fixed Price,2025,48.25,$64.04
2552,Bob Dylan,The Freewheelin' Bob Dylan,Folk,1961,Germany,Standard Reissue,No,Very Good,Very Good,140.0,"45,649",1035,856.0,0.827,92.5,42.2,11.0,3714,95.4%,False,Fixed Price,2024,63.47,$74.21
2553,David Bowie,Diamond Dogs,Rock,2003,Germany,Limited Colored Vinyl,1,Good Plus,Very Good,140.0,"39,535",240,223.0,0.929,87.6,34.1,25.0,1070,98.7%,False,Fixed Price,2025,67.58,$80.40
2554,Soundgarden,Superunknown,Alternative,2007,canada,Anniversary Edition,True,Very Good,Very Good,140g,"7,946",1080,2770.0,2.565,69.9,38.2,38.0,4054,100.0%,Yes,Fixed Price,2015,63.57,$84.66
2555,De La Soul,De La Soul Is Dead,Hip-Hop,1984,US,Anniversary Edition,Yes,Very Good,Good Plus,120.0,"37,684",270,493.0,1.826,77.6,41.6,27.0,4763,100.0%,No,Fixed Price,2023,59.69,$66.89
2556,New Order,Technique,Electronic,2002,UK,Standard Reissue,False,Very Good Plus,Very Good,200.0,"12,121",862,754.0,0.875,62.5,48.0,6.0,2308,98.2%,Yes,Fixed Price,2022,55.72,$66.06
2557,The Cure,Pornography,Alternative,1985,Australia,Standard Reissue,No,Good,Very Good Plus,180g,"45,337",851,654.0,0.769,33.8,83.3,34.0,3222,97.8%,False,Fixed Price,2021,57.62,$57.26
2558,Simon & Garfunkel,Bridge Over Troubled Water,Folk,2005,UK,Standard Reissue,No,Very Good Plus,Near Mint,180g,"35,937",730,544.0,0.745,65.4,46.8,9.0,4030,94.0%,False,Fixed Price,2024,53.17,$67.01
2559,Red Hot Chili Peppers,Stadium Arcadium,Alternative,1979,Canada,Standard Reissue,0,Very Good Plus,Very Good,180g,"43,643",344,,0.64,62.1,44.8,4.0,2627,100.0%,False,Fixed Price,2023,51.04,$66.56
2560,Bjork,Vespertine,Electronic,2009,uk,Standard Reissue,False,Near Mint,Very Good,200g,"25,154",1281,1554.0,1.213,73.7,20.1,45.0,237,97.6%,0,Auction,2015,54.41,$73.92
2561,Erykah Badu,Baduizm,R&B,1985,CANADA,Original 1st Press,False,Very Good Plus,Mint,140.0,"19,777",342,,1.602,73.6,64.7,3.0,2470,94.7%,No,Fixed Price,2016,81.40,$119.32
2562,My Bloody Valentine,Isn't Anything,Alternative,1985,Canada,Limited Colored Vinyl,Yes,Good Plus,Near Mint,120.0,"33,802",368,185.0,0.503,25.4,72.5,24.0,3,99.0%,Yes,Fixed Price,2023,58.94,$66.25
2563,Tom Petty,Wildflowers,Rock,2021,UK,Test Pressing,Yes,Mint,Very Good Plus,120.0,"39,520",315,663.0,2.105,25.4,74.7,2.0,3806,100.0%,0,Fixed Price,2023,71.54,$121.18
2564,2Pac,Me Against the World,Hip-Hop,2004,GERMANY,Anniversary Edition,True,Near Mint,Near Mint,120.0,"14,351",146,220.0,1.507,93.2,22.0,9.0,1691,99.5%,1,Fixed Price,2016,70.25,$105.84
2565,Led Zeppelin,Led Zeppelin IV,Rock,2000,US,Standard Reissue,False,Very Good Plus,Mint,120.0,"47,842",563,191.0,0.339,102.6,58.4,43.0,4340,97.1%,Yes,Auction,2025,65.68,$88.48
2566,Joni Mitchell,Blue,Folk,1978,Germany,Standard Reissue,No,Very Good,,180g,"27,091",1569,2286.0,1.457,75.7,59.2,26.0,4967,100.0%,1,Auction,2016,64.30,$84.30
2567,Prince,Dirty Mind,R&B,1966,France,Standard Reissue,no,Good Plus,Very Good,180g,"36,327",960,2112.0,2.2,89.6,48.0,16.0,1670,98.0%,0,Fixed Price,2020,61.81,$71.31
2568,The National,Boxer,Alternative,1979,NETHERLANDS,Standard Reissue,No,Good Plus,Very Good Plus,140g,"42,746",654,287.0,0.439,51.7,59.0,,2165,96.2%,0,Fixed Price,2016,51.96,$50.58
2569,Nina Simone,I Put a Spell on You,Jazz,2021,Netherlands,Promo Copy,No,Mint,Good,140g,"39,313",267,245.0,0.918,74.5,64.6,7.0,3846,95.5%,False,Fixed Price,2025,74.42,$118.46
2570,Kraftwerk,Computer World,Electronic,1985,Japan,Anniversary Edition,True,Very Good Plus,Mint,120.0,"2,721",351,965.0,2.749,75.5,26.9,5.0,3955,94.1%,Yes,Fixed Price,2021,53.52,$70.30
2571,Kendrick Lamar,DAMN.,Hip-Hop,1984,Japan,Limited Colored Vinyl,1,  Near Mint ,,120g,"13,018",188,447.0,2.378,93.0,80.1,9.0,4702,95.3%,No,Auction,2024,80.59,$119.07
2572,Paul Simon,So Beautiful or So What,Folk,1984,,Standard Reissue,No,Very Good,Good Plus,140.0,"15,779",365,890.0,2.438,77.7,29.6,45.0,808,93.1%,no,Fixed Price,2023,61.18,$77.81
2573,AC/DC,Highway to Hell,Rock,1988,Germany,Anniversary Edition,Yes,Very Good Plus,Very Good,140.0,"27,055",1933,2945.0,1.524,91.2,27.6,11.0,1175,96.5%,No,Auction,2022,65.00,$79.58
2574,The Strokes,Is This It,Alternative,1987,canada,Standard Reissue,No,Very Good Plus,Near Mint,140.0,"44,168",471,149.0,0.316,64.2,27.7,10.0,4220,92.8%,Yes,Fixed Price,2015,44.31,$47.55
2575,Funkadelic,Maggot Brain,R&B,1992,UK,Standard Reissue,0,Very Good Plus,Good Plus,200.0,"41,985",669,822.0,1.229,41.2,58.9,12.0,3482,99.3%,0,Fixed Price,2017,46.26,$55.61
2576,Public Enemy,Fear of a Black Planet,Hip-Hop,2003,France,Standard Reissue,No,Very Good,Good Plus,140g,"18,245",1903,251.0,0.132,73.5,22.1,31.0,106,96.7%,0,Fixed Price,2016,51.13,$59.43
2577,Joy Division,Unknown Pleasures,Alternative,2004,Germany,Standard Reissue,No,Good,Very Good,120g,"39,257",349,503.0,1.441,42.6,72.6,20.0,305,95.3%,Yes,Auction,2025,58.27,$59.83
2578,The Beatles,Abbey Road,Rock,2022,Netherlands,Standard Reissue,No,Very Good Plus,Near Mint,180.0,"34,875",1003,1769.0,1.764,89.5,76.8,24.0,4004,96.9%,Yes,Fixed Price,2023,76.59,$102.32
2579,John Coltrane,Giant Steps,Jazz,1988,Japan,Test Pressing,Yes,Good Plus,Near Mint,180.0,"49,163",148,381.0,2.574,72.6,79.9,29.0,1224,98.4%,1,Fixed Price,2022,90.87,$90.69
2580,Funkadelic,Cosmic Slop,R&B,1983,UK,Standard Reissue,No,Very Good,Good Plus,140.0,"11,991",684,853.0,1.247,43.8,17.3,6.0,199,97.0%,False,Auction,2021,49.64,$55.32
2581,Outkast,Stankonia,Hip-Hop,1992,BRAZIL,Original 1st Press,0,Good Plus,Good Plus,120g,"2,751",198,130.0,0.657,72.8,0.1,8.0,2942,98.9%,No,Auction,2022,63.76,$54.55
2582,New Order,Technique,Electronic,1982,US,Standard Reissue,no,Good,Near Mint,120.0,"42,051",397,270.0,0.68,65.6,56.2,4.0,2093,96.7%,False,Auction,2021,54.31,$52.01
2583,Willie Nelson,Stardust,Country,1999,Brazil,Standard Reissue,No,Near Mint,Good Plus,140g,"42,508",508,376.0,0.74,64.1,35.6,8.0,4654,96.6%,1,Auction,2025,47.04,$54.17
2584,Funkadelic,Free Your Mind,R&B,2016,france,Standard Reissue,0,  Very Good Plus ,Mint,120g,"18,710",310,706.0,2.277,44.4,60.9,3.0,2859,95.8%,False,Fixed Price,2017,50.96,$68.67
2585,The Cure,Pornography,Alternative,1995,Germany,Standard Reissue,no,Very Good Plus,Near Mint,180g,"31,723",1374,1608.0,1.17,37.4,76.5,10.0,24,100.0%,Yes,Fixed Price,2023,52.06,$70.93
2586,Bob Dylan,The Freewheelin' Bob Dylan,Folk,1990,Germany,Promo Copy,False,Very Good Plus,Near Mint,120.0,"18,853",339,225.0,0.664,91.8,39.3,0.0,2769,96.1%,No,Fixed Price,2015,71.54,$77.27
2587,Joni Mitchell,Hejira,Folk,1964,US,Original 1st Press,No,Very Good Plus,Very Good Plus,120.0,"42,711",865,934.0,1.08,81.0,57.5,4.0,4941,94.2%,No,Auction,2019,80.23,$140.14
2588,David Bowie,Aladdin Sane,Rock,1965,france,Standard Reissue,No,Very Good Plus,Very Good,120.0,"47,053",1039,1852.0,1.782,88.6,77.3,52.0,3840,95.9%,True,Fixed Price,2021,70.05,$89.34
2589,Red Hot Chili Peppers,Californication,Alternative,1975,canada,Anniversary Edition,Yes,Mint,Very Good,120.0,"4,699",342,808.0,2.363,55.4,52.7,42.0,36,97.4%,No,Auction,2022,59.31,$87.01
2590,David Bowie,Diamond Dogs,Rock,1973,France,Anniversary Edition,Yes,Near Mint,Very Good Plus,140.0,"31,606",425,228.0,0.536,92.7,38.1,12.0,1457,97.5%,Yes,Fixed Price,2017,58.42,$82.43
2591,Kraftwerk,Autobahn,Electronic,1992,australia,Standard Reissue,No,Very Good,Good Plus,140.0,"39,044",2121,5088.0,2.399,72.0,37.7,74.0,4541,96.3%,False,Fixed Price,2018,52.50,$65.41
2592,Funkadelic,Uncle Jam Wants You,R&B,2008,France,Standard Reissue,No,Very Good Plus,Very Good Plus,120.0,"39,708",759,1021.0,1.345,39.5,62.9,5.0,4068,96.4%,No,Auction,2025,44.59,$61.08
2593,R.E.M.,Document,Alternative,1997,france,Standard Reissue,False,Very Good Plus,Very Good,140.0,"21,332",116,120.0,1.034,57.7,28.2,52.0,185,97.2%,True,Auction,2019,46.92,$49.27
2594,New Order,"Power, Corruption and Lies",Electronic,1994,,Standard Reissue,False,Good Plus,Good,140g,"38,921",1035,,1.395,68.5,11.0,16.0,1464,93.2%,No,Fixed Price,2015,37.71,$34.11
2595,Radiohead,OK Computer,Alternative,1960,us,Anniversary Edition,True,Very Good Plus,Good Plus,140.0,"39,616",2020,2740.0,1.356,85.5,46.6,51.0,108,95.4%,1,Fixed Price,2025,66.92,$88.85
2596,Bob Marley,Exodus,Reggae,1997,Netherlands,Standard Reissue,No,Mint,Very Good Plus,140.0,"29,045",268,575.0,2.146,94.9,30.1,16.0,2120,92.9%,True,Fixed Price,2017,60.52,$96.00
2597,Arctic Monkeys,"Whatever People Say I Am, That's What I'm Not",Alternative,1969,US,Standard Reissue,0,Very Good,Near Mint,120.0,"4,520",633,1034.0,1.633,62.9,31.1,38.0,4675,95.4%,no,Fixed Price,2017,55.40,$67.11
2598,Soundgarden,Badmotorfinger,Alternative,1986,France,Anniversary Edition,Yes,Good Plus,Very Good Plus,,"46,494",962,3192.0,3.318,74.1,73.3,16.0,146,94.2%,Yes,Auction,2025,73.83,$76.53
2599,Miles Davis,Bitches Brew,Jazz,2000,Brazil,Anniversary Edition,Yes,  Very Good Plus ,Very Good,140g,"8,856",677,1682.0,2.484,77.4,14.7,45.0,2487,93.9%,No,Fixed Price,2025,52.78,$62.12
2600,Johnny Cash,American IV: The Man Comes Around,Country,2001,Brazil,Standard Reissue,no,Good,Near Mint,140.0,"21,710",398,613.0,1.54,93.2,56.2,36.0,2324,95.9%,no,Fixed Price,2015,65.63,$77.26
2601,Ice Cube,AmeriKKKa's Most Wanted,Hip-Hop,1980,Netherlands,Anniversary Edition,True,Near Mint,Very Good,120g,"36,610",1508,2198.0,1.458,76.6,9.6,76.0,2642,98.2%,Yes,Fixed Price,2018,48.06,$73.00
2602,Talking Heads,Speaking in Tongues,Alternative,1969,France,Standard Reissue,No,Mint,Very Good Plus,180.0,"13,075",1506,3115.0,2.068,77.5,36.1,56.0,2438,91.8%,Yes,Fixed Price,2021,64.46,$93.29
2603,Neil Young,Harvest,Folk,2021,Japan,Anniversary Edition,1,Mint,Very Good Plus,120.0,"31,141",684,2314.0,3.383,63.0,17.8,1.0,4783,94.6%,No,Fixed Price,2022,49.48,$72.00
2604,Sufjan Stevens,Michigan,Folk,1972,Netherlands,Limited Colored Vinyl,Yes,Very Good Plus,Very Good,140.0,"10,686",212,393.0,1.854,55.8,36.8,7.0,24,97.9%,Yes,Auction,2018,60.70,$78.90
2605,Marvin Gaye,Let's Get It On,Soul,1990,Netherlands,Standard Reissue,No,Very Good Plus,Very Good Plus,120g,"21,847",2654,1244.0,0.469,88.4,71.6,40.0,283,100.0%,yes,Fixed Price,2016,68.70,$92.45
2606,Anita Baker,Rapture,Soul,2020,Brazil,Standard Reissue,No,Very Good Plus,,140.0,"21,887",401,812.0,2.025,19.5,52.1,2.0,2942,,1,Auction,2024,45.97,$59.20
2607,Nina Simone,I Put a Spell on You,Jazz,2018,US,Limited Colored Vinyl,Yes,Mint,Very Good,180.0,"36,976",1001,1583.0,1.581,75.3,65.5,11.0,3416,95.9%,True,Auction,2021,70.56,$88.75
2608,Johnny Cash,At Folsom Prison,Country,1982,France,Anniversary Edition,Yes,Mint,Very Good,140.0,"22,961",618,2157.0,3.49,103.2,59.3,33.0,2359,95.0%,No,Fixed Price,2020,85.30,$124.60
2609,Fleetwood Mac,Rumours,Rock,1981,Germany,Standard Reissue,False,Very Good,Mint,180.0,"39,746",910,1532.0,1.684,89.1,14.1,,4923,98.6%,Yes,Fixed Price,2022,53.09,$61.73
2610,Miles Davis,Bitches Brew,Jazz,2004,France,Standard Reissue,No,Very Good Plus,,180.0,"47,740",891,353.0,0.396,81.2,17.9,5.0,2973,97.8%,Yes,Fixed Price,2015,47.02,$59.10
2611,Pearl Jam,Vs.,Alternative,2015,Canada,Standard Reissue,0,Very Good Plus,Very Good Plus,140.0,"2,306",922,1534.0,1.664,66.9,16.5,2.0,1425,100.0%,Yes,Fixed Price,2017,55.21,$63.00
2612,Beastie Boys,Paul's Boutique,Hip-Hop,2004,France,Standard Reissue,No,Very Good,Very Good Plus,,"6,651",278,203.0,0.73,55.4,5.4,3.0,3022,96.2%,no,Fixed Price,2015,38.47,$43.32
2613,Daft Punk,Discovery,Electronic,2006,Canada,Anniversary Edition,Yes,  Very Good Plus ,Poor,180g,"48,129",362,1217.0,3.362,83.2,75.9,14.0,1402,95.2%,No,Auction,2017,78.11,$91.66
2614,Erykah Badu,New Amerykah Part One,R&B,1987,GERMANY,Original 1st Press,No,Good Plus,Very Good,180.0,"38,338",172,283.0,1.645,79.3,43.7,9.0,2342,93.9%,Yes,Fixed Price,2018,76.34,$82.01
2615,Daft Punk,Human After All,Electronic,1968,uk,Standard Reissue,No,Good,Near Mint,120g,"10,312",388,469.0,1.209,84.6,73.2,1.0,2927,99.1%,No,Auction,2019,66.95,$84.50
2616,Neil Young,Harvest,Folk,1973,France,Standard Reissue,False,Very Good Plus,Very Good Plus,140.0,"42,146",651,1017.0,1.562,62.0,17.8,18.0,3343,100.0%,0,Fixed Price,2017,42.22,$46.87
2617,The Notorious B.I.G.,Life After Death,Hip-Hop,1967,Australia,Standard Reissue,No,Very Good,Very Good Plus,200.0,"18,065",687,790.0,1.15,99.2,77.5,4.0,2335,96.3%,No,Fixed Price,2016,84.53,$95.13
2618,Nas,Illmatic,Hip-Hop,1967,netherlands,Standard Reissue,No,Very Good Plus,Near Mint,120.0,"38,436",244,261.0,1.07,63.4,12.2,14.0,1258,94.9%,No,Auction,2025,41.48,$66.09
2619,Funkadelic,Funkadelic,R&B,1985,FRANCE,Test Pressing,1,Very Good,Good,140g,"36,841",118,243.0,2.059,42.2,90.7,63.0,929,95.6%,No,Fixed Price,2021,76.98,$80.71
2620,Eminem,The Marshall Mathers LP,Hip-Hop,1993,UK,Anniversary Edition,1,Fair,Very Good,140.0,"30,466",733,1693.0,2.31,102.9,15.5,32.0,382,97.7%,Yes,Fixed Price,2023,69.22,$63.80
2621,The Notorious B.I.G.,Ready to Die,Hip-Hop,1976,australia,Promo Copy,No,Near Mint,Very Good Plus,180g,"39,286",676,1038.0,1.536,94.7,74.8,5.0,629,96.1%,No,Fixed Price,2018,81.29,$107.13
2622,The Rolling Stones,Sticky Fingers,Rock,2009,GERMANY,Standard Reissue,0,Good Plus,Good Plus,180g,"10,756",298,353.0,1.185,92.4,68.5,23.0,4974,93.7%,Yes,Fixed Price,2025,71.17,$73.73
2623,Sade,Love Deluxe,R&B,1975,Brazil,Standard Reissue,0,Good,Very Good Plus,200.0,"29,761",1370,2308.0,1.685,73.7,68.2,9.0,673,93.3%,Yes,Fixed Price,2017,65.65,$55.66
2624,Nas,Illmatic,Hip-Hop,2003,US,Limited Colored Vinyl,True,Near Mint,Fair,140g,"14,928",180,292.0,1.622,69.8,15.4,26.0,1802,98.8%,0,Fixed Price,2018,55.89,$70.53
2625,Bjork,Vespertine,Electronic,1999,Japan,Standard Reissue,No,Good Plus,,200.0,"10,923",796,553.0,0.695,70.0,21.3,15.0,880,99.4%,True,Fixed Price,2025,47.59,$49.58
2626,David Bowie,Aladdin Sane,Rock,1960,Netherlands,Original 1st Press,No,Very Good Plus,Very Good Plus,200.0,"47,950",113,173.0,1.531,86.2,71.3,74.0,1350,94.9%,True,Fixed Price,2024,81.14,$104.11
2627,Dolly Parton,Coat of Many Colors,Country,2000,Australia,Standard Reissue,False,Very Good Plus,Very Good Plus,200.0,"18,084",125,68.0,0.544,66.8,78.5,51.0,2064,94.7%,1,Fixed Price,2023,66.04,$96.27
2628,Talking Heads,Speaking in Tongues,Alternative,1966,UK,Standard Reissue,No,Near Mint,Very Good Plus,120.0,"13,307",2671,5648.0,2.115,80.7,37.8,28.0,1211,95.5%,No,Fixed Price,2018,64.98,$96.47
2629,The Rolling Stones,Emotional Rescue,Rock,2011,france,Original 1st Press,No,Very Good Plus,Good Plus,180g,"43,388",68,82.0,1.206,93.7,34.5,2.0,457,98.1%,True,Fixed Price,2021,73.17,$88.20
2630,J Dilla,Donuts,Hip-Hop,2004,canada,Test Pressing,True,Very Good,Very Good Plus,120g,"32,088",122,307.0,2.516,39.7,51.4,20.0,4327,99.8%,False,Fixed Price,2025,78.44,$101.40
2631,New Order,Technique,Electronic,1985,US,Original 1st Press,False,Very Good Plus,Good,140.0,"49,934",298,295.0,0.99,68.8,56.3,,4772,98.0%,Yes,Fixed Price,2016,70.51,$89.11
2632,Portishead,Third,Electronic,2014,Netherlands,Promo Copy,No,Mint,Very Good Plus,120.0,"31,864",593,536.0,0.904,84.2,11.3,12.0,743,99.1%,1,Auction,2019,54.34,$85.94
2633,Paul Simon,Graceland,Folk,1992,UK,Test Pressing,Yes,Near Mint,Near Mint,120.0,"48,080",357,872.0,2.443,69.0,10.5,12.0,4809,100.0%,Yes,Auction,2024,67.63,$97.28
2634,Kendrick Lamar,To Pimp a Butterfly,Hip-Hop,1999,France,Standard Reissue,No,Very Good,Very Good Plus,120.0,"4,454",479,923.0,1.927,92.2,14.9,13.0,282,93.8%,No,Auction,2023,57.43,$75.00
2635,The Cure,Pornography,Alternative,1966,Netherlands,Standard Reissue,No,Very Good,Very Good,140g,"24,234",522,675.0,1.293,38.6,75.3,19.0,3653,98.5%,No,Fixed Price,2020,56.04,$60.88
2636,Duran Duran,Duran Duran,Pop,1996,France,Anniversary Edition,True,Mint,Mint,140.0,"47,105",283,987.0,3.488,68.7,10.2,19.0,4406,95.5%,No,Fixed Price,2020,49.95,$67.92
2637,Eminem,The Marshall Mathers LP,Hip-Hop,1960,france,Limited Colored Vinyl,1,Near Mint,Very Good Plus,120g,"17,226",307,909.0,2.961,105.5,13.7,36.0,1818,99.3%,Yes,Auction,2024,69.05,$117.64
2638,The White Stripes,Elephant,Alternative,2005,Netherlands,Standard Reissue,No,Near Mint,Very Good Plus,140g,"25,798",191,277.0,1.45,65.2,48.4,13.0,1338,,No,Auction,2023,56.73,$67.49
2639,2Pac,All Eyez on Me,Hip-Hop,1998,Brazil,Standard Reissue,No,Very Good Plus,Very Good Plus,180.0,"35,357",449,224.0,0.499,90.5,24.6,17.0,4072,99.2%,True,Fixed Price,2021,55.33,$66.50
2640,Outkast,Southernplayalisticadillacmuzik,Hip-Hop,1992,JAPAN,Standard Reissue,No,Very Good,Very Good,120g,"24,008",352,718.0,2.04,70.8,26.1,40.0,3133,99.7%,No,Auction,2019,46.91,$60.23
2641,Dave Brubeck,Time Out,Jazz,1994,BRAZIL,Standard Reissue,No,Very Good Plus,Very Good Plus,140.0,"39,658",1392,2607.0,1.873,32.9,29.9,97.0,1981,98.4%,False,Fixed Price,2025,35.21,$52.45
2642,Kendrick Lamar,DAMN.,Hip-Hop,1982,Japan,Original 1st Press,0,Very Good Plus,Very Good,120.0,"29,734",71,89.0,1.254,95.5,80.4,45.0,1063,98.4%,0,Fixed Price,2017,92.04,$128.20
2643,Neil Young,Rust Never Sleeps,Folk,1981,Australia,Standard Reissue,no,Near Mint,,120g,"28,301",861,617.0,0.717,66.6,54.8,40.0,2642,98.2%,Yes,Fixed Price,2015,55.57,$76.37
2644,Steely Dan,Aja,Rock,1981,FRANCE,Standard Reissue,No,Poor,Good,180g,"2,992",540,1045.0,1.935,75.0,60.7,3.0,3208,96.2%,True,Fixed Price,2015,74.29,$43.86
2645,Dr. Dre,The Chronic,Hip-Hop,1991,Netherlands,Standard Reissue,No,Very Good Plus,Near Mint,180.0,"47,478",2564,4702.0,1.834,98.2,20.1,24.0,4657,96.6%,0,Fixed Price,2016,57.87,$65.85
2646,Arctic Monkeys,Favourite Worst Nightmare,Alternative,2018,France,Standard Reissue,No,Very Good,Very Good Plus,120.0,"44,653",373,94.0,0.252,58.3,57.4,39.0,3271,98.0%,yes,Auction,2021,56.88,$77.28
2647,David Bowie,Aladdin Sane,Rock,2016,UK,Test Pressing,Yes,Very Good Plus,Very Good,120.0,"43,924",38,105.0,2.763,87.8,70.7,7.0,3620,99.8%,False,Fixed Price,2024,93.32,$113.28
2648,Simon & Garfunkel,Bridge Over Troubled Water,Folk,2002,Netherlands,Promo Copy,No,Good Plus,Mint,120g,"34,013",350,812.0,2.32,67.1,43.9,20.0,3109,100.0%,True,Auction,2022,69.26,$74.49
2649,Alicia Keys,Alicia,R&B,2003,UK,Standard Reissue,No,Very Good Plus,Good,140.0,"46,659",468,176.0,0.376,73.2,76.6,,1253,99.0%,True,Fixed Price,2021,58.59,$65.37
2650,Sufjan Stevens,Carrie & Lowell,Folk,1997,BRAZIL,Original 1st Press,No,Near Mint,Near Mint,120g,"39,356",83,184.0,2.217,54.5,9.9,90.0,2189,,Yes,Fixed Price,2020,53.04,$69.32
2651,Sufjan Stevens,Illinois,Folk,1962,Japan,Standard Reissue,No,Very Good,Very Good Plus,200.0,"2,212",438,415.0,0.947,53.9,38.9,16.0,1107,100.0%,False,Auction,2018,50.29,$72.11
2652,Led Zeppelin,Physical Graffiti,Rock,2013,Australia,Original 1st Press,No,Very Good,Good Plus,180g,"34,058",741,222.0,0.3,105.4,56.0,2.0,3022,95.9%,no,Fixed Price,2024,81.69,$83.30
2653,Bjork,Homogenic,Electronic,2013,US,Standard Reissue,0,Fair,Fair,120g,"47,527",604,527.0,0.873,74.7,28.6,0.0,141,98.3%,Yes,Fixed Price,2022,52.00,$38.57
2654,David Bowie,Station to Station,Rock,1961,Germany,Original 1st Press,False,Fair,Near Mint,180g,"7,706",150,268.0,1.787,90.2,12.4,52.0,3534,98.0%,Yes,Fixed Price,2017,70.70,$70.42
2655,Television,Marquee Moon,Rock,1964,Japan,Standard Reissue,No,Very Good Plus,Very Good Plus,180.0,"40,023",662,1124.0,1.698,25.9,22.2,16.0,3693,97.9%,No,Fixed Price,2022,29.85,$37.68
2656,Michael Jackson,Off the Wall,Pop,2020,Japan,Standard Reissue,no,Mint,Very Good,180.0,"4,510",1397,2056.0,1.472,92.4,73.5,8.0,3893,99.9%,No,Auction,2023,71.49,$119.46
2657,Stevie Wonder,Talking Book,Soul,1965,japan,Standard Reissue,No,Near Mint,Very Good,120.0,"17,949",1174,2754.0,2.346,88.5,36.0,17.0,997,97.5%,False,Fixed Price,2018,62.72,$85.92
2658,Rage Against the Machine,Rage Against the Machine,Alternative,1984,Canada,Standard Reissue,0,Very Good,Mint,140.0,"34,893",48,77.0,1.604,71.1,79.6,2.0,95,100.0%,No,Auction,2019,64.29,$93.64
2659,Beastie Boys,Licensed to Ill,Hip-Hop,2005,Netherlands,Standard Reissue,No,Good Plus,Near Mint,180g,"39,925",73,9.0,0.123,60.7,36.4,21.0,96,94.2%,No,Fixed Price,2020,41.88,$45.38
2660,U2,War,Rock,1969,netherlands,Standard Reissue,False,Very Good Plus,Very Good,200.0,"40,531",1860,1117.0,0.601,83.8,22.8,9.0,2004,95.3%,No,Auction,2017,44.35,$57.09
2661,Funkadelic,Funkadelic,R&B,1987,CANADA,Standard Reissue,No,Near Mint,Very Good,180.0,"21,973",646,752.0,1.164,38.1,94.2,22.0,2453,97.2%,0,Fixed Price,2023,65.33,$78.70
2662,John Coltrane,Blue Train,Jazz,1985,Australia,Limited Colored Vinyl,1,Very Good Plus,Poor,180g,"10,072",215,540.0,2.512,73.6,57.8,22.0,1060,94.8%,Yes,Fixed Price,2024,76.16,$92.03
2663,Erykah Badu,Mama's Gun,R&B,1991,US,Standard Reissue,0,Mint,Very Good,120.0,"38,870",432,891.0,2.062,77.0,17.0,21.0,1557,99.3%,no,Fixed Price,2018,47.25,$67.88
2664,Kendrick Lamar,"good kid, m.A.A.d city",Hip-Hop,1995,Australia,Standard Reissue,no,Very Good Plus,Good,120g,"42,560",264,453.0,1.716,94.4,26.4,17.0,4671,99.1%,Yes,Fixed Price,2023,59.72,$79.88
2665,Interpol,Antics,Alternative,1975,Australia,Original 1st Press,No,Very Good Plus,Good,120.0,"12,442",279,303.0,1.086,19.0,11.2,8.0,4096,95.9%,True,Fixed Price,2018,42.62,$39.06
2666,Nirvana,Bleach,Alternative,2002,Brazil,Standard Reissue,No,Very Good Plus,Very Good,120.0,"25,953",881,1623.0,1.842,93.3,52.8,15.0,4928,100.0%,Yes,Fixed Price,2017,67.14,$77.62
2667,Neil Young,On the Beach,Folk,1980,France,Promo Copy,No,Very Good Plus,Mint,140.0,"45,051",177,358.0,2.023,67.9,49.5,12.0,507,95.6%,0,Fixed Price,2024,65.57,$97.85
2668,Daft Punk,Human After All,Electronic,1974,US,Original 1st Press,No,Near Mint,Near Mint,180.0,"19,486",411,84.0,0.204,86.9,71.7,86.0,564,96.0%,No,Fixed Price,2017,77.13,$102.61
2669,Brian Eno,Another Green World,Electronic,2006,netherlands,Standard Reissue,False,Good,Very Good,120.0,"49,180",35,21.0,0.6,43.9,24.3,18.0,896,97.4%,True,Fixed Price,2015,35.01,$27.95
2670,Joni Mitchell,Court and Spark,Folk,1979,france,Limited Colored Vinyl,yes,Very Good,Very Good,180.0,"10,305",170,250.0,1.471,74.3,34.0,5.0,1251,95.7%,no,Fixed Price,2024,61.26,$84.66
2671,Michael Jackson,Bad,Pop,2009,Brazil,Anniversary Edition,Yes,Near Mint,Very Good Plus,180.0,"42,026",136,380.0,2.794,96.1,38.4,5.0,3740,94.2%,0,Fixed Price,2019,68.91,$111.57
2672,Beastie Boys,Ill Communication,Hip-Hop,1998,AUSTRALIA,Anniversary Edition,Yes,Near Mint,Very Good,200g,"2,446",661,534.0,0.808,56.1,18.6,5.0,3638,100.0%,False,Fixed Price,2020,41.93,$62.34
2673,Tame Impala,Currents,Alternative,1962,France,Promo Copy,No,Very Good Plus,Very Good,140g,"26,459",482,135.0,0.28,59.5,21.4,19.0,4031,96.9%,0,Auction,2024,47.98,$72.19
2674,Aphex Twin,Selected Ambient Works 85-92,Electronic,2003,france,Standard Reissue,No,Near Mint,Near Mint,,"18,140",203,45.0,0.222,61.1,0.5,19.0,646,98.0%,No,Auction,2024,41.95,$56.14
2675,Erykah Badu,Mama's Gun,R&B,1984,NETHERLANDS,Anniversary Edition,Yes,Good Plus,Good Plus,120.0,"10,906",621,1323.0,2.13,80.9,13.4,1.0,3707,,Yes,Fixed Price,2020,54.84,$48.63
2676,New Order,"Power, Corruption and Lies",Electronic,1977,GERMANY,Standard Reissue,No,Good Plus,Good,200.0,"9,847",2477,4209.0,1.699,67.4,7.2,,136,99.8%,False,Fixed Price,2024,50.15,$41.31
2677,Kendrick Lamar,"good kid, m.A.A.d city",Hip-Hop,1976,brazil,Limited Colored Vinyl,Yes,Very Good,Very Good Plus,200.0,"11,102",216,521.0,2.412,94.3,22.2,10.0,1097,97.6%,False,Fixed Price,2020,61.21,$86.50
2678,The National,Boxer,Alternative,1960,Japan,Standard Reissue,0,Poor,Very Good Plus,180.0,"1,364",2004,2597.0,1.296,47.5,63.6,72.0,4853,93.6%,No,Fixed Price,2023,64.72,$67.23
2679,Alicia Keys,Songs in A Minor,R&B,1965,US,Standard Reissue,No,Mint,Mint,120.0,"39,084",751,1079.0,1.437,74.7,6.4,78.0,4975,98.1%,True,Fixed Price,2023,47.78,$82.07
2680,Bob Dylan,Highway 61 Revisited,Folk,1992,Japan,Promo Copy,No,Very Good,Mint,200g,"12,209",365,728.0,1.995,91.1,50.9,27.0,4014,95.5%,False,Auction,2017,70.09,$95.24
2681,Talking Heads,Speaking in Tongues,Alternative,1963,australia,Anniversary Edition,1,Very Good Plus,Very Good Plus,120.0,"2,423",1580,3355.0,2.123,76.3,37.8,30.0,3962,98.4%,Yes,Fixed Price,2018,64.90,$61.04
2682,AC/DC,Back in Black,Rock,2018,Germany,Standard Reissue,False,Near Mint,Good,120g,"41,853",737,871.0,1.182,93.4,47.0,0.0,38,100.0%,Yes,Fixed Price,2019,71.87,$100.13
2683,Interpol,Turn on the Bright Lights,Alternative,2019,France,Anniversary Edition,Yes,Very Good Plus,Very Good Plus,180.0,"10,620",892,273.0,0.306,19.6,37.9,28.0,1648,89.9%,0,Fixed Price,2021,47.57,$49.45
2684,Dolly Parton,Trio,Country,1969,France,Standard Reissue,No,Very Good Plus,Very Good,140g,"33,964",374,378.0,1.011,66.0,81.4,11.0,397,97.4%,True,Fixed Price,2021,65.81,$92.83
2685,Al Green,I'm Still in Love with You,Soul,1996,Germany,Anniversary Edition,Yes,Mint,Fair,180g,"15,008",479,131.0,0.273,56.5,30.0,0.0,3809,99.6%,No,Fixed Price,2024,46.48,$64.60
2686,Vampire Weekend,Vampire Weekend,Alternative,2014,UK,Standard Reissue,No,Very Good,Very Good Plus,140.0,"27,904",274,82.0,0.299,71.0,27.5,14.0,3699,85.3%,1,Auction,2025,39.26,$41.34
2687,Led Zeppelin,Physical Graffiti,Rock,1986,BRAZIL,Standard Reissue,False,Very Good Plus,Very Good Plus,120.0,"8,139",416,657.0,1.579,100.0,56.8,,3103,98.7%,No,Fixed Price,2019,75.40,$91.77
2688,David Bowie,Heroes,Rock,2012,Netherlands,Standard Reissue,False,  Good ,Very Good Plus,140.0,"17,567",189,393.0,2.079,89.3,3.1,14.0,417,96.7%,False,Fixed Price,2017,57.81,$66.38
2689,Neil Young,Rust Never Sleeps,Folk,2021,Netherlands,Standard Reissue,No,Poor,Good Plus,180g,"3,470",26,19.0,0.731,63.8,57.5,3.0,4117,100.0%,1,Fixed Price,2025,56.41,$45.09
2690,Parliament,Chocolate City,R&B,1962,JAPAN,Limited Colored Vinyl,True,Good Plus,Very Good Plus,180.0,"48,921",689,2104.0,3.054,38.0,45.5,21.0,2780,95.1%,No,Fixed Price,2022,56.94,$69.07
2691,Alicia Keys,Alicia,R&B,2008,Japan,Standard Reissue,No,Very Good,Very Good Plus,200.0,"30,670",693,959.0,1.384,70.0,78.0,16.0,2997,98.4%,no,Fixed Price,2024,69.83,$94.62
2692,The Rolling Stones,Made in the Shade,Rock,1962,Canada,Standard Reissue,No,Very Good Plus,Very Good,140g,627,690,125.0,0.181,96.2,20.8,41.0,128,100.0%,yes,Fixed Price,2015,53.72,$61.86
2693,Arctic Monkeys,"Whatever People Say I Am, That's What I'm Not",Alternative,1992,France,Test Pressing,Yes,Very Good Plus,Good,180.0,"39,992",133,485.0,3.647,58.7,30.3,2.0,3003,93.2%,Yes,Fixed Price,2017,72.85,$61.80
2694,Bjork,Debut,Electronic,1960,canada,Original 1st Press,No,Very Good,Good,180g,"19,496",1035,2291.0,2.214,66.2,55.7,15.0,4213,97.1%,yes,Fixed Price,2025,72.61,$72.64
2695,Arctic Monkeys,AM,Alternative,1975,US,Standard Reissue,False,Mint,Mint,120.0,"31,267",1096,692.0,0.631,63.2,23.5,8.0,3069,,Yes,Auction,2021,43.14,$73.55
2696,Daft Punk,Random Access Memories,Electronic,1961,France,Original 1st Press,No,Near Mint,Very Good Plus,140g,"41,887",357,486.0,1.361,85.4,78.8,2.0,2834,100.0%,No,Fixed Price,2024,82.64,$147.33
2697,Emmylou Harris,Wrecking Ball,Country,1989,US,Limited Colored Vinyl,Yes,Very Good,Very Good,120g,"49,932",310,1035.0,3.339,32.3,48.1,6.0,2039,92.9%,Yes,Fixed Price,2024,54.84,$62.20
2698,Fleetwood Mac,Fleetwood Mac,Rock,1986,japan,Test Pressing,True,Very Good Plus,Near Mint,180g,"35,056",116,374.0,3.224,91.4,77.4,10.0,3987,99.5%,Yes,Fixed Price,2023,99.99,$134.64
2699,Public Enemy,It Takes a Nation of Millions to Hold Us Back,Hip-Hop,2009,UK,Anniversary Edition,True,Near Mint,Very Good Plus,120g,"37,736",412,925.0,2.245,70.8,35.6,3.0,2399,97.8%,1,Fixed Price,2017,53.71,$74.00
2700,Bon Iver,"For Emma, Forever Ago",Folk,1997,Germany,Standard Reissue,No,Mint,Poor,120.0,"3,687",174,361.0,2.075,44.4,15.2,0.0,462,90.9%,False,Fixed Price,2020,44.07,$52.33
2701,Marvin Gaye,What's Going On,Soul,2002,AUSTRALIA,Standard Reissue,0,Good Plus,,120g,"26,940",346,220.0,0.636,89.8,27.4,34.0,2104,94.4%,0,Fixed Price,2017,58.20,$64.56
2702,Sly and the Family Stone,Stand!,Soul,1982,Germany,Standard Reissue,No,Very Good Plus,Near Mint,140g,"29,363",887,1475.0,1.663,77.9,72.0,25.0,4762,94.0%,no,Fixed Price,2019,71.82,$91.79
2703,Emmylou Harris,Wrecking Ball,Country,2004,Germany,Standard Reissue,No,Very Good Plus,Good Plus,180.0,"16,932",1212,1092.0,0.901,30.2,46.4,59.0,4828,96.2%,1,Fixed Price,2015,55.11,$66.54
2704,Willie Nelson,Stardust,Country,2022,Netherlands,Standard Reissue,0,Near Mint,Good,120g,"36,950",813,361.0,0.444,62.8,34.2,2.0,4558,95.2%,1,Fixed Price,2024,49.43,$60.52
2705,Michael Jackson,Dangerous,Pop,1991,FRANCE,Standard Reissue,False,Poor,Good Plus,140.0,"9,795",894,2061.0,2.305,95.0,27.5,0.0,3155,99.9%,Yes,Fixed Price,2021,56.59,$43.40
2706,The Beatles,Sgt. Pepper's Lonely Hearts Club Band,Rock,2018,UK,Limited Colored Vinyl,Yes,Near Mint,Very Good,120.0,"46,212",453,312.0,0.689,89.7,29.5,,4135,99.1%,Yes,Fixed Price,2019,48.24,$64.71
2707,Pink Floyd,Animals,Rock,1980,US,Standard Reissue,No,Near Mint,Near Mint,200.0,"36,641",171,339.0,1.982,90.3,68.1,45.0,1515,96.8%,No,Fixed Price,2024,79.22,$135.93
2708,Outkast,ATLiens,Hip-Hop,1987,AUSTRALIA,Standard Reissue,No,Very Good,Good Plus,120.0,"2,598",456,321.0,0.704,68.5,68.7,11.0,3487,94.6%,No,Fixed Price,2016,60.32,$69.72
2709,The Clash,Sandinista!,Rock,1999,Germany,Original 1st Press,no,Very Good,Very Good Plus,180.0,"1,661",129,35.0,0.271,70.2,25.9,13.0,4182,98.0%,0,Fixed Price,2017,59.34,$73.87
2710,2Pac,Me Against the World,Hip-Hop,2015,US,Standard Reissue,No,Fair,Fair,140.0,"24,418",371,835.0,2.251,94.5,33.5,1.0,2814,100.0%,No,Fixed Price,2020,64.21,$45.33
2711,The Rolling Stones,Let It Bleed,Rock,2007,France,Anniversary Edition,Yes,Poor,,180g,"49,893",394,664.0,1.685,95.2,17.3,3.0,4676,94.6%,No,Auction,2015,49.90,$34.93
2712,Rage Against the Machine,Evil Empire,Alternative,2014,UK,Original 1st Press,False,Very Good Plus,Mint,120g,"17,755",599,955.0,1.594,70.0,19.2,5.0,1072,92.5%,Yes,Fixed Price,2024,72.89,$103.59
2713,Sufjan Stevens,Michigan,Folk,2012,france,Limited Colored Vinyl,Yes,Near Mint,Good Plus,180.0,"18,599",364,491.0,1.349,54.7,39.0,19.0,1032,100.0%,yes,Fixed Price,2017,55.10,$74.67
2714,The Beatles,Sgt. Pepper's Lonely Hearts Club Band,Rock,1992,US,Limited Colored Vinyl,Yes,Mint,Good Plus,120g,"18,410",243,276.0,1.136,86.0,34.0,8.0,226,97.9%,False,Fixed Price,2018,64.41,$90.05
2715,Black Uhuru,Sinsemilla,Reggae,1965,brazil,Standard Reissue,No,Good Plus,Mint,200.0,"14,553",470,1029.0,2.189,26.0,54.1,6.0,2846,100.0%,No,Fixed Price,2019,45.67,$46.73
2716,Television,Marquee Moon,Rock,1976,Germany,Standard Reissue,False,Near Mint,,140.0,"36,502",1482,1324.0,0.893,16.9,28.7,39.0,943,100.0%,0,Fixed Price,2023,34.77,$56.13
2717,Red Hot Chili Peppers,Californication,Alternative,2014,Canada,Standard Reissue,0,Near Mint,Very Good,180.0,"4,262",199,255.0,1.281,65.1,42.4,13.0,1881,95.7%,1,Fixed Price,2017,65.53,$102.78
2718,Portishead,Third,Electronic,1962,France,Standard Reissue,False,Very Good Plus,Mint,140.0,"49,230",1692,3970.0,2.346,82.4,9.9,8.0,1040,95.9%,No,Fixed Price,2017,46.54,$64.92
2719,David Bowie,Station to Station,Rock,1995,Brazil,Promo Copy,False,Good,Very Good Plus,180.0,"8,671",296,519.0,1.753,88.6,20.1,14.0,690,96.7%,True,Fixed Price,2024,71.50,$56.19
2720,Pearl Jam,Vs.,Alternative,2002,France,Original 1st Press,False,Very Good,Near Mint,180.0,"13,589",45,8.0,0.178,67.3,13.3,8.0,4071,99.8%,No,Fixed Price,2025,58.28,$72.18
2721,Duran Duran,Rio,Pop,2011,US,Anniversary Edition,Yes,Good Plus,Very Good,180g,"40,395",909,1739.0,1.913,73.0,44.2,13.0,4681,98.2%,0,Fixed Price,2021,57.70,$63.78
2722,Stevie Wonder,Music of My Mind,Soul,2004,JAPAN,Standard Reissue,No,  Good Plus ,Very Good Plus,180.0,"9,271",1520,2528.0,1.663,86.4,35.3,6.0,2316,95.3%,No,Fixed Price,2015,60.29,$71.30
2723,Burning Spear,Marcus Garvey,Reggae,2009,Canada,Limited Colored Vinyl,1,Very Good Plus,Near Mint,140.0,"29,882",615,,0.987,23.5,34.1,29.0,4639,99.1%,no,Fixed Price,2017,40.43,$59.86
2724,Beastie Boys,Paul's Boutique,Hip-Hop,1982,Canada,Original 1st Press,no,Poor,Good Plus,180.0,"45,880",641,136.0,0.212,55.9,5.8,2.0,4796,95.5%,No,Fixed Price,2017,48.82,$39.53
2725,Dolly Parton,Coat of Many Colors,Country,1982,canada,Standard Reissue,no,Very Good Plus,Very Good Plus,140.0,"12,144",1981,3943.0,1.99,65.3,78.5,3.0,2734,93.8%,True,Auction,2017,66.08,$67.77
2726,The Smiths,"Strangeways, Here We Come",Alternative,1984,Japan,Standard Reissue,False,Very Good,Good Plus,140.0,"40,021",1153,855.0,0.742,45.0,36.6,45.0,4286,97.2%,Yes,Fixed Price,2016,42.94,$48.59
2727,U2,The Joshua Tree,Rock,1978,germany,Original 1st Press,No,Good Plus,Very Good,120g,"43,725",166,94.0,0.566,78.4,42.9,51.0,1400,98.9%,1,Fixed Price,2019,71.82,$82.78
2728,Joy Division,Closer,Alternative,1998,brazil,Limited Colored Vinyl,True,Near Mint,Very Good,180.0,"28,361",1213,2722.0,2.244,41.4,64.3,36.0,2355,95.4%,1,Fixed Price,2024,57.36,$65.18
2729,Alice in Chains,Facelift,Alternative,2000,France,Test Pressing,yes,Very Good,Very Good Plus,120.0,"23,031",214,726.0,3.393,58.1,48.0,13.0,1911,91.0%,no,Fixed Price,2016,78.54,$99.44
2730,The Beatles,Sgt. Pepper's Lonely Hearts Club Band,Rock,1969,Germany,Standard Reissue,No,Very Good,Very Good Plus,180.0,"8,224",145,77.0,0.531,86.9,36.6,49.0,3925,95.2%,No,Fixed Price,2023,61.03,$92.93
2731,Bob Dylan,Blood on the Tracks,Folk,2020,Canada,Anniversary Edition,Yes,Near Mint,Near Mint,140g,"32,244",161,43.0,0.267,99.5,10.3,0.0,3135,100.0%,Yes,Fixed Price,2020,54.42,$89.58
2732,Funkadelic,One Nation Under a Groove,R&B,1981,Brazil,Standard Reissue,No,  Very Good Plus ,Fair,120g,"47,476",557,,1.867,41.8,43.8,8.0,4268,,No,Fixed Price,2018,34.85,$38.02
2733,Kings of Leon,Because of the Times,Alternative,1971,FRANCE,Standard Reissue,No,Very Good Plus,Very Good Plus,180g,"9,939",276,652.0,2.362,68.4,20.1,0.0,825,97.6%,no,Fixed Price,2015,55.27,$84.99
2734,Parliament,Chocolate City,R&B,2015,Canada,Anniversary Edition,True,  Good Plus ,Very Good Plus,180g,"46,427",646,2249.0,3.481,35.0,45.2,2.0,1327,94.5%,1,Fixed Price,2017,48.23,$53.19
2735,Radiohead,A Moon Shaped Pool,Alternative,1989,France,Promo Copy,no,Very Good Plus,Near Mint,120g,"24,210",71,,0.338,90.1,54.8,86.0,1936,96.4%,No,Auction,2016,70.56,$90.08
2736,The National,High Violet,Alternative,2006,,Original 1st Press,0,Mint,Very Good Plus,180.0,"14,623",545,1335.0,2.45,42.5,16.2,39.0,4831,99.2%,False,Auction,2022,56.78,$81.51
2737,Fleetwood Mac,Rumours,Rock,1999,Brazil,Limited Colored Vinyl,1,Mint,Fair,140.0,"13,781",44,104.0,2.364,91.0,6.6,35.0,3676,96.5%,True,Fixed Price,2020,66.66,$80.90
2738,Marvin Gaye,"Here, My Dear",Soul,1960,Brazil,Standard Reissue,no,Near Mint,Good,140g,"8,542",1268,342.0,0.27,92.1,28.3,7.0,1455,99.4%,No,Fixed Price,2018,56.96,$72.48
2739,The Rolling Stones,Sticky Fingers,Rock,1980,UK,Original 1st Press,No,Near Mint,Very Good Plus,120.0,"22,983",82,50.0,0.61,91.7,61.1,28.0,701,98.8%,No,Auction,2019,79.90,$119.02
2740,Neil Young,Harvest Moon,Folk,1996,Japan,Standard Reissue,False,Very Good Plus,,120g,"48,719",103,246.0,2.388,68.0,70.3,16.0,3909,100.0%,False,Auction,2019,69.68,$97.96
2741,Bjork,Post,Electronic,2003,Brazil,Standard Reissue,No,Near Mint,Near Mint,180.0,"49,274",483,652.0,1.35,70.9,68.4,16.0,2362,100.0%,Yes,Fixed Price,2020,62.89,$74.41
2742,Outkast,Stankonia,Hip-Hop,1970,France,Standard Reissue,No,Very Good,Fair,120g,"38,027",961,1668.0,1.736,68.0,8.0,35.0,3582,99.2%,False,Auction,2021,39.71,$46.47
2743,Bob Dylan,Nashville Skyline,Folk,1983,germany,Standard Reissue,No,Good Plus,Very Good Plus,140g,"23,154",343,387.0,1.128,91.0,30.7,3.0,4331,,True,Auction,2021,62.82,$58.48
2744,Marvin Gaye,What's Going On,Soul,2018,,Test Pressing,Yes,Mint,Very Good,120.0,"17,253",263,915.0,3.479,93.2,23.6,13.0,4139,100.0%,no,Fixed Price,2020,88.42,$127.17
2745,The Beatles,Abbey Road,Rock,1973,Australia,Standard Reissue,No,Poor,Very Good,120.0,"16,830",991,125.0,0.126,89.5,71.7,40.0,925,90.9%,1,Fixed Price,2017,66.30,$49.17
2746,Stevie Wonder,Talking Book,Soul,2006,,Standard Reissue,No,Very Good,,120.0,"26,109",1144,1001.0,0.875,89.9,37.3,24.0,3451,97.5%,True,Auction,2023,55.26,$59.76
2747,The Rolling Stones,Some Girls,Rock,1977,Brazil,Standard Reissue,0,Very Good Plus,Good Plus,140g,"45,093",351,731.0,2.083,99.4,47.4,6.0,4540,98.2%,Yes,Auction,2019,67.68,$82.37
2748,Burning Spear,Marcus Garvey,Reggae,1976,France,Limited Colored Vinyl,True,Near Mint,Near Mint,140.0,"10,037",413,172.0,0.416,18.5,28.4,19.0,3657,100.0%,0,Auction,2015,39.20,$53.54
2749,The Beatles,Revolver,Rock,1968,Canada,Limited Colored Vinyl,Yes,Good Plus,Good Plus,140.0,"4,044",276,954.0,3.457,90.7,16.9,5.0,192,95.6%,False,Fixed Price,2016,77.33,$91.98
2750,John Coltrane,My Favorite Things,Jazz,2011,US,Standard Reissue,False,Very Good,Near Mint,120g,"31,909",1254,3034.0,2.419,74.2,36.5,1.0,2860,91.5%,Yes,Fixed Price,2017,58.71,$69.99
2751,Talking Heads,Remain in Light,Alternative,2022,Netherlands,Standard Reissue,no,Mint,Very Good,140.0,"47,199",552,122.0,0.221,74.3,71.7,10.0,296,96.2%,Yes,Fixed Price,2022,62.11,$95.01
2752,Anita Baker,Rapture,Soul,2011,Japan,Standard Reissue,No,Good Plus,Very Good Plus,120.0,"46,381",494,444.0,0.899,22.5,48.1,10.0,2208,100.0%,No,Auction,2017,35.25,$30.99
2753,James Taylor,Sweet Baby James,Folk,2018,Netherlands,Standard Reissue,False,Good Plus,Very Good Plus,200.0,"45,358",276,387.0,1.402,30.0,71.0,21.0,1289,94.6%,0,Fixed Price,2024,44.67,$48.21
2754,Talking Heads,Speaking in Tongues,Alternative,1998,US,Standard Reissue,No,Very Good Plus,Good,120g,"26,889",688,1688.0,2.453,81.2,38.0,4.0,3847,98.6%,No,Fixed Price,2021,56.35,$83.01
2755,Prince,1999,R&B,1973,France,Limited Colored Vinyl,Yes,Very Good,Very Good,120.0,"5,251",488,1515.0,3.105,87.2,51.3,15.0,5,96.9%,False,Fixed Price,2022,83.29,$92.17
2756,Erykah Badu,Mama's Gun,R&B,2009,France,Standard Reissue,no,Mint,Very Good Plus,120g,"18,514",1102,864.0,0.784,81.0,19.4,6.0,3527,97.5%,No,Auction,2023,48.77,$74.05
2757,Ice Cube,AmeriKKKa's Most Wanted,Hip-Hop,2007,France,Standard Reissue,No,Very Good,Very Good,180g,"5,197",1313,2611.0,1.989,75.7,5.5,36.0,2059,96.4%,No,Auction,2019,54.74,$66.34
2758,The White Stripes,White Blood Cells,Alternative,1975,UK,Original 1st Press,No,Fair,Good,140g,"1,241",128,204.0,1.594,60.2,41.8,46.0,906,97.5%,Yes,Fixed Price,2021,62.61,$56.90
2759,Loretta Lynn,Coal Miner's Daughter,Country,1995,Australia,Standard Reissue,No,Good Plus,Very Good Plus,140g,"33,315",660,921.0,1.395,21.3,57.3,7.0,1339,92.5%,Yes,Fixed Price,2020,42.15,$48.43
2760,Nirvana,Bleach,Alternative,2016,France,Anniversary Edition,Yes,Mint,Good Plus,140g,"29,539",384,390.0,1.016,93.4,49.9,8.0,1999,92.9%,No,Fixed Price,2016,71.79,$95.63
2761,Soundgarden,Superunknown,Alternative,1964,UK,Test Pressing,Yes,Mint,Good Plus,200g,"2,934",297,304.0,1.024,71.1,34.8,2.0,4336,96.0%,True,Fixed Price,2019,80.48,$119.41
2762,Dr. Dre,The Chronic,Hip-Hop,2008,UK,Anniversary Edition,Yes,Mint,Very Good,120g,"20,373",1506,3431.0,2.278,94.6,21.2,26.0,380,99.7%,True,Fixed Price,2023,60.99,$90.26
2763,The White Stripes,White Blood Cells,Alternative,1991,Australia,Promo Copy,0,Near Mint,Very Good Plus,120g,"26,549",109,180.0,1.651,67.5,40.7,3.0,1300,93.8%,Yes,Fixed Price,2017,63.74,$79.64
2764,Funkadelic,One Nation Under a Groove,R&B,1998,Netherlands,Limited Colored Vinyl,Yes,Near Mint,Good Plus,120.0,"26,407",183,42.0,0.23,41.1,47.0,0.0,4919,97.8%,No,Fixed Price,2019,51.21,$55.86
2765,Marvin Gaye,"Here, My Dear",Soul,2008,US,Standard Reissue,no,Mint,Fair,120.0,"1,883",767,785.0,1.023,94.1,33.6,,4036,96.5%,False,Fixed Price,2017,60.66,$73.88
2766,Vampire Weekend,Contra,Alternative,1983,Australia,Original 1st Press,no,  Very Good Plus ,Near Mint,140g,"9,379",601,127.0,0.211,69.9,31.6,1.0,4063,96.4%,no,Fixed Price,2020,65.47,$69.61
2767,Arctic Monkeys,"Whatever People Say I Am, That's What I'm Not",Alternative,2020,Canada,Standard Reissue,No,Good,Poor,140g,"33,235",477,944.0,1.979,62.5,28.9,6.0,781,100.0%,No,Fixed Price,2025,49.21,$42.72
2768,Peter Gabriel,So,Pop,2007,,Promo Copy,False,Mint,,180g,"45,957",799,1728.0,2.163,61.7,48.5,5.0,4662,100.0%,no,Fixed Price,2019,65.77,$95.26
2769,Sade,Promise,R&B,2004,AUSTRALIA,Anniversary Edition,Yes,Very Good Plus,Poor,180.0,"20,634",456,740.0,1.623,79.0,17.0,35.0,2298,,no,Fixed Price,2019,62.00,$71.86
2770,Dolly Parton,Trio,Country,1981,,Limited Colored Vinyl,True,Near Mint,Near Mint,180.0,"23,775",338,201.0,0.595,60.0,83.9,6.0,4557,92.0%,False,Fixed Price,2020,68.96,$93.99
2771,Joni Mitchell,Hissing of Summer Lawns,Folk,1995,France,Standard Reissue,No,Near Mint,Mint,120g,"16,406",835,922.0,1.104,76.8,42.2,9.0,790,96.2%,False,Fixed Price,2016,54.55,$85.21
2772,Radiohead,OK Computer,Alternative,2022,netherlands,Original 1st Press,False,Very Good Plus,Very Good,180g,"18,500",517,662.0,1.28,82.2,48.6,34.0,3889,98.5%,Yes,Auction,2023,82.80,$122.90
2773,James Taylor,Sweet Baby James,Folk,1996,BRAZIL,Standard Reissue,no,Near Mint,,120.0,"47,574",985,732.0,0.743,31.9,76.4,9.0,1768,100.0%,Yes,Fixed Price,2025,41.53,$67.94
2774,Pearl Jam,Vs.,Alternative,1974,UK,Standard Reissue,No,Near Mint,Mint,140g,"24,533",589,1461.0,2.48,70.2,12.1,11.0,2445,94.5%,False,Auction,2021,47.92,$69.98
2775,The Beach Boys,Surf's Up,Pop,2002,France,Limited Colored Vinyl,Yes,Very Good Plus,Near Mint,120.0,"3,935",261,354.0,1.356,80.6,29.9,25.0,783,100.0%,True,Fixed Price,2022,64.51,$73.57
2776,Pearl Jam,Ten,Alternative,1964,Australia,Standard Reissue,False,Very Good,Very Good Plus,140g,"40,858",412,853.0,2.07,64.0,68.0,27.0,2190,98.3%,True,Fixed Price,2025,59.81,$90.28
2777,Paul Simon,So Beautiful or So What,Folk,1982,UK,Anniversary Edition,True,Near Mint,Good Plus,180.0,"34,418",639,2343.0,3.667,77.2,31.6,27.0,2609,98.9%,No,Fixed Price,2025,50.54,$70.93
2778,Pearl Jam,Vitalogy,Alternative,2012,Brazil,Standard Reissue,no,Very Good,Very Good Plus,140g,"14,898",621,1491.0,2.401,60.3,7.9,20.0,4889,98.0%,No,Fixed Price,2025,48.92,$53.11
2779,Vampire Weekend,Modern Vampires of the City,Alternative,1968,Japan,Standard Reissue,False,Mint,Good,,"11,410",544,1313.0,2.414,73.0,27.2,6.0,988,,Yes,Fixed Price,2020,54.44,$79.67
2780,Fleetwood Mac,Tusk,Rock,2021,Netherlands,Promo Copy,0,Good,Mint,180.0,"10,750",771,387.0,0.502,89.1,36.6,5.0,6,97.7%,Yes,Fixed Price,2021,67.79,$65.24
2781,Frank Ocean,Channel Orange,R&B,1972,UK,Limited Colored Vinyl,1,Very Good Plus,Very Good Plus,140.0,"21,162",324,49.0,0.151,100.0,23.3,1.0,1858,97.8%,No,Fixed Price,2018,62.39,$89.66
2782,Radiohead,The Bends,Alternative,2020,Australia,Promo Copy,No,Good,Good,180g,"14,211",141,274.0,1.943,81.0,45.4,14.0,4861,98.3%,No,Fixed Price,2021,74.36,$61.74
2783,Michael Jackson,Dangerous,Pop,1971,UK,Standard Reissue,No,  Good Plus ,Good Plus,120.0,"46,166",996,1680.0,1.687,91.5,27.3,10.0,4379,93.1%,Yes,Auction,2020,59.78,$62.42
2784,Arctic Monkeys,AM,Alternative,2007,Japan,Test Pressing,Yes,Mint,Good,120g,"49,005",145,61.0,0.421,56.7,23.5,22.0,2453,97.4%,No,Fixed Price,2025,59.63,$77.62
2785,Joy Division,Closer,Alternative,2001,Germany,Standard Reissue,No,Very Good Plus,Very Good,200.0,"25,600",347,470.0,1.354,46.0,66.7,67.0,3945,95.8%,Yes,Auction,2021,55.58,$74.64
2786,Simon & Garfunkel,Sounds of Silence,Folk,2005,netherlands,Limited Colored Vinyl,yes,Good Plus,Good Plus,120.0,"43,419",453,139.0,0.307,73.2,44.3,12.0,2880,99.1%,Yes,Fixed Price,2021,56.68,$65.05
2787,The Beach Boys,Wild Honey,Pop,1981,Netherlands,Original 1st Press,0,Very Good,Good Plus,140g,"40,009",530,305.0,0.575,75.1,26.8,41.0,2496,98.0%,True,Fixed Price,2025,64.34,$61.12
2788,Bob Marley,Uprising,Reggae,1995,UK,Original 1st Press,No,Mint,Mint,120g,"5,588",186,381.0,2.048,91.5,49.2,4.0,4054,92.9%,no,Fixed Price,2019,88.38,$107.77
2789,Black Uhuru,Sinsemilla,Reggae,1997,Canada,Original 1st Press,no,Very Good Plus,Fair,120.0,"2,606",390,81.0,0.208,23.4,53.2,3.0,1279,94.9%,0,Auction,2019,49.67,$58.40
2790,Nas,Illmatic,Hip-Hop,1995,Australia,Anniversary Edition,True,Very Good,Good Plus,180g,"21,011",188,343.0,1.824,65.5,13.6,23.0,687,100.0%,No,Fixed Price,2018,53.11,$63.68
2791,Arcade Fire,Reflektor,Alternative,2015,NETHERLANDS,Standard Reissue,No,  Very Good Plus ,Fair,140.0,"5,591",803,1292.0,1.609,55.0,71.9,67.0,1724,100.0%,Yes,Fixed Price,2020,60.00,$79.91
2792,My Bloody Valentine,Isn't Anything,Alternative,2008,Canada,Limited Colored Vinyl,1,Very Good,Mint,140.0,"10,919",151,326.0,2.159,27.2,73.5,4.0,1047,97.6%,False,Fixed Price,2019,57.81,$60.52
2793,Daft Punk,Discovery,Electronic,1985,UK,Original 1st Press,No,Poor,Near Mint,,"29,681",113,96.0,0.85,87.7,76.8,6.0,256,,no,Fixed Price,2023,86.70,$67.84
2794,George Michael,Faith,Pop,1999,canada,Test Pressing,Yes,Very Good Plus,Mint,140.0,"9,681",224,626.0,2.795,67.0,31.6,2.0,1073,94.1%,Yes,Fixed Price,2020,75.31,$91.49
2795,Metallica,Ride the Lightning,Rock,2014,Canada,Standard Reissue,False,Mint,Good Plus,200g,"15,314",499,680.0,1.363,97.7,16.9,22.0,2222,98.5%,Yes,Fixed Price,2025,60.92,$93.73
2796,The Smiths,The Queen Is Dead,Alternative,2006,AUSTRALIA,Limited Colored Vinyl,1,Good,Very Good Plus,180g,"16,008",215,762.0,3.544,49.4,17.3,59.0,4750,95.3%,0,Fixed Price,2021,56.43,$55.93
2797,AC/DC,Highway to Hell,Rock,1972,us,Standard Reissue,No,Very Good,Very Good Plus,140.0,"9,379",2050,2702.0,1.318,89.0,25.0,6.0,2380,99.2%,No,Fixed Price,2016,60.48,$67.37
2798,Bjork,Post,Electronic,1983,France,Standard Reissue,No,Very Good,Good Plus,120.0,"4,840",690,988.0,1.432,72.4,70.7,2.0,1546,96.3%,No,Fixed Price,2024,68.60,$69.73
2799,Stevie Wonder,Talking Book,Soul,1961,Brazil,Limited Colored Vinyl,Yes,Very Good,Near Mint,200.0,"37,719",359,156.0,0.435,83.3,30.6,6.0,412,98.1%,Yes,Fixed Price,2022,64.86,$83.08
2800,R.E.M.,Reckoning,Alternative,1967,Canada,Standard Reissue,False,Near Mint,,180.0,"28,526",264,79.0,0.299,64.3,42.2,5.0,4754,92.2%,0,Auction,2019,54.10,$84.16
2801,Joni Mitchell,Court and Spark,Folk,2010,CANADA,Standard Reissue,No,Fair,Very Good Plus,140.0,"11,225",478,1133.0,2.37,69.8,27.7,45.0,3059,95.4%,1,Fixed Price,2024,63.51,$50.70
2802,Massive Attack,Protection,Electronic,2012,US,Original 1st Press,0,Good Plus,Very Good,120g,"15,449",143,22.0,0.154,61.4,19.7,,2990,97.5%,no,Fixed Price,2017,55.65,$64.68
2803,Joni Mitchell,Ladies of the Canyon,Folk,2007,Netherlands,Anniversary Edition,Yes,Very Good Plus,Good,200.0,"14,379",282,901.0,3.195,84.4,46.9,16.0,1561,93.0%,1,Fixed Price,2016,66.98,$89.62
2804,U2,War,Rock,1980,CANADA,Standard Reissue,0,Very Good Plus,Good,120g,"12,425",778,698.0,0.897,79.5,24.2,32.0,656,96.2%,True,Fixed Price,2016,52.06,$63.67
2805,David Bowie,Aladdin Sane,Rock,1973,UK,Limited Colored Vinyl,True,Very Good Plus,Very Good,120.0,"44,346",158,223.0,1.411,91.4,73.3,2.0,2475,95.2%,Yes,Fixed Price,2018,79.17,$89.33
2806,The Rolling Stones,Exile on Main St.,Rock,1978,Germany,Standard Reissue,False,Mint,Good Plus,120g,"18,949",229,150.0,0.655,95.8,7.8,15.0,3109,100.0%,True,Fixed Price,2023,50.81,$67.92
2807,Black Sabbath,Black Sabbath,Rock,2018,brazil,Original 1st Press,No,Good Plus,Very Good,180.0,"8,280",199,484.0,2.432,69.5,15.0,17.0,1192,98.9%,1,Fixed Price,2025,70.25,$72.11
2808,Dolly Parton,Trio,Country,1995,Netherlands,Standard Reissue,No,Very Good Plus,Near Mint,120g,"17,946",652,528.0,0.81,63.6,73.2,32.0,778,92.8%,No,Fixed Price,2024,60.53,$64.86
2809,Miles Davis,Kind of Blue,Jazz,2020,Germany,Original 1st Press,No,Mint,Very Good Plus,120.0,"35,071",89,50.0,0.562,82.9,30.9,15.0,718,98.0%,0,Fixed Price,2022,66.92,$109.31
2810,Alice in Chains,Facelift,Alternative,1999,US,Limited Colored Vinyl,Yes,  Very Good Plus ,Mint,,"37,241",241,588.0,2.44,63.7,38.7,52.0,3606,98.4%,False,Auction,2024,58.01,$76.24
2811,Rage Against the Machine,Rage Against the Machine,Alternative,1994,Australia,Limited Colored Vinyl,1,Good,Good,140g,"37,394",876,2921.0,3.334,71.1,83.0,3.0,2364,97.3%,True,Fixed Price,2022,81.17,$71.81
2812,Arctic Monkeys,AM,Alternative,1988,Japan,Standard Reissue,False,Good Plus,Very Good,180.0,"45,598",1587,3171.0,1.998,62.8,23.8,15.0,322,93.5%,Yes,Fixed Price,2015,48.83,$51.37
2813,Sly and the Family Stone,There's a Riot Goin' On,Soul,2009,France,Standard Reissue,No,Very Good,Good Plus,180.0,"4,397",616,115.0,0.187,71.9,25.2,29.0,2350,92.1%,True,Fixed Price,2015,60.96,$64.69
2814,The Beatles,The White Album,Rock,1963,Germany,Promo Copy,No,Very Good,Very Good Plus,120.0,"13,767",304,85.0,0.28,86.4,62.4,18.0,4623,96.0%,True,Auction,2022,77.74,$99.32
2815,George Michael,Faith,Pop,1990,UK,Anniversary Edition,1,  Near Mint ,Very Good,120g,"1,616",881,1600.0,1.816,62.8,35.7,2.0,309,,0,Fixed Price,2015,67.59,$89.95
2816,Nirvana,In Utero,Alternative,1971,UK,Limited Colored Vinyl,yes,Very Good Plus,Very Good Plus,200.0,"26,162",113,397.0,3.513,95.7,46.9,44.0,654,98.5%,Yes,Auction,2021,79.03,$102.91
2817,Tame Impala,The Slow Rush,Alternative,2008,france,Standard Reissue,No,Very Good Plus,Very Good,180g,"44,852",1345,1644.0,1.222,59.8,67.1,4.0,3886,97.3%,no,Auction,2023,56.09,$82.59
2818,N.W.A,Straight Outta Compton,Hip-Hop,1965,Brazil,Limited Colored Vinyl,Yes,Good Plus,Mint,180g,"38,324",388,170.0,0.438,60.3,51.3,46.0,3471,97.9%,No,Fixed Price,2021,52.94,$64.29
2819,Arctic Monkeys,AM,Alternative,1961,Japan,Anniversary Edition,True,Very Good,Good Plus,120g,"11,181",404,65.0,0.161,60.4,21.2,21.0,3339,89.3%,No,Fixed Price,2016,45.07,$52.41
2820,Arcade Fire,The Suburbs,Alternative,2007,Australia,Original 1st Press,No,Mint,Good,,"9,609",355,359.0,1.011,63.7,20.4,12.0,339,97.1%,Yes,Auction,2022,60.12,$88.78
2821,The Clash,Sandinista!,Rock,2000,japan,Standard Reissue,0,Near Mint,Very Good Plus,120g,"39,537",153,292.0,1.908,71.1,25.9,17.0,2706,96.3%,Yes,Auction,2019,48.54,$69.06
2822,Japandroids,Post-Nothing,Alternative,2014,Japan,Standard Reissue,No,Good Plus,Near Mint,140.0,"7,723",588,1222.0,2.078,38.8,46.9,1.0,3562,97.2%,False,Fixed Price,2024,53.80,$62.03
2823,Bob Dylan,Nashville Skyline,Folk,2003,FRANCE,Standard Reissue,0,Very Good,Mint,180g,"3,881",587,575.0,0.98,93.0,27.0,31.0,4354,93.5%,No,Fixed Price,2021,62.68,$87.24
2824,George Michael,Faith,Pop,1972,GERMANY,Limited Colored Vinyl,yes,Very Good Plus,Very Good Plus,180.0,"31,270",355,766.0,2.158,69.2,32.0,11.0,688,100.0%,Yes,Auction,2023,64.58,$87.28
2825,Norah Jones,Little Broken Hearts,Jazz,2000,FRANCE,Standard Reissue,No,Very Good Plus,Very Good Plus,140.0,"48,040",386,663.0,1.718,63.0,24.3,24.0,3075,,0,Fixed Price,2018,47.56,$60.52
2826,Miles Davis,Bitches Brew,Jazz,1997,Netherlands,Standard Reissue,No,Very Good,Very Good Plus,120g,"3,318",2268,3901.0,1.72,81.2,13.8,14.0,772,94.4%,1,Auction,2018,57.51,$75.37
2827,Prince,Purple Rain,R&B,1977,Japan,Test Pressing,Yes,Near Mint,Good Plus,120.0,"16,918",409,1303.0,3.186,92.2,31.2,15.0,3601,95.5%,Yes,Auction,2022,82.54,$107.73
2828,James Taylor,Sweet Baby James,Folk,1985,BRAZIL,Test Pressing,Yes,Very Good,Good Plus,120g,"7,918",653,1591.0,2.436,32.3,75.5,3.0,2211,96.6%,No,Fixed Price,2019,87.44,$98.28
2829,Outkast,Aquemini,Hip-Hop,1985,brazil,Anniversary Edition,Yes,Very Good Plus,Very Good Plus,140g,"12,957",767,2619.0,3.415,67.2,73.4,29.0,4284,98.1%,0,Fixed Price,2019,72.27,$92.51
2830,Lauryn Hill,The Miseducation of Lauryn Hill,R&B,1968,UK,Limited Colored Vinyl,True,  Very Good ,Mint,180g,"1,769",698,917.0,1.314,66.7,16.5,2.0,3675,,No,Fixed Price,2021,51.21,$67.11
2831,Aphex Twin,Drukqs,Electronic,2002,Netherlands,Anniversary Edition,yes,Good,Near Mint,180.0,"31,991",346,491.0,1.419,59.6,26.2,3.0,3052,96.4%,No,Fixed Price,2019,44.90,$48.69
2832,Jane's Addiction,Nothing's Shocking,Alternative,1973,UK,Limited Colored Vinyl,Yes,Near Mint,Good Plus,180g,"31,017",532,746.0,1.402,27.2,18.5,7.0,2947,95.9%,Yes,Fixed Price,2017,46.46,$53.71
2833,Kings of Leon,Because of the Times,Alternative,2013,Germany,Standard Reissue,No,Near Mint,Near Mint,140.0,"25,577",882,1019.0,1.155,68.6,15.5,16.0,3711,96.1%,No,Fixed Price,2020,46.26,$64.49
2834,The Rolling Stones,Beggars Banquet,Rock,2003,France,Standard Reissue,No,Fair,Near Mint,200.0,"24,567",539,1095.0,2.032,93.5,35.6,18.0,3079,,False,Fixed Price,2016,64.76,$75.74
2835,Snoop Dogg,Doggystyle,Hip-Hop,1997,Australia,Standard Reissue,0,Good Plus,Mint,120g,"18,643",461,345.0,0.748,80.7,27.2,4.0,3162,95.8%,Yes,Fixed Price,2022,56.04,$68.76
2836,Simon & Garfunkel,Sounds of Silence,Folk,1967,UK,Standard Reissue,False,Very Good Plus,Very Good Plus,180g,"23,187",908,1714.0,1.888,68.4,44.2,28.0,4022,96.3%,no,Fixed Price,2016,61.54,$89.54
2837,Neil Young,Rust Never Sleeps,Folk,1994,Australia,Standard Reissue,No,Very Good,Good Plus,140g,"48,132",567,108.0,0.19,65.3,61.0,3.0,412,98.4%,no,Fixed Price,2015,52.68,$53.95
2838,The Clash,Combat Rock,Rock,1983,NETHERLANDS,Promo Copy,no,Very Good,Good,180.0,"32,615",151,212.0,1.404,69.9,36.7,41.0,3257,94.8%,True,Fixed Price,2015,62.42,$72.38
2839,Alice in Chains,Dirt,Alternative,1994,France,Anniversary Edition,yes,Mint,Near Mint,140.0,"21,759",81,,2.815,57.7,52.0,8.0,35,100.0%,No,Auction,2020,57.03,$84.02
2840,Jimi Hendrix,Are You Experienced,Rock,2022,Netherlands,Standard Reissue,No,Near Mint,Good Plus,140.0,"12,375",438,952.0,2.174,72.7,38.3,6.0,1426,92.3%,0,Fixed Price,2024,60.17,$86.69
2841,Patti Smith,Horses,Rock,2010,France,Standard Reissue,No,Good Plus,Good Plus,140.0,"32,952",566,568.0,1.004,34.4,76.2,34.0,1206,99.5%,Yes,Fixed Price,2019,49.28,$49.90
2842,Erykah Badu,New Amerykah Part One,R&B,1985,US,Standard Reissue,no,Near Mint,Good Plus,120.0,"11,592",539,887.0,1.646,74.6,30.4,33.0,121,97.6%,No,Auction,2017,57.28,$74.78
2843,Marvin Gaye,"Here, My Dear",Soul,2017,uk,Promo Copy,No,Very Good Plus,Very Good Plus,180g,"39,768",447,369.0,0.826,91.0,27.3,69.0,2974,94.2%,False,Auction,2022,60.75,$93.15
2844,Dolly Parton,Jolene,Country,1962,US,Standard Reissue,No,Mint,Very Good,140g,"22,247",731,320.0,0.438,67.5,38.3,4.0,4372,96.8%,0,Fixed Price,2023,54.10,$84.48
2845,Nas,It Was Written,Hip-Hop,2002,france,Standard Reissue,False,Good,Near Mint,140.0,"42,446",163,397.0,2.436,79.0,43.5,23.0,449,100.0%,0,Fixed Price,2022,55.88,$66.48
2846,Black Sabbath,Paranoid,Rock,1965,Netherlands,Original 1st Press,no,Good,Very Good,180g,"28,990",317,298.0,0.94,67.5,83.6,2.0,2736,92.9%,No,Fixed Price,2017,76.08,$69.67
2847,2Pac,All Eyez on Me,Hip-Hop,1979,GERMANY,Standard Reissue,No,Very Good,Very Good,140g,"14,407",3391,1261.0,0.372,98.7,15.4,35.0,4228,94.5%,False,Fixed Price,2016,56.05,$65.01
2848,Johnny Cash,American IV: The Man Comes Around,Country,2005,Australia,Standard Reissue,No,Good Plus,,140.0,"23,426",682,1149.0,1.685,97.4,61.9,10.0,1819,100.0%,No,Fixed Price,2018,71.37,$82.48
2849,Massive Attack,Blue Lines,Electronic,2020,UK,Promo Copy,0,Good,Very Good,120g,"31,082",573,688.0,1.201,54.9,15.8,52.0,418,100.0%,Yes,Fixed Price,2022,54.17,$61.71
2850,Joy Division,Closer,Alternative,2007,US,Original 1st Press,No,Near Mint,Very Good Plus,140g,"5,169",142,278.0,1.958,40.0,63.2,2.0,2548,95.9%,0,Fixed Price,2019,64.74,$104.07
2851,Metallica,...And Justice for All,Rock,2010,NETHERLANDS,Limited Colored Vinyl,True,Very Good,Good,180.0,"15,142",829,166.0,0.2,92.4,60.3,46.0,2304,96.2%,False,Fixed Price,2021,72.83,$83.62
2852,Kings of Leon,Because of the Times,Alternative,1983,US,Standard Reissue,No,Mint,Mint,180g,"20,781",611,1005.0,1.645,66.5,23.5,30.0,1911,97.7%,0,Fixed Price,2019,49.70,$76.40
2853,Miles Davis,In a Silent Way,Jazz,1968,UK,Anniversary Edition,True,Very Good Plus,Good Plus,140g,"10,323",499,424.0,0.85,78.7,36.8,32.0,920,93.4%,No,Fixed Price,2024,63.88,$86.85
2854,Fleetwood Mac,Tusk,Rock,1992,GERMANY,Standard Reissue,No,Very Good Plus,Near Mint,140g,"9,472",525,584.0,1.112,91.6,32.8,,2956,92.0%,No,Fixed Price,2024,67.13,$86.91
2855,Jane's Addiction,Ritual de lo Habitual,Alternative,1964,UK,Standard Reissue,No,Very Good Plus,Very Good Plus,140g,"46,632",551,762.0,1.383,27.3,22.4,11.0,2863,95.1%,1,Auction,2022,32.15,$43.67
2856,Pink Floyd,The Wall,Rock,2022,,Limited Colored Vinyl,1,Very Good,Good Plus,180.0,"48,490",221,46.0,0.208,87.3,66.5,20.0,4488,97.9%,No,Fixed Price,2024,68.31,$80.43
2857,Arcade Fire,Reflektor,Alternative,2003,US,Promo Copy,False,Good Plus,Fair,140g,"33,938",176,395.0,2.244,51.2,69.2,54.0,4793,96.9%,No,Auction,2025,69.24,$70.15
2858,Kendrick Lamar,"good kid, m.A.A.d city",Hip-Hop,1995,Australia,Test Pressing,True,Near Mint,Mint,120g,"49,025",313,1057.0,3.377,91.3,25.4,29.0,1388,94.6%,Yes,Auction,2024,75.55,$116.73
2859,J Dilla,Donuts,Hip-Hop,1983,Australia,Standard Reissue,False,Very Good,Very Good Plus,140g,"5,823",217,248.0,1.143,41.6,51.6,26.0,806,95.2%,Yes,Fixed Price,2015,48.57,$60.51
2860,David Bowie,Station to Station,Rock,1968,Netherlands,Original 1st Press,No,Good Plus,Good Plus,140.0,"22,840",158,237.0,1.5,87.3,11.8,34.0,2689,94.7%,yes,Fixed Price,2021,67.61,$74.54
2861,Michael Jackson,Bad,Pop,2009,Canada,Standard Reissue,no,Near Mint,Mint,140.0,"44,262",56,103.0,1.839,93.1,35.0,2.0,3162,100.0%,No,Auction,2017,59.69,$95.96
2862,Marvin Gaye,"Here, My Dear",Soul,2004,US,Anniversary Edition,Yes,Very Good,Very Good Plus,140g,"36,598",685,897.0,1.309,90.7,26.7,0.0,4943,100.0%,0,Auction,2020,64.87,$92.53
2863,Sly and the Family Stone,There's a Riot Goin' On,Soul,2006,Germany,Standard Reissue,0,Very Good,Near Mint,140g,"11,886",299,144.0,0.482,81.3,25.3,2.0,2945,100.0%,Yes,Fixed Price,2017,60.02,$85.05
2864,Tame Impala,Currents,Alternative,1991,uk,Limited Colored Vinyl,Yes,Very Good Plus,Very Good,120.0,"36,910",605,1365.0,2.256,52.9,29.5,35.0,4115,99.7%,No,Fixed Price,2020,48.53,$62.90
2865,Kraftwerk,Trans-Europe Express,Electronic,1966,JAPAN,Limited Colored Vinyl,Yes,Very Good,Very Good Plus,,"49,922",1017,3538.0,3.479,82.6,61.4,7.0,4184,95.0%,No,Auction,2023,76.42,$101.90
2866,De La Soul,3 Feet High and Rising,Hip-Hop,1961,Australia,Limited Colored Vinyl,Yes,Very Good,Very Good Plus,120.0,"30,865",506,1631.0,3.223,76.3,44.0,,3300,91.0%,Yes,Fixed Price,2016,63.59,$79.38
2867,The Rolling Stones,Exile on Main St.,Rock,1976,US,Limited Colored Vinyl,True,Good Plus,Very Good Plus,120g,"24,703",483,511.0,1.058,98.5,11.3,5.0,2452,93.0%,yes,Fixed Price,2016,64.40,$63.71
2868,The Beatles,Abbey Road,Rock,1962,UK,Test Pressing,Yes,Near Mint,Good,180.0,"3,544",312,1036.0,3.321,89.9,66.0,22.0,3111,99.4%,No,Fixed Price,2018,99.28,$119.39
2869,R.E.M.,Green,Alternative,2012,brazil,Standard Reissue,0,  Very Good ,Very Good,120.0,"32,117",775,1742.0,2.248,60.6,67.1,13.0,1473,93.7%,no,Fixed Price,2023,65.41,$93.35
2870,Outkast,Southernplayalisticadillacmuzik,Hip-Hop,2022,France,Standard Reissue,No,Mint,Very Good Plus,180g,"4,680",1212,2551.0,2.105,65.1,34.3,1.0,254,96.8%,1,Auction,2022,57.86,$83.24
2871,The Cure,Pornography,Alternative,1983,Brazil,Standard Reissue,False,Good Plus,Very Good,120g,"22,825",320,257.0,0.803,37.7,78.4,3.0,1216,94.3%,yes,Fixed Price,2021,51.29,$50.52
2872,My Bloody Valentine,Loveless,Alternative,1984,US,Original 1st Press,0,Near Mint,Mint,120g,"44,281",98,204.0,2.082,26.0,45.4,24.0,1384,97.9%,1,Auction,2017,56.72,$86.90
2873,J Dilla,Donuts,Hip-Hop,1968,US,Original 1st Press,False,Very Good Plus,Near Mint,140g,"37,019",116,34.0,0.293,41.9,49.8,10.0,52,100.0%,no,Fixed Price,2024,52.56,$84.20
2874,The National,Boxer,Alternative,2003,Japan,Standard Reissue,No,Very Good,Very Good Plus,120g,"39,727",1721,1380.0,0.802,42.7,64.6,10.0,4525,92.6%,0,Fixed Price,2022,46.53,$61.14
2875,Steely Dan,Aja,Rock,2006,australia,Standard Reissue,0,Very Good,Very Good,120.0,"19,628",361,535.0,1.482,75.7,61.4,1.0,4164,97.8%,No,Fixed Price,2021,61.14,$80.14
2876,Talking Heads,Fear of Music,Alternative,1990,NETHERLANDS,Promo Copy,No,Good,Very Good,140g,"11,264",251,325.0,1.295,75.5,21.6,14.0,4645,94.8%,Yes,Auction,2016,68.20,$82.93
2877,Sly and the Family Stone,Fresh,Soul,1966,CANADA,Limited Colored Vinyl,True,Very Good,Near Mint,140.0,"5,582",135,200.0,1.481,73.7,66.3,1.0,3103,100.0%,False,Auction,2015,77.23,$112.93
2878,Jimi Hendrix,Axis: Bold as Love,Rock,2003,GERMANY,Standard Reissue,No,Mint,Very Good Plus,,"34,294",72,139.0,1.931,70.5,49.7,3.0,2000,92.6%,True,Fixed Price,2022,58.30,$79.77
2879,Alice in Chains,Facelift,Alternative,1988,germany,Standard Reissue,No,Near Mint,,200.0,"12,933",96,65.0,0.677,57.4,44.7,3.0,446,99.3%,No,Fixed Price,2020,55.28,$67.49
2880,Joni Mitchell,Hissing of Summer Lawns,Folk,1972,Canada,Standard Reissue,No,Very Good Plus,Very Good,120g,"39,072",440,563.0,1.28,76.2,43.9,20.0,2390,99.8%,False,Fixed Price,2016,58.65,$72.37
2881,Joni Mitchell,Ladies of the Canyon,Folk,1972,US,Original 1st Press,No,Mint,Mint,120.0,"25,888",318,118.0,0.371,84.2,47.8,28.0,4102,98.6%,0,Auction,2019,68.23,$104.93
2882,Stevie Wonder,Songs in the Key of Life,Soul,1969,Japan,Anniversary Edition,yes,Near Mint,Fair,180.0,"5,142",203,93.0,0.458,90.5,23.5,73.0,3191,97.8%,No,Auction,2015,59.36,$77.66
2883,Funkadelic,Funkadelic,R&B,1986,NETHERLANDS,Original 1st Press,No,Very Good Plus,Good,140g,"6,006",297,196.0,0.66,44.8,89.4,3.0,2924,97.5%,False,Auction,2024,82.28,$101.22
2884,Led Zeppelin,Led Zeppelin IV,Rock,1966,Brazil,Limited Colored Vinyl,yes,Mint,Very Good Plus,120g,"16,266",71,217.0,3.056,94.9,59.3,4.0,1481,96.7%,Yes,Auction,2016,78.35,$107.84
2885,David Bowie,Ziggy Stardust,Rock,2003,netherlands,Standard Reissue,0,Near Mint,Good Plus,180.0,"46,266",304,748.0,2.461,89.1,11.8,3.0,2950,98.0%,no,Fixed Price,2017,55.38,$74.01
2886,Daft Punk,Discovery,Electronic,2020,France,Original 1st Press,False,Very Good,Very Good,120g,"41,749",745,454.0,0.609,87.5,73.9,11.0,956,97.8%,False,Fixed Price,2022,85.02,$83.78
2887,Pink Floyd,Animals,Rock,2014,australia,Standard Reissue,False,Good,Good,140g,"2,837",193,310.0,1.606,100.0,73.1,10.0,3634,97.5%,0,Auction,2024,81.17,$90.25
2888,New Order,Low Life,Electronic,2020,Canada,Standard Reissue,No,Very Good,Very Good,180.0,"32,702",802,185.0,0.231,71.9,46.6,12.0,2941,100.0%,False,Auction,2025,48.25,$55.71
2889,Black Sabbath,Paranoid,Rock,1967,UK,Standard Reissue,No,Very Good,Good Plus,180g,"24,725",858,424.0,0.494,76.9,81.5,10.0,4938,98.5%,No,Fixed Price,2016,65.76,$72.34
2890,Pink Floyd,Wish You Were Here,Rock,1963,France,Standard Reissue,No,Very Good Plus,Very Good,120.0,"13,279",1127,971.0,0.862,89.9,20.5,30.0,4026,94.8%,no,Fixed Price,2021,59.30,$65.36
2891,The Beatles,Abbey Road,Rock,1968,France,Promo Copy,False,Very Good,,180g,"31,688",739,183.0,0.248,86.5,67.2,43.0,3650,95.8%,no,Fixed Price,2025,70.06,$78.88
2892,Stevie Wonder,Music of My Mind,Soul,2012,US,Standard Reissue,No,Poor,Near Mint,120.0,"11,154",585,1039.0,1.776,89.6,45.3,19.0,4946,98.0%,True,Auction,2017,65.89,$59.14
2893,Prince,Sign o' the Times,R&B,1973,Canada,Promo Copy,No,Very Good Plus,Good Plus,200g,"3,782",294,458.0,1.558,89.8,49.4,13.0,4500,97.7%,Yes,Auction,2017,79.43,$86.18
2894,The White Stripes,Elephant,Alternative,1971,Australia,Anniversary Edition,Yes,Very Good Plus,Very Good Plus,120g,"36,392",420,1103.0,2.626,62.5,49.0,,3637,97.2%,True,Auction,2021,59.44,$74.50
2895,The Cure,Disintegration,Alternative,1993,Australia,Standard Reissue,0,Good,,140g,"37,460",664,745.0,1.122,34.9,72.2,5.0,3097,98.0%,Yes,Auction,2021,50.22,$51.09
2896,Black Uhuru,Red,Reggae,1971,Brazil,Standard Reissue,no,Near Mint,Near Mint,200.0,307,1023,1254.0,1.226,31.0,38.4,10.0,1731,97.4%,yes,Fixed Price,2022,40.90,$52.53
2897,The Rolling Stones,Some Girls,Rock,1970,Germany,Test Pressing,True,Near Mint,Good Plus,180g,"35,483",121,414.0,3.421,98.1,41.7,9.0,3655,100.0%,No,Fixed Price,2019,87.00,$121.48
2898,Neil Young,Harvest,Folk,1991,Germany,Standard Reissue,No,Very Good,,120.0,"18,201",764,466.0,0.61,62.4,14.1,5.0,128,93.3%,True,Auction,2021,42.82,$51.30
2899,Funkadelic,One Nation Under a Groove,R&B,2020,France,Test Pressing,Yes,Good Plus,Very Good,140g,"13,820",237,565.0,2.384,38.3,51.3,16.0,4922,92.6%,True,Auction,2022,67.20,$70.40
2900,Outkast,ATLiens,Hip-Hop,1987,Brazil,Promo Copy,No,Near Mint,Good,120.0,"40,829",472,308.0,0.653,75.5,75.8,42.0,3502,99.5%,False,Auction,2021,78.05,$95.60
2901,Arctic Monkeys,AM,Alternative,2013,Japan,Original 1st Press,no,Near Mint,Very Good Plus,140.0,"42,198",188,324.0,1.723,60.4,27.5,25.0,2049,93.5%,No,Auction,2023,61.52,$71.42
2902,Dolly Parton,Jolene,Country,2022,Germany,Standard Reissue,No,Near Mint,Good,180g,"6,224",635,,0.805,60.1,36.4,48.0,3758,,No,Fixed Price,2022,58.14,$75.27
2903,Massive Attack,Blue Lines,Electronic,1961,Netherlands,Anniversary Edition,1,Good,Mint,180.0,"19,348",75,170.0,2.267,54.3,21.2,2.0,777,,yes,Fixed Price,2022,58.45,$69.14
2904,Kraftwerk,Computer World,Electronic,1960,Germany,Standard Reissue,0,Very Good Plus,Fair,200g,"18,441",1081,1011.0,0.935,80.2,26.1,19.0,4630,98.0%,yes,Fixed Price,2021,53.01,$59.35
2905,D'Angelo,Black Messiah,R&B,2005,Australia,Standard Reissue,No,Poor,Very Good,120.0,"24,774",1420,1393.0,0.981,76.4,26.5,29.0,1613,96.9%,False,Fixed Price,2018,50.36,$48.95
2906,Vampire Weekend,Modern Vampires of the City,Alternative,1974,US,Standard Reissue,No,Near Mint,Very Good,120.0,"17,632",814,2015.0,2.475,66.4,26.0,10.0,1720,94.9%,False,Fixed Price,2019,53.79,$85.28
2907,Duran Duran,Duran Duran,Pop,1983,Brazil,Anniversary Edition,Yes,Very Good,Mint,180.0,"11,335",241,727.0,3.017,70.7,11.6,5.0,2520,100.0%,Yes,Fixed Price,2023,54.26,$70.61
2908,The Clash,London Calling,Rock,1987,Netherlands,Anniversary Edition,Yes,Very Good Plus,Very Good,180g,"14,489",116,299.0,2.578,70.6,14.1,25.0,2182,96.3%,No,Fixed Price,2019,57.14,$76.74
2909,Eminem,The Marshall Mathers LP,Hip-Hop,1975,NETHERLANDS,Standard Reissue,0,Very Good Plus,Very Good,180g,"14,310",1160,1464.0,1.262,100.8,8.8,17.0,2140,95.9%,Yes,Fixed Price,2020,59.31,$71.64
2910,The Rolling Stones,Voodoo Lounge,Rock,1972,UK,Limited Colored Vinyl,Yes,Good Plus,Very Good,120g,"17,952",858,1357.0,1.582,95.8,50.0,19.0,481,92.3%,1,Fixed Price,2019,74.99,$83.75
2911,Stevie Wonder,Talking Book,Soul,1979,UK,Test Pressing,True,Good,Very Good,120.0,"24,982",227,44.0,0.194,92.5,37.1,18.0,623,93.6%,1,Fixed Price,2024,77.53,$80.99
2912,Erykah Badu,Baduizm,R&B,1988,Netherlands,Standard Reissue,no,Near Mint,Very Good,140.0,"34,448",787,895.0,1.137,77.2,63.4,104.0,4238,97.9%,yes,Fixed Price,2021,58.82,$84.06
2913,Sly and the Family Stone,Stand!,Soul,1987,US,Original 1st Press,No,Near Mint,Very Good Plus,120.0,"2,877",51,16.0,0.314,71.9,70.2,1.0,3367,100.0%,0,Fixed Price,2019,77.69,$121.68
2914,De La Soul,De La Soul Is Dead,Hip-Hop,1986,Canada,Limited Colored Vinyl,yes,Mint,Very Good,180.0,"21,073",20,74.0,3.7,77.5,42.3,1.0,4131,97.9%,Yes,Fixed Price,2020,70.44,$103.82
2915,The Rolling Stones,Tattoo You,Rock,2010,NETHERLANDS,Test Pressing,1,Very Good,Near Mint,140g,"19,263",76,212.0,2.789,90.7,40.1,0.0,3346,99.6%,No,Fixed Price,2016,91.12,$108.40
2916,Funkadelic,Cosmic Slop,R&B,2001,NETHERLANDS,Standard Reissue,No,Mint,Very Good Plus,140.0,510,1329,2878.0,2.166,44.8,21.8,0.0,3876,100.0%,no,Fixed Price,2024,48.81,$78.27
2917,Red Hot Chili Peppers,Blood Sugar Sex Magik,Alternative,1977,Netherlands,Anniversary Edition,yes,Good Plus,Very Good Plus,120g,"11,783",832,1587.0,1.907,63.9,18.5,32.0,219,94.2%,No,Fixed Price,2015,59.15,$60.49
2918,The Rolling Stones,Made in the Shade,Rock,1975,Germany,Limited Colored Vinyl,Yes,Good Plus,Very Good Plus,120g,"25,631",501,267.0,0.533,93.7,14.5,2.0,1372,97.0%,0,Fixed Price,2023,61.04,$49.84
2919,Bob Marley,Uprising,Reggae,2011,netherlands,Original 1st Press,No,Very Good,Fair,140.0,"30,234",246,499.0,2.028,99.6,49.3,,1886,100.0%,Yes,Auction,2023,79.16,$81.96
2920,Prince,1999,R&B,1970,,Standard Reissue,0,Mint,Mint,,"38,669",387,866.0,2.238,87.7,52.0,2.0,2128,100.0%,no,Auction,2023,67.69,$89.06
2921,The Rolling Stones,Sticky Fingers,Rock,2002,us,Anniversary Edition,1,Mint,Good,180g,"32,815",484,466.0,0.963,94.0,64.5,8.0,578,95.7%,No,Auction,2016,74.97,$102.58
2922,Vampire Weekend,Vampire Weekend,Alternative,1996,Canada,Standard Reissue,False,Very Good,Very Good,140g,"6,885",362,156.0,0.431,72.9,29.5,7.0,2217,98.4%,No,Auction,2016,63.04,$72.27
2923,Black Uhuru,Red,Reggae,1962,canada,Original 1st Press,No,Good,Very Good Plus,120g,"18,806",172,176.0,1.023,24.7,35.2,6.0,4115,95.7%,Yes,Auction,2017,47.57,$50.88
2924,Talking Heads,Remain in Light,Alternative,1971,netherlands,Promo Copy,False,Very Good,Very Good,120.0,"29,765",237,185.0,0.781,76.0,68.9,22.0,3195,89.1%,No,Fixed Price,2023,76.94,$97.96
2925,R.E.M.,Document,Alternative,1963,France,Standard Reissue,No,Near Mint,Good Plus,120g,"12,128",211,332.0,1.573,64.1,27.9,16.0,4230,99.1%,Yes,Auction,2017,45.73,$64.59
2926,Kraftwerk,Trans-Europe Express,Electronic,1995,Japan,Standard Reissue,No,Fair,Mint,140.0,833,436,846.0,1.94,78.8,64.5,9.0,2848,99.1%,yes,Fixed Price,2025,71.30,$70.29
2927,Neil Young,Comes a Time,Folk,1996,,Original 1st Press,no,Very Good,,180g,"7,773",461,447.0,0.97,65.2,27.0,12.0,3112,99.3%,No,Auction,2024,70.90,$75.51
2928,The Notorious B.I.G.,Ready to Die,Hip-Hop,1994,AUSTRALIA,Standard Reissue,0,Near Mint,Near Mint,180g,"8,465",1417,715.0,0.505,94.7,80.3,11.0,4211,93.0%,yes,Fixed Price,2025,77.06,$112.26
2929,My Bloody Valentine,Loveless,Alternative,2004,UK,Standard Reissue,No,Very Good Plus,Good,180g,"44,263",1132,2346.0,2.072,27.9,48.1,4.0,4948,100.0%,No,Auction,2022,34.09,$43.86
2930,Joni Mitchell,Hejira,Folk,2011,Brazil,Standard Reissue,No,Mint,Good Plus,120g,"15,352",824,983.0,1.193,73.0,55.4,55.0,4914,94.4%,Yes,Fixed Price,2017,60.63,$87.79
2931,The Rolling Stones,Beggars Banquet,Rock,1989,GERMANY,Test Pressing,Yes,Very Good,Good Plus,180.0,"33,987",595,937.0,1.575,91.0,37.5,22.0,983,100.0%,No,Auction,2024,83.35,$106.86
2932,The Beatles,Abbey Road,Rock,2017,Netherlands,Original 1st Press,No,Very Good Plus,Near Mint,120g,"40,271",43,75.0,1.744,87.6,71.1,53.0,4057,93.1%,no,Fixed Price,2020,84.04,$123.00
2933,Marvin Gaye,What's Going On,Soul,2018,France,Standard Reissue,No,Very Good Plus,Good Plus,120.0,"37,356",330,705.0,2.136,93.3,28.2,2.0,1959,96.8%,Yes,Auction,2024,59.09,$79.59
2934,De La Soul,De La Soul Is Dead,Hip-Hop,2002,,Promo Copy,No,Good Plus,Very Good,120.0,"28,491",564,1293.0,2.293,79.2,39.6,50.0,1679,,False,Auction,2021,73.95,$75.54
2935,The Clash,London Calling,Rock,2017,US,Limited Colored Vinyl,Yes,Fair,Good Plus,140g,"4,935",481,1156.0,2.403,72.7,10.7,12.0,1066,93.9%,1,Fixed Price,2020,64.41,$49.93
2936,The Beatles,Rubber Soul,Rock,2009,UK,Standard Reissue,False,Fair,Poor,120g,"31,801",587,1410.0,2.402,87.1,22.1,,4406,96.8%,False,Auction,2025,64.76,$58.78
2937,Miles Davis,Bitches Brew,Jazz,2001,Brazil,Standard Reissue,False,Good Plus,Very Good,140g,"6,387",470,,1.349,79.0,18.4,13.0,3525,100.0%,No,Fixed Price,2021,50.67,$54.53
2938,Bjork,Post,Electronic,2013,UK,Test Pressing,Yes,Very Good Plus,Near Mint,140g,"16,647",58,211.0,3.638,75.3,69.4,48.0,2362,,1,Fixed Price,2016,92.11,$119.44
2939,David Bowie,Let's Dance,Pop,2003,Japan,Anniversary Edition,yes,Near Mint,Very Good,120g,"43,195",514,849.0,1.652,86.7,27.8,30.0,582,96.3%,Yes,Auction,2024,58.72,$72.39
2940,De La Soul,De La Soul Is Dead,Hip-Hop,1973,Netherlands,Standard Reissue,No,  Very Good Plus ,Near Mint,,"28,348",188,435.0,2.314,74.9,47.0,84.0,1766,95.4%,No,Fixed Price,2016,65.97,$78.36
2941,Michael Jackson,Off the Wall,Pop,1980,US,Anniversary Edition,Yes,Very Good,Very Good,120g,"43,839",959,3448.0,3.595,92.5,69.3,14.0,178,96.3%,0,Auction,2016,72.01,$75.46
2942,The Rolling Stones,Let It Bleed,Rock,1995,Canada,Standard Reissue,False,Near Mint,Fair,140g,"2,552",629,550.0,0.874,96.2,18.4,12.0,4525,98.7%,False,Fixed Price,2023,65.07,$82.28
2943,Guns N' Roses,Appetite for Destruction,Rock,1987,Canada,Original 1st Press,No,  Good ,Good Plus,200.0,"30,788",166,204.0,1.229,93.0,66.3,3.0,2311,95.0%,yes,Fixed Price,2016,76.38,$52.34
2944,Kings of Leon,Because of the Times,Alternative,1976,France,Anniversary Edition,Yes,Near Mint,Good Plus,140.0,"35,556",581,601.0,1.034,66.0,14.4,21.0,605,98.4%,False,Fixed Price,2019,53.80,$77.33
2945,Sly and the Family Stone,There's a Riot Goin' On,Soul,2022,Netherlands,Standard Reissue,0,Very Good Plus,Mint,140g,"36,376",47,106.0,2.255,66.6,31.2,26.0,2549,93.9%,1,Auction,2024,52.26,$75.02
2946,Fleetwood Mac,Rumours,Rock,2013,US,Standard Reissue,False,Very Good,Mint,140g,"13,354",820,538.0,0.656,91.5,9.3,19.0,3662,93.4%,yes,Fixed Price,2015,46.97,$62.64
2947,Snoop Dogg,Doggystyle,Hip-Hop,1964,UK,Test Pressing,1,Mint,Near Mint,140.0,"12,742",43,110.0,2.558,74.2,28.8,6.0,3073,97.5%,1,Fixed Price,2021,86.01,$105.93
2948,AC/DC,Highway to Hell,Rock,2002,Netherlands,Promo Copy,False,Near Mint,Very Good Plus,120g,"11,691",250,216.0,0.864,88.2,17.1,14.0,2884,94.4%,False,Auction,2020,62.93,$75.34
2949,The Cure,Pornography,Alternative,1999,australia,Standard Reissue,0,Near Mint,Very Good,120.0,"44,224",439,388.0,0.884,40.4,80.9,1.0,1085,100.0%,No,Fixed Price,2018,50.60,$81.11
2950,John Coltrane,A Love Supreme,Jazz,1980,Germany,Standard Reissue,0,Mint,Fair,120.0,"12,766",652,568.0,0.871,80.0,69.7,10.0,4574,98.7%,1,Fixed Price,2019,71.23,$77.57
2951,Radiohead,The Bends,Alternative,2017,UK,Standard Reissue,No,Very Good,Near Mint,120g,"27,191",40,51.0,1.275,83.5,49.3,14.0,2480,91.9%,0,Fixed Price,2017,60.10,$84.98
2952,My Bloody Valentine,Isn't Anything,Alternative,1991,Australia,Standard Reissue,no,Very Good,Near Mint,,"49,413",359,798.0,2.223,30.7,70.7,56.0,758,95.1%,No,Fixed Price,2020,51.84,$59.40
2953,Jimi Hendrix,Are You Experienced,Rock,1988,Netherlands,Limited Colored Vinyl,1,Very Good Plus,Very Good Plus,120g,"22,571",127,449.0,3.535,73.2,46.7,2.0,1619,100.0%,No,Auction,2021,72.64,$101.85
2954,Public Enemy,Fear of a Black Planet,Hip-Hop,1960,France,Limited Colored Vinyl,Yes,Near Mint,Very Good Plus,120g,"22,640",122,393.0,3.221,73.8,17.7,9.0,3382,98.4%,0,Fixed Price,2023,59.35,$74.72
2955,The Smiths,The Queen Is Dead,Alternative,2011,france,Anniversary Edition,Yes,Good,Very Good Plus,120.0,"41,378",225,460.0,2.044,45.2,16.5,0.0,3550,97.1%,No,Fixed Price,2025,39.67,$46.86
2956,John Coltrane,Blue Train,Jazz,1967,UK,Original 1st Press,False,  Very Good Plus ,Good Plus,140g,"47,748",205,233.0,1.137,77.0,57.8,8.0,2042,94.9%,True,Fixed Price,2018,76.45,$94.33
2957,Arctic Monkeys,Favourite Worst Nightmare,Alternative,1996,uk,Standard Reissue,no,Very Good Plus,Near Mint,180g,"48,967",679,1310.0,1.929,61.4,63.7,17.0,4330,99.1%,1,Fixed Price,2025,60.50,$67.53
2958,Joni Mitchell,Court and Spark,Folk,1985,US,Anniversary Edition,Yes,Very Good Plus,Near Mint,140g,"13,203",494,1256.0,2.543,75.4,27.2,0.0,3528,97.0%,Yes,Fixed Price,2023,63.51,$81.72
2959,Dolly Parton,Jolene,Country,1965,Brazil,Original 1st Press,no,Good Plus,Good,140g,"43,388",249,345.0,1.386,60.9,44.9,54.0,1043,96.1%,No,Fixed Price,2024,65.10,$74.10
2960,Michael Jackson,Bad,Pop,1962,France,Test Pressing,Yes,Very Good Plus,Fair,120.0,"17,702",153,482.0,3.15,88.2,35.7,23.0,3181,97.2%,No,Fixed Price,2015,94.99,$120.93
2961,Beastie Boys,Paul's Boutique,Hip-Hop,1986,australia,Standard Reissue,False,Very Good Plus,Good,140g,"13,412",906,1814.0,2.002,57.1,6.2,2.0,3819,100.0%,Yes,Auction,2023,48.59,$62.55
2962,Neil Young,Comes a Time,Folk,2022,Canada,Standard Reissue,No,Near Mint,Very Good Plus,120.0,"14,633",1084,2093.0,1.931,62.2,21.1,40.0,187,97.9%,No,Auction,2022,48.83,$76.21
2963,Aphex Twin,Drukqs,Electronic,2022,Canada,Limited Colored Vinyl,True,Near Mint,Very Good Plus,200.0,"4,378",369,1366.0,3.702,66.0,24.4,22.0,4078,100.0%,No,Fixed Price,2023,59.91,$92.82
2964,Jimi Hendrix,Electric Ladyland,Rock,1998,Germany,Limited Colored Vinyl,yes,Near Mint,Near Mint,120g,"11,337",165,93.0,0.564,69.2,17.3,12.0,3771,95.5%,No,Auction,2023,51.28,$73.97
2965,Marvin Gaye,What's Going On,Soul,1985,Brazil,Anniversary Edition,Yes,  Near Mint ,Good,140g,"13,109",695,1303.0,1.875,84.1,29.2,12.0,579,97.5%,1,Auction,2024,62.85,$79.17
2966,Sufjan Stevens,Carrie & Lowell,Folk,1981,US,Limited Colored Vinyl,True,Very Good Plus,Very Good Plus,140g,"29,479",981,1357.0,1.383,56.0,9.5,40.0,354,92.7%,False,Auction,2023,50.90,$83.74
2967,Talking Heads,Speaking in Tongues,Alternative,2020,US,Original 1st Press,No,Near Mint,Near Mint,,"29,259",144,138.0,0.958,79.7,36.1,23.0,2489,96.9%,no,Fixed Price,2023,72.06,$102.77
2968,Joy Division,Unknown Pleasures,Alternative,2020,Australia,Standard Reissue,no,Very Good,Near Mint,140g,"15,400",212,76.0,0.358,36.9,71.3,6.0,66,99.9%,True,Auction,2020,54.47,$66.71
2969,Stevie Wonder,Music of My Mind,Soul,2016,Australia,Standard Reissue,no,Very Good,Very Good Plus,120g,"41,146",467,977.0,2.092,91.6,38.7,15.0,5,,1,Fixed Price,2020,69.85,$78.68
2970,Sufjan Stevens,Carrie & Lowell,Folk,2010,Germany,Test Pressing,yes,Very Good Plus,Fair,180.0,"9,718",253,280.0,1.107,48.4,8.6,27.0,1454,98.9%,No,Fixed Price,2022,66.92,$85.18
2971,Neil Young,Rust Never Sleeps,Folk,2016,uk,Original 1st Press,No,Near Mint,Very Good Plus,140g,"20,054",437,123.0,0.281,66.9,58.9,4.0,4619,94.6%,Yes,Fixed Price,2022,71.90,$97.86
2972,The Beatles,Abbey Road,Rock,1994,australia,Limited Colored Vinyl,1,Good Plus,Very Good Plus,120g,"20,335",751,1371.0,1.826,91.7,69.9,64.0,2512,97.5%,No,Fixed Price,2025,76.43,$92.58
2973,The Beatles,Revolver,Rock,2000,,Promo Copy,False,Very Good,Very Good,180.0,"43,862",1051,165.0,0.157,89.9,13.1,27.0,4163,95.8%,True,Fixed Price,2025,50.33,$63.20
2974,The Cure,Pornography,Alternative,1978,UK,Standard Reissue,No,Mint,Very Good,120.0,"27,192",750,891.0,1.188,38.2,78.7,1.0,1885,100.0%,False,Auction,2021,56.79,$92.47
2975,Radiohead,OK Computer,Alternative,1981,Germany,Standard Reissue,No,Very Good Plus,Mint,140.0,"13,761",1394,711.0,0.51,83.1,52.6,25.0,1879,93.7%,No,Auction,2018,61.68,$93.76
2976,The Rolling Stones,Sticky Fingers,Rock,1964,JAPAN,Test Pressing,Yes,Mint,Poor,140g,"15,828",202,324.0,1.604,92.8,68.8,23.0,425,99.5%,True,Auction,2016,91.17,$113.76
2977,John Coltrane,My Favorite Things,Jazz,1970,france,Standard Reissue,no,Good,Fair,180g,"13,058",1643,1710.0,1.041,78.4,38.4,12.0,4250,94.5%,no,Fixed Price,2015,60.92,$52.28
2978,Stevie Wonder,Talking Book,Soul,1994,Germany,Anniversary Edition,Yes,  Good Plus ,Very Good Plus,180g,"29,534",507,802.0,1.582,89.9,34.8,14.0,1370,96.8%,No,Fixed Price,2020,64.23,$79.63
2979,Outkast,Stankonia,Hip-Hop,2022,Canada,Promo Copy,No,Mint,Fair,140.0,"40,035",230,180.0,0.783,69.5,4.8,39.0,4007,,yes,Auction,2025,55.83,$83.95
2980,Jane's Addiction,Ritual de lo Habitual,Alternative,1978,BRAZIL,Standard Reissue,No,Very Good Plus,Good Plus,140g,"30,007",496,568.0,1.145,32.2,13.1,26.0,2154,98.3%,Yes,Fixed Price,2022,28.06,$32.10
2981,Bob Dylan,Nashville Skyline,Folk,1977,Brazil,Standard Reissue,No,Good,Very Good Plus,120.0,"14,255",338,634.0,1.876,91.1,27.0,164.0,2346,96.9%,Yes,Fixed Price,2021,62.32,$62.18
2982,The Beach Boys,Surf's Up,Pop,2016,Australia,Test Pressing,Yes,Very Good Plus,Very Good Plus,120g,"12,703",72,62.0,0.861,75.9,24.8,0.0,2737,98.4%,no,Fixed Price,2017,64.98,$89.49
2983,Nirvana,In Utero,Alternative,2012,Brazil,Promo Copy,no,Good,Near Mint,180.0,"14,782",138,187.0,1.355,94.2,50.9,13.0,4958,98.1%,True,Auction,2015,73.90,$57.37
2984,Radiohead,In Rainbows,Alternative,1984,Canada,Standard Reissue,No,Near Mint,Mint,120g,"47,561",694,1152.0,1.66,88.6,16.9,1.0,3199,91.5%,1,Auction,2025,49.00,$75.12
2985,Neil Young,Rust Never Sleeps,Folk,1970,Canada,Standard Reissue,no,Mint,Very Good Plus,120g,"30,098",617,806.0,1.306,67.5,56.2,51.0,256,92.9%,No,Fixed Price,2024,62.36,$113.25
2986,Marvin Gaye,Let's Get It On,Soul,1989,JAPAN,Original 1st Press,No,Mint,Good Plus,180g,"47,786",303,211.0,0.696,91.7,76.2,12.0,4758,99.2%,No,Fixed Price,2017,78.21,$111.00
2987,Jane's Addiction,Nothing's Shocking,Alternative,1960,Canada,Standard Reissue,0,Good Plus,Good Plus,,"1,208",761,168.0,0.221,26.0,14.0,3.0,1670,93.7%,yes,Fixed Price,2017,39.76,$47.47
2988,Vampire Weekend,Contra,Alternative,1997,US,Anniversary Edition,True,Mint,Near Mint,180.0,"39,646",648,1346.0,2.077,75.1,28.6,7.0,1185,98.3%,No,Fixed Price,2025,49.17,$85.88
2989,AC/DC,Back in Black,Rock,2021,uk,Limited Colored Vinyl,Yes,Very Good Plus,Very Good,140g,"25,325",1079,1447.0,1.341,92.2,41.6,12.0,1712,93.1%,0,Fixed Price,2021,65.76,$96.53
2990,The Rolling Stones,Voodoo Lounge,Rock,1983,Canada,Anniversary Edition,Yes,  Fair ,Very Good,140g,"4,792",835,2035.0,2.437,94.3,48.1,11.0,2169,96.5%,Yes,Fixed Price,2022,74.16,$64.69
2991,U2,The Joshua Tree,Rock,2006,France,Original 1st Press,no,Very Good Plus,Near Mint,120.0,"14,337",470,286.0,0.609,76.4,49.1,12.0,371,95.0%,1,Fixed Price,2022,76.88,$90.13
2992,John Coltrane,My Favorite Things,Jazz,2014,JAPAN,Standard Reissue,No,Fair,Very Good Plus,120.0,"34,899",86,179.0,2.081,75.3,46.3,16.0,3160,95.1%,No,Fixed Price,2022,64.46,$60.56
2993,De La Soul,De La Soul Is Dead,Hip-Hop,1980,Netherlands,Standard Reissue,0,Very Good,Very Good Plus,180g,"2,897",1801,612.0,0.34,75.4,39.5,,2704,90.9%,True,Fixed Price,2024,52.97,$61.62
2994,Bob Marley,Exodus,Reggae,1982,,Promo Copy,No,Good,Mint,120.0,"40,570",57,57.0,1.0,92.5,21.3,13.0,3892,96.8%,No,Fixed Price,2025,60.12,$73.49
2995,De La Soul,3 Feet High and Rising,Hip-Hop,1976,brazil,Promo Copy,No,Very Good Plus,Very Good Plus,140.0,"8,725",119,137.0,1.151,78.9,51.4,35.0,3892,97.7%,1,Fixed Price,2022,77.25,$98.18
2996,N.W.A,Straight Outta Compton,Hip-Hop,1991,Canada,Standard Reissue,False,Very Good,Very Good Plus,180.0,"2,196",791,1619.0,2.047,63.3,40.9,51.0,4201,90.7%,no,Auction,2021,60.46,$68.70
2997,U2,War,Rock,1978,us,Standard Reissue,0,Very Good,Near Mint,180.0,"3,263",2120,1452.0,0.685,75.2,23.9,26.0,3167,92.7%,True,Fixed Price,2016,54.89,$64.99
2998,Dolly Parton,Jolene,Country,1975,US,Standard Reissue,0,Near Mint,Very Good,120g,"41,213",1220,1492.0,1.223,62.5,42.8,29.0,1741,100.0%,False,Auction,2021,41.88,$51.69
2999,Tame Impala,Currents,Alternative,1998,Canada,Anniversary Edition,True,Very Good,Very Good,180.0,"10,392",413,124.0,0.3,52.5,21.2,29.0,4750,92.9%,True,Fixed Price,2020,43.02,$45.18
3000,Tame Impala,Lonerism,Alternative,1966,Canada,Promo Copy,No,Mint,Good Plus,180g,"16,328",1309,2578.0,1.969,60.0,33.3,23.0,2611,91.2%,True,Fixed Price,2023,66.77,$93.33
3001,J Dilla,The Shining,Hip-Hop,1992,brazil,Standard Reissue,No,Near Mint,Very Good Plus,120.0,"35,164",38,58.0,1.526,43.9,12.4,9.0,2174,96.9%,Yes,Fixed Price,2023,37.32,$46.31
3002,Bjork,Vespertine,Electronic,1976,US,Anniversary Edition,Yes,Very Good,Very Good,180.0,"1,338",1314,3776.0,2.874,69.2,23.3,22.0,3076,,yes,Fixed Price,2018,60.67,$73.33
3003,The Rolling Stones,Voodoo Lounge,Rock,2009,UK,Original 1st Press,No,Near Mint,Very Good Plus,140.0,"32,796",492,929.0,1.888,96.8,47.9,,2447,,False,Auction,2019,79.63,$122.21
3004,Prince,Sign o' the Times,R&B,1971,Canada,Limited Colored Vinyl,True,Mint,Good,200.0,"35,537",301,1054.0,3.502,88.5,47.2,4.0,2424,95.7%,1,Fixed Price,2021,74.78,$100.65
3005,Norah Jones,Little Broken Hearts,Jazz,2020,CANADA,Limited Colored Vinyl,Yes,Mint,Very Good Plus,180g,"49,602",405,1151.0,2.842,67.3,24.6,11.0,166,97.9%,No,Fixed Price,2022,55.16,$72.93
3006,The National,Trouble Will Find Me,Alternative,1983,,Anniversary Edition,True,Very Good,,120g,"28,481",714,1688.0,2.364,44.7,46.8,0.0,4288,91.6%,No,Fixed Price,2025,50.85,$74.31
3007,The Notorious B.I.G.,Life After Death,Hip-Hop,1989,US,Standard Reissue,no,Very Good Plus,Very Good Plus,120.0,"14,505",236,578.0,2.449,96.0,69.9,25.0,4717,97.0%,no,Fixed Price,2016,77.99,$98.96
3008,AC/DC,Powerage,Rock,1978,,Test Pressing,Yes,Near Mint,Near Mint,180.0,"2,793",113,313.0,2.77,93.2,46.0,3.0,1859,,No,Fixed Price,2016,93.39,$166.12
3009,Norah Jones,Little Broken Hearts,Jazz,2002,Japan,Promo Copy,No,  Good Plus ,Mint,180.0,"47,298",262,266.0,1.015,72.4,26.4,28.0,4870,95.2%,No,Fixed Price,2023,58.84,$81.95
3010,D'Angelo,Black Messiah,R&B,1967,CANADA,Promo Copy,No,Near Mint,Good,200.0,"17,709",243,400.0,1.646,77.9,24.7,,831,98.1%,Yes,Auction,2020,65.62,$93.09
3011,John Coltrane,Blue Train,Jazz,2022,Japan,Anniversary Edition,Yes,Good,Very Good Plus,180.0,"39,910",918,3428.0,3.734,73.4,56.3,5.0,4040,,True,Auction,2024,67.74,$69.45
3012,The Rolling Stones,Made in the Shade,Rock,1995,UK,Standard Reissue,False,Very Good Plus,Near Mint,180.0,"15,993",1094,2521.0,2.304,94.4,14.7,5.0,3848,,No,Fixed Price,2025,55.44,$81.20
3013,Funkadelic,Free Your Mind,R&B,1981,France,Standard Reissue,No,Very Good,Very Good Plus,140.0,"38,043",293,642.0,2.191,47.0,58.2,4.0,1779,93.9%,Yes,Auction,2025,56.15,$60.08
3014,Vampire Weekend,Father of the Bride,Alternative,1986,France,Standard Reissue,False,Near Mint,Very Good,140g,"7,158",532,821.0,1.543,68.5,42.3,10.0,228,100.0%,No,Fixed Price,2015,60.15,$89.29
3015,Bjork,Post,Electronic,2016,Canada,Promo Copy,0,Near Mint,Very Good Plus,180.0,"30,075",66,46.0,0.697,70.0,69.3,8.0,906,96.8%,False,Fixed Price,2017,74.35,$117.38
3016,Joni Mitchell,Hejira,Folk,1968,,Test Pressing,Yes,Near Mint,Good Plus,200.0,"44,447",177,202.0,1.141,74.4,52.0,14.0,1436,95.2%,True,Fixed Price,2015,78.54,$89.26
3017,De La Soul,3 Feet High and Rising,Hip-Hop,1981,Australia,Limited Colored Vinyl,1,Very Good Plus,Very Good,140.0,"3,805",607,1903.0,3.135,72.8,45.1,55.0,876,100.0%,Yes,Auction,2021,71.90,$85.53
3018,R.E.M.,Green,Alternative,2013,australia,Limited Colored Vinyl,1,Fair,Very Good Plus,180g,"6,784",564,1454.0,2.578,64.6,73.6,48.0,2314,100.0%,0,Fixed Price,2023,67.62,$59.57
3019,Alicia Keys,Alicia,R&B,1978,GERMANY,Original 1st Press,No,Near Mint,Near Mint,120.0,"18,134",273,104.0,0.381,69.1,77.3,7.0,123,99.6%,yes,Fixed Price,2025,77.77,$99.78
3020,Simon & Garfunkel,Sounds of Silence,Folk,1963,Germany,Standard Reissue,0,Fair,Very Good Plus,180.0,"27,468",436,574.0,1.317,72.0,41.5,5.0,4842,93.5%,False,Fixed Price,2020,54.00,$55.75
3021,R.E.M.,Green,Alternative,2017,US,Standard Reissue,0,Very Good,Good,200.0,"49,750",395,700.0,1.772,56.6,70.9,3.0,1496,94.5%,Yes,Fixed Price,2023,53.79,$62.37
3022,Bob Marley,Exodus,Reggae,1985,Australia,Anniversary Edition,Yes,Very Good,Good Plus,120.0,"34,898",524,1515.0,2.891,90.5,25.0,31.0,2266,93.4%,No,Fixed Price,2021,68.10,$87.54
3023,Prince,Dirty Mind,R&B,1967,Brazil,Standard Reissue,False,Very Good,Good,180.0,"14,558",773,1659.0,2.146,96.7,48.8,0.0,775,93.4%,No,Fixed Price,2019,73.97,$87.90
3024,The Beach Boys,Surf's Up,Pop,1991,US,Limited Colored Vinyl,True,Very Good,Good,140g,"13,192",1463,1835.0,1.254,74.2,26.8,7.0,4565,98.2%,No,Fixed Price,2018,56.49,$74.53
3025,Pearl Jam,Ten,Alternative,1984,Japan,Standard Reissue,No,Very Good,Very Good Plus,140.0,"36,505",764,1694.0,2.217,62.8,68.5,17.0,942,100.0%,True,Fixed Price,2020,62.80,$65.13
3026,Kendrick Lamar,Section.80,Hip-Hop,1996,Germany,Promo Copy,0,Very Good Plus,Near Mint,140g,"23,288",644,,0.658,91.8,20.7,6.0,3682,94.5%,Yes,Fixed Price,2022,64.54,$76.95
3027,Stevie Wonder,Songs in the Key of Life,Soul,1999,Netherlands,Original 1st Press,False,Near Mint,Very Good Plus,180g,"28,307",414,836.0,2.019,84.9,31.7,5.0,3493,90.1%,No,Fixed Price,2017,71.99,$83.80
3028,Daft Punk,Random Access Memories,Electronic,1980,Japan,Limited Colored Vinyl,Yes,Very Good,Very Good Plus,200.0,"7,017",466,1663.0,3.569,90.6,77.0,19.0,4626,100.0%,False,Auction,2016,88.44,$122.36
3029,Arctic Monkeys,"Whatever People Say I Am, That's What I'm Not",Alternative,1977,BRAZIL,Standard Reissue,No,Very Good,Good Plus,120g,"36,146",311,273.0,0.878,61.9,29.6,1.0,597,95.3%,No,Auction,2025,48.63,$55.35
3030,Black Sabbath,Black Sabbath,Rock,2016,Netherlands,Standard Reissue,No,Near Mint,Very Good,180g,"5,302",469,1109.0,2.365,74.1,23.8,16.0,4005,95.2%,No,Auction,2020,62.45,$99.76
3031,The Beatles,Revolver,Rock,2018,Australia,Standard Reissue,No,  Mint ,Fair,120g,"41,323",909,1356.0,1.492,88.5,6.9,90.0,4355,97.3%,1,Fixed Price,2022,49.60,$70.12
3032,Portishead,Portishead,Electronic,1999,UK,Limited Colored Vinyl,Yes,Very Good,Near Mint,200g,"35,117",434,482.0,1.111,78.4,60.5,16.0,1064,97.8%,True,Fixed Price,2016,69.27,$82.85
3033,Parliament,Mothership Connection,R&B,2007,Brazil,Anniversary Edition,Yes,Near Mint,Mint,140.0,"26,405",155,161.0,1.039,40.1,73.6,57.0,1748,95.6%,No,Fixed Price,2017,62.12,$86.88
3034,Sade,Love Deluxe,R&B,2002,canada,Anniversary Edition,Yes,Good Plus,Very Good,140.0,"23,807",726,2308.0,3.179,79.4,75.7,6.0,1800,92.9%,no,Fixed Price,2020,84.38,$106.29
3035,Arctic Monkeys,"Whatever People Say I Am, That's What I'm Not",Alternative,1995,GERMANY,Promo Copy,0,Very Good Plus,Near Mint,140.0,"6,883",227,24.0,0.106,54.9,29.5,23.0,4868,97.7%,0,Fixed Price,2015,57.46,$54.48
3036,Loretta Lynn,Coal Miner's Daughter,Country,1997,France,Standard Reissue,No,Good,Very Good Plus,120.0,"14,092",860,632.0,0.735,22.7,60.3,19.0,412,96.3%,False,Auction,2023,38.57,$35.68
3037,Fleetwood Mac,Fleetwood Mac,Rock,2022,germany,Original 1st Press,No,Near Mint,Mint,180.0,"4,344",569,672.0,1.181,88.1,79.1,48.0,2409,92.4%,Yes,Fixed Price,2024,100.32,$133.41
3038,Joni Mitchell,Ladies of the Canyon,Folk,2007,UK,Anniversary Edition,Yes,Very Good,Near Mint,140g,"48,817",723,825.0,1.141,72.5,41.7,12.0,2978,93.5%,No,Fixed Price,2018,55.49,$68.97
3039,Outkast,Aquemini,Hip-Hop,1975,Australia,Standard Reissue,0,Good Plus,Very Good,140g,"21,639",470,385.0,0.819,69.4,68.2,31.0,3395,94.6%,No,Fixed Price,2019,65.35,$65.07
3040,Jimi Hendrix,Axis: Bold as Love,Rock,1967,Brazil,Standard Reissue,No,Very Good Plus,Fair,120g,"39,065",1525,2155.0,1.413,76.1,49.8,8.0,3910,97.5%,No,Fixed Price,2025,63.37,$79.21
3041,The Beatles,The White Album,Rock,2019,US,Limited Colored Vinyl,Yes,Near Mint,Very Good Plus,120.0,"24,435",123,348.0,2.829,90.3,62.9,53.0,4758,100.0%,False,Fixed Price,2020,80.19,$123.02
3042,Erykah Badu,Baduizm,R&B,1985,US,Standard Reissue,No,Very Good Plus,Very Good,120.0,"10,427",725,1247.0,1.72,74.4,69.8,10.0,3299,96.0%,False,Fixed Price,2021,64.00,$89.26
3043,D'Angelo,Brown Sugar,R&B,2011,Australia,Limited Colored Vinyl,True,Very Good,Very Good,200g,"44,619",451,475.0,1.053,68.6,64.6,22.0,4165,95.9%,no,Fixed Price,2023,65.60,$78.36
3044,The Beach Boys,Wild Honey,Pop,2002,Germany,Original 1st Press,False,Mint,Very Good Plus,180g,"28,899",267,28.0,0.105,76.9,28.1,10.0,4622,95.2%,0,Fixed Price,2021,63.31,$100.81
3045,Erykah Badu,Baduizm,R&B,2019,Japan,Standard Reissue,0,Fair,Mint,120.0,"34,181",271,448.0,1.653,72.1,66.3,57.0,1986,96.8%,No,Auction,2019,68.25,$71.28
3046,Portishead,Third,Electronic,1992,Netherlands,Standard Reissue,No,Good,Mint,140g,"13,023",679,1189.0,1.751,78.9,9.4,15.0,4166,97.9%,No,Fixed Price,2025,56.19,$67.39
3047,Loretta Lynn,Coal Miner's Daughter,Country,1997,canada,Promo Copy,No,Good Plus,Very Good Plus,180.0,"19,935",864,591.0,0.684,24.8,56.3,30.0,2410,92.9%,No,Auction,2019,51.65,$57.08
3048,Willie Nelson,Stardust,Country,1990,US,Standard Reissue,No,Poor,Very Good Plus,180.0,"40,030",710,696.0,0.98,61.5,34.7,49.0,2151,100.0%,Yes,Fixed Price,2025,46.82,$37.93
3049,James Taylor,Sweet Baby James,Folk,1991,Canada,Standard Reissue,No,Mint,Very Good Plus,120g,"9,724",772,1478.0,1.915,30.2,75.4,,2454,95.4%,True,Auction,2016,59.46,$99.79
3050,John Coltrane,Giant Steps,Jazz,1977,germany,Standard Reissue,No,Very Good,Very Good Plus,200.0,"2,496",17,17.0,1.0,75.3,69.3,22.0,2613,95.3%,No,Auction,2018,69.08,$70.41
3051,Miles Davis,Kind of Blue,Jazz,2011,JAPAN,Anniversary Edition,True,Mint,Near Mint,120g,"9,827",69,150.0,2.174,77.2,35.9,2.0,2132,97.4%,1,Fixed Price,2018,69.49,$96.78
3052,Pink Floyd,Wish You Were Here,Rock,2000,Brazil,Standard Reissue,False,Very Good Plus,Fair,200g,"49,499",1334,1446.0,1.084,91.8,25.4,13.0,79,100.0%,no,Fixed Price,2018,44.23,$53.63
3053,The Beatles,Revolver,Rock,1965,Germany,Standard Reissue,No,Very Good,Good,120g,"30,215",1275,1756.0,1.377,86.7,4.4,15.0,2787,91.7%,False,Fixed Price,2017,46.79,$56.00
3054,Joni Mitchell,Ladies of the Canyon,Folk,2013,Netherlands,Standard Reissue,No,Good Plus,Very Good,120.0,372,269,638.0,2.372,77.3,49.0,7.0,4143,95.7%,No,Fixed Price,2017,65.60,$73.97
3055,Kraftwerk,Trans-Europe Express,Electronic,1989,Germany,Limited Colored Vinyl,Yes,Very Good Plus,Very Good Plus,180.0,"22,054",229,781.0,3.41,79.6,62.5,4.0,3418,91.2%,1,Auction,2019,74.88,$106.12
3056,Talking Heads,Fear of Music,Alternative,1997,Germany,Promo Copy,False,Good Plus,Very Good,140g,"35,866",169,188.0,1.112,80.4,18.0,1.0,3639,97.2%,Yes,Fixed Price,2018,62.33,$64.43
3057,Aphex Twin,Selected Ambient Works 85-92,Electronic,1977,AUSTRALIA,Test Pressing,True,Near Mint,Good,200.0,"48,543",77,146.0,1.896,56.2,6.6,39.0,126,,False,Auction,2025,59.05,$83.98
3058,Steely Dan,The Royal Scam,Rock,2022,Brazil,Original 1st Press,No,Good Plus,Mint,,"48,501",297,641.0,2.158,76.7,3.7,1.0,4311,96.0%,no,Fixed Price,2023,64.81,$60.84
3059,Black Sabbath,Paranoid,Rock,2009,Netherlands,Standard Reissue,No,Fair,Mint,180g,"40,994",146,173.0,1.185,66.7,85.2,30.0,2885,96.9%,Yes,Fixed Price,2016,65.64,$68.52
3060,Sly and the Family Stone,Fresh,Soul,1996,Japan,Anniversary Edition,Yes,Very Good Plus,Very Good Plus,140g,"36,431",1518,5081.0,3.347,70.6,57.1,22.0,494,100.0%,Yes,Fixed Price,2015,61.51,$86.12
3061,The Strokes,Room on Fire,Alternative,2011,Germany,Standard Reissue,No,Near Mint,Very Good,140g,"14,834",558,1254.0,2.247,65.4,22.3,0.0,1955,94.8%,True,Fixed Price,2024,54.63,$77.82
3062,AC/DC,Powerage,Rock,2022,Brazil,Limited Colored Vinyl,1,Near Mint,Very Good Plus,120.0,"14,568",415,106.0,0.255,95.3,37.2,3.0,891,99.0%,False,Fixed Price,2025,59.99,$75.72
3063,Michael Jackson,Dangerous,Pop,2009,Japan,Original 1st Press,No,Mint,Near Mint,120.0,"2,974",288,467.0,1.622,92.9,25.8,128.0,3931,97.3%,No,Fixed Price,2023,74.05,$108.79
3064,Funkadelic,One Nation Under a Groove,R&B,2007,Germany,Anniversary Edition,True,Good Plus,Very Good,120.0,"1,302",1671,5049.0,3.022,41.9,46.0,5.0,4097,94.0%,False,Fixed Price,2018,61.38,$67.61
3065,Bob Marley,Uprising,Reggae,2019,Japan,Standard Reissue,False,Near Mint,Very Good Plus,140g,"15,436",868,232.0,0.267,92.9,42.6,10.0,4028,89.6%,1,Fixed Price,2022,67.91,$88.99
3066,Metallica,...And Justice for All,Rock,1961,Australia,Standard Reissue,No,Near Mint,Mint,140.0,"30,606",573,925.0,1.614,97.2,64.9,21.0,630,97.4%,True,Fixed Price,2017,72.13,$107.55
3067,Alice in Chains,Dirt,Alternative,1983,Germany,Anniversary Edition,Yes,Good Plus,Near Mint,120g,"7,311",313,649.0,2.073,61.0,43.1,2.0,3802,94.3%,1,Fixed Price,2020,62.70,$79.61
3068,Frank Ocean,"Nostalgia, Ultra",R&B,2002,Australia,Standard Reissue,False,Good Plus,Very Good,180.0,"9,791",156,45.0,0.288,98.8,40.0,40.0,4795,90.6%,Yes,Fixed Price,2020,65.12,$64.94
3069,De La Soul,3 Feet High and Rising,Hip-Hop,1987,Canada,Standard Reissue,0,Good,Good Plus,120.0,"42,771",194,238.0,1.227,77.7,51.9,20.0,3072,93.5%,1,Auction,2021,60.90,$58.40
3070,Stevie Wonder,Songs in the Key of Life,Soul,1972,Germany,Standard Reissue,False,Near Mint,Good Plus,120g,"10,236",1066,251.0,0.235,82.2,34.4,30.0,3504,100.0%,False,Auction,2015,59.77,$76.70
3071,Prince,1999,R&B,2013,GERMANY,Original 1st Press,No,Very Good Plus,Very Good,120g,"30,293",292,178.0,0.61,90.8,50.8,84.0,383,99.8%,Yes,Auction,2019,83.86,$97.37
3072,Simon & Garfunkel,Sounds of Silence,Folk,1979,UK,Anniversary Edition,Yes,Good Plus,Near Mint,180.0,"25,013",597,1736.0,2.908,67.2,44.3,36.0,3199,98.2%,No,Fixed Price,2020,57.60,$71.29
3073,Michael Jackson,Thriller,Pop,2008,UK,Promo Copy,0,Near Mint,Very Good Plus,180g,"2,779",326,340.0,1.043,97.9,59.6,18.0,3510,100.0%,No,Fixed Price,2025,88.09,$134.30
3074,Led Zeppelin,Physical Graffiti,Rock,1985,Australia,Original 1st Press,No,Very Good,Poor,180.0,"20,912",182,169.0,0.929,99.2,51.3,54.0,2370,97.7%,Yes,Fixed Price,2021,87.36,$93.75
3075,The Beach Boys,Surf's Up,Pop,1994,France,Standard Reissue,No,Very Good,,200.0,"20,378",913,2091.0,2.29,81.1,33.9,8.0,3635,100.0%,yes,Fixed Price,2016,68.47,$87.07
3076,The Smiths,"Strangeways, Here We Come",Alternative,1961,Brazil,Standard Reissue,No,Very Good,Good Plus,180.0,"32,224",680,936.0,1.376,45.1,42.5,16.0,3394,95.5%,1,Fixed Price,2018,47.47,$49.36
3077,Funkadelic,Maggot Brain,R&B,2007,Australia,Standard Reissue,No,Very Good,Good Plus,180.0,"35,587",976,1133.0,1.161,39.9,58.6,30.0,2926,96.7%,Yes,Fixed Price,2021,48.98,$53.41
3078,Kings of Leon,Youth and Young Manhood,Alternative,1988,GERMANY,Standard Reissue,No,Good Plus,Mint,180g,"40,659",611,311.0,0.509,70.9,74.1,60.0,3888,98.1%,Yes,Fixed Price,2025,55.25,$63.50
3079,Aphex Twin,Selected Ambient Works 85-92,Electronic,1997,Netherlands,Test Pressing,True,Near Mint,Near Mint,120.0,"5,318",1050,3631.0,3.458,58.6,4.8,1.0,115,100.0%,False,Fixed Price,2021,66.13,$88.61
3080,Michael Jackson,Bad,Pop,2007,Australia,Standard Reissue,0,Very Good,Good,180g,"40,790",770,1196.0,1.553,91.0,29.9,12.0,1389,99.4%,0,Fixed Price,2024,53.22,$58.14
3081,Beastie Boys,Paul's Boutique,Hip-Hop,1968,Canada,Limited Colored Vinyl,True,Near Mint,Good Plus,180g,"22,035",150,23.0,0.153,54.3,9.8,24.0,2140,96.8%,No,Fixed Price,2020,39.52,$54.79
3082,David Bowie,Low,Electronic,2018,Canada,Standard Reissue,No,Very Good Plus,Very Good,120g,"41,516",463,298.0,0.644,93.4,5.7,9.0,3015,98.2%,Yes,Auction,2020,48.50,$54.91
3083,De La Soul,3 Feet High and Rising,Hip-Hop,2015,US,Standard Reissue,No,Very Good,Very Good,180g,"7,923",297,629.0,2.118,77.6,53.2,0.0,3669,95.5%,False,Fixed Price,2022,69.65,$95.54
3084,David Bowie,Hunky Dory,Rock,2021,Canada,Standard Reissue,No,Mint,Very Good Plus,140g,"16,569",858,1870.0,2.179,92.9,74.6,1.0,518,96.7%,1,Fixed Price,2023,81.50,$111.90
3085,Norah Jones,Little Broken Hearts,Jazz,1960,Australia,Original 1st Press,False,Very Good,Very Good,180g,"4,238",100,28.0,0.28,71.9,28.3,1.0,4079,93.2%,Yes,Fixed Price,2025,67.24,$64.14
3086,Massive Attack,Mezzanine,Electronic,1966,Brazil,Test Pressing,Yes,Very Good,Near Mint,200.0,"34,511",390,587.0,1.505,57.9,66.7,4.0,4200,99.9%,False,Fixed Price,2023,67.98,$93.34
3087,Burning Spear,Marcus Garvey,Reggae,1963,Australia,Standard Reissue,0,Very Good,Very Good Plus,180.0,"25,724",107,253.0,2.364,23.2,31.2,12.0,4439,99.2%,No,Fixed Price,2024,42.47,$61.08
3088,Black Uhuru,Red,Reggae,1968,GERMANY,Test Pressing,True,Good Plus,Near Mint,180g,"22,823",109,156.0,1.431,21.7,34.7,29.0,2184,97.2%,Yes,Fixed Price,2023,58.59,$66.40
3089,J Dilla,Donuts,Hip-Hop,2012,France,Anniversary Edition,Yes,Near Mint,Very Good Plus,120g,"19,368",786,2400.0,3.053,46.4,48.8,13.0,1739,95.0%,Yes,Auction,2024,56.45,$74.93
3090,Prince,Dirty Mind,R&B,1991,NETHERLANDS,Original 1st Press,No,Fair,Very Good Plus,140.0,"13,522",228,482.0,2.114,89.7,44.9,46.0,3230,95.3%,no,Fixed Price,2016,84.50,$76.90
3091,Sade,Promise,R&B,2006,Canada,Standard Reissue,No,Near Mint,Near Mint,200g,"38,631",843,467.0,0.554,80.3,19.5,13.0,3736,97.9%,Yes,Fixed Price,2023,48.05,$65.51
3092,Radiohead,The Bends,Alternative,2020,Japan,Limited Colored Vinyl,yes,Good Plus,Very Good Plus,120g,"28,654",1235,822.0,0.666,90.0,44.7,39.0,1952,99.8%,no,Fixed Price,2025,62.92,$73.56
3093,Bob Dylan,Highway 61 Revisited,Folk,1971,australia,Limited Colored Vinyl,1,Good,Very Good Plus,180.0,"45,262",1110,2287.0,2.06,92.1,57.7,16.0,3171,97.4%,Yes,Auction,2017,83.99,$82.15
3094,Japandroids,Post-Nothing,Alternative,1976,canada,Standard Reissue,0,Very Good Plus,Near Mint,140.0,"18,412",304,698.0,2.296,33.4,48.4,19.0,4484,94.3%,No,Fixed Price,2025,52.16,$58.78
3095,The Clash,Combat Rock,Rock,1978,Canada,Standard Reissue,False,Good Plus,Good Plus,180.0,"27,858",980,1855.0,1.893,69.4,35.2,26.0,205,100.0%,False,Fixed Price,2016,51.90,$50.28
3096,Miles Davis,Kind of Blue,Jazz,1978,AUSTRALIA,Standard Reissue,False,Very Good Plus,Good Plus,,"17,994",1157,465.0,0.402,81.5,43.2,36.0,2775,98.0%,No,Auction,2023,61.30,$78.32
3097,James Taylor,JT,Folk,1987,UK,Limited Colored Vinyl,Yes,Very Good,Very Good,120g,"18,344",553,1961.0,3.546,30.6,10.1,13.0,225,95.9%,Yes,Fixed Price,2020,43.86,$61.46
3098,John Coltrane,Giant Steps,Jazz,1967,France,Standard Reissue,No,Near Mint,Good,140g,"10,102",375,685.0,1.827,76.1,79.9,9.0,2743,96.8%,No,Fixed Price,2020,73.33,$98.71
3099,Kendrick Lamar,"good kid, m.A.A.d city",Hip-Hop,2010,JAPAN,Standard Reissue,No,Near Mint,Near Mint,120.0,559,421,81.0,0.192,91.1,22.2,1.0,2522,97.8%,No,Fixed Price,2024,55.63,$92.39
3100,Nirvana,Nevermind,Alternative,1995,Australia,Original 1st Press,No,Poor,Very Good Plus,140.0,"47,082",161,82.0,0.509,95.4,33.5,4.0,4687,95.0%,True,Fixed Price,2025,70.07,$53.31
3101,James Taylor,JT,Folk,2016,US,Test Pressing,Yes,Near Mint,,140g,"20,680",141,400.0,2.837,32.6,8.7,5.0,3319,96.5%,No,Fixed Price,2023,54.59,$74.52
3102,David Bowie,Scary Monsters,Rock,2014,US,Standard Reissue,No,Near Mint,Very Good Plus,,"19,041",570,793.0,1.391,90.5,18.5,4.0,1407,100.0%,False,Fixed Price,2022,55.52,$72.63
3103,Tame Impala,Currents,Alternative,1979,uk,Standard Reissue,No,  Very Good ,Very Good Plus,180.0,"35,176",335,561.0,1.675,60.2,23.1,59.0,3831,95.9%,Yes,Fixed Price,2017,39.47,$48.13
3104,The White Stripes,White Blood Cells,Alternative,2006,Japan,Standard Reissue,No,Good,Very Good Plus,120.0,"34,691",524,189.0,0.361,67.5,45.7,0.0,2605,98.1%,No,Fixed Price,2018,54.75,$52.47
3105,Slowdive,Slowdive,Alternative,1995,Brazil,Promo Copy,0,Good,Near Mint,200.0,"25,228",328,793.0,2.418,24.9,44.9,12.0,3414,98.8%,True,Auction,2015,58.36,$58.15
3106,Michael Jackson,Bad,Pop,2022,UK,Standard Reissue,No,Poor,Very Good Plus,120g,"26,408",1265,1080.0,0.854,94.2,31.9,14.0,3315,93.1%,Yes,Fixed Price,2024,54.48,$36.37
3107,J Dilla,Donuts,Hip-Hop,2005,uk,Anniversary Edition,Yes,Very Good Plus,Near Mint,120.0,"45,106",234,827.0,3.534,45.6,54.2,15.0,1462,98.0%,No,Fixed Price,2018,56.32,$71.18
3108,Japandroids,Post-Nothing,Alternative,1980,Japan,Standard Reissue,0,Very Good,Good,180g,"10,751",2194,1953.0,0.89,27.9,46.7,30.0,4323,92.7%,True,Fixed Price,2024,35.95,$40.05
3109,Pink Floyd,Wish You Were Here,Rock,2014,BRAZIL,Original 1st Press,False,Good,Mint,180g,"48,773",671,991.0,1.477,93.0,23.0,44.0,1954,99.6%,Yes,Auction,2021,66.25,$68.72
3110,Talking Heads,Remain in Light,Alternative,2011,japan,Limited Colored Vinyl,True,Very Good,,120g,"8,405",1286,4573.0,3.556,73.5,75.3,41.0,667,94.7%,No,Fixed Price,2017,77.94,$83.32
3111,Michael Jackson,Bad,Pop,2013,Japan,Standard Reissue,No,Very Good Plus,Very Good Plus,180g,"9,173",375,835.0,2.227,96.2,33.7,9.0,3370,92.7%,False,Fixed Price,2021,65.31,$94.92
3112,Radiohead,The Bends,Alternative,1987,brazil,Limited Colored Vinyl,Yes,Very Good,Good Plus,180.0,"49,066",520,499.0,0.96,91.3,43.4,2.0,1248,93.3%,False,Fixed Price,2021,64.34,$80.00
3113,Tame Impala,Lonerism,Alternative,1975,Netherlands,Limited Colored Vinyl,Yes,Near Mint,Fair,120.0,"23,800",545,170.0,0.312,59.7,36.2,22.0,4638,96.0%,No,Auction,2018,57.19,$72.87
3114,Red Hot Chili Peppers,Blood Sugar Sex Magik,Alternative,1974,Japan,Anniversary Edition,Yes,Good Plus,Very Good Plus,180.0,"45,882",675,1359.0,2.013,61.1,18.2,15.0,4539,95.1%,No,Fixed Price,2020,51.16,$59.08
3115,R.E.M.,Murmur,Alternative,1962,Canada,Standard Reissue,No,Mint,Very Good Plus,140.0,"39,275",3169,7365.0,2.324,66.2,52.5,13.0,294,99.8%,Yes,Fixed Price,2020,61.60,$92.13
3116,The Rolling Stones,Voodoo Lounge,Rock,1990,Australia,Standard Reissue,no,Very Good Plus,Very Good,120.0,"42,328",467,1088.0,2.33,91.5,50.0,17.0,2446,96.1%,False,Auction,2019,72.00,$99.72
3117,Peter Gabriel,Us,Pop,1997,GERMANY,Standard Reissue,False,Very Good Plus,Good,140.0,"18,299",1206,386.0,0.32,61.0,62.4,33.0,220,91.7%,0,Auction,2022,57.11,$64.16
3118,Parliament,Mothership Connection,R&B,1976,UK,Standard Reissue,No,Near Mint,Good Plus,140g,"2,819",250,379.0,1.516,45.8,74.7,9.0,389,92.0%,Yes,Fixed Price,2022,59.44,$78.00
3119,Led Zeppelin,Physical Graffiti,Rock,2008,Japan,Anniversary Edition,yes,Very Good Plus,Poor,140.0,"12,824",386,771.0,1.997,99.1,53.9,36.0,4890,89.9%,Yes,Fixed Price,2022,76.05,$82.76
3120,Joni Mitchell,Blue,Folk,2004,France,Standard Reissue,0,Mint,Very Good,,"19,414",492,423.0,0.86,79.8,52.3,39.0,4903,99.9%,True,Fixed Price,2021,61.12,$89.85
3121,Brian Eno,Music for Airports,Electronic,2002,australia,Standard Reissue,No,Near Mint,Good Plus,,"49,808",1201,1782.0,1.484,44.9,24.0,16.0,4162,93.1%,0,Fixed Price,2025,38.46,$52.35
3122,Kings of Leon,Youth and Young Manhood,Alternative,1983,CANADA,Standard Reissue,No,Fair,Near Mint,140.0,"39,774",683,1452.0,2.126,73.6,80.2,29.0,4400,97.6%,Yes,Auction,2024,74.31,$78.36
3123,Daft Punk,Human After All,Electronic,2021,Japan,Promo Copy,No,Very Good,Near Mint,180.0,"26,219",44,14.0,0.318,85.7,73.8,8.0,3564,93.4%,No,Auction,2023,73.57,$106.85
3124,Public Enemy,Fear of a Black Planet,Hip-Hop,1989,Netherlands,Standard Reissue,False,Very Good,Fair,200.0,"40,928",245,291.0,1.188,74.6,17.6,12.0,2082,96.3%,Yes,Fixed Price,2021,49.28,$45.12
3125,Aphex Twin,Selected Ambient Works 85-92,Electronic,1999,Netherlands,Original 1st Press,False,Very Good Plus,Near Mint,180g,"10,501",248,158.0,0.637,59.3,0.8,0.0,1958,98.6%,True,Fixed Price,2017,54.62,$66.88
3126,The Modern Lovers,The Modern Lovers,Rock,1990,Netherlands,Standard Reissue,False,Very Good,Mint,140g,"44,722",173,420.0,2.428,22.3,18.5,8.0,2453,98.3%,No,Auction,2023,27.99,$33.84
3127,The Beatles,The White Album,Rock,2004,france,Test Pressing,True,Very Good Plus,Near Mint,180.0,"45,945",486,670.0,1.379,93.6,62.5,0.0,1682,100.0%,no,Fixed Price,2022,89.38,$111.80
3128,The Rolling Stones,Emotional Rescue,Rock,1994,Netherlands,Standard Reissue,0,Good,Mint,200g,"37,236",1657,1969.0,1.188,96.0,40.0,5.0,3290,96.4%,Yes,Fixed Price,2024,60.17,$55.64
3129,Radiohead,The Bends,Alternative,1977,Canada,Standard Reissue,False,Very Good,Very Good Plus,120g,"14,639",727,170.0,0.234,84.7,43.8,17.0,2502,,Yes,Fixed Price,2020,59.04,$70.06
3130,Daft Punk,Homework,Electronic,2010,Canada,Standard Reissue,False,Good Plus,Very Good Plus,,"6,056",1953,3940.0,2.017,86.0,31.7,41.0,3512,94.3%,False,Fixed Price,2017,76.44,$88.15
3131,David Bowie,Heroes,Rock,1961,Germany,Original 1st Press,False,Very Good Plus,Near Mint,180g,"34,659",232,234.0,1.009,87.7,5.0,0.0,1361,99.2%,No,Fixed Price,2019,55.29,$75.03
3132,Tom Petty,Wildflowers,Rock,1987,France,Standard Reissue,0,Very Good Plus,Near Mint,120g,"46,731",1105,,2.281,22.1,73.8,5.0,1363,95.2%,0,Fixed Price,2022,48.81,$71.63
3133,Kraftwerk,The Man-Machine,Electronic,1994,,Promo Copy,No,Mint,Near Mint,140g,"42,153",281,677.0,2.409,68.4,60.0,4.0,851,95.1%,No,Auction,2024,71.81,$108.68
3134,Bob Marley,Catch a Fire,Reggae,1972,Netherlands,Original 1st Press,False,Mint,Mint,180.0,"33,155",619,608.0,0.982,90.0,51.1,10.0,1345,94.4%,0,Auction,2023,76.35,$108.37
3135,Portishead,Dummy,Electronic,2000,Japan,Standard Reissue,False,Very Good Plus,Very Good Plus,200.0,"11,653",1187,238.0,0.201,85.9,22.9,22.0,1508,98.3%,No,Fixed Price,2015,56.55,$70.55
3136,Vampire Weekend,Vampire Weekend,Alternative,1977,Germany,Standard Reissue,No,Very Good Plus,Good Plus,120.0,"9,355",730,946.0,1.296,69.7,29.5,17.0,2936,94.5%,No,Fixed Price,2016,60.75,$87.13
3137,Miles Davis,Bitches Brew,Jazz,2013,Brazil,Standard Reissue,False,Mint,Very Good Plus,180.0,"10,221",1177,810.0,0.688,74.2,14.1,2.0,1440,100.0%,Yes,Fixed Price,2017,52.44,$63.27
3138,Daft Punk,Random Access Memories,Electronic,1969,France,Original 1st Press,0,Good,Fair,200.0,"5,042",638,1098.0,1.721,84.1,69.5,12.0,1117,92.4%,0,Fixed Price,2021,85.19,$61.41
3139,Slowdive,Slowdive,Alternative,1960,,Promo Copy,False,Near Mint,,180g,"20,259",85,57.0,0.671,29.5,42.1,22.0,3207,96.8%,No,Fixed Price,2016,52.20,$80.52
3140,Black Sabbath,Paranoid,Rock,1988,Japan,Standard Reissue,No,Near Mint,Very Good,120.0,"12,854",1152,800.0,0.694,76.8,82.7,6.0,4657,97.5%,Yes,Fixed Price,2016,73.78,$99.72
3141,Steely Dan,Aja,Rock,1986,uk,Standard Reissue,No,Near Mint,Very Good Plus,180.0,"34,048",767,266.0,0.347,77.6,57.9,45.0,4207,92.3%,No,Fixed Price,2024,57.59,$84.26
3142,The Beatles,Sgt. Pepper's Lonely Hearts Club Band,Rock,1995,Australia,Standard Reissue,False,Near Mint,Very Good Plus,140.0,"38,625",193,377.0,1.953,88.7,28.4,24.0,2523,,1,Fixed Price,2021,59.48,$64.33
3143,Led Zeppelin,Led Zeppelin II,Rock,2002,US,Original 1st Press,False,Good,Good Plus,180.0,"47,377",214,315.0,1.472,98.2,5.0,93.0,2660,99.5%,Yes,Fixed Price,2020,68.46,$69.06
3144,Nina Simone,Nina Simone in Concert,Jazz,1963,UK,Standard Reissue,0,Good Plus,Good Plus,120g,"9,288",416,1025.0,2.464,75.0,48.1,6.0,321,95.8%,No,Fixed Price,2023,64.88,$58.20
3145,Joni Mitchell,Hissing of Summer Lawns,Folk,2001,US,Limited Colored Vinyl,Yes,Good,Good Plus,180g,"7,218",778,2474.0,3.18,73.9,40.7,76.0,2673,91.9%,0,Fixed Price,2022,64.20,$65.99
3146,Joni Mitchell,Hissing of Summer Lawns,Folk,2003,UK,Limited Colored Vinyl,True,Good,Near Mint,120.0,"27,839",419,750.0,1.79,78.0,45.6,33.0,957,99.0%,No,Auction,2020,68.75,$89.77
3147,Arcade Fire,The Suburbs,Alternative,2013,France,Test Pressing,True,Mint,Near Mint,180.0,"3,932",385,1028.0,2.67,58.2,19.0,8.0,4404,100.0%,Yes,Auction,2016,79.62,$109.37
3148,The Rolling Stones,Let It Bleed,Rock,1964,uk,Standard Reissue,No,Very Good Plus,Near Mint,180g,"28,604",1382,3036.0,2.197,98.6,14.9,48.0,3225,99.7%,no,Auction,2016,68.48,$115.58
3149,Talking Heads,Fear of Music,Alternative,1960,UK,Standard Reissue,0,Very Good,Good Plus,140g,"23,663",2152,2112.0,0.981,76.2,21.0,11.0,2192,100.0%,yes,Auction,2024,49.49,$62.16
3150,Marvin Gaye,What's Going On,Soul,1961,US,Anniversary Edition,Yes,Very Good,Very Good Plus,120g,"44,251",732,454.0,0.62,92.0,25.9,7.0,3519,99.4%,No,Fixed Price,2017,57.41,$70.34
3151,Prince,Around the World in a Day,R&B,2018,US,Limited Colored Vinyl,1,Good,Very Good Plus,140.0,"5,591",392,804.0,2.051,89.0,43.0,7.0,3177,91.6%,False,Fixed Price,2023,75.93,$84.68
3152,Prince,Sign o' the Times,R&B,2013,France,Limited Colored Vinyl,1,Near Mint,Mint,140g,"38,701",209,139.0,0.665,92.7,43.6,5.0,2363,100.0%,No,Fixed Price,2018,63.80,$79.22
3153,D'Angelo,Brown Sugar,R&B,2019,Canada,Standard Reissue,No,Fair,Very Good,120g,"9,561",246,509.0,2.069,72.3,72.4,7.0,4950,95.5%,No,Auction,2020,65.83,$67.36
3154,The National,Boxer,Alternative,1975,JAPAN,Limited Colored Vinyl,True,Very Good,Good Plus,140g,"43,627",190,437.0,2.3,45.8,56.4,21.0,1047,,No,Fixed Price,2015,63.04,$78.58
3155,Funkadelic,Free Your Mind,R&B,1974,France,Standard Reissue,0,Good Plus,Good,140.0,"46,562",1725,3568.0,2.068,47.0,66.1,31.0,2197,100.0%,Yes,Fixed Price,2015,49.84,$51.20
3156,Marvin Gaye,What's Going On,Soul,2000,Germany,Test Pressing,Yes,  Near Mint ,Mint,120g,"14,718",602,1193.0,1.982,95.2,26.5,2.0,473,95.2%,Yes,Fixed Price,2017,90.28,$121.17
3157,Prince,Dirty Mind,R&B,2002,Canada,Standard Reissue,False,Good,Very Good,120.0,"13,589",1080,1469.0,1.36,85.3,44.8,2.0,3516,94.3%,No,Fixed Price,2025,57.40,$59.54
3158,Prince,Sign o' the Times,R&B,1987,Netherlands,Standard Reissue,0,Very Good Plus,Mint,140.0,"24,529",373,417.0,1.118,85.2,40.3,24.0,3285,100.0%,0,Auction,2022,63.12,$94.78
3159,Pink Floyd,Animals,Rock,1987,UK,Standard Reissue,False,Mint,Very Good,200.0,"20,706",791,836.0,1.057,92.6,69.6,14.0,1882,95.1%,no,Fixed Price,2015,61.43,$81.03
3160,Kendrick Lamar,To Pimp a Butterfly,Hip-Hop,1980,JAPAN,Limited Colored Vinyl,Yes,Very Good,Very Good Plus,200g,"10,265",129,244.0,1.891,89.5,13.3,19.0,2510,97.7%,Yes,Fixed Price,2019,60.29,$72.67
3161,Nas,Illmatic,Hip-Hop,2004,Netherlands,Original 1st Press,no,Very Good Plus,Very Good,140g,"41,766",187,198.0,1.059,67.0,12.7,11.0,2250,98.0%,No,Fixed Price,2018,55.21,$80.34
3162,Sade,Promise,R&B,1983,UK,Original 1st Press,0,Very Good,Mint,180.0,"5,787",529,1277.0,2.414,78.7,27.3,1.0,4680,95.9%,Yes,Fixed Price,2023,70.69,$86.16
3163,Alice in Chains,Dirt,Alternative,1982,Japan,Anniversary Edition,yes,Very Good Plus,Near Mint,200.0,"49,932",533,963.0,1.807,64.9,52.3,11.0,2285,98.9%,False,Fixed Price,2024,54.23,$73.16
3164,Snoop Dogg,Doggystyle,Hip-Hop,1982,BRAZIL,Limited Colored Vinyl,Yes,Good,Very Good Plus,180.0,"8,474",1206,3935.0,3.263,68.6,33.9,18.0,169,99.1%,No,Fixed Price,2025,65.27,$50.37
3165,Joanna Newsom,Ys,Folk,1993,GERMANY,Original 1st Press,No,Near Mint,Near Mint,180.0,"8,296",50,73.0,1.46,34.2,40.4,9.0,3272,96.3%,No,Auction,2020,61.94,$77.20
3166,The Beatles,Abbey Road,Rock,1972,us,Standard Reissue,False,  Very Good Plus ,Very Good,120.0,"42,487",534,54.0,0.101,86.6,74.3,49.0,484,95.7%,True,Fixed Price,2017,69.89,$84.17
3167,Sade,Diamond Life,R&B,1976,Brazil,Standard Reissue,False,Very Good Plus,Good Plus,120g,"47,167",532,1161.0,2.182,81.6,48.1,20.0,1160,93.4%,True,Fixed Price,2025,58.73,$73.69
3168,The National,Boxer,Alternative,2017,us,Standard Reissue,False,  Very Good Plus ,Very Good,140.0,"40,449",1369,750.0,0.548,43.3,58.5,7.0,2333,91.1%,True,Fixed Price,2017,46.35,$59.77
3169,Black Uhuru,Red,Reggae,1990,UK,Standard Reissue,0,Good Plus,Good,120.0,"15,266",1718,4093.0,2.382,21.1,37.8,17.0,3810,97.8%,Yes,Fixed Price,2018,39.66,$40.95
3170,The Rolling Stones,Some Girls,Rock,1998,GERMANY,Original 1st Press,No,Near Mint,Good,180g,"6,558",164,377.0,2.299,92.6,44.2,5.0,2063,98.5%,No,Fixed Price,2023,78.18,$124.91
3171,Nina Simone,Nina Simone in Concert,Jazz,1961,Canada,Standard Reissue,0,Near Mint,Near Mint,120g,"32,875",953,2101.0,2.205,75.3,46.3,24.0,4391,90.2%,Yes,Fixed Price,2017,66.57,$89.12
3172,2Pac,Me Against the World,Hip-Hop,1992,Japan,Standard Reissue,False,Very Good Plus,Very Good,140.0,"10,184",1249,,0.745,92.9,26.5,29.0,3018,97.6%,No,Fixed Price,2020,63.42,$86.56
3173,Nas,Illmatic,Hip-Hop,1964,Canada,Original 1st Press,False,Mint,Poor,180.0,"10,830",178,81.0,0.455,69.1,13.4,,3613,96.3%,Yes,Auction,2016,62.41,$83.08
3174,Daft Punk,Homework,Electronic,1982,Australia,Original 1st Press,No,Very Good,Good Plus,140.0,"24,859",263,54.0,0.205,89.5,32.0,4.0,2335,93.1%,No,Auction,2024,64.69,$59.23
3175,Steely Dan,Aja,Rock,1999,France,Standard Reissue,no,Mint,Very Good Plus,200g,"39,581",1565,631.0,0.403,78.0,62.9,4.0,4684,97.8%,No,Auction,2025,58.37,$88.79
3176,Nirvana,Bleach,Alternative,1997,canada,Original 1st Press,no,Very Good Plus,Poor,180.0,"42,012",530,398.0,0.751,96.2,47.8,80.0,2680,95.3%,No,Fixed Price,2018,78.33,$86.79
3177,Dolly Parton,Coat of Many Colors,Country,1966,France,Limited Colored Vinyl,Yes,  Very Good Plus ,Very Good Plus,120.0,"9,444",1084,453.0,0.418,68.1,75.9,1.0,2927,97.9%,False,Auction,2020,69.16,$96.51
3178,Stevie Wonder,Talking Book,Soul,1960,uk,Standard Reissue,No,Good Plus,Fair,140g,"10,584",1645,2427.0,1.475,85.5,30.9,48.0,1537,97.8%,False,Fixed Price,2019,64.39,$69.19
3179,Funkadelic,Funkadelic,R&B,1978,uk,Standard Reissue,0,Very Good,Near Mint,180g,"30,162",605,709.0,1.172,44.5,89.9,58.0,3407,100.0%,Yes,Auction,2021,63.31,$78.12
3180,Joni Mitchell,Hejira,Folk,1985,UK,Standard Reissue,No,Near Mint,Very Good,180g,"42,232",1593,596.0,0.374,77.9,51.0,34.0,1673,92.0%,0,Fixed Price,2018,50.21,$77.42
3181,Radiohead,OK Computer,Alternative,1960,Netherlands,Anniversary Edition,Yes,Near Mint,Good Plus,180.0,"17,512",687,2497.0,3.635,90.0,49.5,9.0,1090,96.5%,No,Fixed Price,2024,63.70,$93.62
3182,Beastie Boys,Paul's Boutique,Hip-Hop,2016,France,Limited Colored Vinyl,yes,Fair,Very Good Plus,140.0,"40,378",649,1487.0,2.291,51.1,8.9,9.0,4057,97.7%,No,Auction,2018,45.52,$42.93
3183,AC/DC,Powerage,Rock,1968,FRANCE,Standard Reissue,0,Near Mint,Good,180.0,"31,053",1088,1213.0,1.115,94.1,31.6,1.0,2432,99.4%,No,Fixed Price,2022,62.48,$71.53
3184,Bob Dylan,The Freewheelin' Bob Dylan,Folk,1985,brazil,Original 1st Press,No,Good Plus,Mint,140g,"14,464",62,58.0,0.935,95.4,38.2,6.0,4948,100.0%,No,Auction,2025,76.99,$100.02
3185,My Bloody Valentine,Loveless,Alternative,2000,Australia,Original 1st Press,0,Very Good,,140g,"47,277",1143,869.0,0.76,25.1,55.3,29.0,719,94.3%,Yes,Fixed Price,2022,61.48,$66.42
3186,Arcade Fire,Funeral,Alternative,1996,CANADA,Standard Reissue,no,Very Good Plus,Near Mint,140.0,"31,617",277,593.0,2.141,57.9,67.7,48.0,3450,93.1%,No,Fixed Price,2024,56.43,$82.11
3187,Metallica,...And Justice for All,Rock,2015,UK,Standard Reissue,No,Very Good,Good,180g,"39,813",276,414.0,1.5,93.9,64.1,13.0,552,96.4%,No,Fixed Price,2023,69.90,$89.10
3188,Red Hot Chili Peppers,Stadium Arcadium,Alternative,1981,UK,Anniversary Edition,Yes,Very Good,Mint,120.0,"16,425",1717,433.0,0.252,64.7,45.6,13.0,560,94.6%,Yes,Fixed Price,2024,63.17,$80.32
3189,Radiohead,The Bends,Alternative,2022,Canada,Standard Reissue,No,Near Mint,Very Good Plus,140g,"8,301",396,591.0,1.492,83.9,50.6,31.0,3907,94.2%,No,Auction,2024,70.59,$91.89
3190,Bob Marley,Exodus,Reggae,1978,Netherlands,Standard Reissue,0,Poor,Near Mint,120g,"38,361",969,179.0,0.185,94.9,37.1,38.0,2960,,Yes,Fixed Price,2017,58.00,$47.41
3191,Portishead,Dummy,Electronic,1961,France,Standard Reissue,False,Very Good Plus,Very Good Plus,200.0,867,611,229.0,0.375,81.2,21.3,1.0,2485,95.4%,True,Auction,2019,50.02,$61.33
3192,U2,Achtung Baby,Rock,2004,Brazil,Original 1st Press,False,Very Good,Good,,"36,186",290,101.0,0.348,76.0,30.6,15.0,3363,96.6%,No,Auction,2023,57.72,$61.54
3193,Tame Impala,The Slow Rush,Alternative,2021,Australia,Standard Reissue,No,Good,Very Good,120g,"4,646",610,1504.0,2.466,55.2,74.7,1.0,3623,96.4%,No,Fixed Price,2023,62.99,$55.43
3194,Pink Floyd,Wish You Were Here,Rock,2004,JAPAN,Standard Reissue,No,Mint,Very Good Plus,120g,"3,523",409,778.0,1.902,92.5,27.5,0.0,4174,100.0%,No,Auction,2017,64.84,$92.48
3195,J Dilla,Ruff Draft,Hip-Hop,2021,BRAZIL,Standard Reissue,False,Very Good Plus,Good Plus,,"46,073",540,1328.0,2.459,44.6,25.8,32.0,3198,92.9%,Yes,Fixed Price,2021,43.60,$51.44
3196,David Bowie,Low,Electronic,1983,UK,Standard Reissue,No,Very Good,Mint,180.0,"38,545",887,2171.0,2.448,88.6,7.1,14.0,1141,94.2%,0,Fixed Price,2016,51.97,$67.20
3197,Talking Heads,Fear of Music,Alternative,1984,France,Standard Reissue,0,  Very Good Plus ,,180.0,"11,452",258,235.0,0.911,82.2,24.6,4.0,2811,100.0%,Yes,Auction,2023,56.69,$74.95
3198,Sade,Diamond Life,R&B,1973,Australia,Standard Reissue,no,Near Mint,Very Good Plus,200.0,"27,917",937,1325.0,1.414,76.2,54.8,7.0,3787,93.5%,No,Fixed Price,2021,61.40,$78.03
3199,The Notorious B.I.G.,Life After Death,Hip-Hop,1964,Germany,Standard Reissue,No,Mint,Mint,120g,"19,684",188,117.0,0.622,96.7,73.6,34.0,381,94.8%,1,Auction,2023,76.71,$101.90
3200,Neil Young,After the Gold Rush,Folk,1975,US,Limited Colored Vinyl,Yes,Good Plus,Near Mint,140.0,"38,698",471,1744.0,3.703,67.3,43.9,36.0,2965,98.2%,No,Fixed Price,2015,69.30,$87.86
3201,The Cure,Disintegration,Alternative,2016,Netherlands,Standard Reissue,No,Good Plus,Good,140g,"45,095",961,1997.0,2.078,36.9,71.5,4.0,2578,96.2%,No,Auction,2018,51.15,$58.55
3202,John Coltrane,Giant Steps,Jazz,2003,Japan,Standard Reissue,No,Very Good Plus,Very Good Plus,180.0,"18,436",1500,1368.0,0.912,66.9,72.3,8.0,4205,93.9%,No,Auction,2016,63.11,$80.99
3203,Loretta Lynn,Coal Miner's Daughter,Country,1965,US,Anniversary Edition,Yes,Very Good Plus,Near Mint,200g,"5,926",398,1266.0,3.181,20.7,64.5,42.0,3136,95.8%,True,Auction,2015,50.48,$69.40
3204,Funkadelic,Maggot Brain,R&B,1990,US,Anniversary Edition,yes,Very Good Plus,Near Mint,200.0,"3,885",96,274.0,2.854,41.7,56.6,28.0,4477,95.1%,Yes,Auction,2020,54.81,$75.11
3205,Joni Mitchell,Blue,Folk,1974,Brazil,Standard Reissue,No,Very Good,Very Good Plus,140g,"36,132",641,582.0,0.908,82.1,53.3,29.0,3219,96.4%,No,Fixed Price,2018,60.93,$77.35
3206,Prince,Around the World in a Day,R&B,1982,Japan,Standard Reissue,No,Mint,Very Good Plus,,"2,679",1244,818.0,0.658,90.0,44.2,6.0,2711,92.3%,No,Auction,2019,67.21,$108.04
3207,The National,High Violet,Alternative,1961,us,Standard Reissue,0,Very Good,Very Good,140g,"44,875",2097,693.0,0.33,40.3,19.2,38.0,2622,97.7%,Yes,Fixed Price,2023,36.67,$44.27
3208,Sly and the Family Stone,Stand!,Soul,1961,US,Original 1st Press,0,Very Good,Very Good Plus,180.0,"29,180",435,473.0,1.087,74.5,72.6,12.0,2953,99.4%,No,Fixed Price,2018,85.98,$101.20
3209,R.E.M.,Green,Alternative,2016,UK,Original 1st Press,no,Very Good,Fair,140.0,"10,565",447,138.0,0.309,64.1,72.2,16.0,1711,93.3%,Yes,Fixed Price,2020,65.06,$55.39
3210,Prince,Sign o' the Times,R&B,1993,australia,Promo Copy,0,Good,Mint,140.0,"43,169",457,79.0,0.173,92.4,44.0,5.0,1329,96.2%,no,Fixed Price,2023,68.71,$69.08
3211,D'Angelo,Brown Sugar,R&B,1988,Netherlands,Anniversary Edition,yes,Near Mint,Very Good,180.0,"8,667",315,723.0,2.295,70.9,67.5,28.0,4805,100.0%,0,Auction,2022,74.08,$122.31
3212,Emmylou Harris,Wrecking Ball,Country,1992,US,Original 1st Press,False,Mint,Very Good,180g,"13,493",53,20.0,0.377,25.5,49.5,11.0,4771,100.0%,no,Fixed Price,2021,55.89,$92.67
3213,Public Enemy,Fear of a Black Planet,Hip-Hop,1973,,Standard Reissue,No,Very Good Plus,Mint,180.0,"33,292",565,1345.0,2.381,73.5,21.3,6.0,1441,100.0%,No,Fixed Price,2019,45.06,$57.64
3214,Rage Against the Machine,Rage Against the Machine,Alternative,1965,Germany,Standard Reissue,No,Near Mint,,180.0,"26,383",2338,648.0,0.277,67.9,79.8,3.0,3410,98.3%,0,Fixed Price,2019,60.74,$75.46
3215,Arcade Fire,Reflektor,Alternative,1966,UK,Standard Reissue,no,Near Mint,Very Good,140.0,"23,094",1148,2330.0,2.03,54.6,66.9,42.0,4465,97.9%,No,Fixed Price,2020,65.14,$84.29
3216,Prince,1999,R&B,1993,US,Anniversary Edition,Yes,Poor,Good,200.0,"12,744",1228,3491.0,2.843,86.3,49.9,4.0,308,99.1%,No,Fixed Price,2018,73.43,$63.64
3217,R.E.M.,Document,Alternative,1962,Brazil,Test Pressing,Yes,Good Plus,Very Good,140g,"29,722",206,628.0,3.049,61.6,27.9,0.0,2996,96.2%,False,Fixed Price,2020,70.74,$81.47
3218,Pink Floyd,Wish You Were Here,Rock,1996,UK,Anniversary Edition,Yes,  Near Mint ,Mint,140.0,"6,000",593,1448.0,2.442,96.4,28.0,36.0,4045,97.8%,1,Fixed Price,2022,76.23,$115.68
3219,Bob Marley,Uprising,Reggae,1970,Japan,Standard Reissue,No,Near Mint,Good,120g,"35,818",382,157.0,0.411,97.3,43.0,20.0,511,95.5%,No,Auction,2021,58.81,$82.05
3220,Pink Floyd,The Dark Side of the Moon,Rock,1985,Netherlands,Standard Reissue,No,Very Good Plus,Good Plus,140g,"9,432",1402,175.0,0.125,94.5,21.6,51.0,4756,94.8%,0,Auction,2025,58.04,$64.53
3221,Daft Punk,Discovery,Electronic,1964,AUSTRALIA,Standard Reissue,No,Mint,Good,180.0,"38,748",97,195.0,2.01,86.6,73.8,2.0,4748,95.4%,no,Fixed Price,2018,69.14,$73.10
3222,The Smiths,Meat Is Murder,Alternative,1972,australia,Promo Copy,No,Poor,Near Mint,120.0,"36,478",572,947.0,1.656,49.6,36.5,121.0,1201,98.2%,Yes,Fixed Price,2016,52.12,$42.33
3223,Guns N' Roses,Appetite for Destruction,Rock,1988,australia,Original 1st Press,0,Very Good,Very Good,120.0,"29,780",379,829.0,2.187,87.1,59.9,16.0,3638,98.5%,Yes,Fixed Price,2025,88.77,$102.36
3224,Parliament,Mothership Connection,R&B,1966,Germany,Limited Colored Vinyl,Yes,Very Good Plus,Near Mint,180.0,"9,704",377,1230.0,3.263,47.3,72.8,7.0,3327,96.5%,no,Fixed Price,2019,64.19,$85.28
3225,Sly and the Family Stone,Stand!,Soul,1960,brazil,Promo Copy,No,Very Good,Near Mint,140g,"4,939",465,767.0,1.649,72.4,67.9,8.0,4803,95.9%,No,Fixed Price,2016,75.36,$91.76
3226,Kendrick Lamar,To Pimp a Butterfly,Hip-Hop,2010,FRANCE,Standard Reissue,False,Near Mint,Very Good,200.0,"3,469",1306,2510.0,1.922,92.8,13.3,63.0,4886,95.4%,Yes,Fixed Price,2016,59.45,$94.76
3227,Television,Marquee Moon,Rock,1980,Germany,Standard Reissue,no,  Near Mint ,Very Good,140g,"18,817",647,215.0,0.332,23.3,23.1,3.0,1653,100.0%,0,Fixed Price,2022,34.68,$50.40
3228,New Order,"Power, Corruption and Lies",Electronic,1990,Japan,Original 1st Press,No,Mint,Very Good,180g,"44,145",336,527.0,1.568,71.5,6.5,68.0,39,99.6%,1,Fixed Price,2016,55.65,$95.87
3229,Black Uhuru,Red,Reggae,1966,france,Standard Reissue,0,Very Good,Good,200.0,"36,946",1104,1327.0,1.202,23.4,34.2,124.0,303,100.0%,False,Fixed Price,2018,33.55,$36.95
3230,Outkast,Southernplayalisticadillacmuzik,Hip-Hop,1986,Netherlands,Standard Reissue,no,Very Good Plus,Very Good Plus,180.0,"47,273",37,64.0,1.73,69.5,34.8,5.0,3601,99.3%,No,Fixed Price,2015,56.17,$81.17
3231,Norah Jones,Little Broken Hearts,Jazz,2001,Canada,Anniversary Edition,1,Good,Very Good,140.0,"5,128",2062,385.0,0.187,66.3,23.4,41.0,2750,96.0%,0,Fixed Price,2016,58.30,$64.56
3232,Jane's Addiction,Ritual de lo Habitual,Alternative,1996,France,Anniversary Edition,True,Very Good,Very Good Plus,140g,"47,731",126,174.0,1.381,29.4,17.7,7.0,2676,96.4%,No,Fixed Price,2024,35.23,$47.98
3233,AC/DC,Back in Black,Rock,2009,france,Standard Reissue,0,Good Plus,Mint,180g,874,1449,2528.0,1.745,90.5,42.1,41.0,2994,96.6%,yes,Fixed Price,2021,73.22,$85.40
3234,Vampire Weekend,Vampire Weekend,Alternative,1978,US,Standard Reissue,0,Good Plus,Very Good,180g,"7,966",210,328.0,1.562,74.7,32.3,6.0,4061,93.2%,True,Fixed Price,2015,55.30,$60.74
3235,Emmylou Harris,Wrecking Ball,Country,1988,Australia,Limited Colored Vinyl,Yes,Good Plus,Near Mint,140.0,"35,678",1073,3315.0,3.089,27.0,45.1,55.0,4030,94.7%,True,Fixed Price,2018,49.21,$53.48
3236,Metallica,Master of Puppets,Rock,1982,,Anniversary Edition,Yes,Very Good Plus,Near Mint,180.0,"27,102",439,703.0,1.601,89.9,76.6,20.0,3998,98.9%,Yes,Fixed Price,2022,79.80,$96.17
3237,Kendrick Lamar,Section.80,Hip-Hop,1980,US,Anniversary Edition,Yes,Very Good Plus,Very Good,,"33,480",619,1060.0,1.712,87.6,23.1,44.0,626,99.8%,no,Auction,2016,55.84,$77.57
3238,Al Green,I'm Still in Love with You,Soul,2004,Japan,Standard Reissue,No,Fair,Very Good,120g,"11,830",1545,397.0,0.257,60.5,25.6,10.0,1359,94.3%,Yes,Fixed Price,2016,48.39,$40.53
3239,Massive Attack,Mezzanine,Electronic,2004,GERMANY,Anniversary Edition,yes,Good Plus,Near Mint,120g,"24,797",104,371.0,3.567,52.9,65.6,4.0,429,,no,Fixed Price,2019,66.63,$67.71
3240,Radiohead,Kid A,Alternative,2001,Japan,Original 1st Press,no,Very Good,Good,140.0,"31,409",758,1183.0,1.561,85.2,33.4,7.0,648,,No,Fixed Price,2022,69.63,$85.13
3241,Sade,Love Deluxe,R&B,1962,Japan,Limited Colored Vinyl,yes,Very Good Plus,,120.0,"21,806",486,165.0,0.34,74.2,74.0,22.0,1159,95.7%,No,Fixed Price,2025,71.77,$78.68
3242,Emmylou Harris,Wrecking Ball,Country,1961,germany,Original 1st Press,0,Near Mint,Very Good,120.0,"5,244",679,201.0,0.296,29.8,42.5,13.0,3704,99.6%,Yes,Fixed Price,2016,58.98,$67.56
3243,Outkast,Southernplayalisticadillacmuzik,Hip-Hop,1995,GERMANY,Anniversary Edition,Yes,Very Good,Very Good,140.0,"3,306",723,1266.0,1.751,64.0,30.9,14.0,1113,97.3%,Yes,Fixed Price,2020,59.28,$76.95
3244,Willie Nelson,Stardust,Country,2002,US,Original 1st Press,No,  Very Good ,Near Mint,,"12,236",631,796.0,1.261,59.2,34.3,9.0,4409,95.4%,No,Auction,2022,61.58,$93.56
3245,Fleetwood Mac,Fleetwood Mac,Rock,2018,canada,Standard Reissue,No,Near Mint,Good Plus,180.0,"6,357",921,1639.0,1.78,90.3,74.3,2.0,4630,91.3%,No,Fixed Price,2019,76.95,$90.08
3246,The Beatles,Abbey Road,Rock,1984,Australia,Standard Reissue,False,Very Good Plus,Near Mint,180g,"41,659",178,201.0,1.129,86.6,66.8,49.0,3104,96.9%,False,Fixed Price,2017,64.80,$89.67
3247,Stevie Wonder,Talking Book,Soul,1997,Netherlands,Standard Reissue,No,Near Mint,Very Good Plus,,"21,384",1163,225.0,0.193,90.7,39.0,24.0,929,91.8%,True,Fixed Price,2017,62.02,$70.23
3248,The Rolling Stones,Beggars Banquet,Rock,2002,AUSTRALIA,Original 1st Press,0,Very Good Plus,Good,180g,"42,023",91,30.0,0.33,90.7,40.1,8.0,562,96.5%,Yes,Fixed Price,2023,72.41,$83.97
3249,Metallica,Master of Puppets,Rock,2004,France,Limited Colored Vinyl,True,Near Mint,Very Good Plus,120g,"31,106",172,96.0,0.558,90.4,75.6,8.0,1604,96.3%,No,Fixed Price,2017,82.32,$129.81
3250,David Bowie,Let's Dance,Pop,1986,France,Original 1st Press,No,Very Good Plus,Very Good,120.0,"49,062",704,290.0,0.412,88.3,30.3,31.0,1185,97.1%,False,Fixed Price,2017,66.45,$79.78
3251,Sade,Love Deluxe,R&B,1963,,Limited Colored Vinyl,yes,Very Good,Good,180.0,"17,469",309,855.0,2.767,80.8,73.3,13.0,1238,97.7%,Yes,Fixed Price,2020,77.90,$83.82
3252,U2,The Joshua Tree,Rock,1979,US,Standard Reissue,No,Very Good Plus,Very Good,140g,"37,949",540,861.0,1.594,79.2,51.6,51.0,4615,100.0%,No,Fixed Price,2017,61.84,$78.08
3253,Paul Simon,So Beautiful or So What,Folk,1981,Brazil,Standard Reissue,no,Very Good Plus,Very Good,180.0,"24,591",476,959.0,2.015,76.0,30.4,16.0,3986,99.2%,No,Fixed Price,2023,58.67,$68.62
3254,Interpol,Turn on the Bright Lights,Alternative,2006,australia,Standard Reissue,False,Near Mint,Very Good Plus,140.0,"44,642",443,74.0,0.167,21.3,40.3,13.0,1777,95.7%,No,Fixed Price,2020,29.64,$37.75
3255,Vampire Weekend,Contra,Alternative,1962,Netherlands,Test Pressing,Yes,Near Mint,Mint,140g,"7,000",148,287.0,1.939,67.8,29.1,58.0,1176,96.4%,0,Fixed Price,2017,76.15,$117.05
3256,The Rolling Stones,Emotional Rescue,Rock,1979,uk,Test Pressing,True,Very Good Plus,Mint,140g,"9,090",577,241.0,0.418,95.2,38.1,39.0,4428,98.4%,Yes,Fixed Price,2017,81.49,$121.40
3257,James Taylor,JT,Folk,1983,Australia,Standard Reissue,0,  Good ,Very Good Plus,180.0,"23,877",232,477.0,2.056,26.4,9.6,12.0,1147,99.3%,Yes,Auction,2020,36.30,$33.91
3258,Funkadelic,Maggot Brain,R&B,1987,Australia,Standard Reissue,False,Good Plus,,140g,"44,141",110,54.0,0.491,41.6,54.8,50.0,2376,94.1%,No,Auction,2017,46.12,$49.64
3259,Bob Marley,Legend,Reggae,1994,Canada,Standard Reissue,False,Very Good Plus,Near Mint,120g,"23,566",1337,2735.0,2.046,94.5,45.5,0.0,1845,100.0%,Yes,Fixed Price,2024,61.45,$80.07
3260,Joni Mitchell,Hejira,Folk,1997,NETHERLANDS,Original 1st Press,no,Mint,Good Plus,,"18,207",181,60.0,0.331,74.1,47.1,5.0,2342,94.7%,No,Auction,2024,69.87,$87.85
3261,Miles Davis,In a Silent Way,Jazz,1982,France,Standard Reissue,No,Near Mint,Near Mint,120g,"47,257",82,25.0,0.305,77.0,37.9,0.0,352,100.0%,False,Fixed Price,2020,54.86,$72.95
3262,Metallica,Ride the Lightning,Rock,1999,Canada,Standard Reissue,No,Very Good Plus,Very Good Plus,200.0,"39,813",1161,1293.0,1.114,96.9,22.9,21.0,1947,94.0%,Yes,Fixed Price,2022,61.02,$83.82
3263,Pearl Jam,Ten,Alternative,1984,US,Standard Reissue,no,Poor,Mint,140g,"33,261",788,1661.0,2.108,68.7,72.1,38.0,2773,93.4%,No,Fixed Price,2025,63.64,$70.49
3264,Daft Punk,Alive 2007,Electronic,2012,us,Anniversary Edition,yes,Near Mint,Mint,120g,"46,863",514,513.0,0.998,89.7,50.6,12.0,3777,93.3%,1,Fixed Price,2022,58.34,$81.79
3265,The Rolling Stones,Beggars Banquet,Rock,1982,Japan,Standard Reissue,False,Good Plus,Poor,180g,"13,992",178,402.0,2.258,92.5,37.6,20.0,3839,92.5%,Yes,Fixed Price,2017,71.40,$74.17
3266,The White Stripes,Get Behind Me Satan,Alternative,2013,Netherlands,Anniversary Edition,Yes,  Good Plus ,Mint,140.0,"18,605",778,1891.0,2.431,60.3,46.3,11.0,3966,96.5%,False,Fixed Price,2018,52.70,$68.79
3267,Bob Marley,Catch a Fire,Reggae,1981,UK,Limited Colored Vinyl,Yes,Good Plus,Good Plus,140g,"24,501",575,2122.0,3.69,93.4,56.6,13.0,2936,99.7%,True,Auction,2025,79.11,$93.74
3268,Bon Iver,"22, A Million",Folk,2004,japan,Promo Copy,No,Very Good Plus,Good,140.0,"26,416",50,117.0,2.34,42.8,37.0,37.0,3069,100.0%,Yes,Fixed Price,2023,52.73,$62.45
3269,Nirvana,Bleach,Alternative,1967,Japan,Standard Reissue,No,Very Good,Very Good Plus,180.0,"11,112",1061,2588.0,2.439,93.8,50.6,33.0,2642,93.1%,No,Fixed Price,2022,75.85,$110.35
3270,George Michael,Faith,Pop,2003,canada,Standard Reissue,0,  Good ,Very Good Plus,140g,"21,181",1589,1699.0,1.069,67.8,27.1,7.0,4511,97.9%,False,Fixed Price,2017,55.02,$57.78
3271,The Clash,Combat Rock,Rock,1976,Brazil,Original 1st Press,False,Near Mint,Good,180g,"21,431",106,76.0,0.717,70.5,37.1,3.0,761,96.6%,No,Fixed Price,2015,63.75,$78.79
3272,Michael Jackson,Off the Wall,Pop,2012,Netherlands,Standard Reissue,No,Very Good Plus,Poor,120g,"12,799",2225,5188.0,2.332,97.6,72.0,20.0,2936,100.0%,Yes,Fixed Price,2020,82.58,$96.54
3273,Bjork,Debut,Electronic,2015,UK,Test Pressing,Yes,Very Good Plus,Very Good,140g,"36,930",383,1413.0,3.689,68.9,60.7,22.0,2131,94.8%,1,Auction,2019,85.51,$105.65
3274,Vampire Weekend,Vampire Weekend,Alternative,1997,UK,Standard Reissue,False,Very Good Plus,Good Plus,140.0,"41,723",1335,2340.0,1.753,68.4,29.5,7.0,4920,97.0%,Yes,Fixed Price,2024,55.26,$72.99
3275,Interpol,Turn on the Bright Lights,Alternative,2013,us,Standard Reissue,No,  Very Good Plus ,,140g,"40,729",715,1751.0,2.449,23.6,35.8,28.0,2931,99.3%,False,Fixed Price,2017,36.19,$41.69
3276,De La Soul,3 Feet High and Rising,Hip-Hop,2005,Netherlands,Original 1st Press,no,  Very Good Plus ,Good,140g,"37,382",585,594.0,1.015,75.2,52.6,0.0,3184,96.8%,No,Fixed Price,2023,67.69,$90.43
3277,Neil Young,Harvest,Folk,1969,germany,Standard Reissue,False,Very Good Plus,Fair,200.0,"26,727",1213,681.0,0.561,65.5,13.0,45.0,4045,,1,Fixed Price,2025,49.27,$58.99
3278,Bon Iver,"22, A Million",Folk,2003,FRANCE,Standard Reissue,No,Near Mint,Very Good Plus,,"9,011",1962,2942.0,1.499,42.2,46.5,24.0,3275,100.0%,1,Auction,2019,49.41,$72.38
3279,J Dilla,Ruff Draft,Hip-Hop,2004,Germany,Standard Reissue,0,Very Good Plus,Very Good Plus,200.0,"31,396",1080,421.0,0.39,39.7,17.5,18.0,1856,97.5%,no,Fixed Price,2025,33.22,$46.28
3280,Kendrick Lamar,To Pimp a Butterfly,Hip-Hop,2011,UK,Standard Reissue,0,  Very Good ,Very Good Plus,140.0,"16,492",576,586.0,1.017,89.7,13.0,1.0,1861,98.2%,Yes,Fixed Price,2022,56.25,$72.90
3281,U2,War,Rock,2000,,Standard Reissue,0,Near Mint,Near Mint,180g,"10,090",406,889.0,2.19,82.8,20.7,18.0,1440,92.8%,False,Auction,2019,56.78,$78.57
3282,Prince,Around the World in a Day,R&B,2011,Japan,Standard Reissue,No,Very Good,Good Plus,120g,"26,029",986,1950.0,1.978,86.6,46.1,16.0,4704,99.4%,0,Fixed Price,2022,67.18,$97.45
3283,Aphex Twin,Selected Ambient Works 85-92,Electronic,1963,,Standard Reissue,No,Very Good Plus,Mint,120.0,"26,893",400,197.0,0.492,58.3,3.3,13.0,3555,97.7%,No,Fixed Price,2016,40.74,$65.57
3284,Funkadelic,Free Your Mind,R&B,2000,France,Standard Reissue,False,Near Mint,Very Good Plus,,"22,191",1266,1194.0,0.943,39.1,67.6,16.0,1486,100.0%,No,Fixed Price,2025,51.91,$71.92
3285,Jimi Hendrix,Electric Ladyland,Rock,1976,AUSTRALIA,Anniversary Edition,Yes,Very Good,Very Good Plus,180.0,"2,991",740,1822.0,2.462,73.1,16.4,53.0,3943,96.5%,0,Fixed Price,2021,64.73,$96.09
3286,James Taylor,Sweet Baby James,Folk,1962,Canada,Standard Reissue,No,Mint,Very Good Plus,180g,"2,673",585,1318.0,2.253,29.3,75.1,24.0,669,95.9%,0,Fixed Price,2021,66.21,$104.49
3287,Radiohead,Kid A,Alternative,1960,US,Original 1st Press,No,Good Plus,Very Good,140.0,"39,590",685,479.0,0.699,87.2,24.7,7.0,56,,Yes,Fixed Price,2021,58.29,$59.47
3288,Sade,Love Deluxe,R&B,1971,France,Anniversary Edition,Yes,Poor,Good,120g,"32,864",613,2111.0,3.444,83.7,73.1,41.0,66,94.5%,True,Auction,2024,79.67,$60.03
3289,The Beatles,The White Album,Rock,2015,Canada,Original 1st Press,No,Very Good Plus,Good Plus,120g,"32,509",167,111.0,0.665,91.4,66.5,44.0,2023,97.0%,No,Fixed Price,2023,79.48,$104.20
3290,Daft Punk,Homework,Electronic,2011,Brazil,Original 1st Press,No,Very Good Plus,Very Good Plus,180.0,"13,592",300,161.0,0.537,77.9,36.1,26.0,4908,97.6%,No,Auction,2024,64.22,$66.19
3291,Nas,Illmatic,Hip-Hop,1992,UK,Standard Reissue,False,Very Good,Fair,180g,"47,493",481,279.0,0.58,73.5,18.9,37.0,4126,94.9%,Yes,Auction,2015,43.69,$50.09
3292,Outkast,Aquemini,Hip-Hop,1996,Australia,Standard Reissue,no,Mint,Very Good,180g,"48,754",1743,725.0,0.416,71.7,71.5,1.0,3826,96.0%,False,Fixed Price,2017,62.39,$98.58
3293,Outkast,Aquemini,Hip-Hop,1984,Canada,Standard Reissue,No,Good,Very Good Plus,140.0,"37,617",775,469.0,0.605,67.8,70.3,16.0,4605,100.0%,Yes,Fixed Price,2020,57.42,$50.41
3294,Arcade Fire,Reflektor,Alternative,1968,Netherlands,Promo Copy,0,Good Plus,Good Plus,180.0,"39,942",467,564.0,1.208,59.2,66.2,2.0,4072,98.6%,yes,Fixed Price,2020,59.23,$64.27
3295,Johnny Cash,American IV: The Man Comes Around,Country,1996,,Standard Reissue,No,Very Good Plus,Very Good,180.0,"48,714",669,869.0,1.299,99.0,61.7,8.0,3902,96.7%,1,Fixed Price,2017,74.22,$100.21
3296,Dolly Parton,Trio,Country,2006,,Original 1st Press,No,Very Good Plus,Very Good Plus,180g,"48,635",253,303.0,1.198,63.4,79.3,47.0,4453,100.0%,Yes,Fixed Price,2022,74.94,$97.92
3297,Sade,Diamond Life,R&B,1988,Canada,Promo Copy,No,Mint,,140.0,"11,990",650,1112.0,1.711,78.3,55.4,60.0,988,97.1%,Yes,Fixed Price,2017,76.48,$121.72
3298,Eminem,The Eminem Show,Hip-Hop,2019,Brazil,Standard Reissue,No,Very Good,Very Good,140.0,"21,999",829,1474.0,1.778,98.5,29.7,8.0,3310,94.4%,False,Auction,2023,64.23,$76.86
3299,Simon & Garfunkel,Bridge Over Troubled Water,Folk,1994,Canada,Promo Copy,No,Very Good,Very Good,180.0,"44,022",1029,875.0,0.85,66.3,43.0,20.0,2891,95.1%,No,Fixed Price,2015,55.40,$68.06
3300,Eminem,The Eminem Show,Hip-Hop,1966,France,Limited Colored Vinyl,Yes,Fair,Near Mint,120g,"37,233",127,270.0,2.126,99.7,26.6,82.0,1569,95.2%,1,Fixed Price,2020,65.38,$49.11
3301,Erykah Badu,New Amerykah Part One,R&B,1995,Australia,Standard Reissue,0,Near Mint,Near Mint,140.0,"30,108",255,570.0,2.235,75.8,30.6,6.0,3401,96.6%,1,Fixed Price,2017,57.08,$73.99
3302,Led Zeppelin,Houses of the Holy,Rock,2008,Japan,Promo Copy,No,Near Mint,Good Plus,120g,"31,597",173,341.0,1.971,102.0,26.1,32.0,1653,97.7%,No,Fixed Price,2021,72.51,$101.16
3303,The Clash,Combat Rock,Rock,1996,Canada,Limited Colored Vinyl,Yes,Very Good,Very Good,120g,"21,573",447,1043.0,2.333,74.6,34.4,11.0,1003,94.6%,0,Fixed Price,2016,66.63,$77.51
3304,Willie Nelson,Red Headed Stranger,Country,2010,Germany,Standard Reissue,False,  Very Good ,Good,200.0,"47,378",1699,3459.0,2.036,60.2,11.3,51.0,36,97.8%,0,Fixed Price,2016,43.82,$53.23
3305,The Rolling Stones,Sticky Fingers,Rock,2014,UK,Limited Colored Vinyl,Yes,Good,Very Good Plus,140.0,"24,072",92,311.0,3.38,95.6,66.0,63.0,4585,96.6%,0,Fixed Price,2017,74.57,$80.38
3306,Neil Young,Rust Never Sleeps,Folk,2018,Brazil,Standard Reissue,No,Good Plus,Fair,140g,749,196,457.0,2.332,67.5,58.1,6.0,2207,90.9%,No,Fixed Price,2022,65.40,$75.72
3307,Outkast,Stankonia,Hip-Hop,2022,Germany,Anniversary Edition,Yes,Near Mint,Very Good,200.0,"29,984",553,957.0,1.731,65.7,11.2,39.0,4360,99.5%,No,Fixed Price,2024,54.57,$81.23
3308,Sufjan Stevens,Illinois,Folk,1993,canada,Promo Copy,No,Very Good Plus,Fair,140.0,"24,580",187,407.0,2.176,57.4,42.3,6.0,3243,98.4%,No,Fixed Price,2025,61.35,$75.17
3309,Neil Young,Comes a Time,Folk,1987,UK,Original 1st Press,No,Near Mint,Mint,180.0,"11,685",233,74.0,0.318,62.9,20.4,9.0,3923,99.6%,No,Fixed Price,2025,52.43,$74.75
3310,The Rolling Stones,Tattoo You,Rock,2003,France,Original 1st Press,No,Very Good,Very Good Plus,180.0,"29,471",526,56.0,0.106,96.1,41.2,30.0,1895,98.3%,1,Fixed Price,2019,76.94,$72.26
3311,The Cure,Pornography,Alternative,1985,Netherlands,Limited Colored Vinyl,Yes,Fair,Very Good Plus,120.0,"29,827",1263,2373.0,1.879,42.0,76.1,2.0,4785,100.0%,True,Auction,2018,75.25,$61.85
3312,Vampire Weekend,Modern Vampires of the City,Alternative,1997,japan,Promo Copy,No,Very Good,Very Good Plus,200g,"7,197",799,515.0,0.645,72.8,28.4,25.0,4246,100.0%,No,Fixed Price,2022,65.92,$79.80
3313,Paul Simon,Graceland,Folk,1982,GERMANY,Anniversary Edition,Yes,Very Good Plus,Near Mint,180.0,"7,084",305,574.0,1.882,75.1,6.6,19.0,3257,100.0%,no,Fixed Price,2015,55.58,$84.61
3314,Nas,It Was Written,Hip-Hop,1998,australia,Promo Copy,No,Near Mint,Near Mint,140g,"28,857",385,926.0,2.405,72.1,49.2,11.0,2290,96.3%,No,Fixed Price,2018,73.73,$92.35
3315,The Rolling Stones,Beggars Banquet,Rock,2001,Japan,Standard Reissue,False,Good Plus,Good Plus,180.0,"10,025",317,582.0,1.836,89.7,38.6,38.0,2024,99.7%,Yes,Fixed Price,2015,63.30,$67.12
3316,Beastie Boys,Licensed to Ill,Hip-Hop,1986,canada,Original 1st Press,False,Mint,Good Plus,140.0,"24,562",311,252.0,0.81,56.3,36.0,12.0,4934,100.0%,1,Fixed Price,2020,67.89,$94.88
3317,George Michael,Faith,Pop,2003,Netherlands,Test Pressing,1,Good Plus,Good,200.0,"32,823",1446,4497.0,3.11,65.8,30.1,27.0,3704,100.0%,No,Fixed Price,2024,78.99,$73.44
3318,Joni Mitchell,Blue,Folk,2014,US,Standard Reissue,No,Good,Mint,180g,"20,805",2835,5860.0,2.067,74.0,55.6,19.0,1123,98.1%,False,Auction,2020,63.32,$72.08
3319,Tame Impala,The Slow Rush,Alternative,2001,UK,Anniversary Edition,yes,Good,Good,120.0,"17,664",306,369.0,1.206,58.1,67.8,8.0,894,96.4%,0,Fixed Price,2020,69.57,$75.03
3320,Emmylou Harris,Wrecking Ball,Country,1988,Brazil,Anniversary Edition,1,Good Plus,Very Good Plus,140.0,"30,764",209,745.0,3.565,31.0,44.1,41.0,4365,,True,Fixed Price,2015,48.41,$50.93
3321,Burning Spear,Marcus Garvey,Reggae,1971,germany,Anniversary Edition,yes,Very Good Plus,Very Good,120g,"26,750",529,1493.0,2.822,24.9,33.2,37.0,2751,98.9%,False,Auction,2021,38.60,$42.75
3322,Dolly Parton,Jolene,Country,2020,AUSTRALIA,Anniversary Edition,yes,Very Good,Very Good Plus,200g,"35,421",429,1239.0,2.888,64.2,42.8,26.0,2632,96.4%,True,Fixed Price,2023,61.93,$70.52
3323,The Rolling Stones,Voodoo Lounge,Rock,2001,France,Original 1st Press,No,Mint,Near Mint,180g,"32,961",1196,2885.0,2.412,90.9,52.8,6.0,3985,97.5%,Yes,Fixed Price,2024,84.04,$118.56
3324,Sly and the Family Stone,Stand!,Soul,1969,Japan,Limited Colored Vinyl,yes,Very Good,Good Plus,140.0,"9,074",360,83.0,0.231,74.1,74.0,21.0,1445,94.8%,True,Fixed Price,2018,77.26,$74.06
3325,Black Sabbath,Paranoid,Rock,1968,UK,Original 1st Press,False,Very Good,Fair,140.0,"40,274",97,148.0,1.526,76.1,83.1,20.0,4460,98.5%,0,Fixed Price,2024,80.01,$102.62
3326,David Bowie,Let's Dance,Pop,2013,Canada,Standard Reissue,False,Very Good Plus,Very Good,140.0,"7,177",952,1419.0,1.491,92.9,33.2,1.0,1227,93.2%,0,Fixed Price,2024,57.10,$82.26
3327,The Smiths,The Queen Is Dead,Alternative,2018,Netherlands,Anniversary Edition,Yes,Very Good Plus,Very Good Plus,200.0,"36,807",953,3405.0,3.573,44.3,16.6,12.0,1572,98.4%,Yes,Auction,2019,51.05,$74.33
3328,The National,High Violet,Alternative,1994,AUSTRALIA,Anniversary Edition,1,Very Good,Near Mint,180.0,"28,803",835,1359.0,1.628,42.6,16.2,28.0,4429,99.3%,0,Fixed Price,2016,38.42,$48.48
3329,Aphex Twin,Selected Ambient Works 85-92,Electronic,1997,UK,Standard Reissue,0,Near Mint,Very Good Plus,140.0,"38,371",66,6.0,0.091,65.1,5.4,12.0,199,91.3%,No,Fixed Price,2025,46.06,$56.69
3330,Fleetwood Mac,Fleetwood Mac,Rock,2008,France,Original 1st Press,0,Near Mint,Mint,140.0,"41,413",854,1751.0,2.05,86.8,72.5,11.0,3443,99.5%,yes,Fixed Price,2021,83.87,$110.20
3331,R.E.M.,Automatic for the People,Alternative,1992,Netherlands,Standard Reissue,0,Good Plus,Very Good Plus,140g,"2,302",767,1369.0,1.785,59.7,65.7,92.0,1407,95.4%,False,Fixed Price,2025,63.08,$70.16
3332,Neil Young,Harvest,Folk,2002,uk,Original 1st Press,0,Very Good,Near Mint,180.0,"49,247",269,661.0,2.457,68.7,9.2,10.0,3811,96.3%,No,Auction,2023,60.73,$70.93
3333,Johnny Cash,American IV: The Man Comes Around,Country,1967,Canada,Standard Reissue,No,Near Mint,Good,200.0,"49,307",784,1582.0,2.018,96.8,58.7,19.0,2315,,Yes,Fixed Price,2022,65.18,$83.93
3334,John Coltrane,Blue Train,Jazz,1994,Brazil,Standard Reissue,No,Near Mint,Very Good,140.0,"28,981",1082,816.0,0.754,80.6,55.8,3.0,350,98.9%,False,Auction,2018,62.82,$86.97
3335,Nirvana,In Utero,Alternative,1990,Netherlands,Limited Colored Vinyl,Yes,Near Mint,Very Good,140g,"11,863",1079,511.0,0.474,98.9,59.5,4.0,4038,96.9%,No,Fixed Price,2023,72.28,$115.33
3336,Public Enemy,Fear of a Black Planet,Hip-Hop,2011,Japan,Limited Colored Vinyl,yes,Very Good,Poor,200g,"3,041",515,1769.0,3.435,73.5,21.7,3.0,4809,98.8%,1,Fixed Price,2022,55.34,$58.16
3337,James Taylor,Sweet Baby James,Folk,1986,Australia,Limited Colored Vinyl,Yes,Good Plus,Very Good Plus,120.0,"27,626",175,359.0,2.051,28.8,75.1,0.0,2264,99.6%,No,Auction,2023,53.68,$61.64
3338,Bob Dylan,Blonde on Blonde,Folk,1981,FRANCE,Standard Reissue,False,Good Plus,Very Good Plus,120g,"32,863",189,427.0,2.259,95.0,29.2,24.0,2007,95.4%,No,Fixed Price,2025,65.37,$79.82
3339,Public Enemy,It Takes a Nation of Millions to Hold Us Back,Hip-Hop,2022,Japan,Standard Reissue,no,Good,Very Good Plus,200g,"36,596",441,259.0,0.587,73.2,38.0,,3791,93.3%,No,Fixed Price,2022,42.99,$52.60
3340,AC/DC,Back in Black,Rock,2005,Germany,Standard Reissue,False,Very Good Plus,Mint,140.0,"36,457",445,66.0,0.148,95.0,50.4,7.0,1834,100.0%,1,Fixed Price,2023,60.21,$70.21
3341,Stevie Wonder,Songs in the Key of Life,Soul,2021,Netherlands,Anniversary Edition,1,  Very Good Plus ,Very Good Plus,140.0,"20,115",748,2376.0,3.176,88.7,27.3,6.0,2446,93.5%,No,Fixed Price,2025,67.13,$82.80
3342,Arctic Monkeys,"Whatever People Say I Am, That's What I'm Not",Alternative,2017,Canada,Standard Reissue,no,Near Mint,Good Plus,120g,"25,351",1166,1597.0,1.37,61.2,24.0,41.0,1010,96.5%,No,Auction,2018,50.86,$85.85
3343,Pearl Jam,Vs.,Alternative,1967,Canada,Original 1st Press,no,Good Plus,Very Good Plus,120.0,"7,728",79,143.0,1.81,64.8,13.3,29.0,1281,99.2%,Yes,Fixed Price,2025,63.72,$67.55
3344,Steely Dan,The Royal Scam,Rock,1984,Japan,Standard Reissue,No,Mint,Mint,200.0,"40,158",1645,949.0,0.577,81.0,0.7,9.0,3016,96.0%,0,Auction,2020,41.03,$60.87
3345,Prince,Lovesexy,R&B,2007,canada,Limited Colored Vinyl,1,Very Good,Very Good,180g,"2,994",744,2546.0,3.422,87.8,15.9,2.0,109,96.7%,Yes,Fixed Price,2016,72.70,$70.32
3346,Guns N' Roses,Appetite for Destruction,Rock,1998,US,Anniversary Edition,Yes,Fair,Good,120g,"4,950",606,1681.0,2.774,84.5,62.3,5.0,2961,93.3%,no,Fixed Price,2019,70.30,$57.06
3347,The Strokes,Room on Fire,Alternative,1971,UK,Original 1st Press,no,Near Mint,Very Good Plus,180g,"23,950",398,683.0,1.716,69.8,17.7,9.0,4810,96.3%,No,Fixed Price,2022,61.00,$81.11
3348,Funkadelic,One Nation Under a Groove,R&B,2011,Brazil,Limited Colored Vinyl,Yes,Very Good Plus,Good,120.0,"17,221",1149,3265.0,2.842,41.4,48.1,55.0,1517,99.8%,No,Fixed Price,2017,54.66,$67.77
3349,Duran Duran,Rio,Pop,1965,GERMANY,Original 1st Press,No,Near Mint,Very Good Plus,180.0,"29,767",81,98.0,1.21,77.8,48.9,26.0,2884,98.7%,False,Auction,2015,77.32,$118.47
3350,Outkast,Southernplayalisticadillacmuzik,Hip-Hop,1962,Netherlands,Promo Copy,No,Very Good Plus,Very Good Plus,120.0,"11,885",462,929.0,2.011,71.9,38.7,27.0,1794,100.0%,Yes,Fixed Price,2022,71.21,$83.60
3351,Joy Division,Unknown Pleasures,Alternative,1961,Australia,Standard Reissue,No,Near Mint,Good Plus,180g,"14,260",1358,2830.0,2.084,39.4,74.3,20.0,2174,100.0%,False,Auction,2016,63.25,$95.35
3352,Pearl Jam,Vitalogy,Alternative,1968,UK,Limited Colored Vinyl,True,Mint,Near Mint,120.0,681,294,760.0,2.585,60.1,11.2,34.0,2840,96.6%,Yes,Fixed Price,2024,54.01,$91.59
3353,Outkast,Aquemini,Hip-Hop,1982,Japan,Standard Reissue,No,Mint,Very Good,180.0,"16,564",1974,,2.336,67.8,71.1,12.0,3619,97.8%,False,Fixed Price,2021,67.44,$90.93
3354,U2,Achtung Baby,Rock,1991,France,Standard Reissue,No,  Very Good ,Good Plus,200.0,"35,189",834,1254.0,1.504,79.2,36.4,21.0,4177,100.0%,No,Fixed Price,2025,53.34,$57.52
3355,J Dilla,Ruff Draft,Hip-Hop,1965,Canada,Limited Colored Vinyl,True,Very Good Plus,Near Mint,140g,"21,444",1032,2182.0,2.114,44.8,25.6,14.0,1010,93.4%,No,Fixed Price,2024,53.43,$79.29
3356,Michael Jackson,Bad,Pop,1971,Netherlands,Standard Reissue,False,Near Mint,Very Good Plus,120g,"46,768",1179,160.0,0.136,90.5,42.1,3.0,953,94.5%,1,Fixed Price,2025,55.55,$80.82
3357,N.W.A,Straight Outta Compton,Hip-Hop,1965,UK,Test Pressing,Yes,Very Good,Very Good Plus,140g,"36,277",145,247.0,1.703,58.4,44.7,1.0,4049,94.9%,No,Auction,2020,78.52,$87.53
3358,David Bowie,Diamond Dogs,Rock,1972,UK,Original 1st Press,False,Very Good,Very Good,140.0,"21,124",827,1508.0,1.823,92.6,40.5,12.0,875,95.0%,No,Fixed Price,2019,84.55,$108.98
3359,Massive Attack,Protection,Electronic,1995,UK,Standard Reissue,False,Very Good,Very Good,200g,"7,697",774,922.0,1.191,52.2,17.1,31.0,1308,96.1%,Yes,Fixed Price,2021,44.22,$47.53
3360,Kendrick Lamar,Section.80,Hip-Hop,2021,Canada,Limited Colored Vinyl,Yes,Very Good Plus,Good Plus,180.0,"18,239",266,939.0,3.53,91.8,16.8,33.0,4955,99.3%,Yes,Auction,2023,71.28,$75.40
3361,Public Enemy,It Takes a Nation of Millions to Hold Us Back,Hip-Hop,1980,Brazil,Anniversary Edition,yes,Very Good,Good Plus,200.0,"11,514",441,1283.0,2.909,73.3,40.4,8.0,1233,95.1%,1,Fixed Price,2015,63.59,$70.21
3362,Marvin Gaye,Let's Get It On,Soul,1974,germany,Standard Reissue,No,Very Good Plus,Very Good Plus,140.0,"31,128",835,1261.0,1.51,94.5,76.7,19.0,4346,93.5%,True,Fixed Price,2016,72.58,$99.46
3363,Parliament,Chocolate City,R&B,2001,japan,Promo Copy,0,Poor,Mint,140.0,"20,290",668,440.0,0.659,39.8,42.2,26.0,305,,1,Fixed Price,2020,53.64,$48.89
3364,Funkadelic,Uncle Jam Wants You,R&B,2022,Canada,Promo Copy,False,Good Plus,,120g,"28,556",619,995.0,1.607,39.6,63.7,25.0,4521,95.4%,Yes,Fixed Price,2023,61.95,$68.69
3365,John Coltrane,Giant Steps,Jazz,1969,US,Limited Colored Vinyl,yes,Very Good Plus,Good Plus,180g,"42,731",260,85.0,0.327,79.0,77.6,,2226,100.0%,No,Fixed Price,2020,65.48,$92.86
3366,Public Enemy,Fear of a Black Planet,Hip-Hop,1995,US,Standard Reissue,0,Good,Near Mint,,"4,969",1234,2807.0,2.275,74.5,19.1,57.0,134,90.2%,Yes,Auction,2019,53.47,$61.62
3367,John Coltrane,My Favorite Things,Jazz,1981,Australia,Standard Reissue,No,Good Plus,Very Good,,"37,368",1263,701.0,0.555,76.5,43.5,22.0,53,100.0%,Yes,Fixed Price,2020,52.52,$50.79
3368,Beastie Boys,Ill Communication,Hip-Hop,1970,US,Standard Reissue,No,Very Good,Near Mint,120.0,"35,396",457,989.0,2.164,53.9,18.6,48.0,672,98.8%,Yes,Fixed Price,2019,52.89,$56.68
3369,Miles Davis,In a Silent Way,Jazz,2008,Canada,Standard Reissue,False,Near Mint,Very Good Plus,200g,"7,941",928,1321.0,1.423,78.5,36.3,15.0,1548,99.8%,yes,Fixed Price,2021,61.62,$82.04
3370,Funkadelic,Funkadelic,R&B,2013,France,Promo Copy,0,Near Mint,Good,180.0,"44,263",451,720.0,1.596,43.3,90.9,21.0,595,98.3%,False,Fixed Price,2022,74.77,$106.27
3371,Portishead,Third,Electronic,2009,UK,Promo Copy,No,Very Good,,140g,"40,767",197,372.0,1.888,81.6,13.5,5.0,841,,No,Auction,2021,63.09,$67.29
3372,Pink Floyd,Animals,Rock,1989,Brazil,Standard Reissue,False,Near Mint,Mint,140.0,"49,410",91,38.0,0.418,88.1,68.3,0.0,1358,97.5%,yes,Fixed Price,2016,58.54,$101.60
3373,Prince,Sign o' the Times,R&B,2011,germany,Standard Reissue,No,Poor,Fair,180g,"23,102",631,476.0,0.754,91.3,42.5,4.0,3885,98.8%,Yes,Fixed Price,2019,55.26,$46.88
3374,J Dilla,Donuts,Hip-Hop,1986,Netherlands,Standard Reissue,No,Good Plus,Very Good,180g,"23,059",790,1789.0,2.265,47.7,55.7,6.0,1414,95.9%,no,Fixed Price,2025,54.51,$61.26
3375,Michael Jackson,Off the Wall,Pop,1991,Brazil,Limited Colored Vinyl,1,Good,Very Good Plus,140g,"44,920",502,818.0,1.629,90.2,76.4,54.0,2113,99.5%,Yes,Auction,2020,75.67,$88.88
3376,Jimi Hendrix,Are You Experienced,Rock,1999,Japan,Standard Reissue,No,Near Mint,Very Good,120g,"24,568",933,447.0,0.479,67.3,40.7,14.0,4450,94.2%,No,Fixed Price,2024,56.34,$93.03
3377,Led Zeppelin,Led Zeppelin II,Rock,2010,uk,Standard Reissue,No,Very Good Plus,Near Mint,140g,"4,240",1062,259.0,0.244,97.9,7.6,2.0,1783,96.8%,0,Fixed Price,2019,64.15,$71.42
3378,Soundgarden,Badmotorfinger,Alternative,1974,australia,Limited Colored Vinyl,Yes,Very Good,Very Good,140.0,"5,361",1000,1614.0,1.614,72.3,67.3,10.0,1945,98.7%,No,Auction,2017,74.68,$89.73
3379,Arctic Monkeys,"Whatever People Say I Am, That's What I'm Not",Alternative,2015,Netherlands,Test Pressing,Yes,Mint,Near Mint,120.0,"11,116",255,737.0,2.89,63.3,23.4,18.0,2937,98.9%,No,Fixed Price,2017,72.98,$98.36
3380,The Clash,Combat Rock,Rock,1978,US,Original 1st Press,False,Near Mint,Very Good Plus,120g,"20,563",566,1094.0,1.933,69.0,35.6,12.0,1236,100.0%,True,Fixed Price,2024,76.22,$113.69
3381,David Bowie,Let's Dance,Pop,2020,Netherlands,Anniversary Edition,yes,Very Good Plus,,180.0,"34,364",410,373.0,0.91,85.0,27.5,28.0,2343,94.8%,Yes,Fixed Price,2020,60.82,$75.76
3382,Talking Heads,Remain in Light,Alternative,1980,Australia,Standard Reissue,False,Mint,Very Good Plus,120.0,"5,609",231,393.0,1.701,79.5,74.8,2.0,161,97.4%,Yes,Fixed Price,2017,74.98,$121.09
3383,Funkadelic,Maggot Brain,R&B,1988,Australia,Standard Reissue,0,Fair,Very Good Plus,120.0,"40,691",697,1292.0,1.854,46.3,63.5,27.0,3285,90.5%,False,Fixed Price,2019,54.56,$48.97
3384,J Dilla,Donuts,Hip-Hop,1966,Netherlands,Anniversary Edition,Yes,Good,Near Mint,180.0,"40,171",590,634.0,1.075,47.2,44.7,6.0,4252,98.2%,True,Fixed Price,2017,52.07,$50.36
3385,Daft Punk,Discovery,Electronic,2019,,Promo Copy,False,  Very Good ,Very Good Plus,140.0,"17,822",264,205.0,0.777,87.6,74.0,31.0,480,100.0%,No,Fixed Price,2023,80.28,$86.38
3386,Nirvana,Bleach,Alternative,2019,France,Test Pressing,True,Fair,Very Good Plus,120.0,"19,986",347,1060.0,3.055,92.6,52.9,23.0,2026,93.2%,False,Fixed Price,2023,98.46,$75.94
3387,Red Hot Chili Peppers,Stadium Arcadium,Alternative,1998,France,Standard Reissue,No,Very Good,Near Mint,140.0,"19,616",610,282.0,0.462,65.2,39.2,56.0,430,97.7%,Yes,Fixed Price,2019,50.98,$58.29
3388,Joni Mitchell,Court and Spark,Folk,1998,Canada,Limited Colored Vinyl,True,Near Mint,,140g,"34,317",755,1827.0,2.42,76.6,30.5,102.0,4788,,No,Fixed Price,2025,50.58,$75.23
3389,R.E.M.,Murmur,Alternative,1973,Netherlands,Test Pressing,Yes,Very Good,Poor,180.0,"46,874",110,90.0,0.818,62.4,52.2,23.0,669,100.0%,Yes,Fixed Price,2024,78.38,$78.96
3390,Talking Heads,Remain in Light,Alternative,2006,Canada,Standard Reissue,False,Very Good,Very Good,120g,"47,487",419,599.0,1.43,82.0,69.8,6.0,647,94.4%,0,Fixed Price,2025,62.87,$74.10
3391,New Order,Low Life,Electronic,1981,UK,Test Pressing,Yes,Near Mint,Very Good,140g,"42,954",103,280.0,2.718,59.8,51.7,34.0,4903,91.6%,Yes,Fixed Price,2021,75.58,$90.03
3392,Tom Petty,Wildflowers,Rock,2011,Canada,Limited Colored Vinyl,Yes,  Fair ,Very Good Plus,140.0,"1,913",173,348.0,2.012,26.1,72.5,15.0,4266,95.4%,no,Fixed Price,2017,65.90,$75.22
3393,AC/DC,Highway to Hell,Rock,1988,GERMANY,Limited Colored Vinyl,Yes,Very Good,Good Plus,180.0,"25,979",96,,2.635,94.6,20.4,37.0,1538,97.9%,True,Fixed Price,2022,67.64,$62.36
3394,Frank Ocean,"Nostalgia, Ultra",R&B,2008,canada,Limited Colored Vinyl,Yes,Near Mint,Very Good Plus,200g,"20,239",1208,3849.0,3.186,104.3,37.2,,3056,95.4%,No,Auction,2022,86.12,$142.40
3395,My Bloody Valentine,Loveless,Alternative,2013,france,Anniversary Edition,Yes,Very Good,Very Good,180.0,"33,599",1032,871.0,0.844,22.7,51.1,20.0,4699,98.3%,No,Auction,2021,42.35,$65.40
3396,David Bowie,Ziggy Stardust,Rock,1990,Netherlands,Anniversary Edition,True,Very Good,Mint,140g,"35,512",392,471.0,1.202,91.4,12.7,89.0,4071,95.8%,No,Fixed Price,2024,53.99,$69.16
3397,The Beatles,The White Album,Rock,1967,UK,Standard Reissue,No,Near Mint,Near Mint,140g,"48,703",184,349.0,1.897,92.4,57.7,3.0,3086,100.0%,No,Auction,2021,69.00,$91.38
3398,Pink Floyd,Animals,Rock,1989,Japan,Promo Copy,No,Mint,Good Plus,120g,"32,872",148,354.0,2.392,90.3,73.1,14.0,866,97.6%,No,Fixed Price,2015,82.40,$126.09
3399,Slowdive,Slowdive,Alternative,1977,CANADA,Original 1st Press,No,Very Good,Good,200.0,"9,007",249,620.0,2.49,24.9,46.0,3.0,3378,96.7%,No,Fixed Price,2019,64.94,$71.20
3400,The Cure,Pornography,Alternative,1982,brazil,Standard Reissue,No,  Good Plus ,Mint,200.0,"28,768",422,1034.0,2.45,31.8,71.2,6.0,1462,89.6%,No,Fixed Price,2016,48.49,$64.18
3401,Bon Iver,"For Emma, Forever Ago",Folk,1979,UK,Original 1st Press,0,Good,Very Good,120.0,"31,658",292,,1.219,43.5,10.2,29.0,4941,97.5%,No,Fixed Price,2020,54.44,$51.87
3402,Tame Impala,The Slow Rush,Alternative,1974,US,Standard Reissue,0,Good Plus,Poor,120g,"27,863",593,1448.0,2.442,59.2,72.9,22.0,1539,99.2%,Yes,Fixed Price,2022,63.07,$56.99
3403,Daft Punk,Random Access Memories,Electronic,1970,Germany,Anniversary Edition,yes,Good Plus,Mint,140g,548,871,726.0,0.834,85.9,70.0,14.0,4253,94.7%,0,Fixed Price,2019,71.05,$87.00
3404,Public Enemy,It Takes a Nation of Millions to Hold Us Back,Hip-Hop,1985,Brazil,Limited Colored Vinyl,1,Very Good,Very Good Plus,140g,"19,552",261,448.0,1.716,69.1,37.9,8.0,4624,98.8%,yes,Fixed Price,2019,64.65,$72.33
3405,Neil Young,Harvest,Folk,2008,France,Limited Colored Vinyl,1,Mint,Very Good Plus,180.0,"5,763",256,724.0,2.828,59.6,14.3,33.0,2263,100.0%,Yes,Fixed Price,2019,58.36,$79.85
3406,Bjork,Debut,Electronic,1987,AUSTRALIA,Standard Reissue,No,Very Good Plus,Very Good Plus,200.0,"14,260",280,152.0,0.543,76.7,55.2,8.0,4466,97.8%,True,Fixed Price,2021,63.99,$88.65
3407,Talking Heads,Speaking in Tongues,Alternative,1982,Germany,Standard Reissue,False,Very Good Plus,Very Good Plus,180g,"10,078",286,637.0,2.227,82.5,37.8,55.0,2724,90.0%,0,Fixed Price,2015,70.83,$99.63
3408,Black Uhuru,Red,Reggae,1963,JAPAN,Standard Reissue,No,  Mint ,Mint,200.0,"38,691",315,431.0,1.368,20.6,35.1,79.0,3231,97.2%,no,Auction,2020,33.43,$57.78
3409,Sufjan Stevens,Carrie & Lowell,Folk,1973,Australia,Test Pressing,yes,Near Mint,Near Mint,120g,"36,005",182,288.0,1.582,55.9,6.3,40.0,4957,96.6%,False,Fixed Price,2022,62.85,$83.45
3410,Joni Mitchell,Ladies of the Canyon,Folk,2011,germany,Standard Reissue,No,Very Good Plus,Very Good Plus,140g,"4,252",1675,4011.0,2.395,80.9,41.5,50.0,3246,94.9%,Yes,Fixed Price,2020,70.28,$91.22
3411,Dolly Parton,Jolene,Country,1991,FRANCE,Standard Reissue,0,Near Mint,Good,140.0,"33,039",777,1780.0,2.291,61.6,41.4,1.0,4549,96.3%,no,Fixed Price,2025,51.47,$69.89
3412,John Coltrane,A Love Supreme,Jazz,2017,Australia,Anniversary Edition,1,Near Mint,Good Plus,120g,745,791,1754.0,2.217,68.4,63.4,4.0,634,99.7%,False,Auction,2018,67.47,$92.37
3413,Prince,Around the World in a Day,R&B,1968,Canada,Limited Colored Vinyl,Yes,Mint,Very Good Plus,140.0,"13,529",417,1441.0,3.456,86.9,44.6,1.0,4114,95.1%,yes,Fixed Price,2017,77.19,$102.76
3414,The Rolling Stones,Sticky Fingers,Rock,2008,Netherlands,Promo Copy,False,Mint,Very Good Plus,140.0,"17,237",184,123.0,0.668,99.8,68.1,32.0,1210,93.9%,0,Fixed Price,2020,85.49,$111.58
3415,Patti Smith,Easter,Rock,2015,FRANCE,Standard Reissue,No,Mint,Fair,180g,"6,947",538,1156.0,2.149,27.9,42.0,8.0,3438,95.3%,False,Auction,2017,49.53,$76.92
3416,The Beach Boys,Surf's Up,Pop,1993,Australia,Anniversary Edition,Yes,Very Good Plus,Very Good Plus,180.0,"36,220",1373,1534.0,1.117,71.5,27.5,4.0,1898,94.5%,1,Auction,2024,56.05,$57.13
3417,Joanna Newsom,Ys,Folk,1969,France,Standard Reissue,0,Very Good Plus,Very Good Plus,140.0,"1,571",406,179.0,0.441,32.7,40.6,13.0,3085,97.0%,False,Fixed Price,2016,40.78,$62.20
3418,Nina Simone,Nina Simone in Concert,Jazz,2015,Canada,Standard Reissue,0,Poor,Near Mint,180.0,"4,430",645,329.0,0.51,74.2,41.9,7.0,1956,93.9%,No,Fixed Price,2016,55.59,$52.06
3419,Aphex Twin,Selected Ambient Works 85-92,Electronic,1961,UK,Standard Reissue,No,Fair,Very Good,120g,"24,138",1780,3093.0,1.738,63.5,9.4,4.0,3837,96.9%,Yes,Fixed Price,2018,52.38,$45.65
3420,Sufjan Stevens,Carrie & Lowell,Folk,1963,Netherlands,Anniversary Edition,Yes,Very Good Plus,Very Good Plus,120g,"48,615",2517,4054.0,1.611,57.3,3.8,0.0,2312,94.5%,1,Fixed Price,2019,41.23,$54.24
3421,Patti Smith,Horses,Rock,1979,germany,Anniversary Edition,True,Good Plus,Very Good,180g,"45,008",535,82.0,0.153,28.8,70.5,2.0,547,93.9%,No,Fixed Price,2019,42.36,$46.52
3422,Portishead,Portishead,Electronic,1966,Canada,Standard Reissue,No,Good Plus,,120.0,"43,333",978,1750.0,1.789,80.3,57.9,8.0,4598,92.8%,1,Fixed Price,2015,72.32,$75.70
3423,Nas,Illmatic,Hip-Hop,1982,Brazil,Standard Reissue,False,Very Good,Good,140g,"48,793",1084,2420.0,2.232,70.3,14.9,10.0,1804,98.5%,True,Fixed Price,2017,46.43,$54.33
3424,D'Angelo,Black Messiah,R&B,1969,,Test Pressing,1,Good Plus,Very Good Plus,180.0,"3,428",509,1717.0,3.373,73.3,22.1,12.0,2067,90.8%,No,Fixed Price,2023,81.25,$85.12
3425,Joy Division,Closer,Alternative,1974,uk,Promo Copy,0,Mint,Near Mint,180.0,"16,241",397,158.0,0.398,33.6,62.8,6.0,2542,100.0%,0,Fixed Price,2017,54.25,$77.24
3426,Miles Davis,Kind of Blue,Jazz,1966,france,Standard Reissue,No,Very Good Plus,,140g,"46,315",451,593.0,1.315,77.9,36.8,10.0,882,93.5%,True,Fixed Price,2022,59.31,$73.47
3427,Kings of Leon,Youth and Young Manhood,Alternative,1976,BRAZIL,Standard Reissue,No,Mint,Near Mint,180g,"8,211",1557,925.0,0.594,69.9,80.1,10.0,2822,96.8%,False,Fixed Price,2024,71.14,$108.29
3428,Public Enemy,It Takes a Nation of Millions to Hold Us Back,Hip-Hop,1999,Brazil,Anniversary Edition,yes,Near Mint,Very Good,180g,"39,731",2137,6971.0,3.262,72.3,38.4,21.0,2993,100.0%,no,Fixed Price,2024,57.98,$82.26
3429,Nina Simone,I Put a Spell on You,Jazz,2005,Japan,Standard Reissue,0,Mint,Very Good Plus,200g,"49,469",350,520.0,1.486,77.8,71.3,3.0,3249,97.7%,Yes,Auction,2016,59.18,$80.36
3430,Tame Impala,The Slow Rush,Alternative,1997,Netherlands,Standard Reissue,No,Good Plus,Very Good,200g,"14,865",668,751.0,1.124,56.6,77.5,21.0,2298,96.8%,No,Fixed Price,2021,67.98,$76.07
3431,Bjork,Post,Electronic,1971,Japan,Standard Reissue,No,Mint,Good,140g,"29,365",355,849.0,2.392,74.0,67.0,20.0,1990,99.3%,0,Fixed Price,2022,65.13,$94.41
3432,Radiohead,A Moon Shaped Pool,Alternative,2017,US,Standard Reissue,0,Very Good,Good,120g,"10,736",683,1009.0,1.477,83.9,57.6,3.0,2251,97.2%,False,Fixed Price,2018,71.40,$77.94
3433,Bon Iver,"For Emma, Forever Ago",Folk,1970,France,Standard Reissue,No,Mint,Very Good Plus,140g,"31,953",1027,1460.0,1.422,40.6,10.1,22.0,2265,98.1%,no,Auction,2021,35.52,$55.65
3434,Ice Cube,AmeriKKKa's Most Wanted,Hip-Hop,1985,Netherlands,Standard Reissue,False,Good,Good Plus,140g,"45,320",996,2236.0,2.245,75.1,8.2,11.0,589,96.0%,No,Fixed Price,2021,43.43,$34.43
3435,Paul Simon,So Beautiful or So What,Folk,1970,AUSTRALIA,Anniversary Edition,Yes,Very Good Plus,Very Good,180.0,"48,148",337,735.0,2.181,76.8,33.8,27.0,2614,100.0%,No,Fixed Price,2019,56.40,$66.90
3436,Loretta Lynn,Coal Miner's Daughter,Country,1968,netherlands,Promo Copy,No,Near Mint,Very Good Plus,120.0,"40,500",530,931.0,1.757,21.2,61.9,7.0,849,91.4%,No,Fixed Price,2023,50.81,$85.99
3437,David Bowie,Low,Electronic,2021,,Test Pressing,True,Very Good,Good Plus,120.0,"46,145",304,393.0,1.293,91.2,6.6,11.0,2176,100.0%,1,Fixed Price,2023,74.24,$87.90
3438,James Taylor,JT,Folk,1980,France,Standard Reissue,0,Very Good Plus,Mint,140.0,"13,805",1055,1656.0,1.57,29.0,13.7,23.0,3775,88.3%,No,Fixed Price,2020,33.78,$55.39
3439,Paul Simon,So Beautiful or So What,Folk,2012,France,Standard Reissue,No,Near Mint,Very Good,120.0,"10,569",1213,475.0,0.392,77.1,32.0,47.0,1451,93.7%,1,Fixed Price,2021,53.78,$69.07
3440,Ice Cube,AmeriKKKa's Most Wanted,Hip-Hop,2004,Australia,Original 1st Press,0,Very Good Plus,Very Good Plus,140.0,"23,183",361,83.0,0.23,73.9,12.0,30.0,4627,99.8%,No,Fixed Price,2018,56.55,$84.28
3441,Pink Floyd,The Wall,Rock,1967,UK,Test Pressing,Yes,Good,Very Good,120.0,"17,241",236,176.0,0.746,92.7,68.2,9.0,2358,97.2%,0,Auction,2022,98.10,$99.31
3442,James Taylor,JT,Folk,1987,Brazil,Anniversary Edition,Yes,Very Good,Near Mint,140.0,"44,016",329,666.0,2.024,29.9,5.6,0.0,4113,95.1%,1,Fixed Price,2017,32.76,$45.14
3443,Duran Duran,Rio,Pop,1972,UK,Standard Reissue,No,Very Good Plus,Near Mint,180.0,"16,211",542,1332.0,2.458,76.7,47.8,,3042,94.8%,No,Auction,2017,62.79,$89.96
3444,Daft Punk,Homework,Electronic,2004,US,Standard Reissue,No,Very Good Plus,Very Good Plus,140.0,"46,484",1457,864.0,0.593,85.0,33.5,22.0,3170,99.5%,1,Fixed Price,2022,60.40,$81.61
3445,Joni Mitchell,Ladies of the Canyon,Folk,2014,France,Standard Reissue,No,Good Plus,Very Good Plus,140g,"14,640",910,1602.0,1.76,73.6,47.6,0.0,4365,100.0%,False,Auction,2016,64.99,$70.00
3446,The Notorious B.I.G.,Ready to Die,Hip-Hop,2015,CANADA,Standard Reissue,No,Good,Very Good Plus,200.0,"36,844",330,90.0,0.273,99.4,86.3,0.0,177,100.0%,False,Auction,2015,71.79,$73.60
3447,The Rolling Stones,Emotional Rescue,Rock,1971,NETHERLANDS,Standard Reissue,No,Near Mint,Mint,140.0,"21,003",887,458.0,0.516,98.5,35.4,4.0,3894,92.0%,1,Auction,2023,54.46,$74.75
3448,R.E.M.,Document,Alternative,1992,Australia,Standard Reissue,No,Near Mint,Good Plus,120g,"48,756",1295,1965.0,1.517,66.7,34.3,25.0,1023,95.2%,0,Fixed Price,2023,51.24,$73.53
3449,Lauryn Hill,The Miseducation of Lauryn Hill,R&B,1988,Canada,Limited Colored Vinyl,Yes,Near Mint,Very Good Plus,120.0,"45,623",503,1692.0,3.364,68.1,17.4,5.0,4123,99.8%,Yes,Fixed Price,2023,55.61,$75.93
3450,My Bloody Valentine,Loveless,Alternative,1991,Netherlands,Limited Colored Vinyl,1,Very Good,Very Good Plus,140g,"44,216",237,787.0,3.321,30.3,51.5,9.0,466,95.6%,0,Fixed Price,2015,56.35,$80.73
3451,Pink Floyd,Wish You Were Here,Rock,2002,BRAZIL,Test Pressing,Yes,Very Good Plus,Good Plus,140.0,"34,793",324,983.0,3.034,92.5,27.7,2.0,1574,94.3%,True,Fixed Price,2018,84.65,$97.74
3452,Joni Mitchell,Ladies of the Canyon,Folk,1965,Germany,Standard Reissue,No,Very Good Plus,Good,120.0,"35,211",970,547.0,0.564,79.0,45.7,0.0,3407,100.0%,no,Fixed Price,2025,57.89,$62.90
3453,Pearl Jam,Vs.,Alternative,1960,Australia,Standard Reissue,no,Very Good,Near Mint,180g,"36,772",1312,346.0,0.264,65.9,16.7,22.0,3692,94.9%,No,Fixed Price,2019,38.61,$40.60
3454,Lauryn Hill,The Miseducation of Lauryn Hill,R&B,1998,BRAZIL,Standard Reissue,No,Good,Very Good,200.0,"10,299",117,142.0,1.214,71.8,17.5,30.0,3816,96.7%,True,Fixed Price,2022,51.46,$41.82
3455,Talking Heads,Remain in Light,Alternative,1992,BRAZIL,Standard Reissue,0,Very Good,Good,180g,"48,155",1658,3074.0,1.854,79.2,74.3,9.0,3670,98.4%,False,Fixed Price,2021,67.09,$71.02
3456,Sade,Diamond Life,R&B,1987,Brazil,Standard Reissue,No,Very Good Plus,Very Good Plus,120g,"25,769",738,782.0,1.06,75.3,46.5,7.0,383,99.0%,No,Fixed Price,2016,55.87,$77.77
3457,Duran Duran,Rio,Pop,1995,Netherlands,Anniversary Edition,Yes,Very Good Plus,Very Good,120g,"16,037",849,270.0,0.318,78.3,42.5,4.0,2691,96.8%,yes,Fixed Price,2016,54.07,$75.87
3458,Snoop Dogg,Doggystyle,Hip-Hop,1963,Canada,Standard Reissue,No,Very Good Plus,Good,200.0,"24,494",2067,2547.0,1.232,73.6,32.3,1.0,3618,98.1%,0,Auction,2024,50.43,$61.74
3459,The Beatles,The White Album,Rock,1966,Canada,Standard Reissue,No,Poor,Mint,180.0,"7,848",1241,2839.0,2.288,91.3,64.8,43.0,1718,98.6%,Yes,Auction,2016,82.71,$80.75
3460,Marvin Gaye,Let's Get It On,Soul,2012,UK,Standard Reissue,No,Near Mint,Good Plus,180.0,"25,883",507,863.0,1.702,93.9,72.0,7.0,4968,92.0%,Yes,Fixed Price,2018,72.89,$91.54
3461,Eminem,The Eminem Show,Hip-Hop,2003,Netherlands,Limited Colored Vinyl,Yes,Near Mint,Near Mint,140.0,"7,312",184,29.0,0.158,101.0,25.8,48.0,1848,100.0%,yes,Fixed Price,2019,66.15,$81.21
3462,Radiohead,The Bends,Alternative,1988,US,Standard Reissue,False,Very Good Plus,Good,180g,"1,365",941,2318.0,2.463,90.4,47.7,16.0,3041,,False,Fixed Price,2019,67.74,$87.78
3463,Funkadelic,One Nation Under a Groove,R&B,2009,US,Standard Reissue,No,Very Good Plus,Very Good,180.0,"42,840",2298,5707.0,2.483,42.5,51.5,5.0,623,100.0%,No,Fixed Price,2016,55.02,$79.79
3464,Arctic Monkeys,"Whatever People Say I Am, That's What I'm Not",Alternative,2009,Brazil,Standard Reissue,0,Very Good Plus,Poor,120g,"22,863",1019,268.0,0.263,59.1,25.9,12.0,334,99.2%,True,Fixed Price,2020,46.59,$62.37
3465,Massive Attack,Blue Lines,Electronic,2012,Brazil,Anniversary Edition,Yes,Near Mint,Good Plus,180.0,"46,349",1264,3172.0,2.509,49.5,15.5,6.0,4702,93.4%,No,Fixed Price,2020,32.38,$51.38
3466,2Pac,All Eyez on Me,Hip-Hop,2012,UK,Standard Reissue,no,Good Plus,Near Mint,140.0,"21,577",238,439.0,1.845,96.8,18.0,14.0,4692,100.0%,No,Fixed Price,2019,58.91,$68.49
3467,Talking Heads,Fear of Music,Alternative,1961,France,Standard Reissue,0,Good,Fair,120.0,"23,410",1216,156.0,0.128,72.4,20.6,6.0,828,94.3%,True,Fixed Price,2015,42.08,$44.04
3468,Daft Punk,Human After All,Electronic,1979,Australia,Standard Reissue,0,  Very Good Plus ,Good Plus,140.0,"49,628",812,183.0,0.225,81.1,74.2,3.0,3466,100.0%,No,Fixed Price,2017,62.02,$72.02
3469,Pink Floyd,Wish You Were Here,Rock,2008,US,Standard Reissue,No,Good,Very Good,180.0,446,2272,4136.0,1.82,88.5,20.6,49.0,3713,95.8%,True,Fixed Price,2016,62.30,$59.07
3470,Bob Marley,Kaya,Reggae,1979,Netherlands,Standard Reissue,No,Very Good,Poor,180g,"35,043",841,748.0,0.889,93.9,30.6,3.0,39,97.0%,1,Fixed Price,2025,56.99,$58.47
3471,Aphex Twin,Drukqs,Electronic,1997,US,Anniversary Edition,1,Mint,Very Good Plus,120.0,"6,476",491,1618.0,3.295,62.0,29.3,,864,96.9%,no,Fixed Price,2020,51.67,$82.84
3472,Frank Ocean,"Nostalgia, Ultra",R&B,2021,AUSTRALIA,Anniversary Edition,Yes,Fair,Near Mint,180g,"23,163",1136,549.0,0.483,97.0,38.9,,1418,,False,Fixed Price,2022,69.84,$74.02
3473,Brian Eno,Music for Airports,Electronic,2005,France,Standard Reissue,No,Very Good,Very Good Plus,180.0,"42,326",1469,1411.0,0.961,45.4,27.1,18.0,772,98.7%,no,Fixed Price,2016,40.08,$60.59
3474,The Rolling Stones,Some Girls,Rock,1992,Brazil,Promo Copy,No,Good Plus,Very Good Plus,140g,"49,767",218,78.0,0.358,91.9,42.6,44.0,1670,99.3%,Yes,Fixed Price,2025,67.42,$84.09
3475,Stevie Wonder,Music of My Mind,Soul,1984,US,Original 1st Press,No,Good,Near Mint,180g,"36,020",469,665.0,1.418,88.4,42.2,3.0,3736,100.0%,No,Fixed Price,2017,68.87,$68.27
3476,Emmylou Harris,Wrecking Ball,Country,2007,Canada,Test Pressing,True,Near Mint,Near Mint,180.0,"40,483",372,697.0,1.874,28.6,45.4,24.0,2231,96.5%,False,Auction,2022,69.34,$109.68
3477,N.W.A,Straight Outta Compton,Hip-Hop,2001,Brazil,Standard Reissue,No,Good Plus,Good,120.0,"28,723",796,1332.0,1.673,61.9,37.7,36.0,747,90.6%,0,Auction,2024,55.28,$49.45
3478,Joy Division,Unknown Pleasures,Alternative,2022,US,Standard Reissue,No,Mint,Very Good,180g,"12,868",1469,1170.0,0.796,38.6,70.3,1.0,1063,99.4%,No,Fixed Price,2023,52.03,$71.79
3479,Bob Marley,Exodus,Reggae,2021,Canada,Standard Reissue,No,Poor,Very Good Plus,140.0,"44,070",2439,5253.0,2.154,98.5,30.1,16.0,1136,95.7%,False,Fixed Price,2023,61.90,$53.73
3480,The Beach Boys,Wild Honey,Pop,1977,netherlands,Standard Reissue,No,Very Good,Very Good Plus,180g,"5,218",596,,1.681,80.8,26.7,5.0,4431,96.7%,0,Auction,2022,55.62,$75.65
3481,Jimi Hendrix,Electric Ladyland,Rock,2019,Netherlands,Original 1st Press,No,Very Good Plus,Very Good Plus,180.0,"5,233",338,370.0,1.095,75.0,17.5,8.0,1256,97.4%,False,Fixed Price,2020,63.49,$87.70
3482,Radiohead,In Rainbows,Alternative,1980,CANADA,Anniversary Edition,Yes,Near Mint,Near Mint,120.0,"34,401",583,1545.0,2.65,85.8,17.4,80.0,1254,89.4%,Yes,Auction,2019,52.17,$62.95
3483,Dave Brubeck,Time Out,Jazz,1968,UK,Standard Reissue,False,Mint,Near Mint,120g,"31,392",1594,2732.0,1.714,25.7,35.4,22.0,1684,94.8%,No,Auction,2022,39.67,$59.71
3484,Erykah Badu,Baduizm,R&B,1960,US,Promo Copy,0,Near Mint,Good Plus,120.0,"25,702",471,440.0,0.934,80.6,67.2,0.0,2409,98.3%,No,Fixed Price,2020,69.24,$89.69
3485,Jimi Hendrix,Electric Ladyland,Rock,1983,UK,Standard Reissue,No,Very Good Plus,Very Good Plus,120.0,"24,140",679,1612.0,2.374,65.8,11.5,3.0,1880,97.4%,No,Fixed Price,2017,41.87,$61.65
3486,Fleetwood Mac,Fleetwood Mac,Rock,2015,australia,Test Pressing,True,Good Plus,Mint,200.0,"26,559",250,637.0,2.548,89.4,73.7,0.0,3582,96.6%,0,Auction,2017,103.77,$109.39
3487,Jimi Hendrix,Are You Experienced,Rock,1989,Australia,Limited Colored Vinyl,yes,Near Mint,Very Good Plus,180.0,"10,547",910,401.0,0.441,69.7,42.1,96.0,4458,99.0%,No,Fixed Price,2018,70.11,$103.94
3488,D'Angelo,Black Messiah,R&B,1973,Brazil,Test Pressing,Yes,Very Good Plus,Good,140g,"27,123",137,474.0,3.46,77.6,24.2,94.0,2166,100.0%,Yes,Auction,2023,81.07,$90.51
3489,Willie Nelson,Red Headed Stranger,Country,2001,UK,Anniversary Edition,Yes,Very Good,Mint,120g,"23,017",455,585.0,1.286,65.1,13.1,21.0,2183,98.8%,0,Fixed Price,2019,50.08,$67.85
3490,U2,The Joshua Tree,Rock,1960,Germany,Standard Reissue,0,Very Good Plus,Mint,180.0,"9,911",612,1072.0,1.752,77.0,50.5,3.0,3703,100.0%,False,Fixed Price,2023,60.73,$82.52
3491,Eminem,The Marshall Mathers LP,Hip-Hop,1960,Canada,Original 1st Press,No,Very Good Plus,Near Mint,140g,"14,011",755,,0.42,98.1,15.6,8.0,1707,93.5%,Yes,Auction,2024,69.92,$104.51
3492,Kendrick Lamar,DAMN.,Hip-Hop,2018,Brazil,Test Pressing,Yes,Near Mint,Mint,120g,"38,687",303,807.0,2.663,92.6,76.2,53.0,175,96.1%,No,Fixed Price,2023,94.26,$148.96
3493,My Bloody Valentine,Loveless,Alternative,1976,us,Limited Colored Vinyl,Yes,Near Mint,Near Mint,180.0,"7,288",923,211.0,0.229,30.8,45.0,,2106,99.9%,No,Fixed Price,2022,50.23,$70.69
3494,Massive Attack,Mezzanine,Electronic,2004,CANADA,Original 1st Press,0,Near Mint,Very Good,140g,"10,930",1170,1895.0,1.62,57.1,67.1,18.0,3198,91.2%,1,Auction,2025,78.32,$105.93
3495,Funkadelic,Funkadelic,R&B,1980,FRANCE,Promo Copy,No,Very Good Plus,Very Good,180g,"5,202",1021,2087.0,2.044,38.5,91.7,76.0,54,97.5%,Yes,Fixed Price,2025,79.56,$104.85
3496,Black Uhuru,Sinsemilla,Reggae,1980,Netherlands,Promo Copy,No,Good Plus,Near Mint,120.0,"35,863",330,782.0,2.37,22.1,54.1,5.0,843,100.0%,Yes,Fixed Price,2022,49.05,$57.03
3497,J Dilla,The Shining,Hip-Hop,2018,Canada,Limited Colored Vinyl,Yes,Very Good,Fair,120.0,"47,111",435,297.0,0.683,44.7,15.0,6.0,390,97.6%,False,Fixed Price,2018,37.05,$29.89
3498,AC/DC,Back in Black,Rock,1962,germany,Limited Colored Vinyl,Yes,Good,Good,120g,"27,736",72,115.0,1.597,91.6,40.8,47.0,733,99.5%,False,Fixed Price,2021,76.16,$69.10
3499,Daft Punk,Discovery,Electronic,2012,,Standard Reissue,False,Very Good,Very Good Plus,180g,"24,605",710,256.0,0.361,89.2,72.9,29.0,4429,95.4%,True,Fixed Price,2025,73.77,$75.58
3500,The Notorious B.I.G.,Life After Death,Hip-Hop,1969,,Standard Reissue,No,Good Plus,,200.0,"41,215",546,855.0,1.566,95.1,69.2,7.0,2065,100.0%,No,Fixed Price,2018,72.63,$67.18
3501,Aphex Twin,Selected Ambient Works 85-92,Electronic,1998,AUSTRALIA,Standard Reissue,False,Very Good,Very Good,120.0,"12,445",1906,697.0,0.366,58.8,-5.0,4.0,4197,92.5%,Yes,Fixed Price,2022,33.90,$38.79
3502,Prince,Around the World in a Day,R&B,1991,Canada,Promo Copy,No,Near Mint,Good Plus,140.0,"23,873",59,41.0,0.695,91.8,48.8,20.0,417,97.0%,yes,Fixed Price,2022,71.67,$94.02
3503,Rage Against the Machine,Evil Empire,Alternative,2015,BRAZIL,Limited Colored Vinyl,1,Good Plus,Very Good,180g,"20,535",283,286.0,1.011,68.7,25.5,29.0,4203,98.1%,No,Auction,2016,63.97,$80.86
3504,Pink Floyd,The Wall,Rock,1997,France,Standard Reissue,No,Very Good Plus,Good Plus,140.0,"46,117",245,394.0,1.608,93.7,67.6,6.0,1234,96.9%,yes,Fixed Price,2015,69.07,$93.26
3505,Joni Mitchell,Hejira,Folk,2018,brazil,Anniversary Edition,1,Very Good Plus,Poor,120g,"20,799",132,104.0,0.788,77.9,53.7,8.0,1101,96.3%,Yes,Fixed Price,2025,59.87,$71.08
3506,Massive Attack,Protection,Electronic,2009,Brazil,Standard Reissue,No,Very Good Plus,Very Good Plus,140.0,"17,833",1517,3621.0,2.387,55.2,19.0,12.0,2331,94.6%,No,Fixed Price,2018,38.32,$43.45
3507,Outkast,Southernplayalisticadillacmuzik,Hip-Hop,1961,US,Original 1st Press,False,Good Plus,Fair,140.0,"18,542",792,1798.0,2.27,72.1,37.7,7.0,4363,93.7%,0,Fixed Price,2021,73.80,$69.74
3508,Joanna Newsom,Ys,Folk,1978,US,Limited Colored Vinyl,1,Very Good,Very Good,120g,"4,603",469,1684.0,3.591,35.4,33.4,1.0,3389,96.1%,No,Fixed Price,2024,56.74,$70.89
3509,Neil Young,Harvest Moon,Folk,1972,UK,Anniversary Edition,Yes,Mint,Near Mint,180g,"13,578",239,701.0,2.933,56.8,69.5,10.0,96,99.6%,1,Fixed Price,2022,66.76,$87.23
3510,The Beatles,The White Album,Rock,2007,Brazil,Standard Reissue,no,Fair,Very Good,140.0,"18,210",113,260.0,2.301,91.7,60.1,13.0,1974,99.6%,False,Auction,2025,75.97,$76.91
3511,Eminem,The Marshall Mathers LP,Hip-Hop,1994,us,Standard Reissue,No,Mint,Very Good,120g,"15,833",694,1609.0,2.318,101.5,12.4,6.0,4896,92.4%,True,Fixed Price,2015,53.62,$65.79
3512,Marvin Gaye,Let's Get It On,Soul,1970,Australia,Test Pressing,yes,Poor,Good Plus,140.0,"33,276",166,181.0,1.09,90.0,74.2,28.0,3438,100.0%,True,Fixed Price,2018,99.57,$81.51
3513,David Bowie,Low,Electronic,2020,brazil,Standard Reissue,No,Very Good Plus,Near Mint,180g,"8,646",1447,258.0,0.178,87.7,1.4,35.0,1907,96.3%,no,Fixed Price,2024,51.42,$75.74
3514,Alicia Keys,Alicia,R&B,2006,Brazil,Standard Reissue,No,Good,,140g,"1,669",576,205.0,0.356,73.4,78.3,12.0,287,,0,Fixed Price,2018,69.17,$65.54
3515,Paul Simon,Graceland,Folk,2020,Canada,Limited Colored Vinyl,Yes,Very Good,Very Good Plus,180g,"43,218",247,534.0,2.162,73.5,11.6,26.0,2898,98.0%,False,Fixed Price,2020,53.83,$74.82
3516,Peter Gabriel,So,Pop,1964,US,Limited Colored Vinyl,yes,Near Mint,Poor,180g,"12,352",749,,2.041,64.0,45.9,0.0,2647,97.2%,No,Fixed Price,2015,70.06,$93.48
3517,Led Zeppelin,Physical Graffiti,Rock,1974,Japan,Standard Reissue,No,Mint,Very Good Plus,140.0,"15,277",771,469.0,0.608,100.8,60.2,10.0,4830,94.4%,0,Fixed Price,2025,70.00,$109.38
3518,De La Soul,De La Soul Is Dead,Hip-Hop,1991,Japan,Standard Reissue,0,Very Good,Very Good Plus,180g,"25,712",1959,936.0,0.478,75.2,46.5,5.0,2984,96.4%,No,Fixed Price,2015,52.39,$62.94
3519,Beastie Boys,Licensed to Ill,Hip-Hop,2008,UK,Limited Colored Vinyl,True,Good,Near Mint,120g,"36,339",1098,2813.0,2.562,56.6,44.5,46.0,3792,97.4%,No,Fixed Price,2021,60.08,$65.52
3520,Bob Dylan,The Freewheelin' Bob Dylan,Folk,1962,Netherlands,Test Pressing,1,Very Good Plus,Very Good,180g,"16,595",76,20.0,0.263,86.1,38.0,1.0,1947,91.9%,1,Fixed Price,2016,86.50,$121.48
3521,Sade,Love Deluxe,R&B,1998,Netherlands,Test Pressing,Yes,Very Good,Good,120.0,"22,299",78,95.0,1.218,80.1,71.9,54.0,187,89.6%,no,Fixed Price,2021,91.53,$111.82
3522,Prince,1999,R&B,2013,FRANCE,Standard Reissue,No,Good,Good,120g,"12,507",1378,3125.0,2.268,87.7,46.7,23.0,1518,94.0%,False,Auction,2024,66.85,$61.16
3523,Portishead,Dummy,Electronic,1982,Brazil,Anniversary Edition,Yes,Near Mint,Mint,200.0,"49,296",672,750.0,1.116,75.4,17.0,10.0,653,100.0%,No,Fixed Price,2024,43.71,$58.15
3524,De La Soul,De La Soul Is Dead,Hip-Hop,2022,Australia,Limited Colored Vinyl,Yes,Near Mint,,,"17,291",34,106.0,3.118,75.2,39.8,2.0,3166,97.1%,Yes,Fixed Price,2025,71.04,$105.08
3525,Paul Simon,So Beautiful or So What,Folk,1983,Australia,Limited Colored Vinyl,Yes,Near Mint,Very Good Plus,140.0,"18,210",1118,2927.0,2.618,74.8,38.6,19.0,1672,94.5%,No,Auction,2019,66.24,$89.03
3526,Joni Mitchell,Hejira,Folk,2011,Netherlands,Anniversary Edition,True,Very Good,Good Plus,180g,"12,190",589,94.0,0.16,77.5,49.5,3.0,3782,100.0%,False,Fixed Price,2023,55.81,$70.18
3527,George Michael,Faith,Pop,1979,brazil,Standard Reissue,False,Near Mint,Very Good Plus,200g,"5,490",187,76.0,0.406,60.3,32.1,74.0,3198,95.9%,No,Fixed Price,2021,44.08,$62.06
3528,Red Hot Chili Peppers,Californication,Alternative,1961,Canada,Standard Reissue,False,Good Plus,Fair,120g,"29,752",916,715.0,0.781,58.9,46.4,21.0,1401,98.7%,False,Fixed Price,2025,51.41,$59.33
3529,R.E.M.,Murmur,Alternative,2002,us,Standard Reissue,No,Near Mint,Mint,120g,"17,464",2013,1001.0,0.497,65.2,48.0,17.0,1423,100.0%,Yes,Fixed Price,2021,52.04,$58.43
3530,Daft Punk,Homework,Electronic,2017,JAPAN,Standard Reissue,0,Very Good,Mint,140.0,"47,007",222,426.0,1.919,82.5,31.7,28.0,2319,91.4%,yes,Fixed Price,2020,60.82,$76.13
3531,Interpol,Turn on the Bright Lights,Alternative,1986,Japan,Limited Colored Vinyl,1,Very Good Plus,Good,120g,"28,661",1241,2030.0,1.636,23.2,36.0,35.0,2542,96.8%,No,Fixed Price,2018,43.61,$49.02
3532,Nirvana,In Utero,Alternative,1997,us,Original 1st Press,No,Near Mint,Near Mint,140.0,"13,824",303,531.0,1.752,96.5,51.3,21.0,2146,95.2%,No,Fixed Price,2021,79.53,$104.61
3533,Arcade Fire,The Suburbs,Alternative,2005,Netherlands,Original 1st Press,False,Very Good Plus,Good,180g,"1,392",57,45.0,0.789,62.8,24.3,4.0,2611,93.2%,0,Fixed Price,2019,68.89,$78.44
3534,Michael Jackson,Thriller,Pop,2012,Canada,Standard Reissue,No,Very Good Plus,Near Mint,140.0,"11,720",630,975.0,1.548,92.7,66.4,14.0,2716,100.0%,Yes,Auction,2015,75.46,$108.29
3535,Talking Heads,Speaking in Tongues,Alternative,1986,AUSTRALIA,Original 1st Press,No,Mint,Very Good,120.0,"23,368",85,184.0,2.165,82.0,36.5,18.0,998,99.8%,no,Fixed Price,2018,76.01,$118.98
3536,The Rolling Stones,Sticky Fingers,Rock,1996,Germany,Limited Colored Vinyl,Yes,Very Good,Very Good Plus,180.0,"22,347",115,160.0,1.391,93.7,64.5,20.0,4304,100.0%,1,Fixed Price,2018,80.68,$99.52
3537,Bon Iver,"For Emma, Forever Ago",Folk,1980,Japan,Standard Reissue,0,Very Good Plus,Mint,180g,"11,225",1090,410.0,0.376,40.5,12.7,8.0,1340,93.1%,False,Fixed Price,2017,34.33,$48.12
3538,The Cure,Pornography,Alternative,1972,Netherlands,Promo Copy,False,Good Plus,,200g,"14,037",438,434.0,0.991,36.7,82.8,12.0,1265,95.8%,No,Fixed Price,2019,60.53,$62.38
3539,The Rolling Stones,Made in the Shade,Rock,1971,Germany,Limited Colored Vinyl,Yes,Very Good Plus,,180g,"40,594",290,509.0,1.755,92.0,13.2,1.0,3041,95.7%,0,Fixed Price,2017,61.32,$87.56
3540,Daft Punk,Human After All,Electronic,1969,Australia,Anniversary Edition,True,Mint,,120g,"26,960",1537,3178.0,2.068,88.7,66.5,2.0,3957,95.1%,No,Fixed Price,2023,69.83,$110.45
3541,The Beach Boys,Wild Honey,Pop,2009,Germany,Original 1st Press,No,Near Mint,Very Good,200g,"30,097",196,378.0,1.929,77.9,31.0,17.0,2450,97.1%,No,Fixed Price,2021,71.95,$109.48
3542,The Clash,Sandinista!,Rock,1997,FRANCE,Standard Reissue,No,Good,Very Good Plus,200.0,"47,048",528,1095.0,2.074,75.0,28.7,17.0,4279,100.0%,No,Auction,2019,55.03,$65.61
3543,Kraftwerk,The Man-Machine,Electronic,2002,UK,Original 1st Press,No,Very Good,Very Good Plus,180.0,"11,591",285,448.0,1.572,79.7,51.0,7.0,1076,97.6%,Yes,Fixed Price,2015,78.93,$93.61
3544,Prince,Lovesexy,R&B,1981,Australia,Original 1st Press,No,Very Good,Mint,200g,"9,915",645,1485.0,2.302,89.1,19.7,27.0,2762,94.8%,False,Fixed Price,2024,72.16,$87.05
3545,Emmylou Harris,Wrecking Ball,Country,2016,France,Anniversary Edition,1,Very Good Plus,Very Good Plus,180.0,"44,948",149,339.0,2.275,33.6,46.8,2.0,3819,100.0%,0,Fixed Price,2024,49.94,$77.57
3546,The Rolling Stones,Beggars Banquet,Rock,2019,US,Standard Reissue,No,Near Mint,Poor,180.0,"24,581",164,294.0,1.793,95.6,36.9,40.0,3794,95.2%,Yes,Fixed Price,2023,63.53,$69.66
3547,The National,Boxer,Alternative,2008,France,Anniversary Edition,1,Very Good Plus,Good,180g,"23,751",622,393.0,0.632,40.6,60.8,14.0,3094,99.4%,No,Fixed Price,2019,53.48,$61.65
3548,John Coltrane,A Love Supreme,Jazz,2015,NETHERLANDS,Anniversary Edition,Yes,Very Good,Good Plus,180.0,"36,509",2040,7013.0,3.438,74.2,61.4,4.0,4933,97.3%,No,Fixed Price,2020,72.57,$85.42
3549,Neil Young,Comes a Time,Folk,2015,France,Test Pressing,True,Good Plus,Mint,,"18,570",456,,3.395,60.9,25.1,33.0,3694,90.6%,0,Fixed Price,2023,66.47,$86.55
3550,Funkadelic,Uncle Jam Wants You,R&B,1992,Australia,Anniversary Edition,yes,Near Mint,Good Plus,140g,"2,130",893,2563.0,2.87,46.2,68.2,30.0,2918,98.9%,No,Auction,2021,63.00,$88.14
3551,The Modern Lovers,The Modern Lovers,Rock,2018,Germany,Original 1st Press,False,Near Mint,Good Plus,140g,"43,528",93,80.0,0.86,25.3,19.2,8.0,1884,93.1%,No,Fixed Price,2018,43.52,$48.72
3552,The Clash,London Calling,Rock,1982,France,Standard Reissue,False,Good Plus,Near Mint,120g,"20,935",1477,2044.0,1.384,73.8,9.1,13.0,3008,98.7%,no,Fixed Price,2021,43.17,$49.40
3553,Erykah Badu,Mama's Gun,R&B,2021,Brazil,Original 1st Press,False,Near Mint,Very Good,180g,"8,319",221,76.0,0.344,73.7,18.6,13.0,2254,96.9%,Yes,Fixed Price,2022,63.22,$86.84
3554,Metallica,Master of Puppets,Rock,1969,US,Original 1st Press,No,Near Mint,Very Good Plus,120g,"7,110",209,260.0,1.244,90.7,75.9,4.0,2906,,No,Auction,2017,87.79,$146.60
3555,Daft Punk,Human After All,Electronic,1963,UK,Original 1st Press,False,Very Good,Very Good,140.0,"40,481",349,468.0,1.341,86.6,69.0,21.0,2495,96.6%,False,Auction,2019,82.04,$103.37
3556,The Rolling Stones,Beggars Banquet,Rock,1992,brazil,Standard Reissue,False,Good,Very Good,140.0,"18,282",820,1791.0,2.184,87.8,37.6,56.0,3943,92.9%,True,Fixed Price,2023,64.99,$63.90
3557,Massive Attack,Blue Lines,Electronic,1982,GERMANY,Promo Copy,No,Very Good Plus,Very Good,180g,"6,428",86,119.0,1.384,56.2,16.6,6.0,2425,100.0%,1,Fixed Price,2018,54.13,$66.56
3558,The Rolling Stones,Voodoo Lounge,Rock,1990,Germany,Limited Colored Vinyl,True,Very Good Plus,Mint,140g,"46,738",602,1172.0,1.947,96.0,47.1,23.0,2546,97.8%,1,Fixed Price,2024,71.26,$97.06
3559,James Taylor,JT,Folk,2019,Netherlands,Original 1st Press,No,  Good Plus ,,120g,"35,721",438,,0.68,34.9,12.0,33.0,43,91.5%,False,Fixed Price,2023,41.46,$36.00
3560,James Taylor,Sweet Baby James,Folk,2017,US,Anniversary Edition,yes,Mint,Very Good Plus,120.0,"18,264",994,,2.513,32.2,77.5,33.0,2683,,False,Fixed Price,2022,65.96,$102.76
3561,James Taylor,Sweet Baby James,Folk,2007,France,Anniversary Edition,True,Mint,,180g,"10,070",129,261.0,2.023,33.3,76.3,23.0,65,93.3%,0,Fixed Price,2022,66.29,$111.98
3562,David Bowie,Heroes,Rock,1964,Australia,Standard Reissue,False,Very Good,Very Good Plus,180.0,"39,174",350,93.0,0.266,85.5,3.2,24.0,1987,90.5%,Yes,Fixed Price,2025,41.35,$55.87
3563,The Clash,Sandinista!,Rock,1993,UK,Standard Reissue,No,Very Good,Good Plus,120.0,"22,322",1491,3241.0,2.174,72.1,24.4,3.0,3298,94.8%,Yes,Auction,2015,56.51,$58.14
3564,Marvin Gaye,What's Going On,Soul,1972,US,Standard Reissue,No,Fair,Very Good Plus,120g,"8,611",353,422.0,1.195,101.3,23.0,1.0,3630,98.5%,Yes,Fixed Price,2024,67.10,$56.46
3565,Willie Nelson,Stardust,Country,1999,UK,Standard Reissue,No,Very Good Plus,Good,180.0,"14,028",1178,2689.0,2.283,59.8,35.3,106.0,3132,95.5%,False,Fixed Price,2017,59.93,$74.81
3566,The National,High Violet,Alternative,1974,Germany,Test Pressing,True,Very Good,Very Good Plus,140g,"33,921",927,2877.0,3.104,39.4,11.3,8.0,3895,92.1%,False,Fixed Price,2022,56.12,$66.21
3567,Patti Smith,Horses,Rock,2018,Australia,Test Pressing,Yes,Very Good Plus,,180g,"46,685",281,824.0,2.932,37.5,76.3,30.0,120,100.0%,No,Fixed Price,2019,80.13,$93.66
3568,The Beatles,Rubber Soul,Rock,1980,UK,Standard Reissue,No,Fair,Mint,200g,"42,640",1101,2381.0,2.163,93.2,28.4,13.0,1579,96.1%,No,Auction,2022,57.47,$54.41
3569,Black Sabbath,Master of Reality,Rock,1964,australia,Limited Colored Vinyl,Yes,Mint,Near Mint,140g,"21,803",333,1059.0,3.18,75.1,15.8,28.0,4500,95.9%,No,Fixed Price,2016,56.99,$100.92
3570,David Bowie,Diamond Dogs,Rock,1983,Canada,Anniversary Edition,Yes,Near Mint,Very Good Plus,180.0,"40,277",404,199.0,0.493,91.5,34.6,116.0,3425,96.0%,No,Fixed Price,2019,54.58,$59.44
3571,Simon & Garfunkel,Sounds of Silence,Folk,1996,Canada,Original 1st Press,No,Near Mint,Very Good Plus,120g,"17,438",84,46.0,0.548,65.7,44.3,31.0,3780,94.4%,No,Fixed Price,2021,72.84,$106.48
3572,Arcade Fire,Reflektor,Alternative,2007,netherlands,Limited Colored Vinyl,Yes,Very Good Plus,Very Good,120.0,"25,804",488,1829.0,3.748,56.5,73.0,17.0,2305,90.5%,Yes,Fixed Price,2015,74.47,$95.31
3573,James Taylor,Sweet Baby James,Folk,1975,UK,Limited Colored Vinyl,1,  Very Good ,Very Good,140.0,"37,485",264,772.0,2.924,30.3,79.4,36.0,3953,100.0%,No,Auction,2017,53.13,$65.14
3574,Nirvana,Bleach,Alternative,2010,UK,Standard Reissue,0,Good Plus,Good,180.0,"5,562",2718,6237.0,2.295,97.9,48.4,0.0,4054,100.0%,No,Fixed Price,2018,71.13,$83.09
3575,U2,Achtung Baby,Rock,1992,australia,Test Pressing,True,Mint,Very Good,180g,"43,185",77,133.0,1.727,80.8,32.4,7.0,519,99.1%,No,Fixed Price,2018,85.16,$124.49
3576,Marvin Gaye,Let's Get It On,Soul,1967,Germany,Standard Reissue,No,Good Plus,Good Plus,140g,"20,320",468,611.0,1.306,94.0,77.3,,3942,96.7%,Yes,Fixed Price,2020,74.62,$75.43
3577,Prince,1999,R&B,1975,FRANCE,Limited Colored Vinyl,1,Good Plus,Very Good Plus,140.0,"16,235",1374,2693.0,1.96,90.1,47.0,66.0,2286,93.9%,No,Fixed Price,2018,80.19,$85.82
3578,Bob Dylan,Blood on the Tracks,Folk,2012,,Test Pressing,True,Good Plus,Very Good,180g,"15,965",198,,0.515,87.4,12.0,37.0,493,91.1%,No,Fixed Price,2022,74.70,$83.25
3579,Bon Iver,"For Emma, Forever Ago",Folk,1963,UK,Anniversary Edition,True,Near Mint,Very Good,120g,"41,390",1085,1774.0,1.635,36.2,13.8,13.0,4216,92.8%,no,Auction,2024,34.51,$50.65
3580,2Pac,Me Against the World,Hip-Hop,1997,france,Limited Colored Vinyl,Yes,Very Good,Very Good Plus,140.0,"32,917",331,778.0,2.35,92.8,31.4,33.0,4315,94.1%,True,Auction,2016,73.80,$73.72
3581,Arctic Monkeys,"Whatever People Say I Am, That's What I'm Not",Alternative,2017,Netherlands,Anniversary Edition,yes,Very Good,Very Good Plus,140.0,"40,220",260,815.0,3.135,62.0,26.1,3.0,4503,100.0%,0,Auction,2020,54.19,$79.39
3582,Prince,Around the World in a Day,R&B,1979,canada,Original 1st Press,No,Very Good,Very Good,140.0,"45,517",420,118.0,0.281,91.4,51.5,5.0,1812,96.5%,No,Fixed Price,2023,71.46,$73.18
3583,Stevie Wonder,Talking Book,Soul,2003,Germany,Standard Reissue,No,Very Good,Near Mint,120g,"32,867",60,145.0,2.417,84.8,36.0,61.0,1475,94.4%,yes,Fixed Price,2017,56.63,$67.73
3584,Nirvana,Bleach,Alternative,1997,Netherlands,Standard Reissue,No,Near Mint,Very Good,180g,"45,271",1159,548.0,0.473,101.3,53.1,8.0,293,98.8%,Yes,Auction,2018,74.54,$103.97
3585,Paul Simon,So Beautiful or So What,Folk,1983,US,Limited Colored Vinyl,yes,Very Good,Very Good Plus,140.0,"6,387",532,179.0,0.336,79.6,33.8,14.0,3460,100.0%,Yes,Fixed Price,2024,53.55,$60.10
3586,Marvin Gaye,What's Going On,Soul,2015,US,Limited Colored Vinyl,1,Very Good,Very Good Plus,180g,"20,133",438,874.0,1.995,100.1,19.5,13.0,385,93.0%,No,Auction,2016,74.89,$115.34
3587,Television,Marquee Moon,Rock,2018,US,Standard Reissue,no,Good Plus,Very Good Plus,120g,"12,327",211,277.0,1.313,21.6,30.3,15.0,3650,96.8%,1,Fixed Price,2025,29.25,$33.14
3588,Bob Dylan,Blood on the Tracks,Folk,1973,uk,Limited Colored Vinyl,Yes,Mint,Mint,180.0,"15,057",547,1088.0,1.989,89.2,12.5,20.0,2366,92.0%,No,Fixed Price,2024,61.59,$99.78
3589,Marvin Gaye,Trouble Man,Soul,2005,Australia,Anniversary Edition,Yes,Near Mint,Mint,140g,"49,956",193,555.0,2.876,91.0,54.1,81.0,410,90.5%,0,Fixed Price,2018,67.17,$104.94
3590,Nirvana,In Utero,Alternative,1989,GERMANY,Original 1st Press,0,Near Mint,Near Mint,180g,"7,964",167,158.0,0.946,100.3,52.8,70.0,2339,100.0%,False,Auction,2016,93.45,$108.56
3591,Massive Attack,Protection,Electronic,1996,,Original 1st Press,0,Very Good Plus,Very Good Plus,120.0,"30,910",158,23.0,0.146,54.8,18.0,58.0,3276,93.9%,True,Fixed Price,2015,50.53,$67.97
3592,Talking Heads,Speaking in Tongues,Alternative,2011,australia,Limited Colored Vinyl,True,Good Plus,,140g,"18,420",74,87.0,1.176,82.3,37.6,0.0,3045,100.0%,False,Fixed Price,2022,65.93,$67.75
3593,Paul Simon,Graceland,Folk,2022,UK,Standard Reissue,No,Very Good,Good Plus,120.0,"15,633",696,413.0,0.593,72.2,7.2,13.0,1897,94.4%,1,Auction,2024,44.73,$52.45
3594,Bjork,Debut,Electronic,1987,UK,Anniversary Edition,1,Very Good,Near Mint,120g,"20,046",1146,1286.0,1.122,70.0,60.1,15.0,3275,97.0%,No,Fixed Price,2017,66.43,$80.79
3595,Pink Floyd,The Dark Side of the Moon,Rock,2005,us,Standard Reissue,No,Fair,Very Good Plus,140g,"2,736",443,113.0,0.255,92.4,20.3,25.0,4996,92.0%,No,Fixed Price,2016,54.23,$46.54
3596,Kraftwerk,Computer World,Electronic,1977,germany,Standard Reissue,no,Very Good,Near Mint,140g,"22,246",169,193.0,1.142,75.5,26.8,8.0,4168,98.8%,Yes,Fixed Price,2015,57.08,$67.70
3597,Radiohead,In Rainbows,Alternative,1964,Netherlands,Anniversary Edition,Yes,  Very Good ,Very Good Plus,120g,"6,644",525,658.0,1.253,87.2,21.0,17.0,167,91.9%,Yes,Fixed Price,2016,60.08,$70.08
3598,The Beatles,Sgt. Pepper's Lonely Hearts Club Band,Rock,1962,,Standard Reissue,No,Very Good,Mint,140g,"48,728",600,1030.0,1.717,85.3,30.2,6.0,1754,100.0%,False,Auction,2023,59.57,$77.73
3599,Parliament,Mothership Connection,R&B,1984,US,Promo Copy,No,Good,Near Mint,140.0,"34,333",96,83.0,0.865,43.6,72.9,13.0,701,,No,Fixed Price,2022,57.78,$59.86
3600,Jane's Addiction,Ritual de lo Habitual,Alternative,1961,US,Limited Colored Vinyl,True,Very Good Plus,Very Good,120.0,"25,354",397,775.0,1.952,31.5,24.3,1.0,3696,97.3%,False,Fixed Price,2023,46.31,$64.01
3601,Fleetwood Mac,Rumours,Rock,2002,Netherlands,Standard Reissue,0,Very Good Plus,Very Good Plus,120.0,"41,431",1942,3163.0,1.629,91.2,12.5,30.0,3477,100.0%,Yes,Fixed Price,2015,55.74,$75.58
3602,Snoop Dogg,Doggystyle,Hip-Hop,1966,Netherlands,Original 1st Press,0,Very Good,Good Plus,120.0,"7,931",744,318.0,0.427,69.4,34.1,8.0,3230,100.0%,False,Auction,2019,71.06,$73.56
3603,Led Zeppelin,Physical Graffiti,Rock,2007,France,Standard Reissue,No,Near Mint,Very Good,140.0,"2,855",379,334.0,0.881,104.6,59.7,13.0,680,92.9%,1,Fixed Price,2019,72.85,$85.58
3604,The National,High Violet,Alternative,1975,France,Standard Reissue,0,Very Good,Very Good,120.0,"43,232",239,493.0,2.063,45.7,16.9,16.0,2924,95.1%,No,Fixed Price,2021,42.22,$48.44
3605,Burning Spear,Marcus Garvey,Reggae,1983,AUSTRALIA,Standard Reissue,0,Very Good Plus,Mint,140g,"41,399",587,1146.0,1.952,22.9,34.3,21.0,1611,95.5%,No,Auction,2023,33.60,$49.06
3606,Stevie Wonder,Songs in the Key of Life,Soul,1985,UK,Test Pressing,Yes,Very Good,Near Mint,120g,"9,720",164,58.0,0.354,87.1,29.5,7.0,623,98.0%,True,Fixed Price,2025,80.96,$105.21
3607,Marvin Gaye,"Here, My Dear",Soul,1994,,Standard Reissue,No,Good Plus,,120.0,"39,110",930,884.0,0.951,90.7,31.5,1.0,4988,92.7%,0,Fixed Price,2017,55.13,$53.04
3608,AC/DC,Highway to Hell,Rock,1973,japan,Standard Reissue,No,Very Good,Mint,180.0,"40,759",797,161.0,0.202,88.8,20.4,59.0,3511,98.0%,1,Fixed Price,2024,48.64,$47.41
3609,Bjork,Vespertine,Electronic,1973,France,Limited Colored Vinyl,1,Good,Very Good Plus,180g,"35,839",1269,1985.0,1.564,75.2,15.8,4.0,1112,96.6%,No,Fixed Price,2015,54.04,$62.48
3610,Alicia Keys,Songs in A Minor,R&B,2005,UK,Anniversary Edition,Yes,Mint,Near Mint,180g,"49,472",396,604.0,1.525,75.4,10.0,3.0,3087,100.0%,True,Fixed Price,2016,54.48,$84.64
3611,George Michael,Faith,Pop,1998,us,Original 1st Press,No,Very Good,Near Mint,140.0,"44,193",236,323.0,1.369,68.3,32.1,11.0,970,94.2%,Yes,Fixed Price,2018,61.63,$67.35
3612,Joanna Newsom,Ys,Folk,1979,US,Standard Reissue,no,Very Good Plus,Very Good,180.0,"28,986",71,85.0,1.197,38.1,35.4,9.0,3956,96.6%,Yes,Fixed Price,2015,46.17,$54.75
3613,Parliament,Mothership Connection,R&B,1974,France,Limited Colored Vinyl,Yes,Near Mint,Very Good,120g,"45,536",170,476.0,2.8,43.9,73.8,38.0,4449,98.3%,No,Fixed Price,2022,59.81,$64.10
3614,Tame Impala,Lonerism,Alternative,2009,uk,Standard Reissue,False,Near Mint,Good,180.0,"11,110",1282,2042.0,1.593,59.8,36.5,23.0,4899,100.0%,No,Auction,2019,56.20,$74.13
3615,Eminem,The Marshall Mathers LP,Hip-Hop,2010,Australia,Standard Reissue,No,Very Good Plus,Mint,180g,"43,458",571,834.0,1.461,94.9,8.4,3.0,3269,95.8%,No,Auction,2017,48.48,$52.23
3616,U2,The Joshua Tree,Rock,1995,US,Original 1st Press,No,Good,Near Mint,140g,"5,661",398,397.0,0.997,81.7,44.0,9.0,4342,96.7%,No,Auction,2021,84.88,$85.87
3617,John Coltrane,A Love Supreme,Jazz,1975,NETHERLANDS,Standard Reissue,no,Mint,Very Good Plus,120.0,"44,716",779,1392.0,1.787,73.3,64.8,81.0,1481,95.4%,No,Fixed Price,2025,61.40,$87.23
3618,Bob Marley,Legend,Reggae,2000,germany,Standard Reissue,No,Good,Good Plus,120.0,"17,857",759,917.0,1.208,95.0,48.3,18.0,2967,100.0%,False,Fixed Price,2025,68.52,$61.99
3619,Dolly Parton,Trio,Country,2001,Canada,Original 1st Press,no,Very Good,Near Mint,140.0,"47,898",509,797.0,1.566,59.3,82.0,,4590,95.4%,No,Fixed Price,2017,62.75,$81.45
3620,Neil Young,Comes a Time,Folk,1974,UK,Standard Reissue,False,Mint,Mint,180.0,"15,624",867,183.0,0.211,63.3,22.5,20.0,2797,96.6%,Yes,Fixed Price,2025,44.50,$57.27
3621,The Smiths,Meat Is Murder,Alternative,2000,US,Limited Colored Vinyl,yes,Poor,Very Good,180g,"49,678",406,,2.931,45.0,38.5,16.0,4322,96.3%,No,Fixed Price,2021,45.86,$36.68
3622,Bjork,Post,Electronic,2021,us,Standard Reissue,No,Near Mint,Fair,180.0,"7,359",246,577.0,2.346,73.9,64.2,20.0,2943,95.5%,1,Fixed Price,2025,71.73,$76.36
3623,Red Hot Chili Peppers,Stadium Arcadium,Alternative,2015,Netherlands,Test Pressing,True,Very Good,Good Plus,140g,"6,546",105,270.0,2.571,63.7,41.2,23.0,3182,97.5%,Yes,Fixed Price,2019,78.97,$97.47
3624,U2,The Joshua Tree,Rock,2003,Netherlands,Standard Reissue,no,Fair,Good,140g,"37,143",1060,2521.0,2.378,82.9,47.9,10.0,2899,98.3%,Yes,Auction,2018,59.90,$57.18
3625,Willie Nelson,Red Headed Stranger,Country,2011,France,Original 1st Press,No,  Very Good Plus ,Near Mint,180g,"44,888",353,71.0,0.201,62.8,9.4,26.0,3366,92.8%,True,Fixed Price,2022,43.03,$37.69
3626,New Order,Technique,Electronic,1967,UK,Test Pressing,Yes,Very Good Plus,Good Plus,180.0,"49,415",119,107.0,0.899,67.5,53.4,51.0,4082,96.0%,No,Fixed Price,2022,72.33,$92.71
3627,Dolly Parton,Coat of Many Colors,Country,1993,Netherlands,Promo Copy,No,Near Mint,Mint,180.0,"25,871",1040,556.0,0.535,64.0,79.9,9.0,4439,96.4%,No,Fixed Price,2016,62.99,$88.15
3628,Burning Spear,Marcus Garvey,Reggae,1994,BRAZIL,Limited Colored Vinyl,True,Good Plus,Fair,180g,"16,348",464,1290.0,2.78,22.9,33.4,31.0,4337,99.1%,0,Fixed Price,2021,44.38,$49.63
3629,Bob Dylan,Blonde on Blonde,Folk,1977,Netherlands,Promo Copy,False,Fair,Fair,140g,"8,411",370,87.0,0.235,86.8,35.5,25.0,256,,Yes,Fixed Price,2022,61.45,$52.30
3630,Michael Jackson,Off the Wall,Pop,2008,CANADA,Limited Colored Vinyl,Yes,Near Mint,Good Plus,120.0,"34,260",434,956.0,2.203,97.7,71.8,38.0,3195,96.1%,Yes,Fixed Price,2020,84.95,$103.60
3631,Interpol,Turn on the Bright Lights,Alternative,1995,Netherlands,Standard Reissue,No,Near Mint,Very Good,140g,"37,037",729,1485.0,2.037,22.1,37.2,9.0,1254,98.4%,yes,Fixed Price,2019,42.76,$54.86
3632,The Smiths,Meat Is Murder,Alternative,1984,UK,Original 1st Press,No,Very Good Plus,Very Good Plus,140g,"49,593",1186,1411.0,1.19,50.0,30.7,2.0,64,93.0%,Yes,Fixed Price,2025,66.20,$90.34
3633,The Beatles,Abbey Road,Rock,2001,Canada,Standard Reissue,False,Mint,Near Mint,140.0,"40,396",574,307.0,0.535,83.3,69.7,5.0,3411,92.9%,1,Auction,2015,62.22,$98.63
3634,Radiohead,OK Computer,Alternative,1986,US,Standard Reissue,False,Good Plus,Very Good,180g,"15,010",382,183.0,0.479,85.8,52.8,11.0,1588,94.6%,False,Auction,2022,63.40,$61.40
3635,Nirvana,Nevermind,Alternative,2021,France,Original 1st Press,No,Near Mint,Good Plus,200g,"29,469",149,17.0,0.114,96.6,29.9,12.0,3558,99.4%,No,Fixed Price,2022,70.89,$101.21
3636,Alicia Keys,Alicia,R&B,1997,UK,Original 1st Press,No,Very Good Plus,Very Good Plus,200.0,"19,807",583,1363.0,2.338,72.8,76.5,31.0,575,100.0%,False,Fixed Price,2021,82.08,$100.99
3637,New Order,Technique,Electronic,1970,Canada,Limited Colored Vinyl,Yes,Very Good,Near Mint,180g,"42,709",139,145.0,1.043,66.9,55.6,8.0,2301,100.0%,Yes,Fixed Price,2017,58.92,$84.87
3638,D'Angelo,Black Messiah,R&B,1999,Australia,Standard Reissue,No,Very Good Plus,Very Good,140g,"47,176",1164,1859.0,1.597,74.4,31.4,0.0,2211,92.4%,Yes,Fixed Price,2025,48.21,$59.63
3639,Aphex Twin,Selected Ambient Works 85-92,Electronic,1971,australia,Anniversary Edition,True,Good,Very Good,180.0,"49,894",1312,293.0,0.223,60.3,1.8,30.0,3008,97.1%,Yes,Fixed Price,2016,43.86,$43.98
3640,Radiohead,Kid A,Alternative,1997,Australia,Limited Colored Vinyl,Yes,Very Good,Very Good Plus,140.0,"8,441",178,79.0,0.444,82.1,34.2,29.0,2158,99.6%,0,Fixed Price,2022,62.27,$63.33
3641,Beastie Boys,Ill Communication,Hip-Hop,1995,Japan,Limited Colored Vinyl,True,Near Mint,Good Plus,180g,"22,335",136,36.0,0.265,58.1,20.2,21.0,1572,95.8%,No,Fixed Price,2021,47.99,$66.85
3642,My Bloody Valentine,Isn't Anything,Alternative,1990,Japan,Standard Reissue,No,Very Good Plus,Mint,180.0,"22,656",383,883.0,2.305,30.1,68.3,34.0,3564,95.8%,no,Fixed Price,2021,48.26,$83.78
3643,Arcade Fire,The Suburbs,Alternative,2020,Japan,Promo Copy,no,Very Good Plus,Near Mint,120g,"17,720",244,409.0,1.676,59.0,20.9,38.0,4376,97.0%,No,Auction,2020,56.54,$69.35
3644,Radiohead,OK Computer,Alternative,1986,Germany,Anniversary Edition,Yes,Fair,Good Plus,120.0,"41,373",288,410.0,1.424,83.2,48.5,0.0,2578,95.4%,no,Auction,2025,68.10,$58.79
3645,R.E.M.,Murmur,Alternative,2019,Brazil,Anniversary Edition,Yes,Good Plus,Very Good,180g,"30,416",553,1694.0,3.063,61.5,51.5,16.0,419,98.5%,0,Auction,2023,60.45,$61.44
3646,Aphex Twin,Drukqs,Electronic,1984,france,Test Pressing,Yes,Very Good Plus,Very Good Plus,120g,"22,647",215,554.0,2.577,64.0,23.7,67.0,2379,97.7%,False,Fixed Price,2020,74.12,$98.80
3647,Interpol,Turn on the Bright Lights,Alternative,1961,UK,Limited Colored Vinyl,Yes,Very Good Plus,Near Mint,200.0,"31,019",517,1790.0,3.462,26.2,41.0,4.0,894,99.9%,No,Fixed Price,2023,52.66,$74.28
3648,Outkast,Stankonia,Hip-Hop,1979,Brazil,Standard Reissue,No,Near Mint,Good Plus,,"33,882",2460,1896.0,0.771,74.6,8.2,64.0,1574,87.4%,No,Fixed Price,2025,41.62,$65.61
3649,Duran Duran,Duran Duran,Pop,2019,FRANCE,Standard Reissue,No,Mint,Mint,120g,"31,920",1484,2143.0,1.444,80.4,13.3,11.0,1970,100.0%,No,Auction,2023,55.31,$99.63
3650,Black Sabbath,Black Sabbath,Rock,1967,Brazil,Test Pressing,Yes,Very Good,Good,200.0,"49,519",253,360.0,1.423,66.7,20.5,16.0,2073,100.0%,True,Fixed Price,2017,70.52,$74.66
3651,Neil Young,On the Beach,Folk,1998,Brazil,Limited Colored Vinyl,1,Very Good,Good,120.0,"18,150",269,194.0,0.721,66.8,49.5,35.0,3838,96.6%,False,Auction,2015,59.81,$65.01
3652,Parliament,Chocolate City,R&B,1995,netherlands,Anniversary Edition,Yes,Very Good Plus,Good Plus,140.0,"41,592",257,212.0,0.825,45.6,49.1,7.0,3925,99.0%,Yes,Auction,2024,42.70,$43.19
3653,Stevie Wonder,Talking Book,Soul,2011,UK,Standard Reissue,No,Fair,Near Mint,120g,"6,138",515,363.0,0.705,90.6,35.1,17.0,4303,96.4%,False,Fixed Price,2017,60.17,$59.17
3654,Lauryn Hill,The Miseducation of Lauryn Hill,R&B,2005,Canada,Standard Reissue,No,Good Plus,Fair,140g,"9,195",907,985.0,1.086,68.6,13.6,14.0,856,93.7%,False,Auction,2025,56.59,$54.56
3655,Simon & Garfunkel,Bridge Over Troubled Water,Folk,1965,JAPAN,Original 1st Press,no,Very Good,Good Plus,120.0,"46,461",867,480.0,0.554,71.1,46.0,3.0,4018,94.7%,True,Auction,2021,65.13,$80.35
3656,Jimi Hendrix,Axis: Bold as Love,Rock,1985,,Standard Reissue,No,Good Plus,Very Good,180.0,820,1400,2089.0,1.492,69.7,44.7,11.0,4321,98.0%,1,Auction,2023,57.87,$66.05
3657,The Rolling Stones,Tattoo You,Rock,1984,UK,Standard Reissue,0,Very Good Plus,Very Good Plus,200g,"47,825",2220,2655.0,1.196,91.2,39.1,6.0,3842,91.4%,No,Auction,2015,59.95,$89.46
3658,Simon & Garfunkel,Bridge Over Troubled Water,Folk,1996,Canada,Test Pressing,1,Very Good,Good,140.0,"14,148",178,426.0,2.393,65.6,50.4,9.0,2605,92.0%,no,Auction,2020,88.64,$112.89
3659,The Strokes,Is This It,Alternative,1993,Brazil,Standard Reissue,No,  Near Mint ,Very Good,120.0,"9,847",65,134.0,2.062,67.4,26.2,14.0,3258,91.7%,No,Fixed Price,2025,59.84,$83.05
3660,Joni Mitchell,Court and Spark,Folk,1989,France,Promo Copy,0,Very Good,Mint,120.0,"6,784",254,58.0,0.228,71.7,30.5,0.0,1646,100.0%,Yes,Fixed Price,2020,58.25,$65.22
3661,Outkast,Aquemini,Hip-Hop,1999,,Standard Reissue,No,Good Plus,Very Good Plus,120.0,"7,372",774,346.0,0.447,72.3,70.7,36.0,3960,97.3%,1,Fixed Price,2021,68.19,$82.55
3662,Aphex Twin,Syro,Electronic,1977,Australia,Test Pressing,True,Very Good Plus,Good Plus,120g,"24,313",61,125.0,2.049,54.8,27.5,35.0,4668,92.0%,Yes,Fixed Price,2023,73.29,$79.81
3663,Johnny Cash,At Folsom Prison,Country,2007,US,Standard Reissue,No,Very Good Plus,Very Good,200.0,"17,750",740,290.0,0.392,96.6,57.2,3.0,3605,96.7%,No,Fixed Price,2015,60.14,$69.47
3664,J Dilla,The Shining,Hip-Hop,2001,NETHERLANDS,Standard Reissue,False,Good Plus,Very Good,180g,"10,366",1047,130.0,0.124,44.4,18.5,0.0,2959,97.8%,No,Fixed Price,2021,40.90,$44.96
3665,Arcade Fire,Funeral,Alternative,2001,GERMANY,Original 1st Press,False,Fair,Very Good Plus,180g,"8,722",597,1080.0,1.809,57.1,67.4,11.0,2115,100.0%,no,Fixed Price,2025,68.49,$57.48
3666,Pearl Jam,Vs.,Alternative,2021,UK,Standard Reissue,0,Good,Very Good,180g,"35,034",619,118.0,0.191,62.9,16.0,9.0,1199,94.3%,0,Fixed Price,2022,37.91,$38.93
3667,David Bowie,Heroes,Rock,1967,US,Standard Reissue,0,Mint,,180g,"46,789",507,1257.0,2.479,90.1,3.7,13.0,3078,97.1%,1,Fixed Price,2021,56.25,$78.47
3668,Eminem,The Eminem Show,Hip-Hop,2010,US,Standard Reissue,No,Good,Good Plus,180.0,"12,567",876,282.0,0.322,104.3,23.1,21.0,2793,99.2%,no,Auction,2023,65.57,$69.57
3669,Bob Dylan,Nashville Skyline,Folk,1961,US,Promo Copy,0,Very Good Plus,Poor,140.0,"25,626",549,1000.0,1.821,91.3,33.4,3.0,1034,93.6%,False,Fixed Price,2019,70.74,$76.25
3670,Frank Ocean,Blonde,R&B,1964,France,Original 1st Press,0,Near Mint,Very Good,120.0,"1,338",335,483.0,1.442,98.1,31.7,1.0,3479,96.4%,Yes,Fixed Price,2017,81.27,$114.42
3671,Red Hot Chili Peppers,Stadium Arcadium,Alternative,1972,Germany,Standard Reissue,no,Mint,Very Good Plus,200.0,"47,122",1193,838.0,0.702,65.4,42.0,6.0,2403,99.5%,no,Auction,2015,51.77,$78.02
3672,Metallica,Ride the Lightning,Rock,1978,UK,Anniversary Edition,Yes,Very Good Plus,Near Mint,120.0,"35,805",631,1500.0,2.377,97.1,19.2,4.0,3537,97.7%,False,Fixed Price,2017,68.75,$83.70
3673,Metallica,...And Justice for All,Rock,1987,US,Standard Reissue,No,Very Good Plus,,,"39,887",487,763.0,1.567,94.4,59.7,79.0,4954,91.0%,False,Auction,2019,69.93,$98.00
3674,Nina Simone,Nina Simone in Concert,Jazz,2014,US,Test Pressing,Yes,Mint,,180.0,"33,941",64,56.0,0.875,73.2,43.9,55.0,3729,100.0%,No,Fixed Price,2018,75.06,$113.99
3675,Kraftwerk,Computer World,Electronic,2004,UK,Standard Reissue,No,Very Good,Very Good,140g,"39,203",208,442.0,2.125,82.3,34.0,3.0,4983,100.0%,True,Fixed Price,2015,54.98,$65.95
3676,Guns N' Roses,Appetite for Destruction,Rock,1971,NETHERLANDS,Promo Copy,False,Very Good Plus,Mint,140.0,"34,363",297,164.0,0.552,85.4,61.9,19.0,2306,95.8%,False,Auction,2019,72.69,$98.26
3677,Red Hot Chili Peppers,Blood Sugar Sex Magik,Alternative,1970,Germany,Limited Colored Vinyl,Yes,Mint,Good Plus,180g,"8,344",1077,2258.0,2.097,69.2,23.0,27.0,2050,98.2%,No,Fixed Price,2020,61.38,$101.60
3678,Miles Davis,Bitches Brew,Jazz,1977,Brazil,Standard Reissue,No,  Mint ,,120g,"26,858",1352,2865.0,2.119,79.5,16.9,2.0,2248,99.3%,False,Auction,2020,51.59,$84.24
3679,James Taylor,JT,Folk,1970,Australia,Original 1st Press,False,Mint,Good Plus,140.0,"33,328",418,157.0,0.376,32.9,2.9,45.0,981,98.9%,0,Fixed Price,2021,39.04,$56.38
3680,Sufjan Stevens,Michigan,Folk,1966,US,Limited Colored Vinyl,Yes,Very Good Plus,Very Good Plus,,"5,241",626,905.0,1.446,54.9,40.0,78.0,3341,96.0%,True,Auction,2018,58.44,$71.59
3681,Bon Iver,"For Emma, Forever Ago",Folk,1978,UK,Limited Colored Vinyl,yes,Near Mint,Very Good Plus,140.0,"39,298",787,2880.0,3.659,42.9,17.2,12.0,1817,96.9%,Yes,Fixed Price,2015,49.66,$77.22
3682,Prince,Lovesexy,R&B,1983,us,Test Pressing,Yes,Very Good,Very Good Plus,140g,"16,109",79,115.0,1.456,84.0,7.7,11.0,1926,95.5%,Yes,Fixed Price,2019,74.20,$74.53
3683,George Michael,Faith,Pop,2022,FRANCE,Anniversary Edition,Yes,Good Plus,Very Good,140g,"27,426",288,605.0,2.101,64.8,28.2,50.0,1029,96.2%,No,Fixed Price,2022,52.68,$60.77
3684,Tame Impala,Currents,Alternative,1983,uk,Standard Reissue,No,Very Good,Mint,180.0,"47,325",29,46.0,1.586,60.2,28.0,4.0,52,95.7%,0,Fixed Price,2021,47.38,$60.86
3685,Marvin Gaye,Trouble Man,Soul,1984,US,Standard Reissue,False,Very Good Plus,Very Good,140.0,"6,942",1137,2383.0,2.096,91.6,54.5,8.0,329,100.0%,No,Fixed Price,2015,72.44,$85.76
3686,Dave Brubeck,Time Out,Jazz,1993,Canada,Limited Colored Vinyl,Yes,Near Mint,Near Mint,140g,"15,670",307,56.0,0.182,27.6,30.2,10.0,4899,99.7%,0,Fixed Price,2018,42.57,$70.09
3687,Steely Dan,Aja,Rock,2017,canada,Standard Reissue,No,Very Good,Near Mint,120g,"17,106",369,277.0,0.751,82.3,63.6,13.0,1612,94.1%,0,Fixed Price,2019,66.39,$88.21
3688,The Clash,Sandinista!,Rock,2014,CANADA,Standard Reissue,no,Near Mint,Near Mint,200.0,"18,880",934,1867.0,1.999,71.4,27.1,10.0,4703,97.4%,No,Fixed Price,2025,56.15,$67.99
3689,Bob Marley,Kaya,Reggae,2021,Brazil,Promo Copy,0,Very Good,Very Good Plus,200.0,"33,499",210,382.0,1.819,99.2,39.9,24.0,637,99.7%,No,Fixed Price,2024,81.02,$102.30
3690,New Order,Technique,Electronic,2010,CANADA,Standard Reissue,0,Very Good,Good,140.0,"46,642",1394,1504.0,1.079,69.5,46.6,38.0,2571,96.5%,No,Auction,2025,50.62,$63.33
3691,Steely Dan,Can't Buy a Thrill,Rock,2004,australia,Promo Copy,No,Mint,Good,180.0,"12,966",47,65.0,1.383,86.2,69.9,28.0,1539,96.8%,No,Fixed Price,2019,82.92,$109.80
3692,Kendrick Lamar,DAMN.,Hip-Hop,1991,France,Standard Reissue,no,Near Mint,Very Good Plus,200.0,"22,099",319,728.0,2.282,88.0,81.3,16.0,2523,93.0%,True,Fixed Price,2023,79.31,$107.01
3693,Miles Davis,Kind of Blue,Jazz,1984,Germany,Standard Reissue,0,Good,Very Good Plus,120g,"12,420",109,252.0,2.312,84.3,31.2,,3494,98.3%,No,Fixed Price,2023,56.47,$46.43
3694,Frank Ocean,Blonde,R&B,1988,Brazil,Anniversary Edition,1,Near Mint,Very Good Plus,140.0,"43,814",641,1366.0,2.131,102.9,36.3,28.0,3569,94.2%,no,Fixed Price,2018,62.98,$76.16
3695,AC/DC,Highway to Hell,Rock,2004,us,Standard Reissue,False,Mint,Mint,140.0,"23,838",1386,367.0,0.265,88.7,16.8,8.0,2611,95.2%,False,Auction,2018,45.45,$86.49
3696,The Cure,Pornography,Alternative,1985,,Standard Reissue,False,Mint,Very Good Plus,180.0,"44,168",810,,2.38,36.1,78.3,33.0,1405,97.5%,1,Fixed Price,2025,58.10,$86.12
3697,The Rolling Stones,Let It Bleed,Rock,1964,France,Standard Reissue,0,Good Plus,Near Mint,140g,"32,798",997,643.0,0.645,93.0,23.1,30.0,3422,100.0%,No,Fixed Price,2019,52.24,$48.20
3698,Peter Gabriel,So,Pop,1962,,Standard Reissue,No,Good,Very Good Plus,180g,"41,353",2400,4035.0,1.681,58.3,47.3,14.0,1213,95.4%,False,Fixed Price,2015,52.13,$53.23
3699,Neil Young,After the Gold Rush,Folk,2001,Brazil,Original 1st Press,False,Near Mint,Good Plus,140g,"25,972",443,740.0,1.67,65.9,44.9,55.0,3500,99.7%,No,Fixed Price,2019,72.88,$89.39
3700,Sade,Love Deluxe,R&B,1973,UK,Standard Reissue,No,Very Good,,180.0,"11,240",1079,2558.0,2.371,78.6,75.7,44.0,3975,92.7%,no,Fixed Price,2019,82.28,$95.84
3701,The Clash,Combat Rock,Rock,1968,GERMANY,Standard Reissue,No,Near Mint,Poor,,"3,171",2125,1406.0,0.662,76.9,38.1,0.0,1453,94.6%,No,Fixed Price,2021,61.88,$73.74
3702,Black Sabbath,Paranoid,Rock,2018,Australia,Standard Reissue,No,Mint,Good Plus,120g,"30,179",1068,1693.0,1.585,68.7,81.0,7.0,2067,94.4%,0,Fixed Price,2021,68.79,$125.18
3703,Frank Ocean,Blonde,R&B,2019,Japan,Standard Reissue,0,Near Mint,Fair,140g,"40,702",462,50.0,0.108,100.1,29.2,3.0,3080,98.7%,0,Fixed Price,2021,53.78,$67.92
3704,U2,Achtung Baby,Rock,2006,Canada,Standard Reissue,No,Mint,Mint,180g,"19,609",1609,1029.0,0.64,80.8,33.1,33.0,2690,93.0%,Yes,Auction,2021,52.65,$93.78
3705,Black Sabbath,Paranoid,Rock,1964,germany,Standard Reissue,No,Very Good Plus,Very Good Plus,140g,"35,752",1088,2234.0,2.053,78.1,80.1,7.0,2722,100.0%,False,Fixed Price,2018,71.52,$107.22
3706,Frank Ocean,Blonde,R&B,1963,US,Limited Colored Vinyl,Yes,Very Good,Very Good Plus,120g,993,130,246.0,1.892,94.8,30.4,0.0,2845,91.5%,no,Fixed Price,2025,76.42,$88.62
3707,Snoop Dogg,Doggystyle,Hip-Hop,1991,Germany,Standard Reissue,No,Very Good Plus,Near Mint,120g,"49,467",745,770.0,1.034,76.6,32.6,21.0,2374,100.0%,no,Auction,2025,53.43,$73.83
3708,Sly and the Family Stone,There's a Riot Goin' On,Soul,1987,Germany,Limited Colored Vinyl,yes,Mint,Very Good,180.0,"18,832",532,,3.359,80.0,25.0,17.0,3427,96.0%,no,Fixed Price,2023,66.27,$85.25
3709,The Cure,Wish,Alternative,1983,Australia,Standard Reissue,No,Good Plus,Near Mint,180g,"17,346",335,34.0,0.101,37.9,39.6,11.0,1474,96.3%,True,Auction,2015,41.55,$45.28
3710,Tame Impala,Currents,Alternative,1986,us,Standard Reissue,no,Good Plus,Very Good,180.0,"12,112",828,352.0,0.425,60.7,25.4,10.0,4163,98.9%,No,Auction,2015,45.33,$49.50
3711,Neil Young,Rust Never Sleeps,Folk,1979,Germany,Original 1st Press,No,Near Mint,,200g,"8,902",173,277.0,1.601,66.1,55.5,14.0,2626,94.9%,yes,Fixed Price,2025,75.90,$118.25
3712,Peter Gabriel,So,Pop,1979,UK,Standard Reissue,no,Near Mint,Very Good Plus,140g,"17,837",601,500.0,0.832,60.0,46.3,4.0,1985,95.6%,No,Fixed Price,2015,49.11,$75.30
3713,My Bloody Valentine,Isn't Anything,Alternative,1971,UK,Standard Reissue,No,Good Plus,Good Plus,140g,"38,469",745,983.0,1.319,27.9,69.6,,4239,99.1%,no,Fixed Price,2018,50.57,$56.44
3714,New Order,Low Life,Electronic,1973,Australia,Standard Reissue,No,  Very Good ,Mint,120.0,"32,162",2473,1453.0,0.588,68.9,48.1,3.0,4763,100.0%,0,Auction,2025,55.41,$70.20
3715,Johnny Cash,American IV: The Man Comes Around,Country,1993,Canada,Standard Reissue,No,Very Good Plus,Near Mint,120g,"7,519",1689,2393.0,1.417,93.7,56.8,9.0,914,96.4%,0,Fixed Price,2016,72.42,$105.21
3716,Alice in Chains,Facelift,Alternative,2001,Australia,Anniversary Edition,1,Near Mint,Near Mint,200.0,"44,238",1069,2117.0,1.98,64.6,47.2,0.0,4081,99.3%,No,Fixed Price,2020,57.68,$89.80
3717,Bob Dylan,Nashville Skyline,Folk,1976,Netherlands,Standard Reissue,False,Good Plus,Very Good Plus,120g,"39,937",292,697.0,2.387,89.4,31.2,3.0,1062,97.4%,Yes,Fixed Price,2022,60.68,$75.84
3718,Eminem,The Eminem Show,Hip-Hop,1969,france,Standard Reissue,No,Poor,,140.0,"1,903",227,246.0,1.084,96.1,24.7,21.0,2477,97.7%,No,Fixed Price,2023,63.62,$45.51
3719,Aphex Twin,Drukqs,Electronic,1998,Netherlands,Promo Copy,0,Good Plus,Good,120g,"19,899",494,1086.0,2.198,61.0,27.6,8.0,1058,94.8%,No,Fixed Price,2019,54.17,$62.26
3720,Daft Punk,Alive 2007,Electronic,1989,France,Standard Reissue,False,Poor,Fair,120g,"23,294",504,541.0,1.073,85.9,57.3,15.0,1969,95.3%,No,Auction,2019,71.51,$59.65
3721,The Rolling Stones,Some Girls,Rock,1992,US,Standard Reissue,No,Good,Near Mint,140g,"32,528",556,175.0,0.315,98.6,50.6,3.0,3228,93.7%,No,Fixed Price,2024,70.98,$79.78
3722,D'Angelo,Black Messiah,R&B,1967,uk,Anniversary Edition,Yes,Very Good Plus,Poor,180g,"8,044",2427,6178.0,2.546,74.7,26.0,8.0,805,95.0%,Yes,Fixed Price,2017,59.24,$78.18
3723,AC/DC,Back in Black,Rock,1995,,Anniversary Edition,True,Near Mint,Very Good Plus,140g,"47,848",150,237.0,1.58,91.1,44.0,2.0,1179,93.0%,Yes,Fixed Price,2017,65.46,$89.38
3724,Daft Punk,Discovery,Electronic,1988,US,Standard Reissue,No,Very Good,Near Mint,180.0,"45,739",341,115.0,0.337,82.5,69.1,5.0,4424,,No,Fixed Price,2025,66.15,$94.17
3725,The White Stripes,White Blood Cells,Alternative,1983,Canada,Limited Colored Vinyl,Yes,Near Mint,Very Good Plus,140.0,"1,152",28,71.0,2.536,65.3,45.3,45.0,4833,91.8%,No,Fixed Price,2017,73.48,$103.39
3726,Snoop Dogg,Doggystyle,Hip-Hop,2009,US,Standard Reissue,False,Good Plus,Mint,180.0,"27,944",1495,2348.0,1.571,74.7,31.7,34.0,4778,92.9%,False,Fixed Price,2019,56.94,$55.24
3727,Beastie Boys,Ill Communication,Hip-Hop,2016,Germany,Standard Reissue,No,Near Mint,Good Plus,180.0,"16,099",839,2029.0,2.418,54.1,18.4,60.0,3278,92.7%,Yes,Auction,2022,46.85,$68.59
3728,De La Soul,De La Soul Is Dead,Hip-Hop,1969,JAPAN,Standard Reissue,False,  Good Plus ,Good Plus,120g,"18,877",615,266.0,0.433,79.8,42.5,4.0,1119,,1,Fixed Price,2020,67.58,$68.20
3729,Emmylou Harris,Wrecking Ball,Country,2021,UK,Standard Reissue,No,Near Mint,Near Mint,120g,"2,523",413,,2.475,29.6,39.8,5.0,3726,98.8%,0,Fixed Price,2021,54.22,$64.61
3730,Peter Gabriel,Us,Pop,1979,Canada,Standard Reissue,no,Very Good,Good Plus,180.0,"10,918",1843,3878.0,2.104,57.5,58.0,48.0,1250,93.2%,No,Fixed Price,2015,61.57,$67.53
3731,Black Sabbath,Black Sabbath,Rock,1995,,Anniversary Edition,Yes,  Very Good Plus ,Near Mint,180.0,"40,268",185,581.0,3.141,73.4,18.0,26.0,2910,98.4%,1,Fixed Price,2022,45.30,$58.33
3732,Bob Dylan,Blood on the Tracks,Folk,1983,Netherlands,Anniversary Edition,yes,Near Mint,Mint,200.0,"39,273",1531,3625.0,2.368,94.4,7.0,43.0,1128,98.5%,No,Auction,2015,61.10,$88.75
3733,Kings of Leon,Youth and Young Manhood,Alternative,1984,australia,Anniversary Edition,True,Good,Poor,140.0,"15,421",270,649.0,2.404,67.3,71.7,14.0,3082,93.3%,0,Fixed Price,2021,75.81,$66.45
3734,R.E.M.,Automatic for the People,Alternative,2016,US,Original 1st Press,No,Very Good Plus,Very Good Plus,140g,"12,055",48,90.0,1.875,63.4,70.3,1.0,1130,97.1%,No,Fixed Price,2023,77.57,$118.35
3735,Public Enemy,Fear of a Black Planet,Hip-Hop,1999,UK,Limited Colored Vinyl,True,Good Plus,Near Mint,140g,"24,944",551,157.0,0.285,70.1,19.4,21.0,2954,99.0%,No,Fixed Price,2015,61.75,$78.80
3736,Kendrick Lamar,"good kid, m.A.A.d city",Hip-Hop,1976,Japan,Promo Copy,False,  Very Good ,Poor,180.0,"23,329",156,384.0,2.462,93.8,20.6,5.0,475,94.7%,False,Auction,2016,73.98,$69.50
3737,R.E.M.,Document,Alternative,1974,Japan,Standard Reissue,No,Very Good Plus,Good Plus,120g,"5,876",1554,655.0,0.421,58.7,24.6,3.0,4289,97.7%,Yes,Fixed Price,2023,40.21,$47.95
3738,Rage Against the Machine,Evil Empire,Alternative,2016,Japan,Test Pressing,Yes,  Very Good Plus ,Very Good,180.0,"10,694",99,243.0,2.455,70.7,33.4,13.0,2027,98.6%,True,Fixed Price,2017,72.83,$77.30
3739,J Dilla,Donuts,Hip-Hop,1984,US,Promo Copy,No,Very Good Plus,Good,,"31,100",224,,2.21,44.6,55.1,18.0,4818,96.0%,No,Fixed Price,2020,57.07,$74.29
3740,Arcade Fire,Funeral,Alternative,2004,Brazil,Standard Reissue,False,  Near Mint ,Near Mint,120.0,"8,883",209,266.0,1.273,58.5,64.1,75.0,2318,91.8%,False,Auction,2025,63.11,$89.51
3741,Peter Gabriel,Us,Pop,1985,,Standard Reissue,No,Near Mint,Very Good,200.0,"9,271",1611,2269.0,1.408,61.5,57.8,11.0,2680,100.0%,No,Fixed Price,2020,57.05,$77.23
3742,Red Hot Chili Peppers,Blood Sugar Sex Magik,Alternative,1964,US,Anniversary Edition,Yes,Very Good Plus,Mint,200g,"9,334",436,419.0,0.961,67.7,26.0,24.0,4263,93.6%,False,Fixed Price,2020,56.27,$64.97
3743,The Smiths,The Queen Is Dead,Alternative,1960,FRANCE,Limited Colored Vinyl,1,Very Good Plus,Very Good,180g,"27,243",401,1303.0,3.249,45.5,18.9,45.0,4539,97.7%,No,Auction,2018,47.03,$73.82
3744,R.E.M.,Document,Alternative,1970,JAPAN,Anniversary Edition,yes,Mint,Very Good Plus,140.0,"7,505",745,1585.0,2.128,67.1,33.7,64.0,2239,96.1%,True,Fixed Price,2016,65.22,$95.70
3745,Alice in Chains,Facelift,Alternative,1971,Netherlands,Standard Reissue,No,Near Mint,Very Good Plus,200.0,"30,324",790,1528.0,1.934,60.9,42.9,16.0,3731,96.9%,Yes,Fixed Price,2023,56.45,$80.77
3746,My Bloody Valentine,Isn't Anything,Alternative,1986,US,Standard Reissue,No,Near Mint,,120.0,"38,110",749,1643.0,2.194,28.2,69.3,83.0,2002,96.3%,No,Auction,2018,59.36,$82.38
3747,Joni Mitchell,Blue,Folk,2020,France,Standard Reissue,No,Near Mint,Near Mint,140.0,"1,827",1531,168.0,0.11,71.2,53.6,,3739,100.0%,Yes,Fixed Price,2021,61.80,$80.80
3748,The Beatles,Rubber Soul,Rock,2016,Australia,Standard Reissue,no,Good Plus,Mint,180.0,"36,276",406,691.0,1.702,89.5,28.3,15.0,148,96.0%,True,Auction,2019,67.27,$91.64
3749,Burning Spear,Marcus Garvey,Reggae,1972,Brazil,Limited Colored Vinyl,Yes,  Very Good Plus ,Very Good Plus,180g,"1,757",465,288.0,0.619,25.7,31.5,8.0,1581,98.7%,Yes,Fixed Price,2021,55.22,$73.56
3750,Outkast,Southernplayalisticadillacmuzik,Hip-Hop,2008,Australia,Standard Reissue,No,Very Good Plus,Near Mint,180g,"39,332",1129,445.0,0.394,72.2,35.3,4.0,228,96.4%,yes,Fixed Price,2019,46.98,$63.27
3751,Beastie Boys,Licensed to Ill,Hip-Hop,1972,AUSTRALIA,Standard Reissue,0,Very Good Plus,Very Good Plus,,"47,203",165,259.0,1.57,57.4,40.8,,1270,,Yes,Fixed Price,2018,45.51,$62.68
3752,J Dilla,Ruff Draft,Hip-Hop,2008,Netherlands,Original 1st Press,False,Fair,Mint,120g,"21,147",598,987.0,1.651,46.7,26.6,14.0,1755,100.0%,1,Fixed Price,2018,59.50,$55.40
3753,U2,The Joshua Tree,Rock,1987,germany,Anniversary Edition,Yes,Fair,Very Good Plus,180g,"8,794",219,569.0,2.598,77.8,49.2,3.0,227,97.0%,Yes,Fixed Price,2020,65.34,$65.22
3754,Led Zeppelin,Physical Graffiti,Rock,1990,UK,Standard Reissue,False,Near Mint,,180.0,"46,856",100,30.0,0.3,98.1,55.2,32.0,3572,100.0%,False,Auction,2020,56.06,$87.23
3755,Prince,1999,R&B,2004,netherlands,Limited Colored Vinyl,1,  Near Mint ,Very Good Plus,120.0,"22,914",435,1560.0,3.586,95.0,49.3,41.0,2481,100.0%,No,Fixed Price,2022,79.67,$122.98
3756,R.E.M.,Reckoning,Alternative,1981,US,Anniversary Edition,Yes,Very Good,Very Good,120.0,"33,944",402,1198.0,2.98,55.7,43.9,6.0,2944,100.0%,No,Fixed Price,2022,56.26,$93.79
3757,Norah Jones,Little Broken Hearts,Jazz,2003,france,Anniversary Edition,Yes,Near Mint,Good Plus,120.0,"3,440",281,,3.562,66.8,28.7,13.0,4155,95.1%,No,Auction,2023,63.19,$100.63
3758,Aphex Twin,Selected Ambient Works 85-92,Electronic,1975,Australia,Anniversary Edition,True,Very Good Plus,Good Plus,140.0,"48,733",357,718.0,2.011,62.2,1.6,7.0,75,99.8%,Yes,Fixed Price,2021,44.62,$59.33
3759,Michael Jackson,Bad,Pop,2014,Brazil,Test Pressing,Yes,Mint,Near Mint,140g,489,175,88.0,0.503,99.7,32.5,0.0,4815,100.0%,No,Fixed Price,2021,80.96,$119.51
3760,Funkadelic,Funkadelic,R&B,2014,Japan,Promo Copy,no,Very Good,,180g,"36,659",218,366.0,1.679,44.6,90.2,10.0,1063,88.6%,No,Fixed Price,2024,66.74,$86.63
3761,Sly and the Family Stone,Fresh,Soul,1974,Australia,Standard Reissue,no,Mint,Good Plus,140g,"46,419",1502,894.0,0.595,72.9,69.9,14.0,2882,94.9%,True,Fixed Price,2020,60.03,$78.79
3762,The Rolling Stones,Some Girls,Rock,1997,canada,Anniversary Edition,Yes,Very Good,Good Plus,,"12,569",150,143.0,0.953,93.9,46.6,5.0,1527,90.9%,True,Fixed Price,2020,67.97,$102.65
3763,2Pac,Me Against the World,Hip-Hop,2019,uk,Original 1st Press,No,Good Plus,Very Good Plus,140.0,"11,601",117,69.0,0.59,94.0,36.0,21.0,3096,100.0%,0,Fixed Price,2022,72.25,$70.15
3764,David Bowie,Scary Monsters,Rock,2006,Brazil,Original 1st Press,False,Very Good,Near Mint,200g,"35,569",86,82.0,0.953,92.1,17.1,3.0,939,99.4%,No,Fixed Price,2024,62.60,$77.21
3765,Stevie Wonder,Talking Book,Soul,1997,France,Original 1st Press,No,Near Mint,,180g,"28,455",343,171.0,0.499,92.2,30.5,5.0,2877,97.7%,No,Auction,2025,75.00,$123.29
3766,Jane's Addiction,Ritual de lo Habitual,Alternative,1968,Canada,Standard Reissue,No,Very Good,,120.0,"3,335",1803,2812.0,1.56,22.9,19.1,4.0,387,94.8%,No,Fixed Price,2018,40.11,$37.69
3767,The Strokes,Room on Fire,Alternative,2003,Netherlands,Standard Reissue,No,Good,Very Good,140.0,"1,058",725,1300.0,1.793,66.8,16.4,2.0,1389,100.0%,No,Fixed Price,2024,55.68,$49.67
3768,Joy Division,Unknown Pleasures,Alternative,1981,Australia,Standard Reissue,0,Very Good,Very Good Plus,140.0,"12,784",771,323.0,0.419,42.0,65.0,7.0,2611,97.6%,Yes,Fixed Price,2023,53.54,$61.02
3769,U2,The Joshua Tree,Rock,2021,US,Limited Colored Vinyl,1,Mint,Very Good Plus,140.0,"1,181",1742,5845.0,3.355,80.2,49.4,49.0,2907,95.5%,0,Fixed Price,2024,71.52,$112.94
3770,U2,The Joshua Tree,Rock,1991,france,Standard Reissue,No,Good Plus,Good Plus,140g,"26,061",1123,648.0,0.577,79.2,48.6,43.0,2493,99.1%,False,Auction,2025,53.75,$58.56
3771,Jane's Addiction,Ritual de lo Habitual,Alternative,2018,Australia,Anniversary Edition,Yes,Very Good,Good,120.0,"39,622",640,2022.0,3.159,32.8,15.1,17.0,2794,100.0%,Yes,Fixed Price,2018,40.33,$44.27
3772,Metallica,...And Justice for All,Rock,1991,germany,Original 1st Press,False,Very Good,Very Good Plus,180g,"36,112",460,457.0,0.993,92.2,62.2,35.0,996,97.1%,Yes,Fixed Price,2024,83.21,$84.69
3773,Arctic Monkeys,AM,Alternative,1966,GERMANY,Test Pressing,Yes,Good Plus,Near Mint,120g,"17,270",297,70.0,0.236,57.8,16.4,40.0,66,100.0%,True,Fixed Price,2017,68.94,$64.70
3774,John Coltrane,My Favorite Things,Jazz,1974,Netherlands,Standard Reissue,No,Near Mint,Good,200.0,"41,282",151,215.0,1.424,71.2,36.8,3.0,1687,97.0%,False,Fixed Price,2019,54.22,$72.56
3775,Rage Against the Machine,Evil Empire,Alternative,2008,Japan,Anniversary Edition,Yes,Near Mint,Mint,180.0,"9,163",674,802.0,1.19,70.1,27.5,12.0,449,99.1%,No,Fixed Price,2020,58.95,$72.96
3776,Black Uhuru,Red,Reggae,1971,Brazil,Standard Reissue,No,Very Good Plus,Very Good,120g,"37,451",933,1491.0,1.598,26.7,38.2,28.0,364,97.6%,False,Auction,2018,48.91,$67.37
3777,Vampire Weekend,Modern Vampires of the City,Alternative,1973,Japan,Original 1st Press,no,Very Good Plus,Very Good,120.0,"29,670",829,535.0,0.645,68.9,27.0,0.0,3952,99.5%,No,Fixed Price,2025,61.49,$82.32
3778,AC/DC,Back in Black,Rock,1961,US,Standard Reissue,False,Good,Mint,140.0,"38,828",263,547.0,2.08,96.8,44.1,56.0,1769,100.0%,No,Fixed Price,2024,64.54,$71.81
3779,Red Hot Chili Peppers,Californication,Alternative,2005,France,Promo Copy,no,Good,Very Good,180g,"9,353",226,,2.496,57.2,53.1,19.0,647,90.7%,No,Fixed Price,2025,71.59,$81.09
3780,Kings of Leon,Because of the Times,Alternative,1962,,Anniversary Edition,yes,Very Good,Fair,200g,"35,206",22,49.0,2.227,67.6,15.3,12.0,4886,95.1%,No,Fixed Price,2019,52.76,$59.05
3781,Brian Eno,Another Green World,Electronic,1971,Netherlands,Standard Reissue,No,Mint,Near Mint,140.0,"22,336",458,1052.0,2.297,40.1,15.7,11.0,88,91.0%,1,Fixed Price,2018,43.70,$54.34
3782,The National,Boxer,Alternative,1974,UK,Limited Colored Vinyl,Yes,Good,Very Good,140.0,"42,123",589,1498.0,2.543,44.7,62.4,11.0,1155,98.5%,no,Auction,2020,63.62,$66.22
3783,Michael Jackson,Bad,Pop,2021,NETHERLANDS,Anniversary Edition,1,Very Good Plus,Very Good,140g,"12,912",211,477.0,2.261,98.2,35.2,49.0,764,99.6%,No,Fixed Price,2021,75.79,$101.15
3784,The Clash,Combat Rock,Rock,1972,France,Standard Reissue,No,Near Mint,Poor,180.0,"15,440",1363,933.0,0.685,71.5,38.0,10.0,2657,100.0%,1,Fixed Price,2020,59.39,$73.23
3785,Outkast,ATLiens,Hip-Hop,1991,US,Anniversary Edition,1,Very Good Plus,Very Good,140g,"27,823",232,731.0,3.151,72.9,71.1,14.0,4342,93.4%,no,Auction,2025,64.62,$85.13
3786,Alicia Keys,Alicia,R&B,2006,france,Standard Reissue,False,Very Good Plus,Near Mint,120.0,"34,816",698,675.0,0.967,76.1,81.8,6.0,211,94.3%,No,Auction,2019,60.76,$90.18
3787,The Beatles,The White Album,Rock,1988,Netherlands,Standard Reissue,no,Mint,,140g,"34,347",318,566.0,1.78,89.5,61.0,21.0,658,97.1%,True,Fixed Price,2018,65.71,$87.37
3788,The Smiths,"Strangeways, Here We Come",Alternative,1962,UK,Promo Copy,No,Mint,Near Mint,140g,"19,456",747,1665.0,2.229,48.7,42.5,0.0,1425,96.4%,No,Fixed Price,2018,61.17,$101.23
3789,The Beach Boys,Pet Sounds,Pop,2013,france,Standard Reissue,No,Near Mint,Fair,180.0,"26,916",988,675.0,0.683,77.5,26.2,32.0,3923,94.3%,Yes,Fixed Price,2017,52.38,$51.80
3790,Sade,Love Deluxe,R&B,2006,Australia,Standard Reissue,No,Very Good Plus,Good,120.0,"29,145",94,70.0,0.745,82.2,74.4,9.0,4774,95.2%,No,Fixed Price,2017,70.12,$99.85
3791,D'Angelo,Voodoo,R&B,2019,Australia,Original 1st Press,No,Mint,Mint,140g,"34,482",944,1126.0,1.193,70.7,21.2,7.0,4943,98.1%,No,Fixed Price,2021,65.28,$122.49
3792,The Notorious B.I.G.,Life After Death,Hip-Hop,1980,Australia,Standard Reissue,0,  Near Mint ,Very Good Plus,180g,"16,690",61,138.0,2.262,90.2,75.7,13.0,1652,96.8%,No,Fixed Price,2017,78.62,$130.59
3793,The Rolling Stones,Voodoo Lounge,Rock,2017,Japan,Anniversary Edition,True,Good Plus,Good Plus,120.0,"23,534",453,1680.0,3.709,89.4,53.7,25.0,2991,96.9%,Yes,Auction,2017,75.09,$67.70
3794,David Bowie,Aladdin Sane,Rock,1980,Australia,Standard Reissue,No,Very Good Plus,Very Good Plus,120g,"43,720",838,1046.0,1.248,89.2,69.7,80.0,3157,94.7%,0,Fixed Price,2019,73.47,$83.02
3795,R.E.M.,Automatic for the People,Alternative,2005,Germany,Original 1st Press,False,Good,Good,180g,"36,360",648,1395.0,2.153,59.3,68.6,36.0,4647,98.8%,False,Auction,2022,67.59,$67.92
3796,Neil Young,Comes a Time,Folk,1994,Netherlands,Standard Reissue,No,Good Plus,Very Good,200.0,426,156,44.0,0.282,60.7,23.6,19.0,4551,99.5%,1,Auction,2024,49.35,$48.72
3797,Dave Brubeck,Time Out,Jazz,1974,Netherlands,Standard Reissue,False,Good Plus,Near Mint,,"9,793",439,684.0,1.558,27.0,33.9,23.0,2937,96.7%,Yes,Fixed Price,2022,42.05,$52.13
3798,U2,Achtung Baby,Rock,2005,uk,Standard Reissue,0,Very Good Plus,,180g,"4,319",2168,4183.0,1.929,77.4,28.3,21.0,4261,,True,Fixed Price,2020,61.25,$71.67
3799,Neil Young,After the Gold Rush,Folk,1985,australia,Original 1st Press,No,Very Good,Near Mint,180g,"20,000",608,1291.0,2.123,63.6,37.9,0.0,1636,95.0%,Yes,Fixed Price,2018,67.70,$90.69
3800,Black Uhuru,Sinsemilla,Reggae,1995,US,Limited Colored Vinyl,1,Near Mint,Good,180.0,"11,926",69,29.0,0.42,20.4,55.2,,3455,95.6%,0,Fixed Price,2018,46.86,$64.51
3801,Sly and the Family Stone,Stand!,Soul,1996,France,Standard Reissue,No,Mint,Near Mint,120.0,"23,451",1316,198.0,0.15,75.7,67.3,7.0,3960,95.3%,False,Fixed Price,2016,59.75,$93.22
3802,Lauryn Hill,The Miseducation of Lauryn Hill,R&B,1962,UK,Anniversary Edition,yes,Very Good Plus,Near Mint,200.0,"31,368",1164,229.0,0.197,64.8,16.7,64.0,1741,96.1%,False,Fixed Price,2018,44.73,$61.41
3803,Peter Gabriel,Us,Pop,1989,Japan,Standard Reissue,0,Good Plus,Very Good,140g,"6,856",177,,0.367,62.0,62.3,57.0,4492,93.1%,True,Fixed Price,2021,60.02,$62.51
3804,Radiohead,Kid A,Alternative,1994,NETHERLANDS,Standard Reissue,No,Good Plus,Very Good Plus,180.0,"6,469",1533,2903.0,1.894,82.1,31.3,,4242,96.4%,Yes,Auction,2025,63.38,$67.55
3805,Black Sabbath,Paranoid,Rock,1968,US,Standard Reissue,No,Very Good Plus,Very Good Plus,140.0,"15,472",128,44.0,0.344,74.5,74.7,17.0,1211,97.8%,No,Fixed Price,2025,63.36,$89.70
3806,Dolly Parton,Trio,Country,2019,Japan,Original 1st Press,0,Very Good,Good,200.0,"47,009",63,71.0,1.127,60.6,74.8,5.0,3235,91.1%,0,Fixed Price,2024,76.16,$94.91
3807,Led Zeppelin,Led Zeppelin IV,Rock,1985,AUSTRALIA,Standard Reissue,No,Near Mint,Mint,200.0,"18,296",456,64.0,0.14,98.9,51.7,47.0,4028,96.9%,0,Fixed Price,2021,72.18,$87.50
3808,Dolly Parton,Jolene,Country,1961,UK,Limited Colored Vinyl,yes,Near Mint,Very Good Plus,200.0,"11,237",287,1071.0,3.732,61.9,44.0,30.0,997,92.2%,No,Fixed Price,2021,71.13,$90.33
3809,Alicia Keys,Songs in A Minor,R&B,1988,Netherlands,Standard Reissue,No,Near Mint,Mint,180.0,"49,923",1132,2080.0,1.837,71.5,3.7,5.0,1475,95.8%,0,Auction,2022,45.65,$72.13
3810,Dolly Parton,Jolene,Country,1961,Brazil,Promo Copy,False,Near Mint,Very Good Plus,140g,"29,433",760,356.0,0.468,65.2,38.9,2.0,952,100.0%,No,Fixed Price,2024,58.36,$83.05
3811,Steely Dan,The Royal Scam,Rock,1976,,Test Pressing,Yes,  Near Mint ,Good Plus,180g,"47,783",515,724.0,1.406,76.9,6.9,31.0,180,95.2%,No,Fixed Price,2023,69.47,$94.90
3812,Arctic Monkeys,Favourite Worst Nightmare,Alternative,1981,CANADA,Limited Colored Vinyl,True,Very Good Plus,Mint,140.0,"25,829",754,1331.0,1.765,61.0,53.4,5.0,3336,96.9%,0,Fixed Price,2021,59.92,$89.61
3813,Beastie Boys,Licensed to Ill,Hip-Hop,1985,JAPAN,Limited Colored Vinyl,Yes,Near Mint,Very Good Plus,180.0,"10,165",792,603.0,0.761,56.5,45.4,,3705,92.7%,No,Fixed Price,2015,56.43,$76.97
3814,Prince,Dirty Mind,R&B,1984,Japan,Original 1st Press,False,Mint,,140g,"32,882",539,662.0,1.228,85.4,45.6,1.0,4733,94.9%,Yes,Fixed Price,2019,68.88,$107.63
3815,David Bowie,Heroes,Rock,2015,US,Standard Reissue,No,Very Good Plus,Very Good,180.0,"36,903",561,1085.0,1.934,89.0,4.6,34.0,2540,96.3%,No,Fixed Price,2019,49.16,$64.90
3816,Daft Punk,Alive 2007,Electronic,1987,Brazil,Standard Reissue,No,Mint,Very Good,180g,"26,485",341,785.0,2.302,88.7,55.6,33.0,3349,100.0%,Yes,Auction,2024,70.61,$105.11
3817,Beastie Boys,Ill Communication,Hip-Hop,2011,UK,Standard Reissue,0,Very Good Plus,,180g,"36,731",333,90.0,0.27,57.6,19.2,0.0,1894,97.8%,No,Auction,2022,37.27,$50.44
3818,Sufjan Stevens,Carrie & Lowell,Folk,1966,UK,Promo Copy,False,Good Plus,Mint,120.0,"39,540",170,88.0,0.518,53.9,7.4,16.0,990,95.7%,Yes,Fixed Price,2022,37.60,$43.31
3819,D'Angelo,Voodoo,R&B,1964,uk,Original 1st Press,0,Good,Very Good Plus,200.0,"8,411",522,952.0,1.824,70.7,20.9,15.0,1031,95.8%,No,Fixed Price,2022,70.21,$93.00
3820,Funkadelic,Cosmic Slop,R&B,1996,US,Standard Reissue,no,Near Mint,Very Good Plus,140.0,"45,418",418,51.0,0.122,42.4,20.0,8.0,4695,100.0%,0,Fixed Price,2016,30.14,$45.95
3821,Joni Mitchell,Court and Spark,Folk,1973,Germany,Original 1st Press,No,Near Mint,Near Mint,180.0,"45,609",386,790.0,2.047,72.1,19.1,58.0,1488,100.0%,1,Fixed Price,2025,67.88,$88.47
3822,Sade,Love Deluxe,R&B,1995,JAPAN,Limited Colored Vinyl,Yes,Very Good Plus,Very Good,120g,"38,167",708,195.0,0.275,77.2,67.1,8.0,9,92.9%,Yes,Fixed Price,2017,66.56,$84.59
3823,Paul Simon,Graceland,Folk,2022,France,Standard Reissue,False,Mint,Good Plus,120.0,"44,558",1296,762.0,0.588,81.6,9.9,5.0,4857,95.9%,No,Auction,2025,50.23,$73.74
3824,Public Enemy,Fear of a Black Planet,Hip-Hop,1994,France,Anniversary Edition,1,Very Good Plus,Mint,120.0,"36,727",792,1187.0,1.499,73.1,15.4,26.0,3768,96.8%,No,Fixed Price,2022,42.74,$61.99
3825,Bjork,Debut,Electronic,1995,Brazil,Anniversary Edition,True,Very Good,Very Good Plus,180g,"27,864",262,610.0,2.328,73.7,64.8,7.0,354,98.2%,Yes,Fixed Price,2017,68.81,$85.64
3826,Prince,Dirty Mind,R&B,1990,JAPAN,Standard Reissue,False,Mint,Very Good Plus,140.0,"46,106",77,20.0,0.26,91.8,53.4,6.0,3127,99.2%,0,Fixed Price,2024,62.12,$88.59
3827,Vampire Weekend,Modern Vampires of the City,Alternative,1993,germany,Standard Reissue,No,Very Good Plus,Good,180g,"25,511",179,388.0,2.168,74.4,26.9,68.0,3089,96.4%,Yes,Fixed Price,2025,54.24,$59.01
3828,The Beatles,Rubber Soul,Rock,2017,CANADA,Promo Copy,0,Very Good Plus,Mint,120.0,"16,105",852,1886.0,2.214,85.6,22.7,27.0,1987,99.1%,Yes,Fixed Price,2020,61.69,$105.39
3829,John Coltrane,Blue Train,Jazz,1960,GERMANY,Limited Colored Vinyl,Yes,Mint,Good Plus,200.0,"25,394",513,837.0,1.632,73.9,54.9,37.0,1516,99.4%,True,Fixed Price,2023,67.94,$89.33
3830,Kings of Leon,Youth and Young Manhood,Alternative,2012,uk,Original 1st Press,False,Very Good Plus,Good,140.0,"25,361",499,1186.0,2.377,65.6,73.8,37.0,4603,99.4%,True,Fixed Price,2021,81.56,$85.94
3831,2Pac,All Eyez on Me,Hip-Hop,2022,Netherlands,Standard Reissue,False,Near Mint,Very Good Plus,120.0,"31,693",700,1512.0,2.16,93.7,19.3,9.0,3476,93.9%,No,Fixed Price,2022,57.02,$87.30
3832,Tom Petty,Wildflowers,Rock,1996,Australia,Test Pressing,Yes,Very Good,Good Plus,140.0,"18,773",544,801.0,1.472,23.2,78.4,6.0,2599,97.3%,no,Auction,2023,75.57,$100.01
3833,Black Uhuru,Red,Reggae,1961,brazil,Limited Colored Vinyl,Yes,Very Good,Good,120.0,"45,586",1094,2073.0,1.895,20.3,34.6,4.0,4096,100.0%,1,Fixed Price,2017,37.11,$40.86
3834,Massive Attack,Protection,Electronic,1989,UK,Standard Reissue,0,Near Mint,Very Good,120.0,"33,681",2118,2491.0,1.176,56.0,15.4,10.0,3014,,True,Fixed Price,2019,44.62,$63.19
3835,The Smiths,Meat Is Murder,Alternative,1970,Japan,Promo Copy,False,Good,Fair,200.0,"18,795",219,279.0,1.274,48.9,35.9,,4018,96.1%,1,Fixed Price,2022,52.35,$49.78
3836,Pink Floyd,Animals,Rock,2005,GERMANY,Standard Reissue,No,Very Good Plus,Very Good,140g,"40,305",491,839.0,1.709,89.5,65.9,0.0,808,100.0%,Yes,Fixed Price,2022,69.82,$83.02
3837,Anita Baker,Rapture,Soul,1987,Brazil,Anniversary Edition,Yes,Good Plus,Very Good Plus,140g,"9,635",342,378.0,1.105,18.3,52.7,38.0,2365,95.1%,Yes,Fixed Price,2024,57.17,$63.79
3838,Peter Gabriel,So,Pop,2016,Canada,Limited Colored Vinyl,1,Near Mint,Very Good,200g,"41,191",340,1254.0,3.688,58.9,47.8,9.0,4779,96.0%,Yes,Fixed Price,2024,61.00,$93.46
3839,The Beach Boys,Wild Honey,Pop,1970,Japan,Standard Reissue,No,Near Mint,Poor,140.0,"31,816",667,337.0,0.505,79.5,23.7,12.0,2993,93.6%,False,Fixed Price,2024,49.53,$69.26
3840,Willie Nelson,Stardust,Country,2012,Germany,Standard Reissue,False,Near Mint,Near Mint,,"40,856",858,839.0,0.978,58.9,40.2,2.0,3868,97.5%,No,Fixed Price,2024,48.20,$70.23
3841,Bob Marley,Legend,Reggae,1980,Germany,Standard Reissue,No,Good Plus,Near Mint,120.0,"41,184",1271,147.0,0.116,95.6,53.7,14.0,4064,,False,Fixed Price,2017,57.09,$55.50
3842,Led Zeppelin,Led Zeppelin IV,Rock,1971,NETHERLANDS,Limited Colored Vinyl,True,Very Good,Near Mint,140g,"24,366",316,257.0,0.813,100.4,59.2,14.0,1434,98.2%,No,Auction,2019,77.78,$96.30
3843,Michael Jackson,Dangerous,Pop,2004,germany,Anniversary Edition,True,Poor,Fair,140g,"7,015",137,497.0,3.628,98.0,30.9,5.0,4422,97.8%,0,Auction,2019,69.74,$52.53
3844,The Smiths,"Strangeways, Here We Come",Alternative,1980,UK,Standard Reissue,No,Good,Mint,120g,"2,640",231,232.0,1.004,44.4,38.4,4.0,2200,92.0%,0,Fixed Price,2020,59.27,$60.56
3845,D'Angelo,Brown Sugar,R&B,2017,BRAZIL,Original 1st Press,No,Good Plus,Very Good Plus,120.0,"1,822",521,863.0,1.656,70.2,67.8,3.0,3842,93.7%,Yes,Fixed Price,2017,86.17,$75.13
3846,The Cure,Wish,Alternative,2010,Brazil,Standard Reissue,False,Mint,Very Good,120.0,"4,244",626,1317.0,2.104,38.1,38.8,4.0,2244,95.4%,Yes,Fixed Price,2023,48.53,$65.87
3847,The Notorious B.I.G.,Ready to Die,Hip-Hop,1996,Canada,Anniversary Edition,Yes,Very Good Plus,Very Good Plus,180g,"41,347",831,1992.0,2.397,95.3,80.1,33.0,3476,98.5%,No,Auction,2018,72.51,$94.05
3848,Daft Punk,Alive 2007,Electronic,1983,,Original 1st Press,No,Very Good Plus,Good,180.0,"14,893",41,84.0,2.049,86.4,53.5,4.0,381,91.9%,No,Auction,2016,86.22,$122.60
3849,Soundgarden,Badmotorfinger,Alternative,1977,Canada,Standard Reissue,No,Very Good,Near Mint,180g,"33,720",2116,2549.0,1.205,73.2,65.1,5.0,2719,96.1%,False,Fixed Price,2019,62.89,$82.76
3850,Black Uhuru,Sinsemilla,Reggae,1989,Netherlands,Standard Reissue,No,Very Good Plus,Very Good Plus,140.0,"33,547",1327,280.0,0.211,21.3,56.9,12.0,2215,94.7%,0,Auction,2020,38.85,$55.49
3851,The Beatles,The White Album,Rock,1975,france,Limited Colored Vinyl,Yes,Very Good,Good Plus,140g,"7,972",956,788.0,0.824,86.9,65.4,3.0,2207,100.0%,No,Fixed Price,2016,72.54,$82.18
3852,Pink Floyd,The Dark Side of the Moon,Rock,1969,Australia,Original 1st Press,0,Very Good Plus,Good,140g,"21,095",183,120.0,0.656,86.9,23.0,0.0,1855,98.5%,Yes,Fixed Price,2016,68.79,$72.63
3853,Joni Mitchell,Court and Spark,Folk,1973,CANADA,Limited Colored Vinyl,Yes,Good Plus,Good,120.0,"14,859",226,744.0,3.292,73.8,28.7,44.0,2114,98.0%,No,Fixed Price,2017,63.47,$72.31
3854,Beastie Boys,Ill Communication,Hip-Hop,1972,Canada,Standard Reissue,No,  Mint ,Very Good,140.0,"34,452",538,341.0,0.634,56.5,21.4,3.0,3216,100.0%,False,Fixed Price,2017,44.73,$65.60
3855,The Smiths,Meat Is Murder,Alternative,2010,,Limited Colored Vinyl,Yes,Mint,Near Mint,200.0,"34,588",466,1452.0,3.116,53.2,34.8,33.0,2919,97.4%,True,Fixed Price,2019,57.79,$102.03
3856,Johnny Cash,At Folsom Prison,Country,1987,France,Original 1st Press,No,Good Plus,Very Good,180.0,"47,057",181,422.0,2.331,90.1,54.0,22.0,1351,100.0%,Yes,Auction,2022,81.11,$81.64
3857,Prince,Purple Rain,R&B,1993,France,Standard Reissue,No,Very Good Plus,Very Good Plus,120g,"36,404",305,611.0,2.003,86.8,40.7,28.0,3368,100.0%,Yes,Fixed Price,2022,66.18,$95.19
3858,Red Hot Chili Peppers,Stadium Arcadium,Alternative,2020,Netherlands,Promo Copy,No,Mint,Very Good,200.0,"30,635",213,176.0,0.826,65.4,32.4,47.0,4522,96.7%,No,Fixed Price,2021,54.16,$71.56
3859,Japandroids,Post-Nothing,Alternative,1965,France,Limited Colored Vinyl,Yes,Very Good Plus,Good Plus,140g,"9,848",554,1862.0,3.361,34.6,40.3,14.0,3960,95.8%,Yes,Fixed Price,2016,54.29,$68.44
3860,Stevie Wonder,Music of My Mind,Soul,1993,Australia,Standard Reissue,No,Very Good Plus,Fair,140g,"3,503",123,29.0,0.236,88.9,43.5,4.0,2320,99.7%,No,Fixed Price,2018,65.29,$76.72
3861,Tame Impala,The Slow Rush,Alternative,1984,Australia,Standard Reissue,False,Mint,Good Plus,180.0,"46,212",208,233.0,1.12,57.9,71.7,3.0,4182,95.1%,0,Auction,2024,49.19,$86.01
3862,Snoop Dogg,Doggystyle,Hip-Hop,2003,Canada,Original 1st Press,No,Fair,Very Good,180g,"36,127",179,44.0,0.246,79.2,32.7,2.0,51,100.0%,No,Fixed Price,2018,69.80,$49.44
3863,Bjork,Debut,Electronic,2001,france,Promo Copy,False,Good Plus,Near Mint,140.0,"12,605",327,364.0,1.113,71.9,58.3,7.0,1924,98.4%,No,Fixed Price,2024,69.23,$84.76
3864,Pink Floyd,Wish You Were Here,Rock,2017,CANADA,Standard Reissue,No,Very Good,Good,180.0,"6,261",569,497.0,0.873,88.8,25.2,13.0,2720,93.4%,0,Fixed Price,2022,56.42,$70.38
3865,Fleetwood Mac,Fleetwood Mac,Rock,1965,canada,Standard Reissue,No,Very Good,Good Plus,120g,"45,185",625,1051.0,1.682,92.4,74.2,16.0,4227,97.4%,True,Fixed Price,2022,72.10,$82.61
3866,U2,The Joshua Tree,Rock,1983,France,Standard Reissue,0,Near Mint,Very Good,120g,"8,128",566,667.0,1.178,79.3,47.8,25.0,489,96.3%,No,Auction,2023,60.90,$93.02
3867,Sufjan Stevens,Carrie & Lowell,Folk,2005,Germany,Limited Colored Vinyl,Yes,Very Good Plus,Very Good Plus,180.0,"7,505",826,1845.0,2.234,55.7,17.9,53.0,4754,98.9%,False,Fixed Price,2018,48.25,$57.30
3868,Kraftwerk,Autobahn,Electronic,2006,Netherlands,Standard Reissue,No,Very Good Plus,Good,180.0,"23,290",636,634.0,0.997,77.9,37.7,38.0,2439,91.0%,No,Auction,2017,52.25,$68.60
3869,R.E.M.,Murmur,Alternative,1961,netherlands,Promo Copy,0,Very Good Plus,Good,120.0,"8,442",248,130.0,0.524,64.3,49.1,9.0,297,92.2%,0,Fixed Price,2020,63.66,$67.14
3870,The Rolling Stones,Voodoo Lounge,Rock,1999,NETHERLANDS,Promo Copy,False,Near Mint,Good,120g,"16,473",319,221.0,0.693,93.3,54.4,17.0,2649,98.2%,Yes,Auction,2018,85.56,$112.81
3871,Black Uhuru,Red,Reggae,2021,Germany,Standard Reissue,No,Near Mint,Near Mint,140g,"46,010",432,133.0,0.308,28.4,34.3,9.0,2045,96.9%,True,Fixed Price,2022,25.28,$31.74
3872,The Beatles,Revolver,Rock,1998,Japan,Limited Colored Vinyl,yes,Good Plus,Very Good Plus,140.0,"40,963",71,219.0,3.085,89.6,10.1,5.0,1526,98.8%,No,Fixed Price,2017,55.91,$68.32
3873,Massive Attack,Protection,Electronic,1978,france,Promo Copy,No,Good Plus,Near Mint,200.0,"4,393",355,304.0,0.856,53.6,25.8,35.0,2066,97.2%,0,Fixed Price,2022,52.89,$66.09
3874,Alicia Keys,Alicia,R&B,1970,us,Standard Reissue,no,Good Plus,Very Good Plus,140.0,"29,631",340,761.0,2.238,73.9,79.4,0.0,1772,98.5%,No,Fixed Price,2019,63.56,$70.11
3875,Al Green,I'm Still in Love with You,Soul,2015,France,Standard Reissue,False,Very Good Plus,Very Good,120g,"17,942",551,1253.0,2.274,56.9,23.1,26.0,502,96.6%,Yes,Fixed Price,2018,55.43,$75.66
3876,AC/DC,Highway to Hell,Rock,1980,UK,Standard Reissue,No,Near Mint,Good Plus,180g,"18,217",996,1380.0,1.386,98.3,19.1,35.0,3895,94.6%,No,Fixed Price,2015,61.87,$92.63
3877,The Beach Boys,Surf's Up,Pop,2016,UK,Anniversary Edition,1,Near Mint,Mint,140g,"18,285",950,538.0,0.566,81.1,25.8,13.0,4011,95.1%,No,Fixed Price,2021,58.71,$77.53
3878,Jimi Hendrix,Are You Experienced,Rock,1971,Netherlands,Standard Reissue,False,Near Mint,Mint,140g,"15,413",169,348.0,2.059,73.3,37.7,43.0,1328,100.0%,No,Auction,2016,58.22,$100.62
3879,Funkadelic,Uncle Jam Wants You,R&B,2019,UK,Original 1st Press,0,Very Good,Good Plus,120.0,"25,082",97,77.0,0.794,45.6,66.0,91.0,206,93.8%,Yes,Auction,2023,69.80,$88.28
3880,Interpol,Turn on the Bright Lights,Alternative,1981,US,Standard Reissue,No,Very Good Plus,Good,140.0,"10,350",1119,1363.0,1.218,18.7,40.2,3.0,2641,97.7%,No,Fixed Price,2018,30.32,$32.91
3881,Joni Mitchell,Blue,Folk,1980,Australia,Standard Reissue,False,Very Good Plus,Mint,120g,"40,722",163,109.0,0.669,79.9,52.4,35.0,3164,100.0%,No,Fixed Price,2019,58.92,$84.26
3882,The Beatles,Abbey Road,Rock,1977,Netherlands,Standard Reissue,0,Very Good,Good,180g,"9,976",499,437.0,0.876,86.4,70.4,8.0,2557,94.8%,No,Fixed Price,2018,66.09,$75.14
3883,John Coltrane,A Love Supreme,Jazz,2001,Australia,Anniversary Edition,1,Very Good Plus,Good,140.0,"38,562",337,892.0,2.647,72.3,67.6,9.0,4758,94.6%,No,Fixed Price,2023,73.31,$87.92
3884,Marvin Gaye,"Here, My Dear",Soul,2007,UK,Limited Colored Vinyl,Yes,Near Mint,Very Good,140g,"38,974",1000,,3.001,93.8,25.8,21.0,234,98.0%,No,Auction,2024,59.28,$71.49
3885,Brian Eno,Another Green World,Electronic,1974,Brazil,Original 1st Press,No,Very Good Plus,Very Good Plus,180.0,"7,437",867,1757.0,2.027,40.7,16.0,10.0,1890,99.5%,yes,Fixed Price,2019,61.90,$70.58
3886,Outkast,ATLiens,Hip-Hop,1987,Netherlands,Standard Reissue,No,Mint,Near Mint,120.0,"10,797",676,1148.0,1.698,71.6,66.5,13.0,125,93.6%,Yes,Auction,2015,66.81,$88.70
3887,David Bowie,Diamond Dogs,Rock,2000,canada,Anniversary Edition,yes,Near Mint,Near Mint,140.0,"36,494",413,97.0,0.235,95.5,41.6,17.0,670,100.0%,No,Fixed Price,2022,59.91,$95.25
3888,Tame Impala,Lonerism,Alternative,2022,France,Standard Reissue,No,Mint,Very Good,140.0,"49,078",375,730.0,1.947,61.9,30.7,9.0,4287,94.2%,False,Auction,2023,46.86,$70.51
3889,The Rolling Stones,Emotional Rescue,Rock,1965,UK,Original 1st Press,0,Good Plus,Very Good,120.0,"41,712",78,100.0,1.282,97.5,34.6,1.0,2802,100.0%,True,Fixed Price,2020,73.21,$88.53
3890,Peter Gabriel,So,Pop,1983,Canada,Anniversary Edition,Yes,Very Good,Near Mint,140g,"9,367",476,1403.0,2.947,68.6,48.5,12.0,1274,98.6%,True,Fixed Price,2022,63.40,$79.69
3891,The Cure,Disintegration,Alternative,1963,US,Standard Reissue,No,Near Mint,Very Good,140g,"32,347",356,846.0,2.376,37.8,71.3,10.0,2357,97.5%,Yes,Fixed Price,2019,61.11,$86.59
3892,Black Sabbath,Paranoid,Rock,2000,UK,Limited Colored Vinyl,Yes,Very Good,Very Good Plus,,"25,953",195,685.0,3.513,74.7,84.5,99.0,4454,97.2%,True,Auction,2020,77.09,$101.68
3893,Junior Murvin,Police and Thieves,Reggae,1963,Canada,Original 1st Press,No,Mint,Near Mint,,"23,091",112,254.0,2.268,15.2,42.7,27.0,4471,93.6%,No,Fixed Price,2023,45.95,$60.44
3894,Kendrick Lamar,Section.80,Hip-Hop,1970,UK,Standard Reissue,0,Very Good Plus,Near Mint,140.0,"43,497",555,403.0,0.726,94.0,14.5,18.0,11,100.0%,False,Fixed Price,2025,46.28,$75.69
3895,The Beach Boys,Wild Honey,Pop,1996,Japan,Standard Reissue,No,Very Good Plus,Good,180.0,"41,461",1824,2123.0,1.164,80.2,25.1,37.0,3893,97.2%,No,Auction,2025,51.12,$64.80
3896,Outkast,ATLiens,Hip-Hop,1974,NETHERLANDS,Standard Reissue,No,Poor,Good Plus,,"26,307",389,642.0,1.65,68.8,66.5,0.0,4189,100.0%,Yes,Fixed Price,2021,56.12,$42.49
3897,Bob Marley,Uprising,Reggae,1998,Brazil,Promo Copy,No,Good,Very Good Plus,180.0,"46,585",247,528.0,2.138,93.8,40.5,2.0,620,97.5%,yes,Auction,2025,76.42,$69.96
3898,Sly and the Family Stone,There's a Riot Goin' On,Soul,1989,japan,Standard Reissue,No,Good,Very Good Plus,200g,"39,435",281,74.0,0.263,77.9,30.9,21.0,4365,98.4%,Yes,Fixed Price,2018,53.29,$58.05
3899,Bon Iver,"22, A Million",Folk,2016,Brazil,Original 1st Press,No,Very Good,Mint,180g,"14,099",725,1036.0,1.429,43.6,43.9,36.0,4171,100.0%,0,Auction,2016,67.66,$86.00
3900,Pink Floyd,The Dark Side of the Moon,Rock,2018,UK,Original 1st Press,no,Good,Very Good Plus,180g,"34,961",365,56.0,0.153,93.2,22.4,9.0,3047,95.9%,0,Fixed Price,2024,65.17,$65.11
3901,Michael Jackson,Thriller,Pop,2010,France,Anniversary Edition,yes,Very Good,Very Good,,"15,943",321,955.0,2.975,90.3,69.0,18.0,4461,97.8%,No,Fixed Price,2022,80.69,$117.69
3902,Kendrick Lamar,Section.80,Hip-Hop,1982,Brazil,Standard Reissue,no,Near Mint,,140g,"39,127",843,1059.0,1.256,90.0,16.9,55.0,4261,96.3%,False,Fixed Price,2023,56.06,$69.95
3903,Stevie Wonder,Music of My Mind,Soul,2012,Canada,Limited Colored Vinyl,Yes,Poor,Very Good Plus,120g,"4,867",63,69.0,1.095,91.4,38.1,44.0,2396,90.0%,1,Fixed Price,2024,73.86,$51.86
3904,Prince,Purple Rain,R&B,1964,Australia,Limited Colored Vinyl,Yes,Near Mint,,140.0,"42,367",347,71.0,0.205,87.1,38.5,22.0,4142,94.1%,Yes,Auction,2017,60.32,$86.90
3905,Loretta Lynn,Coal Miner's Daughter,Country,1975,Japan,Standard Reissue,No,Very Good,Mint,120.0,"9,636",403,809.0,2.007,19.4,61.5,21.0,4680,98.5%,No,Fixed Price,2016,44.47,$56.30
3906,Prince,1999,R&B,1983,canada,Original 1st Press,False,Near Mint,Good Plus,200g,"37,196",113,147.0,1.301,89.1,54.0,,3774,,Yes,Fixed Price,2017,80.01,$114.84
3907,The Clash,Sandinista!,Rock,1980,GERMANY,Promo Copy,No,Very Good Plus,,140.0,"27,799",267,377.0,1.412,66.7,25.6,68.0,4652,100.0%,Yes,Auction,2022,59.30,$77.75
3908,Sufjan Stevens,Michigan,Folk,2009,UK,Limited Colored Vinyl,True,Mint,Good,120.0,"3,156",471,1066.0,2.263,50.5,33.9,68.0,33,99.8%,yes,Fixed Price,2024,57.35,$66.22
3909,Jimi Hendrix,Electric Ladyland,Rock,1998,Japan,Anniversary Edition,Yes,Very Good,Very Good,200g,"7,573",550,167.0,0.304,68.3,20.1,1.0,4182,99.1%,No,Fixed Price,2023,48.93,$54.06
3910,The Clash,Combat Rock,Rock,1997,Germany,Promo Copy,No,Very Good Plus,Fair,120g,"37,421",478,1062.0,2.222,66.2,40.4,63.0,3498,100.0%,No,Auction,2025,62.34,$69.93
3911,David Bowie,Hunky Dory,Rock,2013,Japan,Standard Reissue,False,Near Mint,Good,140.0,"5,975",356,515.0,1.447,94.7,85.1,2.0,4269,90.4%,yes,Fixed Price,2020,78.67,$84.61
3912,Alice in Chains,Dirt,Alternative,1969,Brazil,Original 1st Press,no,Very Good Plus,Fair,120g,"4,055",115,129.0,1.122,57.9,48.2,,4855,93.7%,False,Auction,2024,69.20,$106.71
3913,The Clash,Combat Rock,Rock,1978,France,Standard Reissue,No,Good,,120.0,"45,430",572,1381.0,2.414,70.8,43.0,10.0,315,100.0%,True,Fixed Price,2018,53.55,$46.75
3914,Bob Marley,Legend,Reggae,1972,Australia,Standard Reissue,No,Very Good,Near Mint,200g,"44,390",213,412.0,1.934,95.6,48.0,68.0,4026,100.0%,Yes,Fixed Price,2018,65.11,$81.89
3915,Interpol,Turn on the Bright Lights,Alternative,1998,US,Original 1st Press,False,Very Good,,180.0,"15,175",251,563.0,2.243,23.4,43.2,12.0,99,97.5%,No,Fixed Price,2019,59.32,$76.82
3916,Led Zeppelin,Led Zeppelin II,Rock,2011,Australia,Standard Reissue,False,Good,Very Good,120.0,"1,180",366,234.0,0.639,99.8,3.9,16.0,1580,97.4%,Yes,Fixed Price,2020,59.63,$45.09
3917,Pink Floyd,The Wall,Rock,1977,Canada,Standard Reissue,No,Good Plus,,120.0,"16,460",887,705.0,0.795,88.6,69.6,0.0,1597,100.0%,False,Fixed Price,2022,70.14,$90.53
3918,Johnny Cash,American IV: The Man Comes Around,Country,1989,US,Standard Reissue,No,Very Good Plus,Mint,120.0,"28,205",795,955.0,1.201,89.7,61.8,31.0,1955,95.9%,Yes,Auction,2016,75.48,$96.53
3919,Pearl Jam,Vs.,Alternative,1972,Brazil,Limited Colored Vinyl,True,Good Plus,Near Mint,140g,"25,529",1030,3382.0,3.283,62.4,16.0,39.0,1204,97.9%,No,Fixed Price,2020,54.21,$61.18
3920,The Notorious B.I.G.,Life After Death,Hip-Hop,2007,germany,Original 1st Press,False,Poor,Very Good,180.0,"22,581",225,354.0,1.573,95.7,68.2,4.0,2715,92.2%,False,Fixed Price,2024,92.27,$69.43
3921,Radiohead,OK Computer,Alternative,2010,Brazil,Anniversary Edition,Yes,Mint,Good Plus,180g,"4,569",242,107.0,0.442,86.6,43.8,52.0,2284,100.0%,True,Fixed Price,2025,64.22,$88.55
3922,David Bowie,Scary Monsters,Rock,1979,UK,Original 1st Press,No,Mint,Near Mint,120.0,"25,521",316,376.0,1.19,92.4,19.8,0.0,2296,100.0%,No,Fixed Price,2020,73.70,$111.94
3923,Talking Heads,Speaking in Tongues,Alternative,1984,Brazil,Promo Copy,No,Near Mint,Good Plus,140.0,"17,908",152,359.0,2.362,78.9,37.6,24.0,4004,93.4%,False,Fixed Price,2016,66.93,$86.21
3924,The Beach Boys,Surf's Up,Pop,2010,US,Anniversary Edition,1,Mint,Very Good Plus,120.0,"14,514",668,,3.289,80.8,30.1,51.0,4336,97.8%,True,Auction,2025,62.47,$86.31
3925,The Beach Boys,Surf's Up,Pop,2001,BRAZIL,Anniversary Edition,Yes,Near Mint,Very Good,140.0,"46,257",741,886.0,1.196,83.9,27.7,34.0,2939,96.1%,no,Auction,2019,56.31,$91.35
3926,Slowdive,Slowdive,Alternative,1984,Australia,Standard Reissue,No,Very Good,Mint,140g,"39,363",191,368.0,1.927,26.4,46.5,6.0,649,,True,Fixed Price,2025,47.26,$62.85
3927,Eminem,The Marshall Mathers LP,Hip-Hop,1987,France,Original 1st Press,No,Very Good Plus,Poor,140.0,"40,084",202,307.0,1.52,101.0,12.3,36.0,1260,98.0%,Yes,Fixed Price,2022,80.75,$87.03
3928,Fleetwood Mac,Tusk,Rock,1973,germany,Anniversary Edition,Yes,Good Plus,Very Good Plus,120.0,"24,838",269,121.0,0.45,88.0,30.9,32.0,2951,95.7%,yes,Fixed Price,2023,61.81,$61.77
3929,The Notorious B.I.G.,Life After Death,Hip-Hop,2002,Germany,Promo Copy,False,Near Mint,Very Good Plus,120.0,"47,408",98,185.0,1.888,86.9,67.5,6.0,798,100.0%,Yes,Auction,2019,77.91,$118.49
3930,AC/DC,Powerage,Rock,1983,Brazil,Anniversary Edition,True,Very Good,Very Good Plus,180.0,"2,481",681,1528.0,2.244,87.6,41.1,3.0,1296,97.6%,0,Fixed Price,2022,68.89,$83.68
3931,The Rolling Stones,Tattoo You,Rock,2013,JAPAN,Anniversary Edition,True,Very Good Plus,Very Good Plus,140g,"17,004",223,810.0,3.632,95.0,30.7,22.0,246,94.8%,Yes,Auction,2017,71.85,$97.04
3932,Joni Mitchell,Court and Spark,Folk,2006,Brazil,Limited Colored Vinyl,Yes,Poor,Very Good Plus,180.0,"3,745",388,622.0,1.603,70.8,32.9,14.0,1121,95.3%,no,Fixed Price,2017,60.22,$52.30
3933,Pink Floyd,The Wall,Rock,1981,,Promo Copy,False,Very Good,Very Good Plus,180g,"43,705",1394,1401.0,1.005,92.1,62.2,4.0,2477,98.5%,No,Fixed Price,2016,75.97,$76.60
3934,Beastie Boys,Paul's Boutique,Hip-Hop,1982,UK,Promo Copy,False,Near Mint,Very Good Plus,180g,"13,283",62,9.0,0.145,53.8,9.6,18.0,904,96.5%,Yes,Fixed Price,2023,57.37,$77.90
3935,Stevie Wonder,Innervisions,Soul,1990,brazil,Standard Reissue,No,Mint,Very Good Plus,140.0,"21,707",1197,1632.0,1.363,87.0,38.4,7.0,3768,98.0%,0,Fixed Price,2017,60.23,$92.03
3936,Vampire Weekend,Vampire Weekend,Alternative,1999,UK,Test Pressing,yes,Mint,Good,200g,"27,774",136,158.0,1.162,71.2,23.8,0.0,4038,96.2%,No,Fixed Price,2022,65.25,$95.72
3937,Al Green,I'm Still in Love with You,Soul,1995,Brazil,Promo Copy,False,Near Mint,Good Plus,180.0,"39,722",799,200.0,0.25,58.4,27.2,18.0,256,,True,Fixed Price,2019,50.29,$54.05
3938,Alicia Keys,Alicia,R&B,1967,,Standard Reissue,No,Very Good,Good,120g,"16,228",960,798.0,0.831,76.4,80.4,0.0,3826,93.5%,No,Fixed Price,2017,65.01,$83.86
3939,Radiohead,In Rainbows,Alternative,1998,Netherlands,Anniversary Edition,True,Fair,,,"23,289",327,672.0,2.055,83.7,14.4,32.0,4551,96.2%,No,Fixed Price,2021,56.75,$45.33
3940,Guns N' Roses,Appetite for Destruction,Rock,1987,UK,Original 1st Press,No,Fair,Very Good,180g,"46,086",57,35.0,0.614,88.1,61.8,0.0,3116,97.8%,Yes,Auction,2022,79.79,$85.36
3941,The Rolling Stones,Made in the Shade,Rock,1973,CANADA,Standard Reissue,No,Near Mint,Very Good,180g,"13,856",1648,1681.0,1.02,94.6,16.1,11.0,3448,96.8%,No,Fixed Price,2023,55.13,$80.21
3942,Bjork,Homogenic,Electronic,2021,Germany,Standard Reissue,No,Very Good,Very Good Plus,180.0,"24,269",1113,2508.0,2.253,68.6,31.2,13.0,3864,92.3%,0,Fixed Price,2023,52.97,$73.70
3943,Daft Punk,Alive 2007,Electronic,1975,CANADA,Standard Reissue,0,Good Plus,Mint,140g,"39,562",380,505.0,1.329,86.3,57.4,18.0,409,100.0%,False,Fixed Price,2020,62.39,$61.72
3944,Radiohead,Kid A,Alternative,2001,Canada,Anniversary Edition,Yes,Near Mint,Mint,140.0,"17,315",1031,3603.0,3.495,86.1,36.5,,1273,99.3%,No,Fixed Price,2020,62.24,$96.81
3945,Patti Smith,Horses,Rock,1993,France,Promo Copy,No,Very Good,Very Good,120.0,"12,204",541,1035.0,1.913,30.7,80.0,36.0,1113,96.0%,yes,Fixed Price,2024,62.43,$56.53
3946,Aphex Twin,Syro,Electronic,1977,Brazil,Original 1st Press,no,Very Good,Very Good Plus,180g,"1,252",224,331.0,1.478,57.9,23.1,3.0,4327,97.8%,No,Fixed Price,2018,62.57,$72.82
3947,Arctic Monkeys,AM,Alternative,2011,Netherlands,Standard Reissue,No,Good Plus,Good,,"2,594",489,269.0,0.55,58.3,18.0,35.0,439,97.0%,No,Fixed Price,2024,43.92,$50.12
3948,Massive Attack,Protection,Electronic,2020,FRANCE,Standard Reissue,False,Very Good Plus,Near Mint,140.0,"28,599",1191,2762.0,2.319,56.3,22.2,122.0,1400,98.6%,No,Fixed Price,2020,47.22,$63.38
3949,Neil Young,Harvest,Folk,1965,Germany,Standard Reissue,No,Very Good Plus,Good,180.0,"15,609",1257,1871.0,1.488,57.0,13.0,14.0,2103,97.4%,1,Auction,2015,47.71,$63.99
3950,J Dilla,The Shining,Hip-Hop,1974,Canada,Promo Copy,False,  Near Mint ,Very Good,120g,"42,186",355,274.0,0.772,44.6,17.4,13.0,1331,99.4%,Yes,Fixed Price,2025,35.49,$48.46
3951,Duran Duran,Duran Duran,Pop,1962,Netherlands,Original 1st Press,0,Poor,Near Mint,140.0,"47,886",598,,1.455,78.0,19.6,17.0,4121,100.0%,No,Auction,2024,62.59,$51.56
3952,Patti Smith,Easter,Rock,1972,,Standard Reissue,No,Fair,Very Good Plus,180.0,"16,338",180,101.0,0.561,28.6,31.6,22.0,2879,99.7%,0,Auction,2025,36.31,$41.32
3953,Ice Cube,AmeriKKKa's Most Wanted,Hip-Hop,2004,japan,Original 1st Press,False,  Good ,Very Good Plus,180g,451,533,347.0,0.651,76.1,9.6,55.0,3172,97.0%,No,Fixed Price,2021,64.35,$69.58
3954,Duran Duran,Rio,Pop,1971,GERMANY,Anniversary Edition,1,Very Good,Mint,140.0,"10,723",259,355.0,1.371,70.8,43.6,1.0,1259,95.9%,no,Fixed Price,2015,60.42,$83.79
3955,Soundgarden,Badmotorfinger,Alternative,2009,Brazil,Anniversary Edition,Yes,Mint,Very Good,120g,716,779,2876.0,3.692,76.3,74.2,2.0,1823,100.0%,Yes,Fixed Price,2016,80.02,$107.62
3956,Alicia Keys,Songs in A Minor,R&B,1985,Brazil,Original 1st Press,No,Very Good Plus,Very Good Plus,200g,"47,872",124,96.0,0.774,77.9,7.7,17.0,1600,,Yes,Fixed Price,2015,58.19,$69.98
3957,Wu-Tang Clan,Enter the Wu-Tang (36 Chambers),Hip-Hop,1963,Canada,Standard Reissue,No,Good,Very Good Plus,140g,"38,332",680,156.0,0.229,68.8,7.0,13.0,1242,100.0%,No,Auction,2025,38.73,$39.03
3958,Bob Dylan,Highway 61 Revisited,Folk,1974,Germany,Original 1st Press,No,Near Mint,Very Good Plus,120.0,"15,300",181,176.0,0.972,91.7,53.2,9.0,1092,94.2%,True,Fixed Price,2022,82.82,$120.87
3959,Black Uhuru,Red,Reggae,2008,UK,Standard Reissue,0,Good,Mint,120.0,"20,277",1744,2687.0,1.541,20.3,35.6,118.0,937,99.5%,Yes,Fixed Price,2023,39.38,$48.23
3960,The Beatles,Rubber Soul,Rock,2011,Canada,Standard Reissue,No,Near Mint,Mint,120.0,"2,823",241,123.0,0.51,90.5,18.9,4.0,1640,92.2%,yes,Fixed Price,2020,58.73,$83.01
3961,Black Sabbath,Master of Reality,Rock,1973,US,Standard Reissue,No,Good Plus,Good Plus,120g,"47,967",840,293.0,0.349,71.6,19.7,6.0,2555,97.5%,No,Fixed Price,2023,43.66,$50.74
3962,Tame Impala,Lonerism,Alternative,2019,France,Standard Reissue,no,Mint,Good Plus,120.0,"20,361",1382,2955.0,2.138,59.8,36.0,4.0,2913,96.1%,Yes,Fixed Price,2019,53.50,$75.86
3963,John Coltrane,A Love Supreme,Jazz,1963,Netherlands,Standard Reissue,No,Near Mint,Good,180.0,"24,537",585,882.0,1.508,77.1,66.1,0.0,4090,93.7%,True,Fixed Price,2019,63.67,$76.23
3964,Brian Eno,Another Green World,Electronic,1976,brazil,Original 1st Press,False,Good,Near Mint,140.0,"30,499",735,788.0,1.072,37.1,16.2,55.0,2956,99.9%,0,Fixed Price,2022,46.73,$55.79
3965,Portishead,Dummy,Electronic,2004,uk,Limited Colored Vinyl,1,Very Good Plus,Near Mint,140g,"5,888",399,339.0,0.85,83.4,25.7,1.0,3025,100.0%,No,Auction,2016,63.66,$88.63
3966,Joy Division,Closer,Alternative,1980,BRAZIL,Original 1st Press,No,Very Good,Very Good,140g,"34,135",192,381.0,1.984,44.6,62.4,29.0,4265,94.9%,No,Fixed Price,2025,66.44,$92.85
3967,Daft Punk,Alive 2007,Electronic,1972,Australia,Test Pressing,yes,Very Good Plus,Poor,140g,"1,154",243,286.0,1.177,89.6,57.5,28.0,4784,96.7%,Yes,Fixed Price,2016,92.10,$120.76
3968,AC/DC,Highway to Hell,Rock,1999,Canada,Standard Reissue,no,Very Good Plus,Near Mint,120g,"20,055",744,337.0,0.453,93.4,16.7,44.0,568,96.6%,No,Fixed Price,2020,56.34,$67.67
3969,Bob Dylan,Blood on the Tracks,Folk,2021,Australia,Standard Reissue,No,Very Good,Very Good Plus,120g,"22,108",408,818.0,2.005,89.8,9.3,13.0,4354,99.6%,yes,Auction,2021,57.71,$61.86
3970,Kendrick Lamar,"good kid, m.A.A.d city",Hip-Hop,1975,UK,Original 1st Press,no,Very Good,,140g,"16,347",624,122.0,0.196,88.3,20.6,11.0,2662,96.9%,1,Fixed Price,2020,62.35,$71.62
3971,Daft Punk,Discovery,Electronic,1992,canada,Standard Reissue,No,Fair,Good,140.0,"18,945",744,1207.0,1.622,90.1,74.3,23.0,4285,92.8%,Yes,Auction,2022,71.54,$62.74
3972,John Coltrane,My Favorite Things,Jazz,1962,Canada,Standard Reissue,no,Very Good Plus,Very Good Plus,120.0,"5,211",767,118.0,0.154,67.7,44.3,60.0,2160,100.0%,No,Fixed Price,2024,50.56,$70.85
3973,Portishead,Dummy,Electronic,1991,UK,Standard Reissue,No,Very Good,Very Good,120g,"28,961",1069,1289.0,1.206,81.7,19.4,12.0,3043,99.0%,1,Fixed Price,2015,46.23,$50.20
3974,David Bowie,Let's Dance,Pop,2000,Canada,Standard Reissue,False,Good,Very Good,120g,"18,161",1070,951.0,0.889,90.1,33.9,43.0,1785,96.3%,Yes,Fixed Price,2015,53.54,$46.96
3975,Neil Young,On the Beach,Folk,1971,Australia,Standard Reissue,No,Very Good Plus,Very Good Plus,120.0,"12,312",214,43.0,0.201,65.7,52.5,20.0,2119,92.0%,False,Auction,2015,56.87,$77.50
3976,Peter Gabriel,So,Pop,2016,Germany,Standard Reissue,False,Very Good Plus,Good,200g,"16,860",750,1552.0,2.069,63.0,47.8,2.0,4042,98.0%,Yes,Fixed Price,2025,55.65,$77.10
3977,Arctic Monkeys,Favourite Worst Nightmare,Alternative,1996,uk,Standard Reissue,No,  Near Mint ,Very Good,140g,"25,590",507,55.0,0.108,62.8,59.3,25.0,4173,92.1%,1,Auction,2015,57.78,$70.17
3978,Bon Iver,"22, A Million",Folk,1968,Japan,Anniversary Edition,yes,Near Mint,Good Plus,180g,"9,886",723,2496.0,3.452,43.0,40.6,29.0,3312,97.2%,No,Auction,2021,58.88,$83.67
3979,Peter Gabriel,Us,Pop,1989,France,Original 1st Press,No,Mint,Mint,120.0,"42,086",188,355.0,1.888,60.9,56.9,30.0,182,97.2%,No,Fixed Price,2024,75.68,$112.97
3980,Sufjan Stevens,Illinois,Folk,1981,uk,Standard Reissue,0,Very Good Plus,Near Mint,120g,"4,227",1373,2261.0,1.647,58.8,41.5,0.0,4344,98.2%,No,Auction,2022,56.71,$71.69
3981,Pearl Jam,Ten,Alternative,1985,Germany,Standard Reissue,0,Very Good Plus,Near Mint,120g,"44,029",458,255.0,0.557,68.6,71.5,3.0,2150,99.6%,No,Fixed Price,2023,56.51,$82.77
3982,Funkadelic,One Nation Under a Groove,R&B,1961,Brazil,Anniversary Edition,Yes,Near Mint,Very Good Plus,140.0,"46,009",547,1672.0,3.057,38.8,50.0,12.0,943,99.0%,1,Fixed Price,2023,52.47,$62.45
3983,Kendrick Lamar,Section.80,Hip-Hop,1973,FRANCE,Standard Reissue,No,Near Mint,Good Plus,120.0,"48,969",906,464.0,0.512,96.6,20.2,32.0,368,100.0%,0,Fixed Price,2024,52.13,$79.64
3984,The Beatles,Revolver,Rock,1972,,Original 1st Press,No,Good,Very Good Plus,180.0,"8,818",328,149.0,0.454,88.3,8.5,27.0,75,95.1%,Yes,Auction,2020,72.98,$77.24
3985,Joni Mitchell,Court and Spark,Folk,1992,Canada,Original 1st Press,0,Mint,Mint,120g,"21,062",261,539.0,2.065,71.7,23.6,19.0,4482,98.8%,False,Fixed Price,2019,67.03,$116.79
3986,Michael Jackson,Off the Wall,Pop,1973,FRANCE,Anniversary Edition,Yes,Very Good Plus,Near Mint,180g,"49,272",330,422.0,1.279,94.7,73.3,16.0,2965,95.4%,Yes,Fixed Price,2023,69.88,$95.55
3987,Prince,Purple Rain,R&B,1983,US,Promo Copy,No,  Very Good Plus ,Very Good Plus,200g,"36,715",153,173.0,1.131,91.4,36.5,18.0,3077,95.9%,No,Fixed Price,2022,66.75,$89.94
3988,Portishead,Portishead,Electronic,2020,germany,Standard Reissue,0,Good,,140.0,"44,383",1035,772.0,0.746,78.8,60.2,11.0,1101,97.8%,Yes,Fixed Price,2024,60.56,$54.45
3989,Pink Floyd,The Dark Side of the Moon,Rock,1967,Netherlands,Anniversary Edition,1,Mint,Good,180g,457,1420,3087.0,2.174,89.2,23.5,32.0,2633,90.7%,True,Fixed Price,2020,70.70,$103.71
3990,Dolly Parton,Coat of Many Colors,Country,1961,Canada,Standard Reissue,0,Near Mint,Very Good,180.0,"17,325",350,422.0,1.206,60.4,75.4,10.0,4308,98.1%,Yes,Auction,2017,65.03,$106.65
3991,John Coltrane,My Favorite Things,Jazz,1968,UK,Standard Reissue,no,Near Mint,Good Plus,140g,"18,756",273,472.0,1.729,70.1,41.9,3.0,2500,96.7%,No,Fixed Price,2024,62.40,$88.70
3992,N.W.A,Straight Outta Compton,Hip-Hop,1961,France,Anniversary Edition,Yes,Good Plus,Near Mint,120.0,"40,950",1154,485.0,0.42,63.0,44.7,29.0,1152,95.0%,No,Fixed Price,2018,53.20,$72.53
3993,The Beatles,Rubber Soul,Rock,1974,Japan,Standard Reissue,no,Very Good,Very Good,180.0,"27,990",1024,2176.0,2.125,86.1,23.0,17.0,2112,94.5%,Yes,Fixed Price,2017,58.42,$72.75
3994,2Pac,All Eyez on Me,Hip-Hop,2021,us,Anniversary Edition,Yes,Very Good Plus,Very Good,120g,"4,160",284,860.0,3.028,96.3,19.5,10.0,2861,100.0%,No,Fixed Price,2023,56.19,$75.39
3995,Soundgarden,Badmotorfinger,Alternative,1970,Germany,Limited Colored Vinyl,Yes,Very Good Plus,Poor,140.0,"28,933",656,1654.0,2.521,74.4,71.1,111.0,2576,94.7%,No,Auction,2023,77.30,$94.13
3996,Black Sabbath,Black Sabbath,Rock,2003,Japan,Standard Reissue,No,Near Mint,Fair,140g,451,169,61.0,0.361,70.8,16.6,15.0,3015,98.9%,False,Fixed Price,2019,53.80,$64.77
3997,Kendrick Lamar,DAMN.,Hip-Hop,1979,Brazil,Standard Reissue,No,Near Mint,,120g,"18,305",538,1318.0,2.45,88.8,81.4,2.0,1882,93.5%,Yes,Fixed Price,2020,75.19,$89.23
3998,Tom Petty,Wildflowers,Rock,1989,Brazil,Anniversary Edition,Yes,Very Good,Mint,200g,"14,948",536,624.0,1.164,25.4,75.5,20.0,3618,93.4%,No,Auction,2015,51.07,$66.22
3999,The Rolling Stones,Tattoo You,Rock,2009,Germany,Standard Reissue,No,Mint,Good Plus,120.0,"22,703",1751,1533.0,0.875,96.3,36.6,6.0,3864,94.4%,1,Fixed Price,2015,71.88,$93.41
4000,Snoop Dogg,Doggystyle,Hip-Hop,2001,France,Anniversary Edition,True,Very Good Plus,Mint,120g,"24,050",791,298.0,0.377,73.4,33.7,14.0,239,,False,Auction,2018,48.37,$65.48
4001,Television,Marquee Moon,Rock,1972,UK,Standard Reissue,No,Good,Near Mint,180.0,"16,598",952,1258.0,1.321,23.6,32.4,43.0,1705,100.0%,False,Auction,2017,47.20,$54.15
4002,George Michael,Faith,Pop,1997,Netherlands,Original 1st Press,0,Good Plus,Near Mint,120.0,"32,125",72,168.0,2.333,62.6,30.8,23.0,1352,100.0%,no,Fixed Price,2019,64.82,$79.60
4003,Kraftwerk,Trans-Europe Express,Electronic,2015,JAPAN,Standard Reissue,0,Good,Very Good,120g,"13,432",1457,1799.0,1.235,76.2,60.7,45.0,311,97.4%,0,Fixed Price,2021,72.36,$67.63
4004,N.W.A,Straight Outta Compton,Hip-Hop,2019,Australia,Anniversary Edition,1,Very Good Plus,,120.0,"22,761",351,1230.0,3.504,61.9,46.7,42.0,879,93.9%,No,Fixed Price,2023,54.75,$82.31
4005,The Cure,Disintegration,Alternative,1984,France,Original 1st Press,False,Very Good Plus,Very Good Plus,180.0,"45,850",77,139.0,1.805,39.6,68.9,14.0,3698,98.9%,0,Fixed Price,2025,69.42,$95.81
4006,The Notorious B.I.G.,Ready to Die,Hip-Hop,2018,Germany,Original 1st Press,False,Good Plus,Near Mint,180g,"19,563",281,627.0,2.231,93.5,78.0,24.0,332,97.2%,no,Fixed Price,2022,92.58,$107.61
4007,Vampire Weekend,Modern Vampires of the City,Alternative,1975,us,Standard Reissue,No,Very Good,Near Mint,140g,"21,278",982,909.0,0.926,72.8,27.8,1.0,4038,97.6%,True,Fixed Price,2025,50.33,$52.74
4008,U2,Achtung Baby,Rock,2006,GERMANY,Standard Reissue,No,Very Good Plus,Fair,180g,"23,203",582,794.0,1.364,78.7,28.9,37.0,4814,,Yes,Fixed Price,2018,61.73,$73.54
4009,Black Uhuru,Red,Reggae,1967,Canada,Limited Colored Vinyl,yes,Near Mint,Very Good,140.0,"49,817",178,235.0,1.32,20.5,33.8,0.0,3496,96.8%,No,Fixed Price,2017,42.56,$59.52
4010,Eminem,The Marshall Mathers LP,Hip-Hop,1961,canada,Test Pressing,1,Near Mint,,180.0,"49,454",138,277.0,2.007,101.1,8.2,9.0,4285,99.2%,0,Auction,2015,76.48,$114.72
4011,AC/DC,Back in Black,Rock,1969,Japan,Anniversary Edition,True,Mint,Very Good Plus,180.0,"14,563",437,970.0,2.22,89.6,44.8,7.0,1768,95.3%,True,Fixed Price,2023,70.46,$115.80
4012,Black Uhuru,Sinsemilla,Reggae,1994,Canada,Original 1st Press,No,Very Good Plus,Very Good,180g,"27,676",78,45.0,0.577,18.3,52.8,30.0,4542,,1,Fixed Price,2020,51.57,$68.26
4013,My Bloody Valentine,Isn't Anything,Alternative,2013,Japan,Test Pressing,1,Good,Very Good Plus,180g,"22,133",202,251.0,1.243,25.1,68.0,11.0,2570,98.8%,No,Fixed Price,2019,72.41,$71.77
4014,Sade,Love Deluxe,R&B,1974,Brazil,Standard Reissue,No,Mint,Near Mint,140g,"26,728",525,562.0,1.07,81.8,67.5,3.0,3727,92.3%,0,Fixed Price,2019,67.01,$103.69
4015,Arctic Monkeys,AM,Alternative,1999,Netherlands,Anniversary Edition,True,Good Plus,Very Good,180.0,"30,596",1703,5073.0,2.979,57.6,21.4,32.0,3828,99.6%,no,Fixed Price,2018,51.73,$62.18
4016,Joni Mitchell,Hejira,Folk,2009,Brazil,Limited Colored Vinyl,Yes,Near Mint,Good Plus,120g,"31,618",873,509.0,0.583,81.7,49.8,13.0,1073,94.5%,no,Auction,2021,68.90,$96.97
4017,Brian Eno,Another Green World,Electronic,1963,Brazil,Standard Reissue,No,Near Mint,Very Good,120g,"19,757",544,580.0,1.066,50.1,14.6,20.0,4682,,False,Fixed Price,2015,39.87,$51.66
4018,D'Angelo,Voodoo,R&B,1966,GERMANY,Standard Reissue,No,Near Mint,Good Plus,120g,"15,208",470,356.0,0.757,67.6,22.3,5.0,2750,94.7%,No,Fixed Price,2023,45.20,$65.84
4019,Lauryn Hill,The Miseducation of Lauryn Hill,R&B,1974,Australia,Standard Reissue,0,Mint,Very Good Plus,180g,"8,731",1569,1345.0,0.857,68.8,13.6,1.0,4009,96.5%,False,Fixed Price,2023,50.49,$77.75
4020,Massive Attack,Protection,Electronic,1976,Germany,Anniversary Edition,Yes,Very Good,Very Good Plus,140g,"48,384",600,951.0,1.585,53.9,20.0,6.0,4773,100.0%,no,Fixed Price,2025,44.99,$51.44
4021,Kendrick Lamar,Section.80,Hip-Hop,1975,US,Original 1st Press,No,Mint,Mint,140g,"31,123",69,21.0,0.304,90.3,23.2,2.0,3333,95.3%,False,Fixed Price,2022,62.87,$93.86
4022,The Rolling Stones,Some Girls,Rock,1967,Japan,Standard Reissue,no,Very Good Plus,Very Good Plus,140g,"16,652",273,461.0,1.689,92.6,40.0,123.0,3795,100.0%,Yes,Fixed Price,2016,67.42,$84.63
4023,Prince,Purple Rain,R&B,1961,Netherlands,Anniversary Edition,Yes,Near Mint,Very Good,120g,"19,259",232,432.0,1.862,90.8,35.3,24.0,4322,97.2%,No,Auction,2018,71.22,$117.10
4024,Kendrick Lamar,"good kid, m.A.A.d city",Hip-Hop,1993,Australia,Anniversary Edition,True,Very Good,Very Good,180g,"19,630",2061,3474.0,1.686,90.3,21.6,8.0,387,93.6%,No,Fixed Price,2020,67.09,$83.26
4025,Japandroids,Post-Nothing,Alternative,2006,AUSTRALIA,Anniversary Edition,1,Good Plus,Mint,180g,"35,597",147,378.0,2.571,30.4,52.4,,1372,98.2%,No,Auction,2016,49.79,$56.21
4026,Public Enemy,It Takes a Nation of Millions to Hold Us Back,Hip-Hop,1982,Japan,Standard Reissue,No,Good,Fair,180.0,"26,695",659,1019.0,1.546,69.0,40.9,65.0,1092,100.0%,Yes,Fixed Price,2023,57.17,$51.41
4027,Outkast,ATLiens,Hip-Hop,1980,Netherlands,Anniversary Edition,Yes,Very Good,Good,180.0,"15,206",1102,917.0,0.832,70.0,67.8,9.0,2226,98.4%,True,Fixed Price,2020,67.68,$74.73
4028,Daft Punk,Homework,Electronic,2012,Australia,Original 1st Press,False,Very Good Plus,Good Plus,200.0,"22,114",119,95.0,0.798,91.2,34.2,34.0,922,91.9%,0,Fixed Price,2023,65.82,$76.96
4029,Kendrick Lamar,"good kid, m.A.A.d city",Hip-Hop,1967,FRANCE,Test Pressing,Yes,Fair,,140.0,"9,596",167,104.0,0.623,94.1,22.7,0.0,2709,94.1%,No,Fixed Price,2020,81.38,$59.74
4030,Bob Dylan,Blood on the Tracks,Folk,1970,AUSTRALIA,Standard Reissue,0,Near Mint,Near Mint,140g,"38,565",1714,2359.0,1.376,86.6,6.6,31.0,4128,99.4%,Yes,Fixed Price,2021,46.16,$66.39
4031,The Beach Boys,Surf's Up,Pop,1989,Netherlands,Anniversary Edition,1,  Near Mint ,Very Good Plus,140g,"22,689",1122,1045.0,0.931,80.9,30.3,24.0,240,100.0%,Yes,Fixed Price,2019,56.96,$70.39
4032,De La Soul,3 Feet High and Rising,Hip-Hop,2021,NETHERLANDS,Limited Colored Vinyl,True,Good Plus,Fair,140g,"46,557",321,606.0,1.888,76.4,52.7,11.0,949,94.8%,0,Fixed Price,2023,65.78,$75.82
4033,Prince,Lovesexy,R&B,2006,Australia,Original 1st Press,No,Very Good Plus,Good,200.0,"31,087",157,140.0,0.892,87.8,12.7,10.0,4112,98.3%,yes,Auction,2019,66.03,$94.99
4034,Interpol,Antics,Alternative,2011,Australia,Standard Reissue,No,Very Good,Fair,180.0,"13,511",327,112.0,0.343,26.1,1.5,3.0,652,95.2%,Yes,Fixed Price,2020,24.08,$28.43
4035,Led Zeppelin,Houses of the Holy,Rock,1972,GERMANY,Promo Copy,No,Fair,Near Mint,140g,"23,434",961,692.0,0.72,96.1,35.6,20.0,1457,99.9%,Yes,Fixed Price,2022,67.14,$58.04
4036,Television,Marquee Moon,Rock,1961,us,Limited Colored Vinyl,True,Near Mint,Near Mint,140g,"14,165",276,575.0,2.083,18.3,29.3,3.0,523,96.3%,No,Fixed Price,2024,48.09,$73.38
4037,Joanna Newsom,Ys,Folk,1976,Netherlands,Standard Reissue,No,  Good Plus ,Near Mint,140g,"17,360",1579,3574.0,2.263,33.8,41.0,,4884,100.0%,True,Fixed Price,2024,49.03,$61.52
4038,Ice Cube,AmeriKKKa's Most Wanted,Hip-Hop,2017,australia,Anniversary Edition,yes,Mint,Good Plus,120.0,"23,581",573,2108.0,3.679,81.0,12.1,9.0,664,94.8%,False,Auction,2018,59.32,$113.11
4039,Bjork,Vespertine,Electronic,1966,Canada,Original 1st Press,No,Very Good Plus,Very Good,120.0,"42,567",703,573.0,0.815,76.5,22.9,14.0,4031,100.0%,1,Fixed Price,2022,59.32,$69.93
4040,U2,War,Rock,2010,US,Standard Reissue,no,Very Good Plus,Very Good,140.0,"47,159",1274,756.0,0.593,76.2,21.5,6.0,1533,100.0%,No,Fixed Price,2016,47.14,$67.36
4041,Kendrick Lamar,"good kid, m.A.A.d city",Hip-Hop,2000,japan,Standard Reissue,False,Good Plus,Very Good Plus,120.0,"13,018",1107,,2.077,90.8,22.0,5.0,3578,96.6%,no,Fixed Price,2019,59.56,$64.13
4042,D'Angelo,Black Messiah,R&B,1999,Japan,Original 1st Press,No,  Near Mint ,Mint,120g,"1,658",273,421.0,1.542,71.9,29.3,9.0,4561,91.9%,no,Fixed Price,2020,66.23,$106.52
4043,U2,War,Rock,1973,BRAZIL,Promo Copy,0,Very Good,Near Mint,120.0,"13,684",661,717.0,1.085,77.7,21.5,10.0,144,99.9%,no,Auction,2015,65.34,$95.30
4044,De La Soul,De La Soul Is Dead,Hip-Hop,1972,Canada,Standard Reissue,No,Good,Good,180.0,"32,018",168,401.0,2.387,81.0,43.1,4.0,2696,98.7%,No,Auction,2020,61.07,$67.82
4045,Snoop Dogg,Doggystyle,Hip-Hop,2013,Japan,Anniversary Edition,True,Good Plus,Poor,,"6,576",798,170.0,0.213,78.4,32.9,71.0,4048,96.9%,Yes,Fixed Price,2024,52.31,$49.29
4046,Radiohead,OK Computer,Alternative,1984,France,Original 1st Press,No,  Near Mint ,Very Good Plus,180g,"31,664",208,112.0,0.538,82.7,50.9,12.0,4677,96.0%,0,Fixed Price,2021,78.73,$124.27
4047,Aphex Twin,Drukqs,Electronic,1987,Japan,Limited Colored Vinyl,Yes,Very Good Plus,Very Good Plus,200.0,"47,975",354,133.0,0.376,56.9,21.3,,2314,97.1%,Yes,Auction,2023,43.05,$46.57
4048,Kraftwerk,The Man-Machine,Electronic,1981,France,Standard Reissue,No,Poor,Very Good,180.0,"2,187",1239,1727.0,1.394,81.0,56.2,20.0,4610,97.9%,Yes,Fixed Price,2015,68.98,$53.39
4049,Pink Floyd,The Dark Side of the Moon,Rock,1961,Japan,Anniversary Edition,True,Very Good Plus,Mint,180.0,"40,852",100,352.0,3.52,90.0,23.4,35.0,3403,,True,Fixed Price,2019,61.36,$77.76
4050,Funkadelic,Maggot Brain,R&B,1985,CANADA,Original 1st Press,0,Mint,Fair,120.0,"8,434",82,148.0,1.805,39.9,59.2,31.0,1494,96.3%,Yes,Fixed Price,2017,63.55,$77.95
4051,Alice in Chains,Facelift,Alternative,1998,FRANCE,Standard Reissue,0,Near Mint,Very Good Plus,180.0,"22,262",894,1228.0,1.374,63.2,48.1,3.0,442,96.7%,No,Auction,2020,53.73,$82.62
4052,De La Soul,De La Soul Is Dead,Hip-Hop,2009,US,Limited Colored Vinyl,1,  Good Plus ,Very Good,,"32,607",1307,4105.0,3.141,75.1,45.8,3.0,3052,96.2%,True,Fixed Price,2018,64.20,$74.31
4053,New Order,Low Life,Electronic,2005,CANADA,Standard Reissue,0,Very Good Plus,Very Good Plus,140g,"4,726",1900,4283.0,2.254,68.0,41.7,8.0,4894,96.6%,True,Fixed Price,2024,55.39,$58.58
4054,David Bowie,Station to Station,Rock,1990,France,Promo Copy,No,Mint,Very Good,140.0,"6,190",677,399.0,0.589,82.9,16.4,23.0,4078,97.8%,False,Auction,2018,70.50,$93.55
4055,Junior Murvin,Police and Thieves,Reggae,1987,Brazil,Standard Reissue,No,Very Good Plus,Very Good Plus,120.0,"42,416",876,2033.0,2.321,25.7,38.1,48.0,1489,95.4%,Yes,Fixed Price,2022,36.43,$40.79
4056,The White Stripes,Elephant,Alternative,1985,UK,Limited Colored Vinyl,Yes,Very Good Plus,Fair,200g,"13,916",859,3220.0,3.749,62.5,47.4,21.0,4196,97.2%,0,Fixed Price,2015,73.91,$86.06
4057,Funkadelic,Uncle Jam Wants You,R&B,1997,UK,Anniversary Edition,yes,Very Good Plus,Very Good Plus,140g,"39,458",562,454.0,0.808,42.5,60.8,38.0,3814,98.2%,No,Fixed Price,2023,49.42,$65.98
4058,Talking Heads,Fear of Music,Alternative,1981,UK,Standard Reissue,No,Near Mint,Very Good,200.0,"17,519",2068,3780.0,1.828,75.2,14.0,36.0,1100,97.3%,0,Fixed Price,2022,53.64,$83.47
4059,Talking Heads,Remain in Light,Alternative,1964,US,Standard Reissue,No,Very Good,Very Good Plus,180g,"43,563",464,845.0,1.821,76.7,73.0,38.0,4894,98.4%,False,Fixed Price,2022,70.80,$78.79
4060,Metallica,Ride the Lightning,Rock,2022,UK,Standard Reissue,No,Mint,Near Mint,180g,"4,440",804,1020.0,1.269,95.7,25.7,25.0,3690,94.7%,1,Fixed Price,2024,62.91,$95.25
4061,Bob Marley,Kaya,Reggae,2003,Japan,Original 1st Press,No,Very Good Plus,,200.0,"31,936",301,493.0,1.638,90.2,40.4,31.0,1993,91.3%,yes,Fixed Price,2025,82.25,$110.60
4062,David Bowie,Station to Station,Rock,1967,US,Standard Reissue,No,Mint,,140.0,"22,412",1880,1990.0,1.059,85.8,16.8,33.0,3474,98.8%,No,Fixed Price,2022,54.79,$89.16
4063,Arcade Fire,Funeral,Alternative,1987,GERMANY,Original 1st Press,0,Fair,Near Mint,180g,"43,793",487,713.0,1.464,57.0,65.0,0.0,3201,96.7%,yes,Fixed Price,2022,75.25,$67.45
4064,Sly and the Family Stone,Fresh,Soul,2021,canada,Promo Copy,No,Near Mint,Very Good,180g,"45,375",98,11.0,0.112,74.5,58.5,41.0,1685,97.0%,No,Auction,2025,61.23,$74.74
4065,Dolly Parton,Trio,Country,2009,netherlands,Original 1st Press,No,Near Mint,Good Plus,140g,"33,685",267,408.0,1.528,67.1,81.7,7.0,1206,99.7%,No,Fixed Price,2022,79.97,$107.91
4066,Bob Dylan,The Freewheelin' Bob Dylan,Folk,2008,FRANCE,Standard Reissue,False,Mint,Very Good,180.0,"26,172",1262,2371.0,1.879,91.6,37.1,69.0,4048,95.8%,yes,Fixed Price,2018,61.18,$92.31
4067,The Strokes,Room on Fire,Alternative,1966,Australia,Standard Reissue,0,Mint,Near Mint,120g,"37,032",1184,1951.0,1.648,66.2,18.7,54.0,2130,98.0%,No,Fixed Price,2017,42.64,$61.58
4068,Stevie Wonder,Songs in the Key of Life,Soul,2007,Australia,Standard Reissue,No,Good,Very Good Plus,180.0,"7,852",186,46.0,0.247,95.0,34.2,11.0,2608,94.9%,No,Auction,2017,59.54,$58.11
4069,The Beatles,The White Album,Rock,1986,France,Test Pressing,Yes,Very Good Plus,Very Good,140g,"15,915",58,132.0,2.276,85.6,59.9,74.0,1835,93.9%,0,Fixed Price,2023,91.14,$107.52
4070,Frank Ocean,Channel Orange,R&B,2020,France,Standard Reissue,No,Very Good Plus,Good Plus,200g,"22,043",637,1235.0,1.939,99.2,15.0,6.0,3140,95.2%,No,Fixed Price,2021,55.07,$83.46
4071,The Beach Boys,Pet Sounds,Pop,2012,Netherlands,Anniversary Edition,Yes,Very Good,Near Mint,120.0,"25,289",744,2446.0,3.288,82.3,31.4,,1495,98.1%,no,Fixed Price,2022,58.41,$74.65
4072,Bon Iver,"For Emma, Forever Ago",Folk,1968,Japan,Standard Reissue,False,Very Good Plus,Good Plus,120g,"12,424",210,168.0,0.8,37.5,10.8,9.0,1849,99.4%,Yes,Fixed Price,2020,37.50,$44.48
4073,The Beatles,Abbey Road,Rock,2021,France,Standard Reissue,No,Mint,Very Good Plus,120g,"14,062",119,194.0,1.63,84.8,75.2,6.0,1535,96.4%,Yes,Fixed Price,2024,74.64,$128.95
4074,The Rolling Stones,Beggars Banquet,Rock,1981,Netherlands,Promo Copy,No,Very Good,Very Good Plus,180g,"44,756",586,1315.0,2.244,90.4,39.2,23.0,1140,95.5%,no,Auction,2025,67.79,$87.77
4075,Aphex Twin,Selected Ambient Works 85-92,Electronic,2003,Australia,Limited Colored Vinyl,Yes,Very Good,Very Good Plus,180g,"35,604",112,411.0,3.67,57.9,0.8,4.0,1843,97.0%,0,Fixed Price,2015,48.35,$53.84
4076,The Strokes,Is This It,Alternative,1968,Australia,Anniversary Edition,1,Near Mint,Near Mint,200.0,"9,533",822,3063.0,3.726,68.6,23.3,30.0,4403,98.5%,No,Fixed Price,2021,58.17,$87.92
4077,Outkast,ATLiens,Hip-Hop,2019,France,Original 1st Press,0,Very Good,Mint,180.0,"5,740",1398,3045.0,2.178,71.4,71.9,18.0,4761,95.5%,no,Auction,2022,78.87,$108.35
4078,R.E.M.,Document,Alternative,1988,,Standard Reissue,No,Near Mint,,180.0,"41,423",108,238.0,2.204,60.5,33.7,62.0,4768,,1,Fixed Price,2016,48.82,$66.05
4079,Beastie Boys,Licensed to Ill,Hip-Hop,1962,US,Limited Colored Vinyl,Yes,Very Good,Very Good,120.0,"37,013",259,397.0,1.533,58.9,41.4,21.0,4827,94.7%,0,Fixed Price,2016,56.58,$63.12
4080,Metallica,Master of Puppets,Rock,2014,Germany,Original 1st Press,No,Good Plus,Poor,200.0,"34,411",579,369.0,0.637,88.9,75.2,19.0,4071,93.0%,0,Fixed Price,2022,83.61,$83.15
4081,Arcade Fire,Funeral,Alternative,2007,Netherlands,Standard Reissue,No,Good Plus,,120g,"30,653",1577,2022.0,1.282,58.1,62.7,8.0,1961,96.7%,No,Fixed Price,2025,52.97,$63.21
4082,Erykah Badu,Mama's Gun,R&B,2008,UK,Standard Reissue,No,Good,Fair,120.0,"8,138",787,1781.0,2.263,79.9,16.1,70.0,1700,99.4%,No,Auction,2016,62.54,$53.16
4083,Interpol,Turn on the Bright Lights,Alternative,1961,Australia,Standard Reissue,False,Very Good Plus,Near Mint,180g,"45,613",450,350.0,0.778,22.1,40.9,21.0,1954,94.8%,Yes,Fixed Price,2017,36.29,$51.08
4084,Steely Dan,The Royal Scam,Rock,2010,UK,Standard Reissue,No,Near Mint,Very Good,120g,"29,271",585,1117.0,1.909,80.5,4.4,43.0,3121,91.5%,Yes,Fixed Price,2023,52.23,$76.82
4085,Daft Punk,Alive 2007,Electronic,1977,Japan,Standard Reissue,No,Near Mint,Good Plus,180g,"9,889",154,327.0,2.123,80.0,53.2,45.0,3611,92.3%,No,Fixed Price,2025,73.12,$101.55
4086,Pink Floyd,Animals,Rock,1982,BRAZIL,Standard Reissue,0,Fair,Near Mint,120.0,"36,912",2249,,2.489,96.8,68.4,5.0,2045,97.1%,No,Fixed Price,2015,64.80,$57.89
4087,Bon Iver,"For Emma, Forever Ago",Folk,1981,JAPAN,Limited Colored Vinyl,True,Good Plus,Good Plus,180g,"40,875",422,474.0,1.123,38.6,12.4,42.0,1168,97.7%,No,Fixed Price,2021,35.37,$37.39
4088,David Bowie,Station to Station,Rock,1979,US,Standard Reissue,No,Mint,Very Good,180.0,"33,084",996,2412.0,2.422,88.2,15.8,26.0,4244,96.9%,No,Auction,2024,53.62,$70.23
4089,Bjork,Post,Electronic,2013,germany,Standard Reissue,no,Good Plus,Mint,180g,"33,136",148,337.0,2.277,76.9,70.7,0.0,4918,99.7%,False,Auction,2020,64.17,$61.62
4090,Michael Jackson,Off the Wall,Pop,1999,UK,Anniversary Edition,True,Very Good Plus,Very Good,200g,"22,314",593,839.0,1.415,94.0,70.7,0.0,2582,94.9%,0,Fixed Price,2016,80.96,$124.16
4091,Jane's Addiction,Nothing's Shocking,Alternative,2014,UK,Anniversary Edition,Yes,Near Mint,Very Good Plus,180.0,"6,286",712,1163.0,1.633,24.7,16.3,24.0,3877,100.0%,Yes,Fixed Price,2022,46.20,$55.88
4092,Nirvana,Nevermind,Alternative,1971,Germany,Original 1st Press,No,Very Good Plus,,140.0,"46,434",339,205.0,0.605,99.9,34.6,15.0,2105,98.4%,No,Auction,2023,76.11,$103.06
4093,Bob Dylan,Nashville Skyline,Folk,1984,US,Original 1st Press,No,Mint,Good,140g,"41,772",234,539.0,2.303,94.8,28.1,2.0,2162,,0,Fixed Price,2021,74.46,$112.66
4094,Michael Jackson,Thriller,Pop,2019,Canada,Original 1st Press,0,Very Good Plus,Near Mint,140g,"21,921",137,215.0,1.569,94.0,64.7,2.0,305,98.0%,True,Fixed Price,2023,90.24,$128.53
4095,Nina Simone,Nina Simone in Concert,Jazz,2014,us,Standard Reissue,No,Very Good Plus,Near Mint,200g,"14,726",445,1085.0,2.438,75.5,43.9,31.0,4017,93.9%,True,Fixed Price,2019,63.65,$88.46
4096,Stevie Wonder,Music of My Mind,Soul,2021,France,Promo Copy,0,Very Good Plus,Near Mint,120g,"11,887",654,115.0,0.176,92.3,42.1,26.0,3464,94.4%,Yes,Fixed Price,2025,72.05,$93.13
4097,Bon Iver,"For Emma, Forever Ago",Folk,2015,uk,Standard Reissue,No,Very Good Plus,Very Good Plus,120g,"33,807",501,1203.0,2.401,39.2,16.9,5.0,3257,96.9%,no,Auction,2023,39.18,$63.99
4098,Wu-Tang Clan,Enter the Wu-Tang (36 Chambers),Hip-Hop,2005,Germany,Limited Colored Vinyl,Yes,Mint,,180.0,"9,154",286,664.0,2.322,70.9,2.6,6.0,1725,99.5%,Yes,Fixed Price,2021,58.01,$90.85
4099,Erykah Badu,Mama's Gun,R&B,1994,Japan,Standard Reissue,No,Good Plus,Very Good,140.0,"13,217",1195,571.0,0.478,75.6,16.8,0.0,2357,96.6%,No,Auction,2024,54.86,$60.76
4100,John Coltrane,A Love Supreme,Jazz,1995,CANADA,Promo Copy,No,Very Good Plus,Very Good,140g,"15,598",546,786.0,1.44,67.8,69.6,34.0,1385,90.2%,no,Auction,2025,68.48,$94.18
4101,The Rolling Stones,Emotional Rescue,Rock,1978,Japan,Original 1st Press,no,Very Good,Mint,200g,"41,430",369,563.0,1.526,95.2,36.2,3.0,3415,90.1%,Yes,Fixed Price,2015,75.42,$106.80
4102,Bob Dylan,The Freewheelin' Bob Dylan,Folk,1967,France,Anniversary Edition,Yes,Near Mint,,120g,"1,981",529,1624.0,3.07,90.1,45.2,14.0,3948,96.6%,no,Fixed Price,2023,67.68,$106.99
4103,Nirvana,Nevermind,Alternative,2017,Netherlands,Standard Reissue,No,Very Good Plus,Good Plus,120.0,"23,768",85,128.0,1.506,100.6,34.7,30.0,2163,96.3%,No,Fixed Price,2019,70.14,$97.34
4104,Alicia Keys,Alicia,R&B,2006,netherlands,Promo Copy,0,Very Good Plus,Very Good,,"19,136",557,1281.0,2.3,70.2,80.6,48.0,4648,91.1%,Yes,Fixed Price,2017,84.90,$95.30
4105,Steely Dan,The Royal Scam,Rock,1975,US,Standard Reissue,False,Near Mint,Good,120g,"39,837",2674,5542.0,2.073,81.3,8.4,,302,91.9%,No,Fixed Price,2024,51.13,$67.52
4106,D'Angelo,Voodoo,R&B,1996,Brazil,Standard Reissue,No,Good Plus,Good Plus,180g,"27,823",506,195.0,0.385,68.2,16.0,48.0,156,95.8%,False,Fixed Price,2015,38.89,$35.32
4107,Sly and the Family Stone,Fresh,Soul,2000,brazil,Test Pressing,True,Very Good Plus,Very Good Plus,180.0,"34,822",307,1064.0,3.466,75.8,64.2,0.0,1756,95.0%,0,Auction,2024,90.69,$135.62
4108,Kraftwerk,The Man-Machine,Electronic,2012,Germany,Promo Copy,False,Very Good,Near Mint,180.0,"46,878",349,526.0,1.507,78.0,50.3,10.0,3423,99.9%,No,Auction,2021,62.45,$76.41
4109,Kendrick Lamar,"good kid, m.A.A.d city",Hip-Hop,1987,Netherlands,Standard Reissue,no,Good,Good Plus,140g,"4,389",1011,499.0,0.494,85.9,20.3,79.0,4978,98.8%,No,Fixed Price,2018,51.83,$56.62
4110,Paul Simon,So Beautiful or So What,Folk,1971,,Standard Reissue,No,Good,,180.0,"38,628",238,172.0,0.723,74.1,28.9,18.0,4039,95.9%,Yes,Fixed Price,2018,46.75,$40.53
4111,Paul Simon,So Beautiful or So What,Folk,1973,us,Standard Reissue,No,Very Good Plus,Very Good Plus,,"24,107",1815,4497.0,2.478,76.2,33.5,35.0,2811,97.1%,No,Fixed Price,2020,59.34,$87.73
4112,Aphex Twin,Selected Ambient Works 85-92,Electronic,2004,Brazil,Anniversary Edition,Yes,  Good Plus ,Good Plus,180g,"35,042",2047,6720.0,3.283,64.4,-0.0,3.0,2119,95.8%,0,Fixed Price,2024,50.00,$49.48
4113,Pearl Jam,Vitalogy,Alternative,1995,Canada,Standard Reissue,False,Very Good,Very Good,120g,"49,708",1012,1804.0,1.783,62.8,9.8,81.0,3573,98.2%,no,Fixed Price,2025,42.25,$44.61
4114,Pink Floyd,The Wall,Rock,2019,CANADA,Test Pressing,Yes,Near Mint,Very Good Plus,180.0,"12,969",425,1537.0,3.616,86.5,68.3,46.0,1166,94.7%,Yes,Auction,2022,101.14,$132.13
4115,Stevie Wonder,Songs in the Key of Life,Soul,1980,France,Limited Colored Vinyl,True,Very Good,Near Mint,180g,"9,672",188,544.0,2.894,92.1,32.5,9.0,2072,94.1%,0,Fixed Price,2024,70.73,$86.01
4116,Al Green,I'm Still in Love with You,Soul,1987,FRANCE,Original 1st Press,0,Very Good Plus,Very Good,180.0,"12,271",203,384.0,1.892,60.3,24.9,60.0,3628,88.0%,0,Fixed Price,2015,59.00,$77.76
4117,Joni Mitchell,Ladies of the Canyon,Folk,1977,Australia,Limited Colored Vinyl,True,Near Mint,Fair,140g,"36,528",292,1072.0,3.671,74.7,41.4,24.0,2076,98.8%,False,Fixed Price,2019,69.62,$80.99
4118,Burning Spear,Marcus Garvey,Reggae,2021,Germany,Anniversary Edition,Yes,Poor,Very Good Plus,140.0,"3,648",834,2507.0,3.006,21.7,32.0,41.0,4693,94.4%,yes,Auction,2024,41.80,$30.16
4119,Kings of Leon,Youth and Young Manhood,Alternative,2016,netherlands,Test Pressing,1,Very Good,Very Good,200.0,"36,900",130,219.0,1.685,71.8,79.9,51.0,2542,94.8%,1,Auction,2023,89.59,$117.67
4120,The Smiths,"Strangeways, Here We Come",Alternative,2003,Netherlands,Standard Reissue,False,Very Good,,140.0,563,483,137.0,0.284,49.7,41.2,0.0,4106,95.1%,No,Fixed Price,2022,52.52,$67.79
4121,Stevie Wonder,Music of My Mind,Soul,1961,uk,Standard Reissue,False,Near Mint,Mint,200g,"24,983",1310,1027.0,0.784,93.5,36.8,4.0,1776,96.4%,No,Fixed Price,2015,61.21,$108.61
4122,Radiohead,In Rainbows,Alternative,2015,uk,Standard Reissue,No,Fair,Good Plus,180.0,"21,379",379,308.0,0.813,86.8,18.0,28.0,1946,97.2%,No,Auction,2023,56.56,$47.10
4123,Talking Heads,Speaking in Tongues,Alternative,1977,france,Standard Reissue,No,Very Good Plus,Very Good Plus,180g,"25,483",283,670.0,2.367,80.7,34.8,7.0,3595,90.1%,True,Auction,2016,58.61,$69.94
4124,Michael Jackson,Bad,Pop,1966,UK,Anniversary Edition,Yes,Very Good Plus,Good Plus,140g,"25,454",172,335.0,1.948,91.7,34.6,38.0,3913,94.7%,yes,Fixed Price,2018,67.10,$79.26
4125,Kraftwerk,Computer World,Electronic,2020,germany,Standard Reissue,No,Very Good Plus,Very Good,140g,"49,728",1305,1784.0,1.367,77.9,30.4,0.0,4033,100.0%,Yes,Fixed Price,2022,55.02,$78.53
4126,The Smiths,Meat Is Murder,Alternative,1981,Japan,Standard Reissue,no,Very Good,,180.0,"28,699",254,132.0,0.52,46.4,28.7,54.0,4553,94.3%,0,Fixed Price,2021,42.82,$47.87
4127,Vampire Weekend,Modern Vampires of the City,Alternative,1972,Canada,Standard Reissue,No,Fair,Fair,120.0,"41,733",713,368.0,0.516,71.3,25.9,52.0,1349,96.0%,No,Fixed Price,2015,43.00,$33.52
4128,Stevie Wonder,Talking Book,Soul,2013,CANADA,Promo Copy,False,Good,Mint,200.0,"48,827",276,376.0,1.362,88.2,40.4,9.0,2435,98.4%,No,Fixed Price,2016,77.69,$103.85
4129,D'Angelo,Voodoo,R&B,1998,Netherlands,Test Pressing,Yes,Good Plus,Very Good Plus,120.0,"35,151",623,835.0,1.34,72.4,23.5,13.0,978,96.6%,no,Auction,2020,74.66,$79.95
4130,Eminem,The Eminem Show,Hip-Hop,1986,france,Standard Reissue,False,Near Mint,,180g,"27,902",610,722.0,1.184,101.3,25.6,35.0,2445,96.8%,True,Fixed Price,2023,62.81,$88.47
4131,Brian Eno,Another Green World,Electronic,1971,australia,Anniversary Edition,Yes,Near Mint,Mint,140g,"23,043",423,1515.0,3.582,39.3,16.2,17.0,1792,86.8%,No,Fixed Price,2018,36.93,$53.58
4132,Peter Gabriel,Us,Pop,2004,germany,Standard Reissue,0,Good,Very Good Plus,140g,"33,492",703,966.0,1.374,60.4,63.7,4.0,2087,96.5%,0,Fixed Price,2023,59.96,$55.35
4133,Lauryn Hill,The Miseducation of Lauryn Hill,R&B,1989,US,Anniversary Edition,1,Mint,Good Plus,140.0,"46,667",1066,266.0,0.25,67.5,19.1,3.0,2033,99.4%,False,Fixed Price,2025,48.68,$73.59
4134,Kraftwerk,Autobahn,Electronic,1965,US,Standard Reissue,No,Very Good,Very Good Plus,180g,"28,614",491,63.0,0.128,78.8,35.7,17.0,1067,100.0%,0,Fixed Price,2023,56.92,$80.15
4135,Massive Attack,Protection,Electronic,1993,Netherlands,Original 1st Press,No,Very Good,Very Good,180g,"38,719",96,117.0,1.219,56.6,20.6,5.0,2717,88.3%,yes,Auction,2020,55.35,$70.47
4136,The Notorious B.I.G.,Ready to Die,Hip-Hop,2011,Germany,Anniversary Edition,Yes,Near Mint,Very Good Plus,140g,"36,009",704,1321.0,1.876,95.2,78.2,4.0,668,100.0%,Yes,Fixed Price,2024,81.37,$119.31
4137,Arcade Fire,The Suburbs,Alternative,1981,Germany,Promo Copy,False,Very Good Plus,Poor,120g,"39,523",254,373.0,1.469,58.0,17.0,1.0,2429,97.6%,True,Fixed Price,2025,49.52,$53.73
4138,Metallica,Master of Puppets,Rock,1963,us,Limited Colored Vinyl,1,Very Good,Very Good Plus,120g,"34,389",1482,3162.0,2.134,93.6,68.0,25.0,105,92.1%,Yes,Auction,2021,81.11,$97.80
4139,2Pac,Me Against the World,Hip-Hop,1979,Canada,Original 1st Press,no,Good Plus,Near Mint,200g,"43,203",268,158.0,0.59,92.6,33.4,1.0,827,91.2%,no,Fixed Price,2017,67.13,$71.87
4140,Sufjan Stevens,Carrie & Lowell,Folk,1983,UK,Limited Colored Vinyl,1,Very Good,Very Good Plus,140g,"19,806",541,1816.0,3.357,55.8,11.8,31.0,950,100.0%,Yes,Auction,2025,48.45,$62.96
4141,AC/DC,Back in Black,Rock,2009,australia,Standard Reissue,No,Good,Very Good,200.0,"4,118",451,276.0,0.612,91.1,43.5,9.0,3162,,True,Fixed Price,2019,64.23,$65.16
4142,Radiohead,Kid A,Alternative,1968,US,Test Pressing,Yes,Very Good,Good,120.0,"20,269",279,255.0,0.914,83.3,30.5,29.0,4183,93.7%,0,Fixed Price,2017,75.33,$87.86
4143,Paul Simon,So Beautiful or So What,Folk,1975,BRAZIL,Standard Reissue,No,Very Good Plus,Very Good,120g,"2,166",1027,1987.0,1.935,79.0,37.6,41.0,2476,94.2%,True,Fixed Price,2018,65.50,$85.59
4144,R.E.M.,Green,Alternative,1972,Germany,Test Pressing,Yes,Good,Good Plus,200.0,"47,630",332,919.0,2.768,62.6,72.1,12.0,42,94.4%,False,Auction,2022,83.85,$100.33
4145,John Coltrane,A Love Supreme,Jazz,2008,FRANCE,Test Pressing,1,Good Plus,Very Good Plus,140g,"45,522",655,815.0,1.244,72.0,61.8,21.0,4947,96.1%,True,Fixed Price,2024,82.42,$92.03
4146,Dave Brubeck,Time Out,Jazz,1979,UK,Standard Reissue,no,Very Good Plus,Very Good Plus,180.0,"16,841",370,507.0,1.37,26.4,36.3,57.0,2619,100.0%,no,Fixed Price,2016,45.43,$63.04
4147,Bjork,Vespertine,Electronic,2014,Brazil,Standard Reissue,False,Near Mint,Very Good,120g,"14,467",494,747.0,1.512,67.3,21.1,17.0,561,95.7%,No,Fixed Price,2022,52.06,$68.26
4148,Daft Punk,Alive 2007,Electronic,1971,Germany,Original 1st Press,No,Near Mint,Good,140.0,"41,112",723,1730.0,2.393,81.1,51.1,16.0,2253,99.5%,Yes,Fixed Price,2020,80.72,$102.77
4149,Talking Heads,Remain in Light,Alternative,1995,NETHERLANDS,Standard Reissue,No,Near Mint,Very Good,200.0,"15,296",851,127.0,0.149,81.6,71.6,5.0,1189,97.9%,False,Auction,2015,69.76,$102.35
4150,The Rolling Stones,Let It Bleed,Rock,2004,Brazil,Standard Reissue,No,Very Good Plus,Very Good Plus,180g,"33,507",108,64.0,0.593,94.0,17.8,65.0,1769,97.1%,No,Fixed Price,2017,52.42,$66.16
4151,Guns N' Roses,Appetite for Destruction,Rock,1998,UK,Test Pressing,True,Near Mint,Very Good Plus,120.0,"19,662",485,126.0,0.26,85.5,60.3,0.0,2056,95.5%,No,Fixed Price,2019,82.97,$132.50
4152,Nas,Illmatic,Hip-Hop,1999,US,Original 1st Press,No,Mint,Very Good Plus,140.0,"2,429",357,759.0,2.126,69.5,19.5,23.0,3844,99.0%,Yes,Auction,2024,70.67,$98.05
4153,Sufjan Stevens,Illinois,Folk,2019,Germany,Limited Colored Vinyl,yes,Good Plus,Very Good Plus,120.0,"8,377",1086,2102.0,1.936,51.9,31.9,12.0,1459,98.3%,No,Auction,2021,56.44,$62.49
4154,Metallica,...And Justice for All,Rock,1963,NETHERLANDS,Standard Reissue,No,Fair,Very Good Plus,200.0,"21,025",651,851.0,1.307,94.6,58.9,6.0,1358,95.9%,False,Auction,2024,70.08,$66.96
4155,The Rolling Stones,Made in the Shade,Rock,1964,France,Anniversary Edition,True,Good Plus,Very Good Plus,140g,"15,266",864,2594.0,3.002,97.0,12.1,19.0,1695,,No,Auction,2022,63.18,$79.89
4156,The Beach Boys,Wild Honey,Pop,2011,US,Limited Colored Vinyl,True,  Near Mint ,Near Mint,120g,"34,603",466,838.0,1.798,79.5,31.1,13.0,4719,96.6%,1,Fixed Price,2019,69.48,$113.01
4157,Bob Marley,Uprising,Reggae,2014,Australia,Standard Reissue,False,Very Good Plus,Mint,,"10,390",1302,1683.0,1.293,91.0,50.2,15.0,1446,93.4%,No,Fixed Price,2017,65.80,$82.49
4158,Vampire Weekend,Modern Vampires of the City,Alternative,1994,UK,Original 1st Press,No,Very Good Plus,Good Plus,120g,"46,206",243,417.0,1.716,68.4,28.9,,2194,93.8%,Yes,Fixed Price,2020,66.15,$90.38
4159,Miles Davis,Bitches Brew,Jazz,1992,Brazil,Standard Reissue,No,Near Mint,Very Good,,"43,495",253,522.0,2.063,80.3,14.2,11.0,1030,100.0%,No,Fixed Price,2019,50.65,$68.14
4160,Michael Jackson,Bad,Pop,1975,france,Standard Reissue,False,Very Good Plus,Near Mint,120.0,994,570,511.0,0.896,89.3,35.6,25.0,50,95.4%,No,Fixed Price,2016,65.08,$92.35
4161,Peter Gabriel,So,Pop,2021,japan,Promo Copy,0,Very Good,Fair,140g,"36,175",496,1007.0,2.03,66.6,54.5,32.0,1213,100.0%,0,Fixed Price,2025,65.77,$70.72
4162,Japandroids,Post-Nothing,Alternative,1991,brazil,Limited Colored Vinyl,True,Very Good Plus,Good Plus,180.0,"42,111",68,186.0,2.735,34.8,43.5,50.0,3654,100.0%,Yes,Fixed Price,2015,48.54,$55.00
4163,Jimi Hendrix,Electric Ladyland,Rock,1983,UK,Standard Reissue,0,Very Good Plus,Very Good,140g,"26,916",490,771.0,1.573,74.5,17.7,38.0,584,95.0%,True,Auction,2018,51.69,$63.12
4164,Sly and the Family Stone,Fresh,Soul,1993,australia,Standard Reissue,False,Very Good Plus,Very Good Plus,200.0,"48,242",803,2004.0,2.496,69.7,63.4,11.0,3945,97.9%,No,Fixed Price,2018,63.93,$87.11
4165,The White Stripes,Elephant,Alternative,1965,US,Standard Reissue,False,Good Plus,Very Good Plus,120.0,"16,045",463,417.0,0.901,62.8,54.6,8.0,4922,94.5%,Yes,Fixed Price,2017,55.03,$62.12
4166,Kendrick Lamar,Section.80,Hip-Hop,1990,Netherlands,Standard Reissue,No,Very Good,Very Good,120.0,"19,702",668,255.0,0.382,94.4,23.0,12.0,2504,99.8%,yes,Auction,2019,54.10,$58.78
4167,The Strokes,Is This It,Alternative,2010,Australia,Standard Reissue,No,Very Good,Very Good Plus,140.0,"37,787",1651,1962.0,1.188,67.3,21.1,20.0,2378,93.9%,True,Fixed Price,2017,46.71,$59.93
4168,David Bowie,Let's Dance,Pop,1974,Germany,Anniversary Edition,1,Near Mint,Near Mint,140.0,"44,367",446,1028.0,2.305,90.1,29.9,14.0,3367,94.6%,No,Fixed Price,2022,62.87,$100.44
4169,Nirvana,Bleach,Alternative,2017,GERMANY,Standard Reissue,No,Very Good Plus,Near Mint,180g,"48,286",3005,5001.0,1.664,98.1,47.3,13.0,136,97.2%,Yes,Fixed Price,2021,57.35,$85.90
4170,Bjork,Homogenic,Electronic,1989,Canada,Original 1st Press,False,Very Good,Mint,120.0,"9,190",294,546.0,1.857,67.8,30.8,20.0,494,100.0%,Yes,Fixed Price,2025,61.95,$73.21
4171,Frank Ocean,Blonde,R&B,1960,Brazil,Limited Colored Vinyl,True,Very Good Plus,Very Good,140g,"35,598",414,990.0,2.391,95.6,29.2,52.0,3372,94.4%,Yes,Auction,2016,62.81,$90.77
4172,The National,High Violet,Alternative,1997,Japan,Standard Reissue,0,Very Good,Very Good Plus,,"39,008",398,283.0,0.711,41.4,18.2,29.0,1135,97.9%,No,Fixed Price,2023,32.46,$34.86
4173,Rage Against the Machine,Evil Empire,Alternative,1965,US,Original 1st Press,No,Near Mint,Near Mint,180g,"35,862",181,332.0,1.834,69.1,25.7,25.0,4258,100.0%,No,Fixed Price,2024,68.32,$111.45
4174,Prince,Around the World in a Day,R&B,2012,Australia,Promo Copy,No,Near Mint,Fair,140g,"40,259",192,25.0,0.13,94.2,49.3,24.0,1929,100.0%,No,Auction,2021,63.44,$79.44
4175,Black Uhuru,Red,Reggae,2022,BRAZIL,Standard Reissue,No,Very Good Plus,Good,180.0,"9,188",1128,874.0,0.775,21.7,32.4,4.0,3210,92.9%,Yes,Fixed Price,2022,35.18,$46.05
4176,Parliament,Chocolate City,R&B,1977,Netherlands,Test Pressing,yes,Fair,Good,120.0,"11,708",332,195.0,0.587,45.2,49.0,15.0,1522,98.9%,No,Fixed Price,2017,67.94,$67.99
4177,Funkadelic,One Nation Under a Groove,R&B,1960,CANADA,Original 1st Press,No,Very Good Plus,Good Plus,120g,"12,464",363,,1.022,41.0,45.9,11.0,2004,100.0%,No,Fixed Price,2016,63.98,$83.85
4178,Sufjan Stevens,Carrie & Lowell,Folk,1973,France,Anniversary Edition,yes,Fair,Very Good Plus,140.0,"8,715",577,1022.0,1.771,50.9,12.4,29.0,4456,95.0%,No,Fixed Price,2021,51.04,$45.97
4179,Ice Cube,AmeriKKKa's Most Wanted,Hip-Hop,1988,Japan,Standard Reissue,No,Very Good Plus,Very Good,180g,"42,631",773,1213.0,1.569,75.0,5.4,7.0,2879,97.4%,False,Fixed Price,2023,43.04,$63.93
4180,John Coltrane,My Favorite Things,Jazz,1989,Canada,Standard Reissue,No,Good Plus,Good Plus,140g,"11,671",1154,136.0,0.118,75.8,45.9,12.0,1466,92.8%,Yes,Fixed Price,2017,63.29,$64.19
4181,Prince,Dirty Mind,R&B,2018,Brazil,Standard Reissue,No,Mint,Fair,200g,"49,936",729,381.0,0.523,89.2,48.2,46.0,3602,96.4%,No,Fixed Price,2024,59.14,$75.40
4182,Bob Dylan,The Freewheelin' Bob Dylan,Folk,1985,GERMANY,Original 1st Press,False,Poor,Good Plus,120g,"39,790",463,1052.0,2.272,88.4,41.0,101.0,200,95.7%,No,Fixed Price,2017,77.59,$58.66
4183,Parliament,Chocolate City,R&B,1962,Japan,Anniversary Edition,Yes,Good Plus,Very Good Plus,120g,"23,119",414,1178.0,2.845,40.4,52.4,1.0,2797,100.0%,No,Fixed Price,2015,63.51,$71.02
4184,Daft Punk,Human After All,Electronic,1967,Germany,Limited Colored Vinyl,1,Poor,,180g,"10,004",729,821.0,1.126,91.3,72.7,62.0,4232,100.0%,False,Auction,2018,82.59,$64.01
4185,AC/DC,Back in Black,Rock,1967,NETHERLANDS,Test Pressing,1,Good,Very Good,140g,"18,484",72,168.0,2.333,87.9,43.1,10.0,4633,,False,Auction,2020,96.59,$106.57
4186,The Notorious B.I.G.,Ready to Die,Hip-Hop,2018,Canada,Anniversary Edition,Yes,Very Good Plus,Near Mint,140.0,"43,618",243,900.0,3.704,97.0,78.2,26.0,331,97.3%,0,Fixed Price,2020,85.01,$104.36
4187,Snoop Dogg,Doggystyle,Hip-Hop,1964,France,Standard Reissue,0,Good Plus,Good Plus,120.0,"15,819",377,644.0,1.708,72.1,25.2,11.0,4301,,No,Fixed Price,2021,48.08,$50.26
4188,Massive Attack,Mezzanine,Electronic,2019,NETHERLANDS,Original 1st Press,No,Good,Good,140g,"1,657",197,318.0,1.614,53.2,71.5,51.0,2286,100.0%,Yes,Auction,2024,79.50,$78.44
4189,U2,War,Rock,1970,Netherlands,Original 1st Press,No,Very Good Plus,Near Mint,140g,"18,807",357,360.0,1.008,80.7,25.9,16.0,318,99.7%,True,Auction,2024,66.10,$88.26
4190,The Cure,Wish,Alternative,1999,UK,Original 1st Press,No,Fair,Good Plus,140g,"29,908",756,1650.0,2.183,32.2,41.0,50.0,1229,92.4%,No,Fixed Price,2015,55.78,$49.58
4191,Television,Marquee Moon,Rock,1974,Netherlands,Anniversary Edition,True,Very Good Plus,Very Good,180g,"26,933",158,526.0,3.329,18.7,26.1,0.0,332,98.6%,No,Fixed Price,2016,41.85,$55.17
4192,Prince,Lovesexy,R&B,1966,US,Original 1st Press,No,Very Good,Very Good Plus,180g,"48,933",481,889.0,1.848,89.2,16.4,3.0,2272,98.2%,Yes,Fixed Price,2022,73.47,$84.61
4193,Eminem,The Eminem Show,Hip-Hop,1972,UK,Promo Copy,no,Very Good Plus,Good Plus,180.0,"31,005",154,158.0,1.026,103.3,30.4,39.0,3288,96.4%,0,Fixed Price,2021,69.79,$81.44
4194,Beastie Boys,Ill Communication,Hip-Hop,1984,US,Standard Reissue,No,Very Good,Very Good,180.0,"41,281",684,973.0,1.423,53.5,26.4,0.0,3898,97.4%,No,Auction,2017,34.64,$48.88
4195,Sufjan Stevens,Carrie & Lowell,Folk,1965,France,Original 1st Press,No,Near Mint,Very Good,140g,"49,461",241,71.0,0.295,52.9,10.5,19.0,4994,91.7%,False,Fixed Price,2018,48.51,$59.82
4196,Jimi Hendrix,Are You Experienced,Rock,2004,france,Original 1st Press,No,Near Mint,Near Mint,140.0,"8,706",93,227.0,2.441,70.4,33.4,19.0,911,100.0%,No,Fixed Price,2020,68.91,$84.97
4197,Eminem,The Eminem Show,Hip-Hop,1988,France,Original 1st Press,No,  Very Good Plus ,Very Good,200.0,"36,552",240,182.0,0.758,102.1,27.6,27.0,2859,100.0%,No,Fixed Price,2023,82.91,$87.21
4198,The Rolling Stones,Some Girls,Rock,1997,UK,Original 1st Press,No,Mint,Good Plus,180.0,"28,073",577,1044.0,1.809,97.6,43.7,12.0,4264,98.3%,No,Fixed Price,2018,79.17,$97.22
4199,Burning Spear,Marcus Garvey,Reggae,2010,Japan,Anniversary Edition,True,Very Good Plus,Near Mint,180g,"38,677",190,574.0,3.021,23.4,33.1,8.0,845,99.5%,No,Auction,2016,31.85,$50.02
4200,Jimi Hendrix,Axis: Bold as Love,Rock,1976,Brazil,Standard Reissue,No,Mint,Very Good Plus,,"14,258",2470,4990.0,2.02,72.0,47.4,0.0,451,95.3%,No,Fixed Price,2021,57.42,$88.24
4201,Bon Iver,"For Emma, Forever Ago",Folk,1989,France,Standard Reissue,False,Very Good Plus,Very Good Plus,140g,"29,862",442,946.0,2.14,37.4,10.7,10.0,3855,91.6%,Yes,Fixed Price,2025,35.85,$54.88
4202,Tame Impala,The Slow Rush,Alternative,1977,Australia,Standard Reissue,0,Very Good Plus,Very Good Plus,120.0,"4,935",357,668.0,1.871,57.9,70.3,7.0,2811,100.0%,False,Fixed Price,2017,61.14,$79.04
4203,Red Hot Chili Peppers,Blood Sugar Sex Magik,Alternative,1964,US,Standard Reissue,No,Very Good,Near Mint,140.0,"20,852",721,736.0,1.021,59.0,22.4,31.0,3843,100.0%,No,Auction,2019,45.08,$50.85
4204,AC/DC,Powerage,Rock,2015,Brazil,Limited Colored Vinyl,1,Near Mint,Very Good,140.0,"6,275",15,31.0,2.067,98.0,41.9,2.0,3120,,0,Fixed Price,2015,80.15,$101.37
4205,De La Soul,3 Feet High and Rising,Hip-Hop,2016,Brazil,Test Pressing,True,Very Good,Very Good,120.0,"38,561",21,24.0,1.143,81.0,53.3,2.0,795,94.6%,Yes,Auction,2018,81.02,$88.63
4206,Beastie Boys,Ill Communication,Hip-Hop,1961,Australia,Original 1st Press,No,Near Mint,Near Mint,140g,"44,641",413,,1.506,53.0,18.5,12.0,880,96.0%,False,Auction,2020,56.97,$74.22
4207,Funkadelic,Free Your Mind,R&B,2020,,Original 1st Press,No,Very Good Plus,Very Good Plus,,"29,019",185,,2.173,45.3,67.7,117.0,3673,94.5%,0,Fixed Price,2025,69.15,$87.30
4208,Miles Davis,Bitches Brew,Jazz,1997,Netherlands,Limited Colored Vinyl,True,Poor,Very Good,140.0,"8,611",771,900.0,1.167,80.0,19.6,1.0,2192,96.7%,Yes,Fixed Price,2016,60.38,$43.92
4209,Pink Floyd,Wish You Were Here,Rock,2017,Canada,Original 1st Press,No,Fair,Mint,140g,"8,844",447,216.0,0.483,88.4,24.7,8.0,3344,95.5%,Yes,Fixed Price,2023,75.19,$76.71
4210,Michael Jackson,Thriller,Pop,1980,Brazil,Anniversary Edition,1,Very Good Plus,Good,140g,"26,217",490,1011.0,2.063,98.9,66.2,10.0,2066,98.5%,no,Auction,2021,77.77,$107.19
4211,Snoop Dogg,Doggystyle,Hip-Hop,1984,Germany,Original 1st Press,No,Near Mint,Very Good,120.0,"13,638",100,246.0,2.46,72.3,28.3,,745,95.1%,no,Fixed Price,2021,76.34,$118.44
4212,Funkadelic,Cosmic Slop,R&B,2015,France,Limited Colored Vinyl,True,Very Good Plus,,200.0,"17,335",207,746.0,3.604,41.5,20.9,16.0,2757,99.0%,No,Fixed Price,2025,53.90,$71.57
4213,Patti Smith,Easter,Rock,1995,US,Standard Reissue,False,Fair,Very Good Plus,180.0,"22,908",1199,1575.0,1.314,32.2,40.5,2.0,2805,99.9%,No,Fixed Price,2023,36.64,$33.17
4214,Joni Mitchell,Hejira,Folk,1976,Brazil,Standard Reissue,no,Fair,Good Plus,140g,"45,366",298,174.0,0.584,77.5,45.6,10.0,2402,93.6%,Yes,Fixed Price,2017,60.67,$52.69
4215,R.E.M.,Reckoning,Alternative,1976,GERMANY,Original 1st Press,0,Poor,Very Good,,"36,635",109,159.0,1.459,56.0,42.2,19.0,4862,94.8%,No,Auction,2015,65.51,$52.08
4216,Massive Attack,Protection,Electronic,2015,Japan,Promo Copy,No,Very Good Plus,Near Mint,120.0,"19,993",91,158.0,1.736,56.3,18.4,5.0,4466,94.6%,no,Fixed Price,2016,49.81,$68.27
4217,Pearl Jam,Vs.,Alternative,1961,Brazil,Test Pressing,1,Very Good Plus,Mint,140g,"20,593",630,266.0,0.422,70.0,16.0,15.0,1624,95.8%,No,Auction,2016,55.29,$94.32
4218,Kendrick Lamar,DAMN.,Hip-Hop,2016,Australia,Standard Reissue,False,Very Good Plus,Very Good,140g,"49,080",1140,2669.0,2.341,91.8,81.9,39.0,204,100.0%,False,Auction,2019,71.81,$88.48
4219,The Rolling Stones,Exile on Main St.,Rock,2013,Canada,Standard Reissue,No,Very Good,Good Plus,140.0,"35,424",1202,2844.0,2.366,87.8,11.7,9.0,2190,100.0%,False,Fixed Price,2020,49.26,$60.98
4220,Erykah Badu,Mama's Gun,R&B,2002,canada,Standard Reissue,No,Good,Very Good Plus,200.0,"1,947",700,892.0,1.274,77.5,18.0,0.0,4768,100.0%,No,Fixed Price,2024,57.92,$55.60
4221,Pink Floyd,The Wall,Rock,1997,Canada,Standard Reissue,No,Good,Very Good,120.0,"40,853",476,177.0,0.372,95.7,68.9,20.0,3590,94.9%,Yes,Fixed Price,2019,64.71,$62.14
4222,AC/DC,Highway to Hell,Rock,1961,US,Original 1st Press,No,Good Plus,Very Good,140.0,"26,740",433,952.0,2.199,87.3,16.6,23.0,1928,95.9%,True,Fixed Price,2019,72.30,$77.94
4223,Massive Attack,Protection,Electronic,2015,Germany,Limited Colored Vinyl,1,Very Good Plus,Very Good,180g,"13,988",674,1493.0,2.215,51.1,22.0,37.0,4223,95.2%,No,Fixed Price,2022,54.78,$71.91
4224,Sly and the Family Stone,Stand!,Soul,1982,NETHERLANDS,Original 1st Press,No,Very Good Plus,Near Mint,140.0,"49,475",228,401.0,1.759,70.5,66.3,26.0,3675,99.0%,yes,Fixed Price,2021,79.16,$106.66
4225,Bob Dylan,Blood on the Tracks,Folk,1993,France,Standard Reissue,0,Good,Good Plus,140g,745,1028,1519.0,1.478,95.9,7.2,31.0,1752,95.1%,no,Fixed Price,2024,57.39,$57.08
4226,Prince,Lovesexy,R&B,1980,France,Standard Reissue,No,  Very Good ,Very Good Plus,200g,"41,958",715,1206.0,1.687,92.9,18.3,10.0,1248,95.7%,No,Fixed Price,2023,53.68,$81.04
4227,Stevie Wonder,Songs in the Key of Life,Soul,2002,US,Anniversary Edition,yes,Very Good,Very Good Plus,180.0,"2,739",156,221.0,1.417,93.2,24.2,31.0,98,100.0%,False,Auction,2022,64.51,$76.81
4228,Arcade Fire,Funeral,Alternative,2019,Germany,Standard Reissue,no,Very Good,Very Good Plus,120g,"16,979",1305,1418.0,1.087,53.1,62.1,22.0,1789,96.2%,No,Fixed Price,2019,55.77,$86.88
4229,Radiohead,OK Computer,Alternative,1991,Brazil,Test Pressing,Yes,Very Good Plus,Mint,120.0,"30,515",393,79.0,0.201,86.8,49.5,64.0,4709,96.6%,True,Auction,2020,74.78,$105.46
4230,Metallica,Master of Puppets,Rock,2013,UK,Original 1st Press,No,Near Mint,Very Good Plus,200.0,"33,269",481,1069.0,2.222,94.8,76.9,0.0,4546,98.1%,no,Fixed Price,2020,86.78,$145.55
4231,Wu-Tang Clan,Enter the Wu-Tang (36 Chambers),Hip-Hop,2001,australia,Limited Colored Vinyl,True,Near Mint,Very Good Plus,120.0,"13,660",570,1975.0,3.465,68.3,12.2,21.0,4883,96.6%,Yes,Fixed Price,2017,53.99,$72.06
4232,Sufjan Stevens,Carrie & Lowell,Folk,1995,UK,Promo Copy,No,Very Good Plus,Very Good,140.0,"45,182",719,834.0,1.16,54.1,10.7,5.0,3814,97.6%,False,Fixed Price,2025,53.73,$66.14
4233,Guns N' Roses,Use Your Illusion I,Rock,1974,Australia,Standard Reissue,No,Good Plus,Very Good,140g,"43,831",1549,2413.0,1.558,87.0,26.9,0.0,4354,99.2%,Yes,Auction,2023,57.35,$60.55
4234,Arctic Monkeys,"Whatever People Say I Am, That's What I'm Not",Alternative,2011,UK,Standard Reissue,No,Good Plus,Very Good Plus,180.0,"32,377",821,796.0,0.97,55.7,31.2,11.0,1050,96.0%,Yes,Fixed Price,2022,44.51,$43.59
4235,Tom Petty,Wildflowers,Rock,2021,Germany,Standard Reissue,False,Good,Very Good Plus,120.0,"23,153",433,868.0,2.005,24.0,71.5,7.0,750,99.2%,Yes,Fixed Price,2023,53.08,$49.55
4236,New Order,Technique,Electronic,2020,UK,Limited Colored Vinyl,1,Near Mint,Near Mint,,"4,697",177,187.0,1.056,72.5,53.5,2.0,1375,93.5%,Yes,Auction,2020,71.13,$95.88
4237,Rage Against the Machine,Evil Empire,Alternative,1962,Australia,Standard Reissue,False,Mint,Near Mint,180.0,"10,736",1753,2108.0,1.203,64.1,29.3,11.0,2211,93.1%,no,Auction,2016,50.69,$90.48
4238,The Strokes,Room on Fire,Alternative,2001,Australia,Original 1st Press,No,Good Plus,Good,140g,"31,541",293,225.0,0.768,68.0,14.7,10.0,2052,96.5%,True,Fixed Price,2018,66.12,$68.21
4239,Talking Heads,Fear of Music,Alternative,2012,Germany,Standard Reissue,No,Very Good,Very Good,180.0,"42,963",1239,1782.0,1.438,80.1,19.5,17.0,4977,100.0%,Yes,Fixed Price,2025,52.41,$57.70
4240,Kraftwerk,Computer World,Electronic,1989,Brazil,Promo Copy,No,Fair,Mint,140g,"3,347",110,38.0,0.345,78.2,25.6,4.0,1418,100.0%,0,Fixed Price,2015,69.18,$66.84
4241,Tame Impala,Currents,Alternative,1991,Germany,Limited Colored Vinyl,Yes,Good Plus,Very Good,120g,"48,100",193,469.0,2.43,53.7,20.0,58.0,1262,99.6%,0,Auction,2016,45.24,$52.73
4242,Willie Nelson,Stardust,Country,2004,Canada,Test Pressing,Yes,  Good Plus ,Very Good Plus,180.0,"16,833",147,280.0,1.905,63.1,32.5,43.0,4485,93.5%,Yes,Fixed Price,2015,71.53,$69.38
4243,Emmylou Harris,Wrecking Ball,Country,1988,Japan,Standard Reissue,0,Mint,Very Good,140g,"17,185",637,246.0,0.386,35.8,40.8,0.0,272,100.0%,no,Fixed Price,2021,40.83,$64.50
4244,John Coltrane,Blue Train,Jazz,1970,Germany,Limited Colored Vinyl,True,Very Good Plus,Near Mint,120.0,"8,045",1695,1517.0,0.895,69.1,58.1,37.0,588,96.1%,No,Fixed Price,2018,60.34,$87.58
4245,Paul Simon,Graceland,Folk,2017,Brazil,Limited Colored Vinyl,True,Mint,Very Good,140.0,"8,179",306,1101.0,3.598,73.7,7.8,5.0,4856,95.9%,0,Fixed Price,2024,61.61,$102.01
4246,Bjork,Debut,Electronic,1961,Japan,Anniversary Edition,1,Very Good Plus,Mint,140.0,"25,152",590,714.0,1.21,70.7,60.0,23.0,4894,99.3%,Yes,Fixed Price,2017,70.94,$77.40
4247,The Clash,London Calling,Rock,2005,uk,Standard Reissue,No,Good Plus,Very Good Plus,120.0,"43,752",1071,1412.0,1.318,68.6,11.8,20.0,3239,92.7%,True,Fixed Price,2019,36.97,$42.40
4248,Arcade Fire,Funeral,Alternative,2017,,Test Pressing,1,Very Good,Very Good Plus,140.0,"23,300",106,48.0,0.453,59.2,61.8,0.0,365,96.0%,yes,Fixed Price,2024,77.08,$102.31
4249,The Rolling Stones,Let It Bleed,Rock,1966,brazil,Standard Reissue,False,Very Good Plus,Very Good Plus,120.0,"13,449",249,506.0,2.032,92.7,15.5,11.0,2728,99.1%,No,Auction,2017,60.46,$95.22
4250,Frank Ocean,"Nostalgia, Ultra",R&B,1996,Australia,Anniversary Edition,yes,Very Good,Mint,120.0,"29,079",1451,4088.0,2.817,100.3,33.7,9.0,1421,95.8%,True,Fixed Price,2022,65.91,$66.37
4251,Bob Dylan,Blonde on Blonde,Folk,1979,France,Original 1st Press,False,Very Good Plus,Very Good Plus,180.0,"17,126",611,581.0,0.951,94.4,31.2,62.0,1461,92.5%,False,Fixed Price,2021,72.80,$95.92
4252,Alice in Chains,Dirt,Alternative,2016,France,Original 1st Press,No,Very Good Plus,,140.0,"11,004",159,90.0,0.566,60.5,48.4,23.0,1032,99.8%,Yes,Fixed Price,2020,70.62,$100.75
4253,Steely Dan,The Royal Scam,Rock,1962,US,Limited Colored Vinyl,Yes,Mint,Very Good,120.0,"7,903",102,144.0,1.412,79.7,2.0,3.0,3369,98.5%,no,Fixed Price,2025,58.62,$84.71
4254,Neil Young,Rust Never Sleeps,Folk,2022,UK,Standard Reissue,No,Very Good Plus,Fair,140.0,"5,808",627,1502.0,2.396,64.9,54.6,8.0,1427,93.5%,Yes,Auction,2025,69.19,$83.17
4255,Steely Dan,Aja,Rock,1996,canada,Anniversary Edition,Yes,Very Good,Very Good Plus,120g,"9,785",1340,2604.0,1.943,78.1,58.0,27.0,123,97.2%,Yes,Auction,2017,69.74,$104.62
4256,Beastie Boys,Ill Communication,Hip-Hop,1977,canada,Standard Reissue,no,  Very Good Plus ,Near Mint,180g,"3,176",1093,1721.0,1.575,59.6,15.5,9.0,849,97.6%,0,Fixed Price,2015,45.11,$60.36
4257,Aphex Twin,Selected Ambient Works 85-92,Electronic,1974,Netherlands,Standard Reissue,False,Fair,Very Good,180.0,"36,861",429,164.0,0.382,62.4,3.7,26.0,3136,98.3%,Yes,Auction,2017,40.43,$32.96
4258,Simon & Garfunkel,Bridge Over Troubled Water,Folk,1971,US,Original 1st Press,False,Very Good,Very Good,120.0,"27,449",279,366.0,1.312,63.0,44.7,38.0,3330,97.1%,Yes,Auction,2021,64.77,$71.41
4259,Television,Marquee Moon,Rock,1975,UK,Standard Reissue,No,Good,Good Plus,180.0,"19,397",875,497.0,0.568,23.5,30.2,4.0,2467,98.7%,1,Fixed Price,2015,33.45,$27.95
4260,Prince,Sign o' the Times,R&B,1990,Netherlands,Limited Colored Vinyl,Yes,Very Good,Very Good,180.0,"4,988",277,485.0,1.751,83.0,42.9,42.0,4003,96.7%,No,Fixed Price,2019,68.54,$80.50
4261,Neil Young,Rust Never Sleeps,Folk,1977,GERMANY,Standard Reissue,no,Good Plus,Good Plus,120g,"29,828",854,1874.0,2.194,63.2,60.2,45.0,41,98.4%,False,Fixed Price,2020,65.45,$61.72
4262,Marvin Gaye,What's Going On,Soul,1973,Canada,Limited Colored Vinyl,Yes,Good Plus,Good Plus,140.0,"34,603",568,193.0,0.34,89.5,28.0,5.0,3376,94.5%,no,Fixed Price,2019,61.63,$56.11
4263,Fleetwood Mac,Tusk,Rock,2005,US,Anniversary Edition,Yes,Good Plus,Mint,120.0,"15,760",536,1707.0,3.185,84.7,44.2,91.0,3225,100.0%,Yes,Fixed Price,2025,66.68,$70.78
4264,Peter Gabriel,So,Pop,1972,Japan,Anniversary Edition,Yes,Near Mint,Near Mint,140.0,"15,955",127,459.0,3.614,67.2,53.3,39.0,3080,96.9%,True,Auction,2015,70.18,$85.42
4265,David Bowie,Diamond Dogs,Rock,1963,Germany,Limited Colored Vinyl,True,Very Good,Very Good,,"29,204",649,252.0,0.388,97.6,33.2,17.0,2412,93.0%,0,Fixed Price,2025,67.68,$87.87
4266,R.E.M.,Green,Alternative,2011,US,Standard Reissue,No,  Very Good Plus ,Good Plus,180g,"14,074",223,280.0,1.256,64.1,63.4,4.0,3952,90.9%,No,Fixed Price,2017,60.91,$73.37
4267,Soundgarden,Superunknown,Alternative,1966,France,Original 1st Press,No,  Near Mint ,Good Plus,180.0,"15,802",86,127.0,1.477,71.0,27.9,18.0,2799,94.4%,False,Fixed Price,2019,70.35,$85.98
4268,Funkadelic,Free Your Mind,R&B,1996,france,Standard Reissue,no,Very Good Plus,Very Good Plus,180.0,"6,228",1521,2708.0,1.78,40.2,64.3,0.0,2525,90.5%,Yes,Fixed Price,2024,53.22,$68.11
4269,Joni Mitchell,Court and Spark,Folk,1996,australia,Anniversary Edition,Yes,Poor,Very Good Plus,180.0,"38,450",404,567.0,1.403,77.2,26.8,14.0,4605,100.0%,0,Fixed Price,2025,55.92,$48.86
4270,Kendrick Lamar,To Pimp a Butterfly,Hip-Hop,1998,Japan,Standard Reissue,False,Good,Mint,120.0,"7,656",1276,311.0,0.244,97.1,10.8,70.0,949,,No,Fixed Price,2024,57.42,$58.94
4271,Burning Spear,Marcus Garvey,Reggae,1990,Australia,Standard Reissue,No,Near Mint,Very Good,,"44,258",328,102.0,0.311,24.1,36.0,46.0,4621,100.0%,Yes,Fixed Price,2021,38.72,$47.05
4272,New Order,Technique,Electronic,2019,Netherlands,Standard Reissue,No,Good,Near Mint,180g,"21,637",269,416.0,1.546,62.3,52.0,7.0,4623,93.5%,yes,Fixed Price,2023,57.59,$42.30
4273,Neil Young,After the Gold Rush,Folk,1965,GERMANY,Promo Copy,0,Very Good,Near Mint,120g,"25,685",251,321.0,1.279,63.3,42.3,2.0,1429,90.9%,True,Fixed Price,2018,63.85,$75.05
4274,Brian Eno,Another Green World,Electronic,2001,Netherlands,Test Pressing,Yes,Very Good Plus,Good Plus,200.0,"42,344",455,342.0,0.752,41.0,18.0,0.0,3720,96.7%,False,Fixed Price,2018,56.63,$73.96
4275,Black Sabbath,Paranoid,Rock,2021,Netherlands,Limited Colored Vinyl,Yes,Good,Near Mint,180.0,"39,422",272,191.0,0.702,69.4,86.1,22.0,3578,100.0%,Yes,Fixed Price,2025,69.14,$75.28
4276,Sade,Diamond Life,R&B,2016,US,Standard Reissue,No,Fair,Mint,180g,"9,154",799,936.0,1.171,79.7,51.7,7.0,4414,100.0%,True,Fixed Price,2025,69.22,$55.53
4277,David Bowie,Hunky Dory,Rock,2017,Australia,Standard Reissue,No,Good,Good Plus,120g,"20,000",892,1457.0,1.633,90.3,82.8,3.0,3606,97.5%,No,Fixed Price,2019,75.56,$77.19
4278,Arcade Fire,Reflektor,Alternative,2003,uk,Original 1st Press,No,Near Mint,Good Plus,180.0,"47,884",509,1064.0,2.09,61.1,75.6,71.0,3292,92.6%,no,Auction,2017,71.58,$112.17
4279,Black Sabbath,Master of Reality,Rock,2010,US,Limited Colored Vinyl,True,Very Good,Very Good Plus,120g,"29,469",463,1665.0,3.596,68.7,20.1,44.0,4834,94.3%,0,Fixed Price,2018,62.79,$79.51
4280,Kendrick Lamar,Section.80,Hip-Hop,2020,netherlands,Promo Copy,no,Good Plus,Very Good,180.0,"37,280",509,537.0,1.055,93.8,20.1,40.0,1491,95.0%,0,Auction,2021,65.01,$81.14
4281,Miles Davis,Bitches Brew,Jazz,1965,brazil,Limited Colored Vinyl,1,Mint,Mint,120.0,"5,769",723,1217.0,1.683,84.0,13.1,9.0,2534,100.0%,no,Fixed Price,2025,61.66,$109.74
4282,The Notorious B.I.G.,Ready to Die,Hip-Hop,1971,UK,Original 1st Press,No,Near Mint,Very Good,140g,"7,309",758,1253.0,1.653,95.1,80.1,15.0,623,90.9%,No,Auction,2020,93.24,$129.24
4283,The Smiths,Meat Is Murder,Alternative,1998,CANADA,Limited Colored Vinyl,Yes,Very Good,Near Mint,180g,"23,082",1143,482.0,0.422,47.3,32.7,9.0,99,97.8%,Yes,Auction,2024,49.62,$57.15
4284,Sly and the Family Stone,There's a Riot Goin' On,Soul,1988,brazil,Standard Reissue,no,Good Plus,Very Good Plus,120.0,"12,087",807,211.0,0.261,74.6,30.3,6.0,1853,99.9%,False,Fixed Price,2020,53.93,$63.59
4285,Arctic Monkeys,Favourite Worst Nightmare,Alternative,2000,UK,Promo Copy,No,Fair,Mint,200g,"42,893",684,389.0,0.569,60.9,60.1,12.0,3710,98.2%,0,Auction,2024,59.81,$57.61
4286,David Bowie,Station to Station,Rock,1978,Canada,Standard Reissue,No,Very Good Plus,Very Good Plus,200g,"2,608",1966,4465.0,2.271,94.5,12.4,13.0,3764,97.9%,Yes,Fixed Price,2025,63.55,$85.06
4287,Pink Floyd,The Dark Side of the Moon,Rock,2020,NETHERLANDS,Promo Copy,No,Near Mint,Good,120g,"32,161",414,867.0,2.094,92.2,20.3,48.0,1134,98.3%,No,Auction,2021,64.74,$87.57
4288,Prince,1999,R&B,2008,Netherlands,Original 1st Press,0,Very Good Plus,Mint,120g,"38,017",223,73.0,0.327,85.7,50.9,6.0,1992,96.2%,No,Auction,2020,74.74,$100.42
4289,John Coltrane,Giant Steps,Jazz,1961,JAPAN,Test Pressing,1,Good Plus,Near Mint,120g,"18,615",392,459.0,1.171,73.8,69.9,43.0,782,97.3%,0,Fixed Price,2021,85.93,$95.72
4290,Bob Dylan,The Freewheelin' Bob Dylan,Folk,1966,canada,Anniversary Edition,yes,Very Good,Very Good,180.0,"39,940",985,1413.0,1.435,83.8,38.9,15.0,272,97.6%,False,Fixed Price,2019,70.19,$86.81
4291,The Notorious B.I.G.,Ready to Die,Hip-Hop,1987,australia,Standard Reissue,No,Mint,Very Good,120g,"30,390",56,110.0,1.964,93.7,73.9,5.0,915,96.6%,Yes,Fixed Price,2019,76.40,$106.08
4292,Red Hot Chili Peppers,Californication,Alternative,2015,brazil,Promo Copy,False,Very Good Plus,Very Good,120g,"25,895",295,89.0,0.302,61.1,45.5,7.0,4679,97.0%,No,Fixed Price,2023,65.58,$91.67
4293,Talking Heads,Remain in Light,Alternative,2021,UK,Limited Colored Vinyl,yes,Near Mint,Near Mint,140g,"31,406",706,1353.0,1.916,74.2,73.1,20.0,2475,93.4%,False,Fixed Price,2021,74.89,$118.33
4294,Bon Iver,"For Emma, Forever Ago",Folk,1977,uk,Original 1st Press,False,Very Good Plus,,180g,"6,984",133,102.0,0.767,43.0,10.5,7.0,3228,98.1%,False,Fixed Price,2017,52.26,$60.09
4295,Nas,It Was Written,Hip-Hop,2005,brazil,Standard Reissue,No,Good Plus,Fair,120.0,"35,888",868,2046.0,2.357,70.9,43.9,15.0,1247,95.5%,False,Auction,2019,61.10,$69.44
4296,Fleetwood Mac,Tusk,Rock,1981,Brazil,Original 1st Press,No,Near Mint,Good,120g,"25,526",829,1944.0,2.345,91.6,40.5,22.0,4776,,Yes,Fixed Price,2021,78.56,$92.96
4297,Rage Against the Machine,Evil Empire,Alternative,1983,brazil,Standard Reissue,0,Very Good,Near Mint,120.0,"8,784",518,937.0,1.809,70.9,23.4,14.0,756,94.4%,yes,Auction,2018,52.00,$64.32
4298,Portishead,Portishead,Electronic,1990,Japan,Standard Reissue,0,Good,Very Good Plus,200.0,"19,428",189,,0.714,80.3,51.8,0.0,1435,94.7%,No,Fixed Price,2024,65.33,$67.33
4299,Beastie Boys,Ill Communication,Hip-Hop,1990,Germany,Limited Colored Vinyl,1,Good,Near Mint,140.0,"28,446",543,952.0,1.753,61.5,17.7,14.0,3248,91.9%,1,Fixed Price,2023,55.06,$57.35
4300,The Smiths,"Strangeways, Here We Come",Alternative,1965,Australia,Original 1st Press,No,Very Good Plus,,180g,"32,802",192,99.0,0.516,48.9,38.6,7.0,4460,,0,Fixed Price,2017,58.70,$77.27
4301,Bob Dylan,Blood on the Tracks,Folk,2004,JAPAN,Original 1st Press,no,Mint,Good Plus,180.0,"32,944",481,130.0,0.27,86.7,10.6,22.0,910,98.4%,No,Fixed Price,2022,57.33,$72.14
4302,Nas,It Was Written,Hip-Hop,1980,JAPAN,Standard Reissue,No,Very Good Plus,Good Plus,180.0,"21,074",841,533.0,0.634,68.1,42.6,29.0,2689,93.6%,No,Fixed Price,2025,54.41,$72.41
4303,J Dilla,Ruff Draft,Hip-Hop,1966,Netherlands,Standard Reissue,No,Very Good Plus,Very Good,120.0,"46,434",760,616.0,0.811,40.9,28.1,53.0,4727,96.8%,No,Auction,2023,39.74,$50.32
4304,D'Angelo,Black Messiah,R&B,2013,Japan,Original 1st Press,No,Good,Near Mint,180.0,"3,693",935,211.0,0.226,74.2,22.3,48.0,4840,99.9%,No,Auction,2025,66.94,$69.56
4305,Pink Floyd,The Wall,Rock,1988,CANADA,Original 1st Press,No,Near Mint,Very Good,140.0,"35,895",319,563.0,1.765,87.1,69.7,6.0,3427,94.4%,yes,Fixed Price,2018,79.40,$102.42
4306,Red Hot Chili Peppers,Californication,Alternative,1966,france,Standard Reissue,False,Very Good,Very Good,140.0,"36,324",360,595.0,1.653,63.0,48.1,18.0,3696,96.1%,No,Fixed Price,2025,56.75,$66.88
4307,David Bowie,Scary Monsters,Rock,2017,Brazil,Limited Colored Vinyl,Yes,Good Plus,Good Plus,180g,"42,500",964,2285.0,2.37,88.8,18.6,5.0,1883,94.8%,No,Fixed Price,2023,65.29,$72.15
4308,Metallica,Master of Puppets,Rock,2015,UK,Anniversary Edition,1,Good Plus,Near Mint,140g,"5,286",239,631.0,2.64,93.3,73.1,41.0,4012,97.8%,No,Fixed Price,2025,81.67,$84.45
4309,AC/DC,Highway to Hell,Rock,1991,US,Standard Reissue,No,Near Mint,Very Good,200g,"13,573",2458,6002.0,2.442,93.9,16.6,53.0,4049,98.7%,No,Fixed Price,2018,68.75,$71.56
4310,The Rolling Stones,Made in the Shade,Rock,2005,Australia,Standard Reissue,No,Very Good Plus,Very Good,180.0,"48,424",1278,2002.0,1.567,89.9,16.3,48.0,4966,97.0%,No,Auction,2020,50.68,$66.40
4311,David Bowie,Aladdin Sane,Rock,1981,Japan,Standard Reissue,No,Near Mint,Fair,140g,"20,096",386,918.0,2.378,83.8,75.4,28.0,3335,,No,Fixed Price,2019,74.70,$86.28
4312,Wu-Tang Clan,Enter the Wu-Tang (36 Chambers),Hip-Hop,1986,Australia,Limited Colored Vinyl,yes,Near Mint,Good,140.0,"8,051",335,1101.0,3.287,67.7,9.8,13.0,3057,100.0%,False,Fixed Price,2023,57.57,$88.13
4313,Pink Floyd,Animals,Rock,1986,Japan,Original 1st Press,no,Good,Near Mint,140g,"14,293",361,179.0,0.496,96.2,68.6,79.0,1496,96.6%,False,Auction,2025,89.76,$87.62
4314,The Beach Boys,Wild Honey,Pop,1982,Canada,Standard Reissue,No,Near Mint,Very Good,120.0,"42,906",177,79.0,0.446,73.4,29.1,55.0,952,96.9%,No,Fixed Price,2021,51.91,$73.11
4315,D'Angelo,Black Messiah,R&B,1987,France,Standard Reissue,No,Mint,Good,120.0,"24,224",900,1510.0,1.678,70.3,28.2,5.0,2716,98.5%,1,Fixed Price,2016,52.61,$86.44
4316,Portishead,Third,Electronic,2009,canada,Standard Reissue,0,Very Good Plus,Good Plus,120g,"5,208",423,835.0,1.974,86.9,9.8,2.0,4377,99.7%,Yes,Auction,2025,50.51,$58.03
4317,The Beatles,Sgt. Pepper's Lonely Hearts Club Band,Rock,2018,BRAZIL,Limited Colored Vinyl,True,Near Mint,Mint,140g,"15,884",713,1459.0,2.046,90.6,31.2,18.0,3397,100.0%,No,Auction,2018,71.98,$104.91
4318,Bjork,Debut,Electronic,2008,UK,Standard Reissue,False,Very Good Plus,Very Good,200.0,"15,685",911,275.0,0.302,74.2,61.9,5.0,2666,94.2%,No,Auction,2025,60.07,$63.68
4319,Dolly Parton,Jolene,Country,1973,Germany,Anniversary Edition,Yes,Near Mint,Very Good Plus,,"24,954",575,1137.0,1.977,65.1,41.5,15.0,4402,100.0%,0,Auction,2016,59.94,$83.64
4320,Outkast,Aquemini,Hip-Hop,1978,UK,Test Pressing,Yes,Very Good,Good,180.0,"41,192",241,331.0,1.373,67.9,71.2,22.0,3730,91.7%,no,Fixed Price,2025,91.44,$99.13
4321,The Beatles,Rubber Soul,Rock,2008,Brazil,Original 1st Press,0,Good Plus,Very Good Plus,120.0,"13,508",206,191.0,0.927,88.1,31.2,29.0,4617,96.1%,No,Auction,2015,72.39,$83.30
4322,The White Stripes,White Blood Cells,Alternative,2001,Netherlands,Standard Reissue,No,Near Mint,Mint,180.0,"31,638",2141,1507.0,0.704,58.3,43.3,17.0,971,100.0%,True,Fixed Price,2015,60.34,$83.64
4323,Massive Attack,Mezzanine,Electronic,2006,Australia,Standard Reissue,No,Very Good Plus,Near Mint,120g,"24,561",294,228.0,0.776,51.9,64.8,17.0,1866,100.0%,True,Fixed Price,2021,64.27,$68.37
4324,Peter Gabriel,So,Pop,1972,UK,Standard Reissue,no,Very Good Plus,Good,180.0,"33,450",95,130.0,1.368,56.0,50.1,9.0,1701,,Yes,Fixed Price,2017,56.29,$68.33
4325,J Dilla,The Shining,Hip-Hop,1995,France,Standard Reissue,No,Near Mint,Very Good,180.0,"2,756",574,123.0,0.214,40.8,18.8,1.0,1653,97.1%,Yes,Fixed Price,2020,37.71,$61.62
4326,Parliament,Mothership Connection,R&B,1997,NETHERLANDS,Limited Colored Vinyl,yes,Very Good Plus,Good Plus,200.0,"30,563",453,744.0,1.642,46.7,73.1,13.0,4104,96.3%,False,Fixed Price,2017,62.88,$74.87
4327,The Rolling Stones,Let It Bleed,Rock,1980,Canada,Standard Reissue,No,Good,Near Mint,180g,"48,249",543,1141.0,2.101,92.0,14.6,6.0,1897,95.5%,no,Fixed Price,2022,51.56,$64.37
4328,Portishead,Portishead,Electronic,1963,US,Limited Colored Vinyl,True,Good Plus,Good,140g,300,218,602.0,2.761,84.6,56.4,7.0,1080,96.9%,Yes,Fixed Price,2016,78.46,$65.50
4329,Bob Dylan,Highway 61 Revisited,Folk,1990,Canada,Standard Reissue,No,Very Good Plus,Very Good Plus,140g,377,1138,1698.0,1.492,90.3,57.0,82.0,1321,93.7%,Yes,Fixed Price,2020,82.14,$99.64
4330,AC/DC,Powerage,Rock,2020,Canada,Original 1st Press,No,Very Good Plus,Mint,180.0,"28,190",246,340.0,1.382,94.9,35.3,14.0,393,95.2%,1,Fixed Price,2025,78.42,$95.26
4331,Sufjan Stevens,Michigan,Folk,1990,Canada,Test Pressing,True,Mint,Mint,120.0,"33,811",214,235.0,1.098,50.3,37.1,27.0,4208,98.4%,1,Fixed Price,2015,68.09,$112.89
4332,Marvin Gaye,Let's Get It On,Soul,1980,NETHERLANDS,Promo Copy,No,Mint,Very Good Plus,200g,"49,364",501,351.0,0.701,89.4,74.6,4.0,4908,95.0%,False,Fixed Price,2025,81.78,$141.59
4333,Nirvana,Bleach,Alternative,2010,Germany,Standard Reissue,0,Good Plus,Very Good Plus,180.0,"6,611",672,844.0,1.256,96.3,48.1,80.0,2379,99.8%,0,Auction,2021,68.56,$73.30
4334,Dave Brubeck,Time Out,Jazz,1988,Brazil,Promo Copy,No,Near Mint,Very Good Plus,,"16,512",681,1523.0,2.236,29.6,38.1,50.0,3865,94.8%,No,Fixed Price,2020,53.90,$85.68
4335,De La Soul,De La Soul Is Dead,Hip-Hop,2000,australia,Standard Reissue,No,Very Good,Mint,180.0,"11,550",1951,3941.0,2.02,76.9,41.4,9.0,2452,95.2%,No,Auction,2016,59.40,$87.23
4336,Joni Mitchell,Blue,Folk,2013,UK,Standard Reissue,0,Very Good Plus,Very Good,120g,"30,010",734,1810.0,2.466,79.5,50.7,61.0,2372,96.8%,No,Fixed Price,2023,62.07,$87.23
4337,Black Uhuru,Red,Reggae,1973,Canada,Standard Reissue,No,Near Mint,Very Good Plus,140.0,"38,412",572,670.0,1.171,25.4,36.3,7.0,3169,99.2%,Yes,Fixed Price,2015,38.86,$57.07
4338,The Rolling Stones,Let It Bleed,Rock,1994,Brazil,Test Pressing,True,Very Good,Near Mint,200g,"21,099",214,329.0,1.537,93.4,16.2,8.0,1809,97.3%,No,Fixed Price,2020,85.54,$120.03
4339,Paul Simon,Graceland,Folk,2019,Netherlands,Standard Reissue,False,Mint,Near Mint,120g,"14,570",67,161.0,2.403,77.2,4.3,3.0,4887,92.4%,Yes,Fixed Price,2022,51.56,$74.23
4340,Nirvana,In Utero,Alternative,1976,Netherlands,Standard Reissue,False,  Very Good Plus ,Very Good,140g,"1,706",448,682.0,1.522,97.6,60.6,12.0,1902,96.0%,1,Fixed Price,2016,77.61,$102.93
4341,Arctic Monkeys,AM,Alternative,1976,,Standard Reissue,No,Mint,,120g,"31,851",697,1173.0,1.683,57.5,19.9,37.0,1654,100.0%,Yes,Fixed Price,2015,51.77,$78.12
4342,Prince,Around the World in a Day,R&B,1996,Canada,Limited Colored Vinyl,True,Very Good Plus,Mint,120g,610,201,254.0,1.264,91.6,45.5,4.0,3370,96.2%,no,Auction,2021,74.62,$111.67
4343,Prince,Sign o' the Times,R&B,1975,UK,Standard Reissue,0,Very Good Plus,Near Mint,180.0,"4,370",517,213.0,0.412,89.8,43.3,4.0,4904,96.7%,No,Auction,2015,61.56,$78.02
4344,Black Sabbath,Paranoid,Rock,1980,Brazil,Anniversary Edition,1,Very Good Plus,Very Good,140.0,"44,747",416,1020.0,2.452,72.5,81.4,17.0,803,100.0%,Yes,Fixed Price,2022,72.24,$88.52
4345,Led Zeppelin,Physical Graffiti,Rock,1979,UK,Test Pressing,True,Very Good,Mint,140.0,"25,390",306,187.0,0.611,97.2,57.1,64.0,3286,100.0%,1,Fixed Price,2023,90.45,$113.09
4346,Black Sabbath,Master of Reality,Rock,1976,UK,Standard Reissue,no,Very Good,Very Good Plus,200.0,"38,315",548,1307.0,2.385,70.7,18.2,4.0,217,90.9%,Yes,Fixed Price,2022,49.79,$55.06
4347,Daft Punk,Random Access Memories,Electronic,2020,Japan,Limited Colored Vinyl,Yes,Near Mint,Very Good Plus,200g,"28,213",644,2277.0,3.536,89.2,75.2,,4938,97.8%,Yes,Fixed Price,2025,73.27,$103.20
4348,Peter Gabriel,Us,Pop,2002,Australia,Standard Reissue,False,Very Good Plus,Very Good Plus,200.0,"22,352",399,439.0,1.1,62.4,59.4,15.0,2648,100.0%,True,Auction,2022,59.31,$74.08
4349,Michael Jackson,Thriller,Pop,1963,Netherlands,Test Pressing,1,Very Good,Near Mint,120.0,"47,484",285,951.0,3.337,95.1,65.2,16.0,1550,92.6%,Yes,Fixed Price,2015,86.60,$112.47
4350,Miles Davis,Kind of Blue,Jazz,1976,Netherlands,Standard Reissue,No,Mint,Poor,140g,"21,936",314,49.0,0.156,79.3,34.1,11.0,3085,98.5%,Yes,Fixed Price,2020,54.82,$76.59
4351,Daft Punk,Human After All,Electronic,1994,Japan,Standard Reissue,No,Very Good,Very Good,140g,"17,049",1783,3121.0,1.75,87.0,68.3,6.0,3653,97.3%,True,Fixed Price,2019,77.48,$83.56
4352,The Beatles,Sgt. Pepper's Lonely Hearts Club Band,Rock,1973,UK,Standard Reissue,No,Good Plus,Very Good,,"3,234",414,259.0,0.626,83.1,26.7,21.0,1216,100.0%,False,Fixed Price,2022,57.41,$62.50
4353,David Bowie,Hunky Dory,Rock,1990,Australia,Original 1st Press,False,Near Mint,Very Good Plus,140.0,"13,810",577,214.0,0.371,94.1,79.3,10.0,2815,93.6%,Yes,Auction,2015,86.56,$97.59
4354,Soundgarden,Badmotorfinger,Alternative,2008,Japan,Standard Reissue,No,Good Plus,Fair,180g,"10,332",671,522.0,0.778,73.0,73.0,9.0,3654,89.9%,Yes,Auction,2017,76.33,$70.36
4355,Beastie Boys,Licensed to Ill,Hip-Hop,2018,UK,Standard Reissue,0,Very Good,Poor,180.0,"24,990",316,697.0,2.206,54.5,44.0,22.0,1397,99.0%,Yes,Fixed Price,2020,53.31,$58.67
4356,Pink Floyd,Wish You Were Here,Rock,1978,Germany,Promo Copy,False,Very Good Plus,Very Good Plus,,"45,788",783,1726.0,2.204,88.5,26.4,5.0,4810,99.5%,True,Fixed Price,2024,64.05,$93.87
4357,The Notorious B.I.G.,Ready to Die,Hip-Hop,2009,NETHERLANDS,Limited Colored Vinyl,Yes,Good Plus,Near Mint,120g,"32,622",978,1087.0,1.111,93.2,75.6,26.0,3885,98.8%,Yes,Fixed Price,2024,76.48,$85.70
4358,The Rolling Stones,Made in the Shade,Rock,1985,Canada,Original 1st Press,False,Near Mint,Very Good,140g,"48,263",126,301.0,2.389,91.6,8.5,61.0,4109,90.2%,False,Fixed Price,2015,64.00,$91.44
4359,Arcade Fire,Funeral,Alternative,1962,Germany,Test Pressing,Yes,Fair,Good Plus,180.0,"29,162",272,977.0,3.592,56.2,68.3,8.0,2830,96.2%,No,Fixed Price,2024,79.66,$60.16
4360,Pearl Jam,Vitalogy,Alternative,1980,France,Anniversary Edition,yes,Very Good Plus,Very Good Plus,200g,"15,302",496,710.0,1.431,59.2,13.9,9.0,2996,95.1%,No,Auction,2015,46.88,$41.97
4361,The Smiths,Meat Is Murder,Alternative,1963,Brazil,Limited Colored Vinyl,Yes,Near Mint,Very Good,180g,"45,824",700,2434.0,3.477,47.7,28.6,36.0,2726,97.0%,Yes,Fixed Price,2025,50.71,$78.64
4362,Alice in Chains,Facelift,Alternative,1962,Canada,Standard Reissue,no,Very Good,Very Good,140g,"14,079",698,1716.0,2.458,61.7,45.7,37.0,978,98.2%,No,Auction,2025,65.18,$74.76
4363,The Notorious B.I.G.,Life After Death,Hip-Hop,2005,Netherlands,Original 1st Press,No,Good Plus,Very Good,180.0,"42,375",147,154.0,1.048,97.8,72.7,18.0,1160,94.3%,No,Fixed Price,2016,89.93,$89.54
4364,Sade,Promise,R&B,2003,UK,Original 1st Press,0,Very Good,Near Mint,180g,"2,404",262,270.0,1.031,81.1,25.4,77.0,741,93.2%,No,Auction,2017,79.12,$89.57
4365,Tame Impala,The Slow Rush,Alternative,2018,Canada,Original 1st Press,No,Very Good Plus,Very Good Plus,140.0,"33,896",66,103.0,1.561,57.7,73.4,27.0,278,99.0%,no,Fixed Price,2024,74.32,$108.60
4366,J Dilla,Donuts,Hip-Hop,2000,canada,Test Pressing,Yes,Near Mint,Good Plus,180.0,"23,304",302,283.0,0.937,45.3,44.4,130.0,1223,100.0%,no,Fixed Price,2023,65.40,$83.65
4367,Bjork,Debut,Electronic,1976,Netherlands,Standard Reissue,No,Near Mint,Good,120g,"46,094",1660,4019.0,2.421,75.0,64.5,12.0,260,92.3%,Yes,Auction,2024,64.99,$86.18
4368,The Cure,Wish,Alternative,1978,Netherlands,Test Pressing,yes,Mint,Near Mint,120.0,"23,332",232,700.0,3.017,35.8,43.4,29.0,3501,,1,Fixed Price,2016,66.69,$92.54
4369,Neil Young,Rust Never Sleeps,Folk,1996,Japan,Standard Reissue,No,Good,Very Good Plus,120.0,"14,751",1286,1926.0,1.498,64.0,56.5,8.0,153,97.2%,No,Fixed Price,2025,57.13,$66.43
4370,The Beach Boys,Pet Sounds,Pop,1971,Canada,Test Pressing,yes,Very Good,Poor,180.0,"15,435",272,792.0,2.912,78.6,32.6,9.0,3677,90.7%,Yes,Fixed Price,2019,82.25,$73.37
4371,New Order,Low Life,Electronic,1960,uk,Original 1st Press,0,Very Good Plus,Good Plus,180g,"26,338",923,368.0,0.399,66.3,47.9,131.0,4266,99.4%,no,Fixed Price,2016,63.62,$87.15
4372,Erykah Badu,Baduizm,R&B,1970,Germany,Original 1st Press,False,Near Mint,Very Good Plus,120g,"48,451",209,304.0,1.455,73.0,70.8,0.0,1088,100.0%,no,Fixed Price,2015,72.77,$101.50
4373,Snoop Dogg,Doggystyle,Hip-Hop,2021,FRANCE,Anniversary Edition,Yes,Very Good,Very Good Plus,140.0,"45,395",546,1503.0,2.753,74.9,26.0,14.0,1102,99.6%,No,Fixed Price,2024,54.90,$88.13
4374,Pink Floyd,The Dark Side of the Moon,Rock,1988,Japan,Original 1st Press,False,Very Good,Mint,140g,"16,589",493,193.0,0.391,91.4,22.9,4.0,2003,96.2%,False,Fixed Price,2015,68.21,$82.83
4375,Joy Division,Closer,Alternative,1964,canada,Limited Colored Vinyl,Yes,Near Mint,Near Mint,140.0,"9,513",1084,3703.0,3.416,45.3,64.1,40.0,3072,99.2%,Yes,Auction,2023,69.65,$108.27
4376,Paul Simon,Graceland,Folk,1979,Australia,Standard Reissue,No,Near Mint,Good Plus,120.0,"2,824",779,951.0,1.221,77.6,10.9,1.0,209,98.9%,No,Fixed Price,2018,46.93,$85.08
4377,Dolly Parton,Trio,Country,1993,Germany,Original 1st Press,No,Very Good,Good,200.0,"7,105",150,24.0,0.16,64.0,81.8,18.0,3246,95.5%,No,Auction,2015,76.71,$80.19
4378,Kraftwerk,Autobahn,Electronic,1989,Brazil,Promo Copy,0,  Very Good ,Very Good,200.0,"37,488",264,81.0,0.307,79.9,37.9,16.0,1051,99.2%,No,Auction,2019,64.65,$90.16
4379,Sufjan Stevens,Michigan,Folk,2005,Canada,Promo Copy,No,Very Good,Mint,140g,"35,069",948,1564.0,1.65,57.0,43.4,18.0,671,100.0%,Yes,Auction,2022,60.81,$80.24
4380,Led Zeppelin,Led Zeppelin IV,Rock,1981,canada,Standard Reissue,False,Good Plus,Fair,200.0,"46,190",791,1589.0,2.009,97.2,59.8,35.0,3253,98.6%,0,Auction,2016,66.80,$72.06
4381,Beastie Boys,Paul's Boutique,Hip-Hop,2009,France,Anniversary Edition,Yes,Mint,Mint,120g,"4,044",577,716.0,1.241,62.2,6.4,0.0,3701,98.9%,0,Auction,2022,51.58,$88.29
4382,Massive Attack,Protection,Electronic,1968,NETHERLANDS,Standard Reissue,No,Very Good,Very Good Plus,140.0,"39,969",267,635.0,2.378,57.2,19.5,17.0,2541,96.5%,Yes,Fixed Price,2015,39.05,$44.40
4383,The Beatles,Rubber Soul,Rock,2022,uk,Standard Reissue,False,Near Mint,Mint,120g,"25,276",135,96.0,0.711,88.1,28.9,24.0,3485,96.7%,0,Fixed Price,2024,58.74,$86.15
4384,Carole King,Tapestry,Folk,2021,France,Standard Reissue,False,Very Good,Mint,,"8,767",653,1322.0,2.025,57.3,25.0,0.0,4652,100.0%,0,Fixed Price,2024,51.51,$61.45
4385,The Rolling Stones,Some Girls,Rock,1964,Canada,Standard Reissue,No,Mint,,140g,"9,801",934,314.0,0.336,94.7,49.4,1.0,784,97.4%,Yes,Fixed Price,2020,64.12,$106.60
4386,Radiohead,OK Computer,Alternative,1979,AUSTRALIA,Standard Reissue,0,Near Mint,Good Plus,120.0,"14,051",526,140.0,0.266,89.3,51.6,,4565,94.3%,False,Fixed Price,2022,64.77,$82.27
4387,Burning Spear,Marcus Garvey,Reggae,1989,Australia,Standard Reissue,No,Near Mint,Very Good,120.0,"16,856",229,122.0,0.533,23.5,34.7,,1392,100.0%,Yes,Auction,2020,35.96,$45.62
4388,Peter Gabriel,Us,Pop,2008,BRAZIL,Standard Reissue,No,Very Good,Very Good Plus,120g,"7,530",653,1222.0,1.871,68.1,64.9,3.0,1322,98.1%,False,Auction,2025,60.27,$69.00
4389,The National,Boxer,Alternative,2000,US,Standard Reissue,No,Very Good,Good,180g,"1,552",437,1083.0,2.478,42.9,63.9,8.0,1900,99.9%,Yes,Fixed Price,2025,52.31,$52.45
4390,Beastie Boys,Licensed to Ill,Hip-Hop,1992,GERMANY,Limited Colored Vinyl,Yes,Very Good,Very Good Plus,140g,"45,830",1094,235.0,0.215,60.5,41.5,13.0,2613,99.0%,No,Fixed Price,2024,58.44,$79.79
4391,Nas,It Was Written,Hip-Hop,1994,,Standard Reissue,no,Near Mint,Very Good Plus,120.0,"33,605",566,1112.0,1.965,65.4,45.5,36.0,2048,93.1%,True,Fixed Price,2016,51.77,$67.49
4392,Burning Spear,Marcus Garvey,Reggae,2020,US,Promo Copy,No,Near Mint,Very Good Plus,140g,"15,275",99,53.0,0.535,21.9,28.6,5.0,3423,93.4%,Yes,Fixed Price,2024,40.48,$58.75
4393,Burning Spear,Marcus Garvey,Reggae,1978,Brazil,Promo Copy,No,Good,Very Good,,"13,493",385,103.0,0.268,27.8,35.6,13.0,706,,0,Fixed Price,2016,40.71,$36.17
4394,Portishead,Portishead,Electronic,1986,FRANCE,Standard Reissue,No,Good,Good Plus,140g,"44,921",526,932.0,1.772,75.3,56.1,3.0,2651,,No,Auction,2020,61.68,$66.11
4395,Joni Mitchell,Hissing of Summer Lawns,Folk,1977,France,Standard Reissue,0,Very Good,Very Good,180g,"14,908",62,89.0,1.435,71.9,44.6,8.0,2653,99.6%,Yes,Fixed Price,2021,64.03,$70.53
4396,Alice in Chains,Facelift,Alternative,1988,Germany,Standard Reissue,0,Near Mint,Very Good Plus,140g,"2,944",977,1874.0,1.918,67.0,39.1,17.0,3224,100.0%,1,Auction,2020,60.41,$86.45
4397,Sly and the Family Stone,Fresh,Soul,1984,Germany,Standard Reissue,No,Good,Good,200g,"16,345",1013,1929.0,1.904,77.4,58.9,1.0,4284,96.8%,Yes,Auction,2015,63.63,$66.50
4398,David Bowie,Ziggy Stardust,Rock,1995,France,Original 1st Press,False,  Near Mint ,Near Mint,140g,"23,609",188,429.0,2.282,82.9,11.7,25.0,866,97.9%,No,Fixed Price,2015,66.62,$106.12
4399,Public Enemy,Fear of a Black Planet,Hip-Hop,1975,Japan,Standard Reissue,No,Mint,Mint,180g,"4,980",780,1938.0,2.485,77.8,15.3,19.0,318,95.6%,No,Auction,2024,56.95,$88.95
4400,Massive Attack,Mezzanine,Electronic,1992,Germany,Standard Reissue,No,Very Good,Fair,200g,"48,793",284,681.0,2.398,52.0,65.8,55.0,2735,94.9%,True,Fixed Price,2017,48.37,$55.99
4401,David Bowie,Heroes,Rock,1964,NETHERLANDS,Standard Reissue,No,Very Good Plus,Good Plus,140.0,"30,487",517,497.0,0.961,92.7,9.9,20.0,3644,95.8%,Yes,Fixed Price,2022,48.40,$59.62
4402,The White Stripes,Get Behind Me Satan,Alternative,1965,germany,Standard Reissue,False,Very Good,Mint,140g,"25,233",612,1062.0,1.735,64.0,39.4,8.0,3271,95.0%,No,Fixed Price,2022,51.63,$70.85
4403,Johnny Cash,American IV: The Man Comes Around,Country,1968,Netherlands,Original 1st Press,No,Near Mint,,120.0,"7,084",206,169.0,0.82,96.8,62.4,50.0,2397,99.0%,0,Fixed Price,2022,86.22,$132.23
4404,Led Zeppelin,Led Zeppelin II,Rock,1989,netherlands,Original 1st Press,No,Very Good Plus,Good,120.0,"9,833",233,166.0,0.712,96.8,11.1,40.0,4126,94.8%,No,Fixed Price,2022,72.50,$76.74
4405,2Pac,Me Against the World,Hip-Hop,1983,Japan,Standard Reissue,No,Very Good,Good Plus,140g,"42,951",695,1688.0,2.429,99.3,35.4,9.0,3830,95.1%,No,Fixed Price,2025,62.52,$71.02
4406,J Dilla,Ruff Draft,Hip-Hop,1970,Brazil,Standard Reissue,No,  Good Plus ,Near Mint,180g,"43,931",1740,2723.0,1.565,44.1,26.7,8.0,3342,99.2%,No,Fixed Price,2015,45.10,$55.22
4407,Pearl Jam,Ten,Alternative,2000,Japan,Standard Reissue,No,Near Mint,,120.0,"19,221",669,876.0,1.309,63.0,71.1,23.0,4641,94.4%,No,Auction,2016,60.27,$88.39
4408,Peter Gabriel,Us,Pop,2016,BRAZIL,Standard Reissue,0,Near Mint,Very Good,120.0,"19,416",1482,459.0,0.31,57.6,63.0,4.0,952,96.5%,No,Fixed Price,2021,56.70,$74.12
4409,David Bowie,Heroes,Rock,1994,japan,Limited Colored Vinyl,Yes,Good Plus,Very Good,140.0,"36,075",827,2717.0,3.285,90.2,2.6,1.0,4562,100.0%,False,Fixed Price,2023,61.73,$67.17
4410,Frank Ocean,"Nostalgia, Ultra",R&B,1960,Canada,Standard Reissue,No,Very Good Plus,Near Mint,120g,"9,875",1431,2377.0,1.661,99.2,37.9,11.0,1272,95.3%,1,Fixed Price,2016,68.42,$92.05
4411,Joy Division,Closer,Alternative,1963,Germany,Limited Colored Vinyl,yes,Very Good Plus,Good,180g,"29,160",71,99.0,1.394,39.5,64.5,84.0,4773,99.6%,No,Auction,2017,52.74,$65.30
4412,Metallica,...And Justice for All,Rock,2003,Japan,Anniversary Edition,Yes,Mint,Good Plus,120g,"25,820",316,919.0,2.908,97.3,57.7,17.0,63,97.7%,False,Auction,2018,76.45,$119.58
4413,Sade,Diamond Life,R&B,1962,Brazil,Limited Colored Vinyl,True,Mint,Poor,140.0,"38,029",324,843.0,2.602,74.8,53.6,82.0,3991,96.0%,Yes,Fixed Price,2025,71.43,$102.76
4414,Aphex Twin,Syro,Electronic,1976,Canada,Standard Reissue,No,Near Mint,Near Mint,180g,"14,449",413,582.0,1.409,67.1,27.8,16.0,2991,90.9%,False,Fixed Price,2018,57.26,$101.78
4415,Radiohead,A Moon Shaped Pool,Alternative,2010,Germany,Standard Reissue,No,Good,Near Mint,120g,"34,103",735,1687.0,2.295,83.5,60.3,10.0,4910,98.3%,No,Auction,2024,65.47,$69.41
4416,Beastie Boys,Ill Communication,Hip-Hop,2018,Germany,Promo Copy,No,Mint,Good Plus,140g,"1,156",402,794.0,1.975,56.8,19.6,52.0,2754,98.8%,Yes,Fixed Price,2021,68.44,$82.34
4417,The Beatles,Rubber Soul,Rock,1982,Australia,Standard Reissue,0,Fair,Near Mint,120g,"36,666",231,135.0,0.584,91.9,19.5,3.0,3356,94.0%,Yes,Fixed Price,2024,57.23,$56.72
4418,Fleetwood Mac,Rumours,Rock,1985,Germany,Standard Reissue,False,Very Good Plus,Mint,120.0,"40,166",136,78.0,0.574,86.5,12.5,27.0,2554,99.0%,Yes,Fixed Price,2023,48.82,$70.80
4419,The Rolling Stones,Voodoo Lounge,Rock,1964,BRAZIL,Standard Reissue,no,Very Good Plus,Very Good,,"21,304",1200,1060.0,0.883,92.1,50.8,37.0,3276,100.0%,0,Fixed Price,2025,66.95,$96.09
4420,Sly and the Family Stone,Stand!,Soul,2012,netherlands,Standard Reissue,0,Very Good,Very Good Plus,180g,"28,650",925,573.0,0.619,78.3,69.5,2.0,4816,97.7%,No,Fixed Price,2023,68.89,$82.01
4421,Daft Punk,Discovery,Electronic,1997,France,Promo Copy,No,Good Plus,Near Mint,120g,"20,439",166,94.0,0.566,83.4,77.1,53.0,4868,96.9%,No,Fixed Price,2016,78.81,$81.51
4422,Dolly Parton,Coat of Many Colors,Country,1975,UK,Standard Reissue,0,Good Plus,Very Good,180g,"41,821",747,834.0,1.116,59.3,77.3,8.0,2848,97.2%,1,Fixed Price,2024,61.68,$70.83
4423,Prince,Dirty Mind,R&B,1974,Australia,Anniversary Edition,Yes,Mint,Near Mint,120g,"6,071",248,135.0,0.544,88.7,48.4,14.0,3194,95.0%,No,Fixed Price,2015,69.13,$116.52
4424,Public Enemy,Fear of a Black Planet,Hip-Hop,1990,Germany,Limited Colored Vinyl,Yes,Near Mint,Very Good,120.0,"23,574",133,58.0,0.436,74.6,22.9,3.0,391,95.4%,No,Fixed Price,2018,50.59,$64.32
4425,Aphex Twin,Syro,Electronic,1993,CANADA,Limited Colored Vinyl,1,Near Mint,Good,140g,"29,621",761,373.0,0.49,66.2,23.2,18.0,4249,95.1%,yes,Fixed Price,2019,55.74,$80.54
4426,Nirvana,Nevermind,Alternative,1981,brazil,Original 1st Press,no,Near Mint,Near Mint,120.0,"34,654",986,,1.786,100.7,34.6,17.0,4643,96.5%,Yes,Fixed Price,2017,73.77,$93.04
4427,Alicia Keys,Alicia,R&B,1989,Netherlands,Promo Copy,0,Very Good,Fair,200g,"49,932",696,1034.0,1.486,78.3,78.5,21.0,3206,99.0%,Yes,Fixed Price,2022,76.25,$94.78
4428,Rage Against the Machine,Rage Against the Machine,Alternative,2020,BRAZIL,Standard Reissue,No,  Fair ,Very Good,180.0,"4,055",1937,3166.0,1.634,71.4,82.8,10.0,2080,97.4%,Yes,Fixed Price,2021,71.39,$65.34
4429,Public Enemy,It Takes a Nation of Millions to Hold Us Back,Hip-Hop,1964,UK,Original 1st Press,No,Mint,Near Mint,120g,"33,384",69,151.0,2.188,77.2,39.2,52.0,1818,92.1%,False,Fixed Price,2025,65.33,$87.84
4430,Arctic Monkeys,Favourite Worst Nightmare,Alternative,2005,Brazil,Limited Colored Vinyl,True,Very Good,Good,140g,"20,472",1522,1629.0,1.07,56.8,59.8,26.0,640,100.0%,Yes,Fixed Price,2024,67.42,$81.78
4431,Michael Jackson,Thriller,Pop,1978,US,Standard Reissue,No,Near Mint,Very Good Plus,120g,"45,889",468,508.0,1.085,94.7,66.0,6.0,896,100.0%,False,Auction,2024,67.66,$103.01
4432,Paul Simon,So Beautiful or So What,Folk,2016,Netherlands,Limited Colored Vinyl,Yes,Very Good,Very Good,140.0,"32,575",180,432.0,2.4,83.0,25.9,1.0,473,100.0%,False,Auction,2018,58.27,$63.41
4433,Daft Punk,Discovery,Electronic,1973,UK,Standard Reissue,no,Very Good,Good,180.0,"26,687",233,503.0,2.159,89.2,77.0,58.0,739,96.5%,Yes,Auction,2015,78.14,$93.92
4434,Neil Young,Harvest Moon,Folk,2013,France,Standard Reissue,No,Near Mint,Very Good Plus,140g,"48,446",585,1372.0,2.345,62.4,65.6,65.0,4024,95.0%,False,Fixed Price,2024,59.25,$81.27
4435,Outkast,Aquemini,Hip-Hop,2021,Australia,Limited Colored Vinyl,1,Very Good Plus,Very Good Plus,120.0,"39,657",297,580.0,1.953,69.4,72.2,18.0,3279,95.8%,False,Fixed Price,2024,70.72,$106.20
4436,Stevie Wonder,Songs in the Key of Life,Soul,2005,UK,Original 1st Press,No,Very Good,Poor,180.0,"27,778",201,256.0,1.274,88.8,29.4,6.0,692,98.2%,No,Fixed Price,2022,71.60,$69.38
4437,Marvin Gaye,Trouble Man,Soul,2011,JAPAN,Limited Colored Vinyl,1,Good,Near Mint,120.0,"8,859",1372,2543.0,1.853,99.5,55.4,23.0,4337,91.6%,No,Fixed Price,2021,78.91,$72.01
4438,The Smiths,The Queen Is Dead,Alternative,2018,UK,Standard Reissue,No,Very Good Plus,Very Good Plus,180.0,"18,578",1298,2580.0,1.988,44.2,16.7,38.0,911,97.0%,No,Fixed Price,2020,44.64,$59.20
4439,The Beatles,Rubber Soul,Rock,2022,australia,Standard Reissue,no,Very Good Plus,Near Mint,200g,"4,548",659,869.0,1.319,86.7,21.7,2.0,1405,97.3%,0,Fixed Price,2023,64.74,$103.50
4440,Red Hot Chili Peppers,Blood Sugar Sex Magik,Alternative,1982,Australia,Limited Colored Vinyl,True,Very Good Plus,Good Plus,140.0,"11,595",358,562.0,1.57,67.0,14.2,5.0,1989,96.4%,No,Fixed Price,2015,58.13,$66.81
4441,Steely Dan,Aja,Rock,2000,UK,Original 1st Press,No,Very Good,Very Good Plus,140g,"14,907",730,1283.0,1.758,78.6,57.0,31.0,1409,86.5%,False,Auction,2024,81.29,$94.05
4442,Bon Iver,"For Emma, Forever Ago",Folk,1995,Australia,Original 1st Press,No,Very Good Plus,Very Good,140.0,"34,710",218,185.0,0.849,41.4,14.0,69.0,3460,95.0%,Yes,Fixed Price,2021,53.95,$69.42
4443,Junior Murvin,Police and Thieves,Reggae,2005,Brazil,Standard Reissue,False,Very Good,Very Good Plus,120g,"15,892",1722,4110.0,2.387,23.8,34.3,45.0,4147,98.2%,1,Auction,2016,44.42,$54.91
4444,Michael Jackson,Thriller,Pop,1969,UK,Standard Reissue,no,Near Mint,Very Good,140.0,"37,889",226,519.0,2.296,92.1,63.7,26.0,4352,99.5%,0,Fixed Price,2021,66.71,$94.69
4445,Red Hot Chili Peppers,Californication,Alternative,2015,UK,Standard Reissue,False,Fair,Very Good Plus,120g,"46,247",810,605.0,0.747,60.9,45.9,3.0,4502,93.0%,No,Fixed Price,2016,50.07,$44.20
4446,Daft Punk,Homework,Electronic,1985,Brazil,Standard Reissue,False,Good,Good Plus,120g,"41,872",1461,2674.0,1.83,82.9,31.9,41.0,4567,94.1%,0,Fixed Price,2021,57.97,$58.08
4447,The Beatles,Sgt. Pepper's Lonely Hearts Club Band,Rock,1975,CANADA,Standard Reissue,No,Good,Near Mint,120.0,"46,915",191,407.0,2.131,91.2,34.9,5.0,2227,98.8%,False,Auction,2018,59.71,$55.98
4448,Bob Dylan,Highway 61 Revisited,Folk,2017,us,Limited Colored Vinyl,1,Good,Mint,140g,"9,261",508,1884.0,3.709,85.7,53.1,4.0,86,98.2%,no,Fixed Price,2020,80.90,$97.93
4449,Michael Jackson,Dangerous,Pop,1999,australia,Standard Reissue,0,Mint,Very Good,120g,"49,824",453,439.0,0.969,98.0,25.4,11.0,1791,100.0%,1,Fixed Price,2015,49.96,$74.61
4450,Prince,1999,R&B,1960,Germany,Standard Reissue,0,Very Good Plus,Near Mint,180.0,"30,853",1928,3204.0,1.662,85.0,48.2,20.0,4724,95.8%,No,Fixed Price,2017,60.65,$88.51
4451,Nirvana,In Utero,Alternative,1991,US,Standard Reissue,No,Mint,Mint,140.0,"13,198",428,575.0,1.343,99.7,54.8,0.0,4847,95.4%,Yes,Fixed Price,2020,70.42,$106.51
4452,Talking Heads,Speaking in Tongues,Alternative,1986,Japan,Test Pressing,True,Good Plus,Very Good,140g,"43,059",9,21.0,2.333,78.9,30.3,0.0,2364,91.9%,No,Fixed Price,2023,82.22,$96.23
4453,Jimi Hendrix,Axis: Bold as Love,Rock,1972,UK,Original 1st Press,No,Very Good,Near Mint,180.0,"23,186",288,591.0,2.052,72.5,47.1,10.0,2224,94.0%,No,Fixed Price,2016,66.19,$81.63
4454,Pink Floyd,Wish You Were Here,Rock,2009,netherlands,Standard Reissue,no,Near Mint,Fair,120g,"13,875",1676,4175.0,2.491,95.0,21.4,31.0,3242,,False,Fixed Price,2022,60.32,$84.63
4455,Vampire Weekend,Father of the Bride,Alternative,1990,Netherlands,Standard Reissue,No,Mint,Very Good Plus,140g,"23,402",133,320.0,2.406,66.4,43.2,37.0,3615,100.0%,no,Fixed Price,2017,56.21,$78.83
4456,Johnny Cash,American IV: The Man Comes Around,Country,1996,uk,Standard Reissue,No,Near Mint,Poor,120.0,"27,139",592,112.0,0.189,96.0,60.7,11.0,4282,98.5%,0,Fixed Price,2019,59.14,$82.17
4457,John Coltrane,A Love Supreme,Jazz,1981,UK,Limited Colored Vinyl,True,Very Good,Very Good Plus,140.0,"32,102",304,846.0,2.783,69.3,63.3,41.0,3700,95.5%,Yes,Fixed Price,2024,71.70,$80.61
4458,Dr. Dre,The Chronic,Hip-Hop,2012,Brazil,Standard Reissue,no,Poor,Good Plus,140g,"41,515",1561,1194.0,0.765,98.2,22.3,38.0,1849,96.7%,Yes,Fixed Price,2017,53.32,$33.76
4459,Lauryn Hill,The Miseducation of Lauryn Hill,R&B,2015,France,Limited Colored Vinyl,Yes,Mint,Very Good Plus,120.0,"29,787",498,1152.0,2.313,73.1,16.5,0.0,4601,97.8%,No,Fixed Price,2022,60.71,$90.71
4460,Pink Floyd,Animals,Rock,1986,US,Limited Colored Vinyl,Yes,Mint,,140g,"12,873",737,1787.0,2.425,91.6,70.3,3.0,2367,100.0%,Yes,Fixed Price,2018,81.24,$100.77
4461,The Cure,Wish,Alternative,1968,Germany,Anniversary Edition,1,Very Good,Near Mint,140.0,"43,598",146,398.0,2.726,35.0,35.6,89.0,2097,95.3%,No,Fixed Price,2020,46.36,$57.63
4462,Kendrick Lamar,To Pimp a Butterfly,Hip-Hop,2016,Australia,Anniversary Edition,Yes,Very Good Plus,Mint,180g,"49,763",1657,1869.0,1.128,92.5,16.9,5.0,180,95.1%,yes,Fixed Price,2018,53.89,$71.57
4463,J Dilla,The Shining,Hip-Hop,1986,Germany,Limited Colored Vinyl,Yes,  Good Plus ,Good Plus,140.0,"39,728",653,729.0,1.116,43.1,17.6,110.0,1589,100.0%,No,Fixed Price,2020,41.38,$42.56
4464,Arcade Fire,Funeral,Alternative,1969,JAPAN,Standard Reissue,0,Near Mint,Very Good Plus,140.0,"44,841",438,203.0,0.463,55.7,62.8,1.0,1539,98.1%,No,Fixed Price,2016,43.61,$67.65
4465,Pink Floyd,The Dark Side of the Moon,Rock,1988,Japan,Limited Colored Vinyl,Yes,Good,Good,180.0,"10,685",418,962.0,2.301,91.3,22.9,29.0,434,96.4%,0,Fixed Price,2015,71.78,$57.81
4466,Sade,Love Deluxe,R&B,1973,brazil,Original 1st Press,No,Very Good,Very Good,140g,"34,831",1078,832.0,0.772,77.1,71.8,21.0,1897,96.5%,yes,Fixed Price,2024,79.29,$109.74
4467,Alice in Chains,Facelift,Alternative,1986,JAPAN,Promo Copy,False,Near Mint,Very Good Plus,120.0,"27,517",296,674.0,2.277,59.6,47.0,32.0,4380,95.1%,No,Auction,2022,67.74,$105.08
4468,R.E.M.,Reckoning,Alternative,1983,UK,Limited Colored Vinyl,Yes,Near Mint,Very Good Plus,120g,"20,635",795,138.0,0.174,62.2,44.7,3.0,4817,100.0%,No,Auction,2015,55.35,$75.77
4469,J Dilla,Donuts,Hip-Hop,2007,,Standard Reissue,No,Very Good Plus,Near Mint,180g,"4,956",774,1708.0,2.207,41.9,50.1,0.0,1896,94.9%,no,Fixed Price,2022,60.93,$81.24
4470,Kings of Leon,Youth and Young Manhood,Alternative,2017,UK,Limited Colored Vinyl,Yes,Very Good,Very Good,180.0,"33,932",29,37.0,1.276,70.8,81.9,0.0,293,98.0%,No,Fixed Price,2020,65.94,$94.16
4471,Vampire Weekend,Modern Vampires of the City,Alternative,1961,US,Limited Colored Vinyl,True,Poor,Near Mint,200g,"1,795",637,1479.0,2.322,70.7,22.7,47.0,1536,93.8%,False,Fixed Price,2016,59.50,$45.84
4472,Pink Floyd,Wish You Were Here,Rock,2007,US,Standard Reissue,No,Very Good,Good Plus,140g,"4,198",262,493.0,1.882,92.7,24.6,64.0,2581,95.0%,Yes,Fixed Price,2019,64.66,$74.74
4473,The Notorious B.I.G.,Life After Death,Hip-Hop,2015,netherlands,Standard Reissue,False,  Poor ,Good Plus,120.0,"5,066",194,80.0,0.412,92.2,70.2,11.0,2914,100.0%,Yes,Fixed Price,2019,58.85,$36.10
4474,Led Zeppelin,Houses of the Holy,Rock,1962,Netherlands,Anniversary Edition,1,Very Good Plus,Fair,140.0,"19,804",143,235.0,1.643,96.6,30.5,13.0,3965,99.8%,no,Fixed Price,2016,67.24,$78.18
4475,The Beach Boys,Pet Sounds,Pop,1997,Australia,Limited Colored Vinyl,True,Very Good Plus,Very Good Plus,180g,"26,381",235,191.0,0.813,80.6,36.0,8.0,2505,93.7%,No,Fixed Price,2024,58.79,$82.89
4476,Loretta Lynn,Coal Miner's Daughter,Country,1971,Germany,Standard Reissue,No,Very Good,Good Plus,120.0,"48,518",490,457.0,0.933,23.8,52.7,42.0,1343,91.4%,1,Auction,2024,42.96,$46.42
4477,The White Stripes,Get Behind Me Satan,Alternative,1986,Japan,Standard Reissue,No,Near Mint,,140.0,"48,284",1096,832.0,0.759,65.9,46.3,10.0,2414,99.3%,yes,Fixed Price,2019,52.76,$73.18
4478,Simon & Garfunkel,Sounds of Silence,Folk,2015,Australia,Standard Reissue,No,Near Mint,Very Good,140.0,"46,690",623,1178.0,1.891,67.8,47.8,0.0,4529,94.8%,True,Fixed Price,2015,52.65,$68.10
4479,Soundgarden,Superunknown,Alternative,1996,CANADA,Original 1st Press,No,Good Plus,Good Plus,140.0,"49,800",417,779.0,1.868,78.1,37.2,1.0,3396,96.8%,True,Fixed Price,2016,65.66,$67.00
4480,Guns N' Roses,Use Your Illusion I,Rock,1982,NETHERLANDS,Limited Colored Vinyl,True,Near Mint,Good,,"28,319",658,1380.0,2.097,86.8,25.4,12.0,3566,,Yes,Fixed Price,2022,61.11,$89.14
4481,The Smiths,Meat Is Murder,Alternative,1991,UK,Standard Reissue,no,Good Plus,Good,180.0,"19,888",811,776.0,0.957,49.6,28.8,14.0,3121,97.0%,Yes,Fixed Price,2022,48.65,$46.48
4482,Bob Marley,Exodus,Reggae,2019,France,Original 1st Press,No,Good,Near Mint,180.0,"27,829",382,304.0,0.796,91.2,24.9,47.0,4727,96.9%,No,Fixed Price,2024,69.81,$74.18
4483,The White Stripes,Get Behind Me Satan,Alternative,1965,germany,Standard Reissue,No,Near Mint,Near Mint,120.0,"41,495",474,1110.0,2.342,64.6,42.5,66.0,1241,96.6%,False,Auction,2025,57.81,$84.65
4484,Daft Punk,Alive 2007,Electronic,1980,Japan,Original 1st Press,False,Good Plus,Very Good Plus,140g,"40,153",193,83.0,0.43,85.1,57.6,18.0,4677,92.7%,Yes,Fixed Price,2020,72.81,$71.24
4485,Sufjan Stevens,Illinois,Folk,1969,US,Original 1st Press,0,Mint,Mint,180g,"4,931",278,413.0,1.486,57.2,41.1,29.0,3194,96.4%,No,Fixed Price,2025,61.83,$109.12
4486,AC/DC,Back in Black,Rock,2015,France,Standard Reissue,No,Near Mint,Very Good Plus,200.0,"48,133",439,157.0,0.358,91.2,46.0,15.0,4808,95.4%,False,Fixed Price,2019,64.84,$88.38
4487,Neil Young,Rust Never Sleeps,Folk,1997,UK,Limited Colored Vinyl,Yes,Mint,Mint,200g,"28,386",582,1441.0,2.476,60.6,57.3,51.0,2352,94.9%,Yes,Fixed Price,2019,68.75,$108.00
4488,Bon Iver,"For Emma, Forever Ago",Folk,1963,BRAZIL,Test Pressing,Yes,Very Good,Good Plus,140.0,"41,124",373,1122.0,3.008,39.1,19.6,4.0,530,91.2%,No,Fixed Price,2023,60.89,$80.25
4489,Daft Punk,Human After All,Electronic,1989,UK,Original 1st Press,No,Very Good Plus,Very Good,180.0,"8,720",268,199.0,0.743,89.8,75.0,9.0,1182,92.9%,No,Fixed Price,2019,78.90,$97.25
4490,Talking Heads,Speaking in Tongues,Alternative,2011,US,Standard Reissue,0,Very Good Plus,Fair,120g,"42,608",423,275.0,0.65,84.4,37.6,8.0,1925,98.4%,False,Fixed Price,2023,48.57,$59.10
4491,Bob Marley,Uprising,Reggae,1991,GERMANY,Standard Reissue,0,Very Good,Mint,140.0,"4,204",1120,2447.0,2.185,89.7,49.1,1.0,1573,95.4%,Yes,Fixed Price,2015,75.45,$95.92
4492,Frank Ocean,Channel Orange,R&B,2018,Canada,Promo Copy,No,Very Good,Very Good,200.0,"48,046",576,102.0,0.177,97.3,17.5,12.0,2321,98.1%,False,Fixed Price,2024,58.74,$79.88
4493,Kraftwerk,Autobahn,Electronic,1991,GERMANY,Test Pressing,1,Good Plus,,140g,"31,254",148,376.0,2.541,78.9,37.6,20.0,72,97.6%,No,Fixed Price,2016,84.97,$92.12
4494,New Order,"Power, Corruption and Lies",Electronic,1961,UK,Standard Reissue,0,  Very Good Plus ,Good Plus,120g,"23,033",350,478.0,1.366,66.0,7.4,1.0,1294,100.0%,0,Auction,2015,46.23,$59.60
4495,Michael Jackson,Dangerous,Pop,2013,Netherlands,Standard Reissue,0,Near Mint,Near Mint,120g,"17,703",1373,2522.0,1.837,98.1,27.4,21.0,2467,94.8%,no,Fixed Price,2016,60.16,$74.47
4496,Bjork,Homogenic,Electronic,1975,Canada,Standard Reissue,False,Good,Very Good,140.0,"23,584",678,171.0,0.252,72.5,32.2,4.0,629,98.8%,No,Auction,2023,52.98,$53.48
4497,Arctic Monkeys,"Whatever People Say I Am, That's What I'm Not",Alternative,1989,NETHERLANDS,Standard Reissue,False,Near Mint,Very Good Plus,120g,"23,107",379,375.0,0.989,49.9,27.1,12.0,3789,97.7%,False,Fixed Price,2016,38.47,$56.29
4498,Alice in Chains,Facelift,Alternative,2010,Japan,Standard Reissue,no,Very Good,Very Good Plus,200g,"21,600",905,995.0,1.099,62.1,46.2,28.0,2552,92.3%,No,Fixed Price,2019,63.21,$95.51
4499,Talking Heads,Speaking in Tongues,Alternative,2010,Netherlands,Standard Reissue,0,Very Good,Near Mint,,"10,315",348,639.0,1.836,78.0,39.4,9.0,3190,100.0%,0,Auction,2020,69.72,$70.72
4500,The Rolling Stones,Some Girls,Rock,2011,Canada,Standard Reissue,No,Near Mint,,120.0,"38,892",442,576.0,1.303,101.1,43.7,23.0,1000,96.2%,No,Fixed Price,2024,69.34,$73.02
4501,Erykah Badu,Mama's Gun,R&B,1977,france,Standard Reissue,False,Very Good,Good Plus,120g,"22,544",183,234.0,1.279,76.4,14.8,13.0,3626,94.9%,0,Fixed Price,2015,46.72,$54.73
4502,Led Zeppelin,Physical Graffiti,Rock,1986,Netherlands,Limited Colored Vinyl,Yes,Very Good Plus,Good Plus,120.0,"26,819",374,347.0,0.928,102.5,56.0,0.0,141,99.0%,0,Fixed Price,2015,77.73,$103.75
4503,Red Hot Chili Peppers,Blood Sugar Sex Magik,Alternative,1995,UK,Anniversary Edition,True,Good,Very Good Plus,120.0,"49,132",819,426.0,0.52,65.8,21.0,16.0,3449,99.4%,No,Fixed Price,2022,43.48,$44.68
4504,Vampire Weekend,Contra,Alternative,2005,France,Anniversary Edition,Yes,Very Good,Very Good Plus,140g,"45,508",612,1308.0,2.137,65.4,31.3,9.0,4012,96.1%,0,Fixed Price,2015,51.39,$69.54
4505,Kraftwerk,Computer World,Electronic,2019,Brazil,Standard Reissue,No,Poor,Fair,120g,"12,191",677,645.0,0.953,83.5,27.4,7.0,3296,96.8%,Yes,Fixed Price,2019,57.52,$34.47
4506,Bjork,Post,Electronic,1993,Japan,Anniversary Edition,Yes,Near Mint,Very Good Plus,140.0,"45,487",523,1325.0,2.533,72.7,72.3,12.0,4769,92.3%,Yes,Auction,2023,68.73,$82.73
4507,Neil Young,Harvest,Folk,1965,France,Standard Reissue,No,Very Good,Near Mint,140.0,"40,478",172,352.0,2.047,62.2,14.6,1.0,2521,94.7%,0,Auction,2020,45.75,$59.12
4508,Sufjan Stevens,Carrie & Lowell,Folk,1995,BRAZIL,Limited Colored Vinyl,True,Very Good Plus,Near Mint,120g,"32,295",541,1323.0,2.445,49.7,8.6,14.0,241,100.0%,No,Auction,2019,43.92,$59.44
4509,Radiohead,The Bends,Alternative,2007,Netherlands,Limited Colored Vinyl,yes,Very Good Plus,Near Mint,180g,"5,563",981,2426.0,2.473,89.3,49.9,5.0,2169,90.8%,1,Fixed Price,2025,78.89,$112.71
4510,Funkadelic,Uncle Jam Wants You,R&B,1972,Netherlands,Test Pressing,Yes,Very Good,Good,140.0,"13,515",297,952.0,3.205,43.4,60.8,22.0,1865,95.4%,False,Auction,2017,82.18,$102.56
4511,Miles Davis,Kind of Blue,Jazz,2003,uk,Limited Colored Vinyl,Yes,Near Mint,Very Good Plus,120.0,"4,651",333,196.0,0.589,76.7,32.7,23.0,2605,95.1%,Yes,Fixed Price,2021,63.56,$89.95
4512,Soundgarden,Badmotorfinger,Alternative,2001,Netherlands,Anniversary Edition,Yes,Good,Near Mint,180g,"31,628",845,1187.0,1.405,72.0,74.8,75.0,577,95.7%,False,Auction,2015,68.25,$62.08
4513,Led Zeppelin,Led Zeppelin II,Rock,2014,Japan,Standard Reissue,No,Very Good,Mint,180.0,"9,491",534,822.0,1.539,96.0,7.3,22.0,2749,94.2%,No,Fixed Price,2020,55.93,$71.61
4514,Miles Davis,Kind of Blue,Jazz,1964,Australia,Anniversary Edition,yes,Good,Very Good,140g,"18,320",1557,3463.0,2.224,77.0,32.7,9.0,277,100.0%,No,Fixed Price,2020,60.16,$69.95
4515,The Clash,Combat Rock,Rock,1965,Japan,Standard Reissue,False,Very Good,Near Mint,180g,"7,062",844,1509.0,1.788,69.5,32.0,,2991,94.3%,No,Fixed Price,2018,52.04,$75.91
4516,Interpol,Turn on the Bright Lights,Alternative,2021,Canada,Standard Reissue,No,Very Good Plus,Near Mint,140.0,"34,333",1102,482.0,0.437,21.4,36.8,7.0,42,97.0%,Yes,Auction,2023,35.43,$47.34
4517,Kings of Leon,Youth and Young Manhood,Alternative,2001,france,Original 1st Press,No,Near Mint,Very Good Plus,120.0,"18,009",387,211.0,0.545,68.1,80.4,36.0,2413,95.8%,1,Fixed Price,2016,89.27,$151.21
4518,U2,War,Rock,1988,UK,Standard Reissue,No,Good Plus,Very Good Plus,120g,"43,420",370,235.0,0.635,81.9,19.2,43.0,211,98.4%,No,Fixed Price,2015,53.58,$62.13
4519,David Bowie,Hunky Dory,Rock,1965,Germany,Standard Reissue,False,Good,Good Plus,,"37,720",74,152.0,2.054,86.4,84.2,9.0,4571,99.0%,False,Fixed Price,2017,75.37,$75.26
4520,Johnny Cash,American IV: The Man Comes Around,Country,1999,Germany,Standard Reissue,No,Near Mint,,180.0,"35,267",1156,1266.0,1.095,98.5,57.9,2.0,1655,97.2%,True,Auction,2017,74.68,$122.65
4521,Outkast,Aquemini,Hip-Hop,1998,Netherlands,Standard Reissue,No,Very Good Plus,Near Mint,180.0,"23,726",1192,913.0,0.766,74.0,73.0,1.0,4096,94.3%,0,Fixed Price,2020,66.03,$87.13
4522,Joni Mitchell,Ladies of the Canyon,Folk,1996,germany,Standard Reissue,No,Very Good,Very Good Plus,200g,"38,057",954,2028.0,2.126,73.1,42.8,2.0,267,97.0%,yes,Fixed Price,2017,67.14,$74.10
4523,Bob Marley,Kaya,Reggae,1974,BRAZIL,Standard Reissue,No,Good Plus,Near Mint,120g,"6,496",883,2063.0,2.336,98.2,32.5,10.0,1686,94.7%,Yes,Auction,2017,74.56,$92.43
4524,Radiohead,In Rainbows,Alternative,1994,,Original 1st Press,No,Good,,200g,"11,295",162,273.0,1.685,88.9,13.5,13.0,607,88.8%,Yes,Fixed Price,2016,67.77,$62.94
4525,Bob Dylan,Nashville Skyline,Folk,1988,Canada,Anniversary Edition,1,Very Good,Very Good Plus,120g,"43,065",754,1738.0,2.305,86.1,26.1,15.0,4849,94.9%,0,Fixed Price,2021,61.94,$71.24
4526,Beastie Boys,Licensed to Ill,Hip-Hop,1968,Canada,Anniversary Edition,True,Very Good Plus,Very Good,120.0,"24,246",494,396.0,0.802,57.3,41.6,16.0,2061,100.0%,Yes,Fixed Price,2017,47.89,$59.50
4527,Patti Smith,Horses,Rock,2010,UK,Promo Copy,No,Very Good,Very Good Plus,180.0,"49,683",590,,2.175,31.5,72.8,3.0,415,95.3%,1,Fixed Price,2017,51.97,$76.42
4528,The Beach Boys,Pet Sounds,Pop,2022,CANADA,Standard Reissue,No,Good Plus,Poor,120.0,"34,612",606,1482.0,2.446,77.7,31.2,0.0,4795,96.1%,False,Fixed Price,2025,51.77,$48.62
4529,Pearl Jam,Vs.,Alternative,1968,Canada,Limited Colored Vinyl,1,Near Mint,Very Good,180g,"19,421",406,1281.0,3.155,68.0,16.7,23.0,4335,91.3%,0,Auction,2022,61.41,$87.95
4530,The Rolling Stones,Some Girls,Rock,2008,US,Standard Reissue,No,Near Mint,Very Good Plus,120.0,"21,953",1300,2336.0,1.797,96.5,47.3,1.0,4807,96.6%,No,Auction,2017,65.84,$102.02
4531,Norah Jones,Little Broken Hearts,Jazz,1977,Australia,Standard Reissue,no,  Near Mint ,Near Mint,120.0,"3,557",202,67.0,0.332,64.5,23.1,1.0,3861,90.6%,True,Fixed Price,2019,47.97,$54.01
4532,Daft Punk,Human After All,Electronic,1968,Canada,Limited Colored Vinyl,1,Near Mint,Very Good,140g,"49,970",379,517.0,1.364,89.9,67.6,15.0,1645,93.6%,No,Fixed Price,2022,69.20,$96.26
4533,Bjork,Vespertine,Electronic,2005,Netherlands,Original 1st Press,No,Very Good Plus,Good Plus,140.0,"6,249",158,53.0,0.335,74.8,21.3,39.0,871,98.1%,0,Fixed Price,2022,68.56,$86.64
4534,Johnny Cash,American IV: The Man Comes Around,Country,1982,US,Promo Copy,No,Near Mint,Good,180g,"6,737",59,79.0,1.339,96.3,61.2,36.0,38,99.2%,0,Fixed Price,2022,81.86,$86.45
4535,Norah Jones,Little Broken Hearts,Jazz,1997,Brazil,Standard Reissue,False,Mint,Good,180.0,"18,706",434,915.0,2.108,71.2,26.4,54.0,3209,100.0%,False,Fixed Price,2019,61.16,$105.43
4536,Vampire Weekend,Contra,Alternative,1991,Canada,Standard Reissue,False,Mint,Very Good,120g,"21,819",469,,1.198,74.0,33.2,6.0,722,,1,Auction,2018,53.57,$79.02
4537,Sly and the Family Stone,Stand!,Soul,2022,Netherlands,Standard Reissue,No,Near Mint,Very Good,180g,"14,222",280,458.0,1.636,74.3,74.3,18.0,3204,,No,Fixed Price,2024,70.60,$119.01
4538,Stevie Wonder,Innervisions,Soul,2018,BRAZIL,Standard Reissue,No,Very Good,Poor,120g,"8,773",796,1488.0,1.869,88.9,38.6,5.0,4145,97.3%,No,Fixed Price,2023,69.08,$73.29
4539,Red Hot Chili Peppers,Blood Sugar Sex Magik,Alternative,1960,Australia,Standard Reissue,False,Good,Good,140g,"15,844",509,119.0,0.234,61.7,21.6,28.0,3460,98.9%,No,Auction,2025,43.62,$44.72
4540,Steely Dan,The Royal Scam,Rock,1981,Japan,Standard Reissue,No,Very Good Plus,Very Good Plus,120.0,"12,657",1962,4272.0,2.177,78.4,1.5,59.0,4412,98.0%,Yes,Fixed Price,2025,57.47,$75.14
4541,The Beatles,Abbey Road,Rock,1996,US,Promo Copy,No,Very Good Plus,Good Plus,140.0,"18,753",451,63.0,0.14,92.1,73.2,2.0,3041,100.0%,Yes,Fixed Price,2021,85.11,$91.31
4542,David Bowie,Let's Dance,Pop,1976,UK,Original 1st Press,No,Fair,Fair,120.0,"7,166",91,72.0,0.791,89.1,31.8,17.0,3820,92.5%,yes,Fixed Price,2025,78.86,$69.93
4543,Outkast,Stankonia,Hip-Hop,1977,JAPAN,Original 1st Press,no,Very Good Plus,Good Plus,120.0,"41,017",5,2.0,0.4,67.4,6.5,11.0,1205,91.7%,0,Fixed Price,2025,51.73,$76.09
4544,The Notorious B.I.G.,Ready to Die,Hip-Hop,2005,UK,Standard Reissue,No,Good,Mint,140.0,"47,177",2529,3365.0,1.331,93.7,78.3,33.0,812,94.9%,Yes,Fixed Price,2020,71.19,$69.37
4545,Kendrick Lamar,"good kid, m.A.A.d city",Hip-Hop,2002,UK,Original 1st Press,No,Good Plus,Very Good Plus,140g,"26,430",77,155.0,2.013,89.4,23.0,19.0,2155,97.9%,0,Fixed Price,2018,71.71,$78.15
4546,U2,The Joshua Tree,Rock,2021,Japan,Limited Colored Vinyl,1,Very Good,Near Mint,140g,"35,558",934,1303.0,1.395,78.9,47.5,21.0,2356,96.1%,0,Auction,2022,64.77,$88.50
4547,Daft Punk,Discovery,Electronic,1964,Netherlands,Limited Colored Vinyl,Yes,Near Mint,Very Good,180g,"40,429",203,523.0,2.576,88.2,75.3,8.0,2457,99.5%,Yes,Fixed Price,2020,75.95,$102.34
4548,D'Angelo,Voodoo,R&B,1961,AUSTRALIA,Original 1st Press,False,Very Good Plus,Mint,120.0,"31,829",310,657.0,2.119,75.1,23.7,36.0,4796,96.3%,No,Fixed Price,2020,67.02,$91.53
4549,David Bowie,Aladdin Sane,Rock,2006,Brazil,Standard Reissue,no,  Near Mint ,,180.0,"43,102",1546,2148.0,1.389,93.6,73.9,5.0,1993,96.0%,No,Fixed Price,2017,71.81,$108.97
4550,Black Sabbath,Paranoid,Rock,2019,Brazil,Limited Colored Vinyl,True,Very Good Plus,Good,180.0,"28,683",566,600.0,1.06,71.2,81.0,39.0,1395,94.3%,False,Fixed Price,2022,73.64,$99.10
4551,Stevie Wonder,Songs in the Key of Life,Soul,1966,France,Standard Reissue,No,Good,Very Good,180g,"34,341",873,392.0,0.449,87.4,23.4,50.0,299,98.8%,no,Fixed Price,2019,51.33,$50.73
4552,David Bowie,Low,Electronic,1966,Australia,Standard Reissue,0,Poor,Very Good,140g,"34,681",334,269.0,0.805,85.4,0.7,8.0,1297,100.0%,yes,Fixed Price,2016,49.40,$39.95
4553,Pink Floyd,Wish You Were Here,Rock,1978,japan,Standard Reissue,No,Good,Good,180g,"34,429",782,1899.0,2.428,97.6,29.2,56.0,2216,100.0%,No,Fixed Price,2018,56.73,$54.13
4554,Lauryn Hill,The Miseducation of Lauryn Hill,R&B,1998,BRAZIL,Original 1st Press,0,Good Plus,Very Good Plus,120.0,"7,662",500,147.0,0.294,64.5,17.1,29.0,1832,95.3%,no,Auction,2022,59.88,$81.16
4555,Paul Simon,Graceland,Folk,2020,CANADA,Anniversary Edition,Yes,Good Plus,Mint,200.0,"10,399",1366,2000.0,1.464,69.1,11.3,10.0,1432,100.0%,0,Fixed Price,2021,56.30,$75.71
4556,Marvin Gaye,What's Going On,Soul,2020,BRAZIL,Original 1st Press,No,Near Mint,Very Good Plus,120.0,"30,471",514,361.0,0.702,92.8,28.5,6.0,1498,90.2%,1,Fixed Price,2025,74.59,$103.04
4557,Funkadelic,Cosmic Slop,R&B,2019,japan,Anniversary Edition,Yes,Very Good Plus,Very Good Plus,140g,"36,526",183,559.0,3.055,42.7,24.1,9.0,115,96.4%,Yes,Fixed Price,2019,44.25,$60.58
4558,Sade,Promise,R&B,1999,Australia,Promo Copy,No,Good Plus,Good Plus,140.0,"17,341",277,42.0,0.152,75.1,26.3,20.0,1592,100.0%,yes,Fixed Price,2016,58.32,$66.38
4559,Brian Eno,Another Green World,Electronic,2010,UK,Standard Reissue,No,Near Mint,Mint,180.0,"9,035",1365,2418.0,1.771,45.4,20.8,9.0,4345,96.4%,No,Auction,2023,45.41,$66.56
4560,Marvin Gaye,Let's Get It On,Soul,2021,Australia,Standard Reissue,No,Very Good,Good,120.0,"35,131",773,420.0,0.543,93.2,74.0,10.0,1923,95.8%,No,Fixed Price,2022,75.56,$100.23
4561,Carole King,Tapestry,Folk,2011,germany,Limited Colored Vinyl,True,Very Good,Very Good,180g,"38,539",549,308.0,0.561,55.6,25.9,25.0,4086,96.2%,yes,Auction,2017,51.19,$51.20
4562,Alice in Chains,Dirt,Alternative,1985,France,Limited Colored Vinyl,yes,Very Good,Good Plus,120g,"3,328",188,106.0,0.564,67.1,45.6,19.0,997,98.7%,1,Auction,2025,61.51,$62.97
4563,Vampire Weekend,Modern Vampires of the City,Alternative,2004,France,Original 1st Press,no,Good Plus,Very Good Plus,140g,"19,322",232,542.0,2.336,71.6,25.5,11.0,820,100.0%,No,Fixed Price,2019,69.90,$75.24
4564,The Beatles,Revolver,Rock,1971,Australia,Promo Copy,No,Very Good Plus,Near Mint,120g,"32,905",173,202.0,1.168,89.4,10.8,18.0,1391,95.3%,Yes,Fixed Price,2024,61.04,$83.81
4565,Sly and the Family Stone,Stand!,Soul,2011,US,Standard Reissue,False,  Very Good ,Very Good Plus,140g,"27,223",568,833.0,1.467,76.1,72.8,4.0,3436,97.4%,Yes,Auction,2024,65.79,$71.01
4566,The Rolling Stones,Made in the Shade,Rock,1968,Germany,Standard Reissue,0,Very Good Plus,Good Plus,180.0,"39,646",358,219.0,0.612,88.0,17.0,11.0,4278,95.6%,No,Fixed Price,2015,58.71,$67.83
4567,Bon Iver,"22, A Million",Folk,2008,US,Original 1st Press,No,Very Good Plus,Very Good Plus,120g,"46,341",241,,1.17,39.7,36.6,23.0,1616,100.0%,False,Fixed Price,2021,53.87,$65.66
4568,John Coltrane,Giant Steps,Jazz,1964,Japan,Anniversary Edition,True,Very Good,Near Mint,180g,"41,398",766,899.0,1.174,72.5,74.4,42.0,1976,100.0%,No,Auction,2017,72.99,$99.60
4569,Pink Floyd,Wish You Were Here,Rock,1973,uk,Limited Colored Vinyl,True,Fair,Mint,140.0,"38,428",330,291.0,0.882,92.0,30.9,33.0,1907,92.2%,no,Fixed Price,2025,65.00,$59.37
4570,Funkadelic,Funkadelic,R&B,1964,uk,Standard Reissue,False,Very Good,Mint,140.0,"17,987",707,1693.0,2.395,40.2,92.4,11.0,4169,95.5%,Yes,Fixed Price,2017,58.04,$91.47
4571,Kendrick Lamar,To Pimp a Butterfly,Hip-Hop,1963,Japan,Standard Reissue,False,Very Good,Very Good,120.0,"6,339",1261,1880.0,1.491,94.6,15.8,29.0,817,96.7%,No,Fixed Price,2021,54.70,$61.42
4572,Rage Against the Machine,Evil Empire,Alternative,1974,germany,Standard Reissue,No,Mint,Mint,120g,"13,534",465,744.0,1.6,75.6,23.7,32.0,242,100.0%,no,Fixed Price,2020,53.06,$72.88
4573,U2,Achtung Baby,Rock,2019,US,Limited Colored Vinyl,Yes,Very Good,Very Good Plus,120.0,"44,027",438,624.0,1.425,80.3,29.8,3.0,3846,95.7%,True,Fixed Price,2022,64.78,$75.83
4574,Pink Floyd,Animals,Rock,1988,Japan,Standard Reissue,0,Very Good,Mint,140g,"2,020",905,561.0,0.62,91.5,70.3,,2284,92.3%,no,Fixed Price,2025,81.20,$118.66
4575,Sade,Diamond Life,R&B,1989,Netherlands,Test Pressing,True,Very Good,Very Good Plus,140g,"19,290",923,2149.0,2.328,80.7,52.6,4.0,2034,95.7%,No,Fixed Price,2015,85.35,$114.78
4576,Funkadelic,Cosmic Slop,R&B,2003,US,Standard Reissue,No,Mint,Fair,120g,"48,122",548,228.0,0.416,40.8,16.1,58.0,2793,94.4%,yes,Fixed Price,2022,30.95,$42.68
4577,Nirvana,Bleach,Alternative,1993,Brazil,Anniversary Edition,Yes,Very Good,Very Good Plus,180g,"43,312",1030,963.0,0.935,97.4,51.1,4.0,4661,95.8%,No,Auction,2018,68.22,$68.18
4578,Kraftwerk,Computer World,Electronic,1985,UK,Standard Reissue,0,Good Plus,Very Good,200.0,"5,561",1210,486.0,0.402,78.6,31.1,59.0,3035,98.0%,0,Fixed Price,2025,53.91,$69.44
4579,Erykah Badu,Mama's Gun,R&B,2011,France,Anniversary Edition,Yes,Very Good,Good,140g,"17,714",616,442.0,0.718,77.1,20.4,14.0,4365,94.4%,No,Fixed Price,2024,47.60,$54.99
4580,Kendrick Lamar,Section.80,Hip-Hop,2007,Brazil,Anniversary Edition,True,Very Good,Near Mint,180.0,"14,007",464,869.0,1.873,89.8,20.0,2.0,2597,99.4%,True,Auction,2020,60.88,$81.13
4581,Japandroids,Post-Nothing,Alternative,2009,Netherlands,Standard Reissue,0,Mint,Very Good Plus,200.0,"18,365",432,331.0,0.766,32.9,40.2,,811,97.8%,False,Fixed Price,2018,37.74,$52.90
4582,Miles Davis,Bitches Brew,Jazz,2012,AUSTRALIA,Anniversary Edition,True,Mint,,120g,"11,099",382,1131.0,2.961,78.9,16.7,8.0,1847,100.0%,No,Fixed Price,2016,58.51,$96.20
4583,Carole King,Tapestry,Folk,2006,canada,Original 1st Press,no,Very Good Plus,Very Good Plus,120.0,"41,092",83,18.0,0.217,54.8,33.8,9.0,3308,100.0%,Yes,Fixed Price,2024,54.58,$61.93
4584,New Order,Technique,Electronic,2000,Australia,Limited Colored Vinyl,Yes,Very Good,Very Good,180g,"3,274",246,771.0,3.134,68.6,53.5,0.0,3186,98.2%,Yes,Auction,2021,69.48,$79.41
4585,Prince,Lovesexy,R&B,1962,netherlands,Standard Reissue,0,Good,Good,180g,"26,739",489,571.0,1.168,89.4,14.4,45.0,156,96.5%,Yes,Fixed Price,2015,49.06,$39.76
4586,Prince,Sign o' the Times,R&B,2006,JAPAN,Anniversary Edition,Yes,Fair,Near Mint,140g,"26,880",465,1181.0,2.54,90.2,44.4,59.0,3623,95.0%,False,Fixed Price,2022,72.04,$79.48
4587,Patti Smith,Easter,Rock,1966,Australia,Original 1st Press,0,Very Good,Near Mint,140g,"34,501",390,155.0,0.397,30.5,37.0,17.0,1985,95.8%,No,Fixed Price,2022,53.22,$60.15
4588,Massive Attack,Mezzanine,Electronic,2000,UK,Original 1st Press,0,Very Good Plus,,180.0,"8,002",210,512.0,2.438,56.1,63.9,0.0,2670,99.6%,False,Auction,2022,73.83,$93.58
4589,Nina Simone,I Put a Spell on You,Jazz,1971,Netherlands,Limited Colored Vinyl,Yes,Very Good Plus,Very Good,180g,"40,175",252,185.0,0.734,77.4,69.5,5.0,3557,100.0%,No,Auction,2016,63.67,$78.61
4590,Neil Young,Harvest,Folk,2014,,Test Pressing,True,Very Good Plus,Near Mint,140g,"42,481",503,1102.0,2.191,67.7,9.7,6.0,1221,95.4%,True,Fixed Price,2023,66.76,$89.01
4591,Erykah Badu,Mama's Gun,R&B,2020,US,Test Pressing,True,Very Good,Near Mint,120g,"7,355",279,392.0,1.405,78.0,16.6,0.0,2277,92.9%,No,Fixed Price,2024,74.91,$121.10
4592,Jane's Addiction,Ritual de lo Habitual,Alternative,2020,AUSTRALIA,Limited Colored Vinyl,Yes,Very Good Plus,Mint,180.0,"19,114",336,1074.0,3.196,26.0,18.2,11.0,2723,96.8%,False,Fixed Price,2021,35.67,$49.36
4593,De La Soul,3 Feet High and Rising,Hip-Hop,2013,UK,Standard Reissue,False,Very Good Plus,Fair,180.0,"18,750",1564,924.0,0.591,78.8,45.9,48.0,4841,,Yes,Fixed Price,2020,62.09,$70.86
4594,Michael Jackson,Dangerous,Pop,1976,Australia,Standard Reissue,No,Mint,Very Good Plus,140.0,"12,263",353,504.0,1.428,99.2,21.0,10.0,2513,95.9%,False,Fixed Price,2020,55.75,$83.13
4595,Parliament,Mothership Connection,R&B,1963,france,Limited Colored Vinyl,True,Very Good,Good Plus,120g,"38,285",369,,2.515,46.5,78.4,53.0,3280,94.6%,0,Fixed Price,2016,64.05,$55.99
4596,The Clash,London Calling,Rock,1965,Canada,Standard Reissue,No,Mint,Near Mint,120.0,"13,556",71,118.0,1.662,72.6,11.0,16.0,2170,96.2%,Yes,Auction,2016,52.14,$76.95
4597,Soundgarden,Badmotorfinger,Alternative,1973,,Limited Colored Vinyl,True,Very Good Plus,Mint,180.0,"19,668",613,609.0,0.993,72.3,66.2,28.0,4475,96.5%,No,Fixed Price,2020,64.66,$85.75
4598,Prince,Sign o' the Times,R&B,1986,Canada,Standard Reissue,0,Good Plus,Very Good Plus,120g,"47,275",735,459.0,0.624,88.3,50.1,4.0,2095,99.1%,No,Fixed Price,2022,53.49,$60.39
4599,Black Sabbath,Master of Reality,Rock,1986,Netherlands,Standard Reissue,no,Very Good,Very Good Plus,140g,"37,162",158,241.0,1.525,65.8,22.9,29.0,383,93.9%,Yes,Fixed Price,2024,55.20,$65.19
4600,Bob Marley,Legend,Reggae,1991,Netherlands,Standard Reissue,False,Near Mint,Good Plus,120g,"20,750",415,193.0,0.465,96.4,44.9,2.0,4060,93.9%,No,Fixed Price,2020,69.55,$106.09
4601,U2,Achtung Baby,Rock,1977,NETHERLANDS,Standard Reissue,No,Good,Good,120g,"47,359",363,822.0,2.264,73.6,31.0,78.0,4542,100.0%,Yes,Fixed Price,2016,53.41,$46.11
4602,Michael Jackson,Off the Wall,Pop,2000,UK,Test Pressing,Yes,  Very Good Plus ,Good Plus,120.0,"30,971",156,191.0,1.224,90.8,77.0,16.0,3262,96.3%,No,Fixed Price,2024,95.86,$96.68
4603,J Dilla,Ruff Draft,Hip-Hop,1970,Japan,Standard Reissue,False,Very Good,Very Good Plus,140g,"23,889",225,420.0,1.867,45.9,27.8,15.0,37,96.4%,1,Auction,2017,48.88,$68.05
4604,The Rolling Stones,Voodoo Lounge,Rock,1980,US,Original 1st Press,No,Near Mint,Mint,120.0,"42,140",246,25.0,0.102,96.2,58.8,18.0,3519,99.9%,Yes,Fixed Price,2021,78.52,$115.67
4605,Bon Iver,"22, A Million",Folk,1985,Germany,Promo Copy,False,Very Good Plus,Very Good,120.0,"23,744",207,168.0,0.812,37.5,37.0,15.0,2770,100.0%,1,Fixed Price,2020,49.61,$59.47
4606,Joy Division,Closer,Alternative,1985,Netherlands,Original 1st Press,no,Near Mint,Good,120.0,"27,281",373,729.0,1.954,42.3,65.0,38.0,806,94.7%,True,Fixed Price,2022,63.50,$85.75
4607,Bjork,Vespertine,Electronic,1992,Brazil,Promo Copy,No,Very Good,Near Mint,120.0,"24,642",89,43.0,0.483,67.8,21.2,10.0,3639,,0,Fixed Price,2020,48.95,$72.78
4608,Daft Punk,Random Access Memories,Electronic,2020,Japan,Original 1st Press,0,Very Good,Very Good Plus,180.0,"24,061",230,481.0,2.091,89.0,69.0,2.0,1565,95.2%,0,Fixed Price,2024,90.96,$100.59
4609,Pink Floyd,The Wall,Rock,1976,FRANCE,Original 1st Press,No,Near Mint,Very Good Plus,180g,"42,873",241,350.0,1.452,86.6,66.9,0.0,3037,93.9%,Yes,Fixed Price,2018,82.42,$122.31
4610,Slowdive,Slowdive,Alternative,1998,Japan,Anniversary Edition,1,Very Good,Fair,140.0,"45,746",1264,968.0,0.766,22.2,46.0,7.0,1273,96.7%,No,Auction,2016,45.28,$52.07
4611,Funkadelic,One Nation Under a Groove,R&B,2018,Japan,Standard Reissue,No,Very Good Plus,Very Good,140g,"23,867",1340,1721.0,1.284,44.0,52.0,5.0,4606,98.6%,No,Fixed Price,2019,55.22,$81.79
4612,Arcade Fire,Funeral,Alternative,1973,brazil,Promo Copy,No,  Very Good ,Fair,120g,"14,581",257,233.0,0.907,57.7,69.9,6.0,774,98.1%,No,Fixed Price,2018,69.82,$74.18
4613,Joy Division,Unknown Pleasures,Alternative,2020,,Standard Reissue,False,Very Good Plus,Mint,140g,"43,686",503,317.0,0.63,44.7,64.7,0.0,1486,100.0%,0,Auction,2025,45.65,$60.51
4614,R.E.M.,Green,Alternative,1962,France,Anniversary Edition,True,Mint,Good Plus,120g,"14,744",191,455.0,2.382,59.8,69.0,31.0,2105,97.7%,No,Auction,2016,63.05,$94.42
4615,Kendrick Lamar,"good kid, m.A.A.d city",Hip-Hop,1980,japan,Limited Colored Vinyl,1,Fair,Very Good,180.0,"32,415",205,422.0,2.059,90.5,22.3,39.0,3194,96.9%,No,Fixed Price,2016,66.08,$61.48
4616,Public Enemy,Fear of a Black Planet,Hip-Hop,2019,UK,Standard Reissue,False,Mint,Very Good Plus,120g,"12,275",1156,1875.0,1.622,72.6,19.4,23.0,3429,96.0%,no,Auction,2023,53.42,$85.98
4617,Arcade Fire,Reflektor,Alternative,1982,UK,Standard Reissue,no,Very Good,,180g,"27,341",625,338.0,0.541,61.3,67.9,5.0,4964,95.2%,No,Fixed Price,2023,53.79,$56.89
4618,The Modern Lovers,The Modern Lovers,Rock,2000,US,Limited Colored Vinyl,Yes,Mint,Fair,140.0,"40,147",238,292.0,1.227,29.1,22.0,7.0,3519,92.4%,No,Fixed Price,2018,43.81,$70.68
4619,Pink Floyd,Animals,Rock,1972,US,Promo Copy,No,Very Good,Very Good Plus,120g,"3,534",257,88.0,0.342,87.9,71.5,0.0,3535,95.2%,Yes,Fixed Price,2025,84.20,$89.93
4620,Tame Impala,The Slow Rush,Alternative,2014,Brazil,Anniversary Edition,Yes,Very Good,Very Good Plus,120g,"10,571",863,927.0,1.074,60.1,71.5,7.0,3142,98.3%,No,Fixed Price,2017,67.13,$74.73
4621,Paul Simon,So Beautiful or So What,Folk,1978,Australia,Original 1st Press,No,Very Good,Very Good,180.0,"17,840",104,228.0,2.192,73.9,34.6,2.0,3120,100.0%,No,Fixed Price,2016,67.16,$88.25
4622,Parliament,Chocolate City,R&B,2004,Australia,Anniversary Edition,True,Very Good Plus,Very Good Plus,120g,"11,169",274,457.0,1.668,43.8,50.6,9.0,725,97.7%,1,Auction,2017,52.79,$77.58
4623,Black Sabbath,Black Sabbath,Rock,2017,Canada,Limited Colored Vinyl,Yes,Mint,Fair,200.0,"42,451",334,842.0,2.521,75.4,19.6,24.0,4674,92.0%,No,Fixed Price,2024,56.87,$72.35
4624,Tame Impala,Lonerism,Alternative,1967,Netherlands,Anniversary Edition,1,Good Plus,Mint,120.0,"48,710",647,662.0,1.023,58.8,32.3,11.0,4027,93.5%,No,Fixed Price,2022,38.65,$48.31
4625,Vampire Weekend,Modern Vampires of the City,Alternative,1984,UK,Limited Colored Vinyl,Yes,Good Plus,Very Good Plus,140.0,"32,719",561,676.0,1.205,74.7,27.1,19.0,4364,99.4%,Yes,Fixed Price,2019,55.87,$57.54
4626,J Dilla,Donuts,Hip-Hop,2007,Netherlands,Original 1st Press,No,Very Good,Near Mint,120g,"2,906",354,647.0,1.828,39.9,50.9,1.0,2712,96.7%,No,Auction,2024,69.70,$79.16
4627,Prince,Sign o' the Times,R&B,1979,,Standard Reissue,No,Mint,Mint,200g,"45,059",693,519.0,0.749,85.2,46.6,4.0,903,95.0%,Yes,Fixed Price,2016,52.36,$70.35
4628,Steely Dan,Can't Buy a Thrill,Rock,1965,US,Standard Reissue,No,Very Good Plus,,120.0,"36,224",748,352.0,0.471,78.4,63.2,62.0,3560,98.0%,No,Auction,2017,59.29,$86.96
4629,The Beach Boys,Wild Honey,Pop,1963,Germany,Standard Reissue,No,Good Plus,Good Plus,120g,"39,431",545,430.0,0.789,81.3,28.8,8.0,1489,98.2%,Yes,Fixed Price,2021,47.76,$55.81
4630,Funkadelic,Funkadelic,R&B,1990,Brazil,Original 1st Press,No,Very Good,Near Mint,180.0,"1,809",296,34.0,0.115,40.0,89.6,13.0,4166,100.0%,No,Fixed Price,2024,73.50,$89.63
4631,David Bowie,Ziggy Stardust,Rock,1962,australia,Standard Reissue,No,Very Good,Good Plus,140g,"10,100",89,112.0,1.258,88.6,11.2,4.0,3662,97.4%,Yes,Fixed Price,2021,57.01,$55.13
4632,Vampire Weekend,Contra,Alternative,2014,UK,Original 1st Press,False,Very Good Plus,Very Good Plus,140g,"4,220",125,136.0,1.088,73.8,24.5,4.0,1651,92.4%,No,Auction,2019,76.04,$114.57
4633,Neil Young,Comes a Time,Folk,1971,BRAZIL,Original 1st Press,False,Poor,Very Good Plus,120.0,"44,210",7,4.0,0.571,60.3,26.2,35.0,1595,100.0%,No,Fixed Price,2018,61.55,$49.04
4634,The White Stripes,White Blood Cells,Alternative,1981,Australia,Standard Reissue,No,Very Good,Good Plus,120.0,"31,280",414,392.0,0.947,64.4,48.4,10.0,409,98.9%,Yes,Auction,2015,49.15,$51.43
4635,Public Enemy,It Takes a Nation of Millions to Hold Us Back,Hip-Hop,1979,netherlands,Standard Reissue,no,Very Good Plus,Good,180.0,"25,605",882,768.0,0.871,76.0,39.7,40.0,3426,100.0%,Yes,Fixed Price,2022,61.28,$80.41
4636,The Strokes,Room on Fire,Alternative,1979,brazil,Standard Reissue,No,Very Good Plus,Very Good,200.0,"40,909",196,124.0,0.633,73.0,21.2,40.0,2985,95.2%,0,Fixed Price,2021,46.43,$74.42
4637,Portishead,Dummy,Electronic,1983,BRAZIL,Limited Colored Vinyl,Yes,Good,,180g,"1,690",676,2074.0,3.068,84.7,16.6,1.0,728,100.0%,True,Fixed Price,2016,70.77,$52.51
4638,Black Sabbath,Master of Reality,Rock,2022,Netherlands,Promo Copy,No,Very Good Plus,Good Plus,180g,"10,536",202,221.0,1.094,73.0,17.9,8.0,3804,98.8%,False,Fixed Price,2023,59.41,$75.56
4639,Dave Brubeck,Time Out,Jazz,1967,UK,Anniversary Edition,1,Near Mint,Very Good,200g,"19,825",75,204.0,2.72,33.5,31.4,1.0,4060,95.4%,Yes,Auction,2020,47.35,$58.43
4640,Lauryn Hill,The Miseducation of Lauryn Hill,R&B,2003,Australia,Original 1st Press,no,Mint,Near Mint,180g,"39,164",755,1099.0,1.456,68.5,18.9,6.0,4114,95.1%,No,Fixed Price,2024,53.12,$82.88
4641,J Dilla,Donuts,Hip-Hop,1998,brazil,Anniversary Edition,Yes,Near Mint,Near Mint,140g,"48,752",29,27.0,0.931,39.5,55.2,7.0,4346,93.8%,No,Fixed Price,2016,49.75,$67.24
4642,Sufjan Stevens,Illinois,Folk,2001,Japan,Limited Colored Vinyl,Yes,Near Mint,Near Mint,200.0,"37,688",386,521.0,1.35,55.8,37.1,14.0,902,96.2%,Yes,Fixed Price,2015,59.67,$88.44
4643,Fleetwood Mac,Tusk,Rock,1979,Japan,Anniversary Edition,1,Near Mint,Near Mint,120.0,"24,564",237,369.0,1.557,88.5,32.2,29.0,1756,95.8%,True,Auction,2024,60.32,$98.63
4644,Peter Gabriel,Us,Pop,1981,US,Anniversary Edition,True,Very Good,Good,200.0,"24,470",184,419.0,2.277,63.6,57.3,26.0,4679,93.9%,True,Fixed Price,2022,66.91,$65.44
4645,Outkast,ATLiens,Hip-Hop,2004,Canada,Limited Colored Vinyl,Yes,Mint,Very Good Plus,140.0,"48,703",360,79.0,0.219,71.5,72.5,12.0,3715,100.0%,Yes,Fixed Price,2022,71.00,$107.43
4646,Simon & Garfunkel,Bridge Over Troubled Water,Folk,1961,UK,Original 1st Press,False,Mint,Very Good Plus,200g,"7,645",139,300.0,2.158,61.3,44.1,55.0,4360,94.1%,No,Fixed Price,2024,77.84,$126.35
4647,Portishead,Dummy,Electronic,1964,Germany,Limited Colored Vinyl,Yes,Near Mint,Near Mint,180g,"49,873",715,706.0,0.987,76.2,16.8,9.0,4618,95.1%,Yes,Fixed Price,2020,44.76,$63.42
4648,Eminem,The Marshall Mathers LP,Hip-Hop,1973,BRAZIL,Original 1st Press,No,Very Good,Good,140.0,"16,805",609,1392.0,2.286,105.5,8.9,64.0,4822,95.0%,False,Auction,2024,77.76,$78.63
4649,Neil Young,Comes a Time,Folk,2020,Germany,Limited Colored Vinyl,Yes,Very Good,Very Good Plus,120g,"44,728",492,,2.886,63.9,22.8,29.0,3294,88.5%,No,Auction,2022,45.44,$64.90
4650,Nina Simone,I Put a Spell on You,Jazz,1969,US,Standard Reissue,No,Very Good Plus,Good Plus,140.0,"41,900",744,551.0,0.741,71.8,64.3,11.0,470,96.4%,No,Fixed Price,2024,56.22,$79.53
4651,Joni Mitchell,Court and Spark,Folk,2021,Netherlands,Standard Reissue,No,Near Mint,Good Plus,180g,318,1711,2996.0,1.751,79.7,24.6,6.0,634,92.9%,Yes,Fixed Price,2022,52.86,$62.85
4652,Kendrick Lamar,"good kid, m.A.A.d city",Hip-Hop,1964,uk,Promo Copy,No,Near Mint,Good,140.0,"33,601",476,881.0,1.851,93.7,16.9,1.0,1071,100.0%,Yes,Fixed Price,2024,68.88,$92.10
4653,Bob Dylan,Blood on the Tracks,Folk,1967,GERMANY,Standard Reissue,No,Mint,Good Plus,140g,"43,151",818,1562.0,1.91,87.6,8.9,0.0,2199,98.9%,Yes,Fixed Price,2023,57.51,$71.89
4654,Neil Young,Harvest,Folk,2005,Germany,Limited Colored Vinyl,Yes,Very Good Plus,Near Mint,120.0,"39,323",509,1612.0,3.167,64.0,11.8,3.0,3280,95.5%,1,Fixed Price,2022,51.45,$59.07
4655,Stevie Wonder,Songs in the Key of Life,Soul,1973,germany,Standard Reissue,no,Near Mint,Good Plus,180.0,"34,444",873,926.0,1.061,89.6,29.8,21.0,414,92.8%,Yes,Auction,2024,59.61,$96.56
4656,Daft Punk,Homework,Electronic,1995,Netherlands,Original 1st Press,No,Very Good,Mint,180.0,"20,960",229,41.0,0.179,84.5,36.3,14.0,457,100.0%,No,Fixed Price,2017,63.72,$89.55
4657,My Bloody Valentine,Isn't Anything,Alternative,1998,Netherlands,Standard Reissue,False,Near Mint,Fair,200.0,"35,097",88,215.0,2.443,23.7,63.4,2.0,2058,98.4%,No,Fixed Price,2023,41.73,$56.54
4658,The Smiths,"Strangeways, Here We Come",Alternative,1979,uk,Standard Reissue,No,Very Good,Poor,120g,"18,806",629,850.0,1.351,42.4,37.4,4.0,1833,100.0%,True,Auction,2025,42.84,$40.39
4659,Radiohead,OK Computer,Alternative,1965,Netherlands,Standard Reissue,False,Very Good Plus,Good Plus,,"49,942",840,387.0,0.461,88.5,52.6,14.0,2445,97.9%,1,Fixed Price,2025,62.25,$80.22
4660,Loretta Lynn,Coal Miner's Daughter,Country,1991,,Limited Colored Vinyl,Yes,Mint,,180g,"36,785",688,,3.507,21.3,53.6,21.0,860,96.0%,0,Fixed Price,2015,59.66,$94.24
4661,R.E.M.,Green,Alternative,1984,japan,Test Pressing,yes,Very Good Plus,Good Plus,140g,"41,636",548,1500.0,2.737,58.3,67.4,14.0,1650,100.0%,No,Fixed Price,2015,80.75,$89.07
4662,David Bowie,Ziggy Stardust,Rock,1980,Australia,Original 1st Press,0,Good,Very Good Plus,140g,417,210,238.0,1.133,91.1,16.0,55.0,4178,97.3%,No,Fixed Price,2019,73.36,$82.05
4663,Simon & Garfunkel,Sounds of Silence,Folk,2005,Brazil,Original 1st Press,No,Mint,Very Good,200g,"49,088",382,100.0,0.262,68.8,43.2,42.0,3873,96.2%,No,Fixed Price,2019,65.40,$99.18
4664,Soundgarden,Superunknown,Alternative,1975,canada,Original 1st Press,0,Good Plus,Very Good Plus,180g,"16,058",503,675.0,1.342,71.8,36.4,5.0,2416,100.0%,No,Fixed Price,2019,63.25,$70.03
4665,Marvin Gaye,What's Going On,Soul,1977,BRAZIL,Standard Reissue,No,Very Good,Good,200g,"4,256",483,442.0,0.915,91.8,21.9,9.0,3275,99.6%,No,Fixed Price,2017,65.65,$81.19
4666,Portishead,Dummy,Electronic,1968,Germany,Limited Colored Vinyl,Yes,Mint,Good,120.0,"41,830",647,2309.0,3.569,80.0,20.4,7.0,4890,100.0%,No,Auction,2023,55.47,$84.79
4667,David Bowie,Hunky Dory,Rock,1977,Australia,Promo Copy,0,Good Plus,Fair,120.0,"34,617",466,132.0,0.283,87.8,87.3,4.0,1213,95.5%,Yes,Fixed Price,2017,81.22,$61.85
4668,The Rolling Stones,Exile on Main St.,Rock,1992,Australia,Standard Reissue,No,Near Mint,Poor,180.0,"18,139",668,1444.0,2.162,96.9,13.3,11.0,1009,100.0%,No,Auction,2025,57.18,$68.65
4669,Aphex Twin,Selected Ambient Works 85-92,Electronic,1996,france,Promo Copy,No,Very Good Plus,Near Mint,180.0,"19,543",274,,1.04,58.5,-1.1,3.0,2206,97.3%,False,Fixed Price,2025,55.29,$81.28
4670,Frank Ocean,"Nostalgia, Ultra",R&B,2002,UK,Test Pressing,True,Good,Good Plus,140.0,"9,104",326,311.0,0.954,99.5,32.6,2.0,2196,100.0%,No,Auction,2022,87.44,$78.76
4671,Miles Davis,In a Silent Way,Jazz,1973,GERMANY,Anniversary Edition,yes,Mint,Very Good Plus,140g,"37,097",441,129.0,0.293,78.0,42.3,20.0,1583,99.5%,False,Fixed Price,2023,65.41,$101.01
4672,Beastie Boys,Ill Communication,Hip-Hop,1979,japan,Original 1st Press,0,Good,Near Mint,180g,"48,855",151,332.0,2.199,59.2,18.9,12.0,4892,96.7%,no,Fixed Price,2015,55.54,$52.93
4673,David Bowie,Hunky Dory,Rock,2014,canada,Standard Reissue,no,Very Good,Mint,,"39,005",646,1146.0,1.774,88.5,83.2,13.0,3008,100.0%,True,Fixed Price,2018,68.60,$78.82
4674,Soundgarden,Superunknown,Alternative,1998,US,Original 1st Press,No,Very Good,Very Good Plus,140g,"1,312",141,256.0,1.816,70.2,37.8,13.0,693,97.8%,no,Auction,2018,71.62,$85.61
4675,The National,Boxer,Alternative,2012,UK,Standard Reissue,no,Very Good,Good Plus,180.0,"3,865",527,453.0,0.86,43.3,62.2,11.0,3400,100.0%,Yes,Fixed Price,2017,55.09,$76.08
4676,Nina Simone,I Put a Spell on You,Jazz,1990,france,Standard Reissue,no,Good Plus,Good Plus,180.0,"3,518",1248,,1.091,70.2,67.2,14.0,4051,97.5%,True,Fixed Price,2020,69.25,$69.66
4677,Neil Young,Harvest,Folk,2022,Australia,Limited Colored Vinyl,True,Very Good,Good,140.0,"46,855",353,571.0,1.618,60.2,12.5,18.0,4665,99.7%,No,Fixed Price,2023,45.65,$48.98
4678,Portishead,Third,Electronic,1996,US,Standard Reissue,No,Near Mint,Near Mint,180.0,"9,323",683,241.0,0.353,83.2,16.1,26.0,2080,96.3%,Yes,Auction,2016,52.92,$79.89
4679,Arcade Fire,Funeral,Alternative,1966,US,Test Pressing,1,Very Good Plus,Mint,120.0,"6,732",235,78.0,0.332,63.5,67.8,26.0,789,100.0%,Yes,Auction,2024,80.36,$118.07
4680,The White Stripes,Get Behind Me Satan,Alternative,1980,Australia,Standard Reissue,False,Very Good Plus,,140g,"41,677",901,412.0,0.457,68.7,40.7,16.0,3451,100.0%,Yes,Auction,2017,47.04,$58.63
4681,Beastie Boys,Paul's Boutique,Hip-Hop,1991,UK,Standard Reissue,0,Near Mint,Poor,180g,"37,815",1151,147.0,0.128,54.9,5.8,4.0,57,96.6%,no,Fixed Price,2023,32.50,$37.73
4682,Patti Smith,Easter,Rock,1979,Netherlands,Standard Reissue,No,Very Good,Very Good,140g,"41,518",372,648.0,1.742,29.3,41.5,41.0,4857,,No,Fixed Price,2015,42.72,$48.45
4683,Massive Attack,Blue Lines,Electronic,1996,Australia,Limited Colored Vinyl,Yes,Near Mint,Very Good,180.0,"29,737",633,250.0,0.395,49.7,13.9,54.0,1713,92.3%,0,Auction,2015,40.00,$61.50
4684,Aphex Twin,Selected Ambient Works 85-92,Electronic,1971,netherlands,Standard Reissue,No,Near Mint,Poor,120.0,"25,887",950,555.0,0.584,57.9,0.9,46.0,4840,96.2%,False,Fixed Price,2020,34.89,$35.47
4685,Jimi Hendrix,Are You Experienced,Rock,1989,Canada,Promo Copy,no,Very Good Plus,Good,120g,"3,488",153,338.0,2.209,68.9,44.3,,1362,98.8%,1,Auction,2022,69.74,$99.74
4686,Neil Young,Harvest,Folk,1983,Canada,Standard Reissue,No,Good,Near Mint,120.0,"26,802",1564,449.0,0.287,61.8,12.3,12.0,3095,99.6%,Yes,Fixed Price,2019,42.90,$44.83
4687,Aphex Twin,Syro,Electronic,2015,US,Anniversary Edition,1,Good Plus,Very Good,200.0,"41,825",313,365.0,1.166,67.3,28.7,15.0,2892,96.4%,No,Fixed Price,2016,49.92,$52.75
4688,Soundgarden,Badmotorfinger,Alternative,2014,france,Original 1st Press,No,Good,Very Good Plus,120g,"5,204",394,419.0,1.063,72.3,74.1,6.0,2505,99.1%,Yes,Auction,2022,86.12,$75.82
4689,Sly and the Family Stone,Stand!,Soul,1966,US,Limited Colored Vinyl,Yes,Very Good,Fair,120g,"3,838",1086,3981.0,3.666,73.8,72.5,2.0,1828,98.6%,False,Auction,2017,78.73,$97.77
4690,Bob Marley,Uprising,Reggae,1993,NETHERLANDS,Standard Reissue,0,Very Good Plus,Good Plus,180g,"17,649",751,1707.0,2.273,93.1,40.9,13.0,4256,99.5%,No,Fixed Price,2020,70.69,$81.69
4691,Brian Eno,Another Green World,Electronic,2015,CANADA,Original 1st Press,No,Very Good Plus,Very Good Plus,140.0,"1,742",878,1630.0,1.856,45.2,16.0,10.0,800,98.5%,Yes,Fixed Price,2019,59.61,$75.01
4692,Emmylou Harris,Wrecking Ball,Country,2006,UK,Standard Reissue,0,  Very Good Plus ,Very Good Plus,120.0,"7,331",453,270.0,0.596,26.7,45.3,13.0,2997,95.7%,No,Fixed Price,2016,39.00,$48.30
4693,David Bowie,Aladdin Sane,Rock,2006,Germany,Standard Reissue,0,Very Good,Near Mint,180g,"4,884",1180,2746.0,2.327,84.3,69.4,66.0,2617,100.0%,False,Auction,2016,75.05,$109.45
4694,Paul Simon,So Beautiful or So What,Folk,2012,Canada,Anniversary Edition,Yes,Mint,Very Good,180g,"38,205",556,560.0,1.007,74.2,30.9,16.0,3610,100.0%,Yes,Fixed Price,2023,55.79,$89.88
4695,Arcade Fire,The Suburbs,Alternative,1995,Brazil,Standard Reissue,0,Good Plus,,180g,"5,435",347,574.0,1.654,58.6,18.2,6.0,1072,100.0%,False,Fixed Price,2018,47.39,$47.78
4696,Prince,Dirty Mind,R&B,1969,US,Promo Copy,False,Very Good Plus,,120g,"32,353",560,1134.0,2.025,89.6,51.9,10.0,2463,98.4%,1,Fixed Price,2019,78.65,$103.26
4697,Michael Jackson,Off the Wall,Pop,2016,Germany,Standard Reissue,No,Mint,Good Plus,120g,"49,000",1038,1014.0,0.977,99.8,73.7,3.0,621,96.7%,Yes,Fixed Price,2022,62.82,$104.50
4698,D'Angelo,Brown Sugar,R&B,1969,Canada,Promo Copy,no,Very Good,Very Good,200.0,"22,618",403,488.0,1.211,74.5,67.3,18.0,2817,92.6%,False,Fixed Price,2025,75.13,$80.79
4699,The Beatles,Rubber Soul,Rock,1967,Australia,Anniversary Edition,Yes,Good,Very Good Plus,200g,"4,618",1173,3637.0,3.101,84.8,24.8,0.0,745,100.0%,no,Fixed Price,2017,66.01,$63.43
4700,Sufjan Stevens,Michigan,Folk,2022,germany,Original 1st Press,No,Very Good Plus,,180.0,"25,074",264,366.0,1.386,51.3,34.0,25.0,4394,,Yes,Fixed Price,2023,63.18,$85.91
4701,Alicia Keys,Alicia,R&B,1983,UK,Limited Colored Vinyl,Yes,Very Good,,120g,"16,107",228,174.0,0.763,79.7,79.5,21.0,4422,94.6%,No,Fixed Price,2016,71.27,$85.02
4702,Aphex Twin,Drukqs,Electronic,1993,netherlands,Standard Reissue,0,Good,Near Mint,180g,"27,731",278,519.0,1.867,66.3,25.7,1.0,3930,91.5%,No,Fixed Price,2016,50.54,$59.30
4703,Outkast,ATLiens,Hip-Hop,2013,Netherlands,Original 1st Press,No,Good Plus,Good,140g,"21,773",194,123.0,0.634,74.0,69.8,0.0,589,99.3%,True,Fixed Price,2018,76.38,$82.98
4704,Interpol,Antics,Alternative,1985,Japan,Limited Colored Vinyl,True,Near Mint,Near Mint,120g,"25,444",280,477.0,1.704,24.0,5.2,77.0,3496,100.0%,True,Auction,2024,36.44,$45.11
4705,Michael Jackson,Bad,Pop,1987,Brazil,Standard Reissue,No,Good,Good,180.0,"22,311",922,122.0,0.132,89.7,34.4,65.0,1565,95.6%,0,Auction,2021,53.22,$51.94
4706,Sufjan Stevens,Illinois,Folk,1960,Germany,Test Pressing,True,Very Good,Good Plus,200.0,"48,578",196,511.0,2.607,55.1,41.3,5.0,107,98.2%,0,Fixed Price,2025,75.59,$85.76
4707,Neil Young,Comes a Time,Folk,1999,Japan,Original 1st Press,0,Good Plus,Very Good,120.0,"35,420",373,297.0,0.796,63.0,21.8,13.0,2184,98.6%,No,Fixed Price,2021,56.98,$71.42
4708,Michael Jackson,Thriller,Pop,1980,Germany,Original 1st Press,No,Good,Very Good,120.0,"12,700",213,230.0,1.08,92.8,65.0,8.0,3284,95.1%,No,Fixed Price,2023,88.90,$90.81
4709,Duran Duran,Rio,Pop,1982,Netherlands,Standard Reissue,0,Near Mint,Very Good Plus,140g,"9,856",389,249.0,0.64,74.6,45.7,0.0,4955,,No,Auction,2020,60.80,$98.30
4710,Johnny Cash,American IV: The Man Comes Around,Country,2011,australia,Anniversary Edition,Yes,Good,,200g,397,940,3355.0,3.569,100.1,57.4,8.0,4152,96.4%,Yes,Fixed Price,2025,79.42,$64.82
4711,Rage Against the Machine,Evil Empire,Alternative,1987,Canada,Anniversary Edition,Yes,Good,Mint,200g,"18,504",1145,1655.0,1.445,69.8,23.5,89.0,1429,96.7%,Yes,Auction,2019,58.07,$76.23
4712,The Rolling Stones,Voodoo Lounge,Rock,1969,GERMANY,Original 1st Press,no,Good,Good Plus,120g,"47,996",312,289.0,0.926,96.5,49.8,12.0,4979,,False,Fixed Price,2022,80.95,$82.40
4713,The Notorious B.I.G.,Life After Death,Hip-Hop,2015,US,Limited Colored Vinyl,Yes,Very Good,Good,180.0,"2,752",224,795.0,3.549,92.5,73.0,3.0,3241,97.1%,False,Fixed Price,2019,93.68,$104.42
4714,U2,The Joshua Tree,Rock,2021,UK,Original 1st Press,0,Good Plus,,140g,"44,149",203,324.0,1.596,76.6,45.7,15.0,4766,,Yes,Auction,2022,75.41,$70.47
4715,D'Angelo,Black Messiah,R&B,1984,UK,Anniversary Edition,yes,Near Mint,Good Plus,120.0,"20,280",906,261.0,0.288,78.3,28.9,1.0,1068,100.0%,True,Fixed Price,2017,53.06,$60.97
4716,Bob Dylan,Highway 61 Revisited,Folk,2014,Japan,Standard Reissue,False,Fair,Good,120.0,"43,620",116,229.0,1.974,91.3,57.3,2.0,2679,96.8%,No,Fixed Price,2022,70.35,$50.90
4717,The National,Boxer,Alternative,2008,Australia,Standard Reissue,No,Good Plus,Very Good,180.0,"30,433",302,79.0,0.262,45.8,64.3,32.0,3977,95.7%,1,Fixed Price,2022,54.30,$58.04
4718,Marvin Gaye,Let's Get It On,Soul,2017,France,Standard Reissue,No,Near Mint,Good Plus,200.0,"8,959",1109,1671.0,1.507,87.4,73.6,14.0,3593,93.9%,No,Auction,2021,70.53,$101.52
4719,The Beach Boys,Surf's Up,Pop,1982,Netherlands,Standard Reissue,0,Poor,Very Good Plus,180g,"1,685",1289,2107.0,1.635,73.2,34.2,3.0,1988,,Yes,Fixed Price,2019,60.17,$48.77
4720,Joanna Newsom,Ys,Folk,1963,US,Standard Reissue,No,Very Good Plus,Good,140g,"18,423",72,31.0,0.431,32.5,41.3,4.0,1727,98.8%,0,Auction,2023,37.94,$47.21
4721,Red Hot Chili Peppers,Stadium Arcadium,Alternative,1985,Brazil,Standard Reissue,No,Very Good Plus,Very Good,180g,"48,318",781,347.0,0.444,71.4,41.7,22.0,132,100.0%,No,Fixed Price,2021,45.64,$56.37
4722,Fleetwood Mac,Rumours,Rock,2021,brazil,Standard Reissue,No,Good Plus,Very Good,120g,"32,602",187,363.0,1.941,90.1,8.9,2.0,4192,96.9%,yes,Auction,2023,52.14,$69.63
4723,R.E.M.,Murmur,Alternative,1993,Netherlands,Anniversary Edition,1,Near Mint,Very Good,140.0,"40,248",206,209.0,1.015,59.3,49.5,17.0,2843,90.6%,0,Fixed Price,2016,49.23,$71.09
4724,Daft Punk,Alive 2007,Electronic,2017,FRANCE,Limited Colored Vinyl,Yes,Very Good Plus,Good,140g,"36,590",626,1016.0,1.623,83.0,56.8,23.0,1186,95.7%,True,Fixed Price,2021,70.30,$76.81
4725,Joni Mitchell,Hissing of Summer Lawns,Folk,1985,,Anniversary Edition,Yes,Very Good Plus,Very Good Plus,140g,"39,386",1015,1261.0,1.242,70.4,45.2,13.0,1771,98.7%,No,Auction,2016,54.01,$73.45
4726,Aphex Twin,Drukqs,Electronic,1971,UK,Standard Reissue,0,  Very Good ,Near Mint,200.0,"34,209",839,306.0,0.365,65.1,27.4,20.0,3025,99.5%,No,Fixed Price,2019,47.50,$58.71
4727,Bon Iver,"22, A Million",Folk,2019,NETHERLANDS,Original 1st Press,No,Very Good,Very Good Plus,120.0,"36,863",163,160.0,0.982,42.3,40.9,22.0,1797,98.9%,Yes,Fixed Price,2019,51.70,$65.57
4728,Metallica,Ride the Lightning,Rock,1965,netherlands,Original 1st Press,No,Near Mint,Very Good,120.0,"23,690",33,54.0,1.636,87.1,19.0,35.0,435,98.1%,Yes,Fixed Price,2018,66.08,$94.10
4729,Black Sabbath,Master of Reality,Rock,1978,Germany,Standard Reissue,No,Mint,Very Good Plus,140g,"3,634",339,153.0,0.451,78.5,19.9,32.0,4066,100.0%,No,Fixed Price,2024,47.78,$66.41
4730,Prince,Purple Rain,R&B,2014,UK,Limited Colored Vinyl,True,Very Good Plus,Good,180g,"35,998",241,690.0,2.863,88.7,40.5,2.0,1694,93.1%,0,Fixed Price,2021,64.46,$90.27
4731,Neil Young,Rust Never Sleeps,Folk,1963,Australia,Standard Reissue,No,Good,Mint,180g,"24,352",556,996.0,1.791,67.4,56.3,6.0,3240,95.3%,True,Fixed Price,2021,53.15,$63.07
4732,The White Stripes,White Blood Cells,Alternative,2005,US,Limited Colored Vinyl,yes,Very Good,Near Mint,140g,"35,874",290,504.0,1.738,61.5,47.3,52.0,2119,94.0%,Yes,Auction,2019,57.14,$73.44
4733,Dolly Parton,Trio,Country,1968,JAPAN,Anniversary Edition,Yes,Good,Very Good Plus,140g,"7,352",838,1702.0,2.031,60.6,74.5,4.0,3100,93.8%,No,Fixed Price,2019,69.81,$78.14
4734,The Rolling Stones,Made in the Shade,Rock,1970,FRANCE,Anniversary Edition,Yes,Near Mint,Mint,120g,"37,188",1405,4909.0,3.494,91.8,9.4,57.0,3104,99.9%,Yes,Fixed Price,2019,55.37,$71.79
4735,Joanna Newsom,Ys,Folk,1978,BRAZIL,Promo Copy,0,Very Good,Good,200g,"27,735",480,699.0,1.456,32.0,32.6,39.0,2890,92.7%,False,Fixed Price,2017,51.79,$46.71
4736,Joni Mitchell,Blue,Folk,2009,Netherlands,Original 1st Press,False,Very Good Plus,Good Plus,180.0,"43,839",433,128.0,0.296,70.1,53.2,28.0,3922,95.6%,No,Fixed Price,2022,67.13,$99.14
4737,Steely Dan,Can't Buy a Thrill,Rock,1971,Australia,Standard Reissue,0,Good Plus,Near Mint,120.0,"8,739",717,835.0,1.165,81.6,63.0,0.0,507,100.0%,False,Fixed Price,2017,71.57,$79.44
4738,Bob Dylan,Highway 61 Revisited,Folk,1982,UK,Standard Reissue,False,Very Good Plus,Good Plus,180g,"21,925",248,472.0,1.903,89.7,53.1,26.0,715,98.2%,No,Fixed Price,2015,74.99,$105.04
4739,Kendrick Lamar,DAMN.,Hip-Hop,1978,Brazil,Standard Reissue,False,Near Mint,Very Good,200g,"12,778",606,1296.0,2.139,91.7,78.0,17.0,2546,100.0%,No,Auction,2022,88.31,$130.79
4740,Patti Smith,Horses,Rock,1989,UK,Standard Reissue,0,Good Plus,Near Mint,120.0,"16,148",185,20.0,0.108,30.7,79.0,30.0,485,94.3%,False,Fixed Price,2018,49.97,$56.36
4741,Bob Dylan,Blonde on Blonde,Folk,2014,France,Standard Reissue,0,  Very Good Plus ,Very Good Plus,180g,"5,323",1015,2035.0,2.005,88.3,31.2,18.0,1818,100.0%,no,Fixed Price,2025,66.80,$77.17
4742,Michael Jackson,Thriller,Pop,1966,UK,Original 1st Press,No,Good Plus,Fair,120.0,"2,661",615,1157.0,1.881,93.2,61.9,0.0,628,99.7%,No,Fixed Price,2023,91.12,$95.25
4743,R.E.M.,Murmur,Alternative,1976,Brazil,Standard Reissue,No,Near Mint,Very Good Plus,140.0,"20,798",594,929.0,1.564,65.7,50.1,29.0,4642,100.0%,Yes,Fixed Price,2023,63.53,$87.02
4744,Kraftwerk,Trans-Europe Express,Electronic,1996,Canada,Test Pressing,Yes,Good,,120.0,"9,179",208,343.0,1.649,78.4,65.8,23.0,2170,98.6%,1,Auction,2018,89.63,$83.54
4745,Soundgarden,Badmotorfinger,Alternative,2022,US,Standard Reissue,No,Mint,Very Good,140g,"41,036",903,869.0,0.962,70.5,70.2,7.0,2120,98.8%,False,Auction,2022,61.24,$88.50
4746,Alicia Keys,Songs in A Minor,R&B,1973,BRAZIL,Standard Reissue,False,Near Mint,Near Mint,200.0,"45,590",216,336.0,1.556,76.5,9.1,71.0,3720,94.2%,Yes,Fixed Price,2015,39.67,$62.68
4747,John Coltrane,My Favorite Things,Jazz,2005,France,Standard Reissue,False,Very Good,Very Good Plus,180g,"28,871",93,142.0,1.527,70.9,41.9,3.0,2041,95.1%,No,Fixed Price,2016,60.56,$90.64
4748,Interpol,Turn on the Bright Lights,Alternative,2001,US,Standard Reissue,No,Near Mint,Good,140g,"41,527",741,779.0,1.051,22.8,34.2,3.0,4203,93.2%,Yes,Auction,2019,35.29,$47.66
4749,The Beach Boys,Surf's Up,Pop,1994,us,Standard Reissue,False,Mint,Near Mint,120g,"44,833",142,166.0,1.169,81.7,24.7,13.0,1385,97.1%,yes,Fixed Price,2019,53.47,$72.38
4750,Radiohead,In Rainbows,Alternative,1988,Canada,Standard Reissue,0,Very Good,Very Good Plus,180.0,"4,777",1125,2290.0,2.036,87.2,13.7,24.0,1547,96.7%,Yes,Fixed Price,2018,63.52,$77.76
4751,Joy Division,Closer,Alternative,2009,us,Standard Reissue,False,Very Good Plus,Very Good Plus,140.0,"3,292",2223,2966.0,1.334,44.2,64.2,12.0,1091,100.0%,yes,Fixed Price,2025,60.04,$67.44
4752,David Bowie,Hunky Dory,Rock,1990,Australia,Original 1st Press,No,Very Good Plus,Very Good,140.0,"2,977",274,252.0,0.92,90.7,81.6,13.0,1562,94.0%,No,Fixed Price,2022,93.80,$102.66
4753,U2,The Joshua Tree,Rock,1992,US,Standard Reissue,False,Near Mint,Fair,180g,"47,892",1108,905.0,0.817,79.5,46.9,32.0,1137,89.0%,No,Fixed Price,2023,51.81,$68.54
4754,Patti Smith,Horses,Rock,2002,UK,Anniversary Edition,Yes,Mint,Near Mint,180g,"44,664",185,645.0,3.486,32.0,75.4,8.0,267,96.4%,False,Fixed Price,2024,61.74,$95.09
4755,Emmylou Harris,Wrecking Ball,Country,2010,us,Standard Reissue,No,Near Mint,Good Plus,120.0,"15,935",1235,3062.0,2.479,32.0,41.4,9.0,4253,92.4%,False,Fixed Price,2023,44.14,$57.94
4756,Public Enemy,Fear of a Black Planet,Hip-Hop,1962,France,Limited Colored Vinyl,Yes,Mint,Poor,140g,"39,920",883,1091.0,1.236,74.3,19.7,25.0,296,93.2%,False,Fixed Price,2018,52.56,$78.52
4757,Portishead,Portishead,Electronic,2010,Germany,Standard Reissue,No,Very Good Plus,Fair,140g,"6,612",569,1088.0,1.912,71.8,55.8,5.0,148,95.9%,Yes,Fixed Price,2016,68.58,$92.77
4758,Interpol,Antics,Alternative,1999,France,Standard Reissue,False,Very Good Plus,Fair,180g,"1,248",505,674.0,1.335,22.1,2.3,,3306,94.6%,0,Auction,2022,32.82,$44.09
4759,D'Angelo,Black Messiah,R&B,1986,Brazil,Standard Reissue,No,Very Good Plus,Good,180g,"28,578",332,522.0,1.572,69.1,23.0,17.0,4358,97.5%,Yes,Fixed Price,2018,53.89,$63.32
4760,New Order,"Power, Corruption and Lies",Electronic,1999,GERMANY,Standard Reissue,0,Good,Mint,140.0,"42,785",334,350.0,1.048,67.7,10.7,13.0,2813,100.0%,1,Auction,2018,42.52,$52.81
4761,Rage Against the Machine,Rage Against the Machine,Alternative,2001,US,Test Pressing,True,Near Mint,,140.0,"49,992",29,21.0,0.724,69.6,80.0,30.0,176,89.0%,0,Auction,2020,89.99,$139.70
4762,Neil Young,Rust Never Sleeps,Folk,2016,Germany,Standard Reissue,No,Very Good Plus,Very Good,140g,"13,581",694,987.0,1.422,65.6,59.5,70.0,2133,,No,Fixed Price,2017,65.70,$85.86
4763,Aphex Twin,Drukqs,Electronic,1960,Japan,Limited Colored Vinyl,Yes,Good Plus,Near Mint,140g,"18,189",150,68.0,0.453,63.0,25.8,1.0,2131,98.8%,False,Fixed Price,2019,50.32,$55.69
4764,Rage Against the Machine,Rage Against the Machine,Alternative,2018,Japan,Anniversary Edition,Yes,Near Mint,Near Mint,140g,"3,822",628,1086.0,1.729,64.7,77.5,20.0,3249,97.8%,Yes,Fixed Price,2020,69.77,$88.58
4765,Burning Spear,Marcus Garvey,Reggae,2011,Canada,Limited Colored Vinyl,Yes,Near Mint,Good Plus,180g,"8,816",316,639.0,2.022,21.8,30.8,15.0,3972,97.4%,False,Fixed Price,2020,51.24,$68.42
4766,Dave Brubeck,Time Out,Jazz,2000,Canada,Anniversary Edition,True,Mint,Good Plus,120g,"25,243",294,232.0,0.789,27.2,31.6,2.0,4390,100.0%,True,Fixed Price,2016,43.57,$60.43
4767,R.E.M.,Green,Alternative,2013,Japan,Standard Reissue,0,Very Good,Very Good Plus,180.0,"5,320",87,39.0,0.448,60.8,73.4,4.0,3946,96.7%,No,Auction,2024,62.27,$78.12
4768,The Beatles,Sgt. Pepper's Lonely Hearts Club Band,Rock,1996,germany,Standard Reissue,no,Good,Very Good,140g,"18,343",429,685.0,1.597,88.3,31.2,43.0,4630,96.1%,True,Auction,2018,60.32,$49.68
4769,New Order,Low Life,Electronic,1965,Canada,Standard Reissue,No,Very Good Plus,Good,120g,"25,704",466,261.0,0.56,65.9,48.3,0.0,2597,98.8%,0,Fixed Price,2015,58.21,$75.03
4770,Bjork,Vespertine,Electronic,1967,Netherlands,Limited Colored Vinyl,Yes,Near Mint,Very Good,140.0,623,538,252.0,0.468,70.4,23.7,10.0,2285,95.6%,no,Auction,2025,56.29,$81.11
4771,Led Zeppelin,Led Zeppelin II,Rock,1972,US,Test Pressing,Yes,Mint,,180.0,"5,831",353,1194.0,3.382,97.1,7.4,6.0,1776,97.0%,True,Auction,2024,87.45,$136.23
4772,Carole King,Tapestry,Folk,2013,US,Standard Reissue,False,Very Good Plus,Mint,140.0,"30,478",619,1221.0,1.973,59.9,29.4,6.0,3785,94.5%,No,Auction,2019,52.24,$78.99
4773,Guns N' Roses,Appetite for Destruction,Rock,2007,UK,Promo Copy,No,Mint,Very Good Plus,180g,"20,250",473,292.0,0.617,86.1,62.4,41.0,4923,92.6%,No,Fixed Price,2022,83.52,$134.22
4774,Dolly Parton,Trio,Country,1994,US,Standard Reissue,False,Very Good Plus,Fair,140.0,"49,386",798,1671.0,2.094,56.2,77.1,17.0,967,98.2%,0,Auction,2019,57.65,$62.61
4775,Dolly Parton,Trio,Country,2022,Japan,Standard Reissue,No,Very Good,Good Plus,120g,"15,249",1102,156.0,0.142,62.9,77.3,89.0,2207,95.4%,False,Fixed Price,2023,69.96,$83.64
4776,Jimi Hendrix,Axis: Bold as Love,Rock,1981,Japan,Original 1st Press,False,Very Good,Near Mint,140g,"17,829",269,391.0,1.454,72.8,47.6,0.0,1387,97.8%,No,Auction,2018,78.41,$108.56
4777,The White Stripes,Elephant,Alternative,1977,Germany,Promo Copy,0,Mint,Near Mint,180g,"20,435",722,584.0,0.809,62.8,45.9,18.0,1152,92.4%,Yes,Fixed Price,2017,59.06,$80.45
4778,Burning Spear,Marcus Garvey,Reggae,2019,Germany,Standard Reissue,False,Very Good,Very Good Plus,140.0,"35,680",70,25.0,0.357,20.9,26.5,31.0,978,96.2%,no,Auction,2025,30.24,$37.58
4779,Sade,Love Deluxe,R&B,1977,japan,Original 1st Press,No,Good,Very Good Plus,120g,"1,335",129,83.0,0.643,81.6,68.5,74.0,1504,95.5%,No,Fixed Price,2017,87.00,$95.32
4780,Dr. Dre,The Chronic,Hip-Hop,1998,UK,Limited Colored Vinyl,Yes,Mint,Near Mint,140.0,"29,805",649,1231.0,1.897,90.3,24.3,14.0,203,,yes,Fixed Price,2018,61.28,$103.31
4781,Arctic Monkeys,Favourite Worst Nightmare,Alternative,2006,Canada,Original 1st Press,0,Mint,Near Mint,200.0,"48,895",399,959.0,2.404,65.3,59.3,5.0,321,,Yes,Fixed Price,2024,72.30,$102.41
4782,Joni Mitchell,Ladies of the Canyon,Folk,2010,uk,Standard Reissue,no,Good Plus,Very Good Plus,180.0,"13,434",503,552.0,1.097,77.3,46.1,50.0,1912,97.1%,yes,Fixed Price,2025,63.44,$70.63
4783,Steely Dan,The Royal Scam,Rock,2011,Canada,Anniversary Edition,Yes,Very Good Plus,Near Mint,180g,"40,199",602,1124.0,1.867,80.1,4.5,6.0,411,96.3%,No,Fixed Price,2018,48.85,$74.16
4784,Simon & Garfunkel,Bridge Over Troubled Water,Folk,1991,UK,Standard Reissue,0,Very Good Plus,Very Good Plus,180.0,"47,487",211,485.0,2.299,66.8,45.0,5.0,834,99.7%,No,Auction,2015,55.80,$83.39
4785,Willie Nelson,Red Headed Stranger,Country,2006,Japan,Standard Reissue,False,  Near Mint ,Good,140g,"26,983",1934,3964.0,2.05,65.8,6.9,7.0,1372,97.9%,True,Auction,2023,38.73,$51.11
4786,N.W.A,Straight Outta Compton,Hip-Hop,2012,Brazil,Original 1st Press,0,Good,Near Mint,120g,"45,193",139,246.0,1.77,59.3,40.2,7.0,4698,94.4%,No,Auction,2024,60.71,$68.77
4787,Funkadelic,Free Your Mind,R&B,1965,Netherlands,Anniversary Edition,Yes,Near Mint,Good Plus,120.0,"33,174",810,,3.473,39.7,64.2,15.0,2479,,no,Auction,2016,62.35,$96.37
4788,Prince,Sign o' the Times,R&B,2015,Brazil,Standard Reissue,No,Good,Fair,120g,"45,796",497,73.0,0.147,84.9,42.6,2.0,3108,100.0%,No,Auction,2019,56.90,$58.46
4789,Black Uhuru,Sinsemilla,Reggae,1967,Canada,Promo Copy,No,Very Good,Near Mint,140.0,"14,308",255,379.0,1.486,23.0,49.4,12.0,4574,94.2%,True,Fixed Price,2025,56.53,$53.74
4790,Pink Floyd,The Dark Side of the Moon,Rock,1965,Canada,Limited Colored Vinyl,Yes,Very Good,Good Plus,140g,"5,384",144,82.0,0.569,95.9,22.2,14.0,1911,94.6%,0,Fixed Price,2015,68.69,$85.63
4791,R.E.M.,Automatic for the People,Alternative,1999,UK,Standard Reissue,No,Very Good Plus,Near Mint,140g,"8,254",271,471.0,1.738,62.1,70.2,1.0,4488,97.3%,False,Fixed Price,2020,64.08,$92.66
4792,AC/DC,Back in Black,Rock,1967,Japan,Standard Reissue,no,Very Good Plus,Very Good Plus,140g,"7,844",151,125.0,0.828,87.4,45.6,24.0,224,92.4%,True,Fixed Price,2023,58.76,$82.78
4793,Stevie Wonder,Songs in the Key of Life,Soul,1964,UK,Standard Reissue,No,Very Good,Very Good Plus,180.0,"12,118",824,2038.0,2.473,93.1,32.3,17.0,1268,94.6%,No,Fixed Price,2024,62.49,$79.97
4794,The Beach Boys,Surf's Up,Pop,1980,australia,Limited Colored Vinyl,Yes,Good Plus,Very Good Plus,120g,"11,766",467,1533.0,3.283,80.8,26.3,20.0,3420,97.0%,No,Fixed Price,2018,65.70,$69.01
4795,Willie Nelson,Stardust,Country,1980,Brazil,Promo Copy,False,Poor,Very Good,200.0,"17,907",1204,704.0,0.585,61.9,34.3,24.0,1884,98.7%,No,Fixed Price,2023,51.66,$48.40
4796,The Rolling Stones,Sticky Fingers,Rock,2005,Netherlands,Standard Reissue,No,Very Good Plus,Very Good Plus,140.0,"48,261",490,823.0,1.68,91.2,67.3,68.0,3101,95.9%,Yes,Fixed Price,2016,62.46,$87.54
4797,Bon Iver,"For Emma, Forever Ago",Folk,2010,france,Standard Reissue,No,Very Good Plus,Near Mint,140g,"17,486",904,1482.0,1.639,36.5,15.7,10.0,2374,92.4%,No,Auction,2024,34.77,$50.58
4798,Kraftwerk,Autobahn,Electronic,2019,US,Standard Reissue,No,Very Good,Near Mint,120.0,"27,885",704,1737.0,2.467,78.8,29.9,2.0,4622,97.3%,False,Fixed Price,2020,54.63,$72.44
4799,Vampire Weekend,Father of the Bride,Alternative,2004,France,Standard Reissue,False,Near Mint,Fair,140.0,"39,068",1201,686.0,0.571,72.3,36.2,3.0,266,92.4%,Yes,Fixed Price,2022,55.08,$53.39
4800,Simon & Garfunkel,Bridge Over Troubled Water,Folk,2007,Germany,Original 1st Press,No,  Fair ,Near Mint,180.0,"1,403",106,230.0,2.17,70.6,46.1,15.0,1720,99.4%,No,Fixed Price,2015,70.29,$65.72
4801,Portishead,Portishead,Electronic,1983,Netherlands,Standard Reissue,No,Very Good,Good,140g,"9,572",453,680.0,1.501,83.3,52.3,6.0,864,97.8%,No,Fixed Price,2015,68.50,$84.86
4802,Pearl Jam,Vitalogy,Alternative,1985,US,Promo Copy,No,Mint,,180.0,"48,110",314,401.0,1.277,68.6,6.8,80.0,366,95.3%,False,Auction,2022,47.16,$74.79
4803,My Bloody Valentine,Loveless,Alternative,1988,Netherlands,Promo Copy,no,Very Good,Near Mint,180g,786,149,320.0,2.148,27.5,47.6,1.0,4177,96.2%,No,Fixed Price,2015,53.00,$67.56
4804,Simon & Garfunkel,Bridge Over Troubled Water,Folk,1975,Canada,Standard Reissue,No,Near Mint,Fair,120g,"23,198",547,593.0,1.084,65.7,45.4,4.0,3681,94.2%,0,Auction,2024,46.68,$63.41
4805,Brian Eno,Another Green World,Electronic,2003,canada,Standard Reissue,No,  Good Plus ,Good Plus,140g,"1,722",327,460.0,1.407,43.5,16.6,4.0,1674,93.7%,Yes,Fixed Price,2017,49.17,$57.28
4806,R.E.M.,Document,Alternative,1992,Australia,Limited Colored Vinyl,Yes,Very Good Plus,Mint,140g,"3,032",980,449.0,0.458,65.5,26.3,39.0,856,95.4%,No,Fixed Price,2018,55.25,$83.34
4807,Wu-Tang Clan,Enter the Wu-Tang (36 Chambers),Hip-Hop,1993,,Standard Reissue,No,Mint,Mint,180.0,"43,513",407,657.0,1.614,76.4,10.7,70.0,705,99.0%,False,Fixed Price,2021,47.76,$63.19
4808,J Dilla,Ruff Draft,Hip-Hop,1995,Germany,Standard Reissue,No,Very Good,Good,140.0,"12,249",2257,2333.0,1.034,43.3,33.6,12.0,1205,95.4%,0,Fixed Price,2015,43.13,$57.41
4809,Bjork,Debut,Electronic,1971,Australia,Standard Reissue,No,Very Good Plus,Mint,180.0,"45,360",206,264.0,1.282,69.0,63.3,12.0,4416,99.8%,No,Auction,2020,64.56,$96.43
4810,Arcade Fire,Funeral,Alternative,1961,Netherlands,Anniversary Edition,1,Very Good Plus,Near Mint,180.0,"35,617",713,2603.0,3.651,53.4,68.0,28.0,731,96.6%,0,Auction,2016,72.01,$109.75
4811,David Bowie,Heroes,Rock,2022,UK,Promo Copy,No,Near Mint,Near Mint,120g,"13,217",411,306.0,0.745,93.6,3.5,3.0,4449,100.0%,False,Fixed Price,2023,67.73,$83.34
4812,The Clash,Sandinista!,Rock,1967,us,Standard Reissue,False,Near Mint,Mint,140.0,"44,656",1229,1875.0,1.526,68.7,26.2,6.0,208,97.9%,Yes,Auction,2021,48.85,$80.41
4813,Duran Duran,Duran Duran,Pop,2000,Japan,Standard Reissue,No,Very Good,Very Good Plus,140.0,"19,403",934,1767.0,1.892,73.6,9.7,43.0,73,,Yes,Fixed Price,2022,50.49,$70.44
4814,Kendrick Lamar,DAMN.,Hip-Hop,1995,Japan,Standard Reissue,False,Mint,Mint,140g,"45,667",606,795.0,1.312,90.5,77.2,75.0,3246,,1,Fixed Price,2022,71.72,$112.21
4815,AC/DC,Highway to Hell,Rock,2009,US,Limited Colored Vinyl,Yes,Mint,Very Good Plus,120g,"42,985",207,701.0,3.386,90.8,23.8,17.0,3374,97.6%,True,Auction,2015,65.25,$91.16
4816,Willie Nelson,Red Headed Stranger,Country,1992,japan,Anniversary Edition,Yes,Very Good,Mint,180.0,"33,934",240,121.0,0.504,61.0,11.7,14.0,2227,100.0%,Yes,Fixed Price,2025,46.26,$44.91
4817,The Smiths,The Queen Is Dead,Alternative,2020,uk,Limited Colored Vinyl,Yes,Very Good Plus,Mint,140.0,"35,079",492,1214.0,2.467,47.5,18.2,6.0,2835,98.6%,No,Fixed Price,2024,54.30,$71.15
4818,Paul Simon,Graceland,Folk,2011,UK,Standard Reissue,No,Very Good,Very Good Plus,180g,"10,491",723,771.0,1.066,73.0,10.0,19.0,95,93.3%,No,Fixed Price,2024,55.11,$58.96
4819,Bob Marley,Catch a Fire,Reggae,1997,FRANCE,Standard Reissue,False,Very Good Plus,Near Mint,180g,"45,950",1900,1479.0,0.778,92.0,54.1,6.0,2092,99.4%,No,Fixed Price,2022,58.21,$81.61
4820,Massive Attack,Blue Lines,Electronic,1974,australia,Limited Colored Vinyl,True,  Good Plus ,Near Mint,140g,"11,102",353,886.0,2.51,52.4,18.2,40.0,3567,,No,Fixed Price,2015,53.38,$58.56
4821,Jane's Addiction,Nothing's Shocking,Alternative,1976,France,Original 1st Press,No,Very Good,Good,140g,"35,294",87,136.0,1.563,29.5,15.4,67.0,4865,97.9%,True,Fixed Price,2017,44.53,$41.77
4822,The Strokes,Room on Fire,Alternative,1997,US,Limited Colored Vinyl,Yes,Good Plus,Near Mint,180.0,"30,693",196,280.0,1.429,68.1,17.5,9.0,2671,98.3%,0,Fixed Price,2015,56.43,$69.75
4823,Bjork,Debut,Electronic,1995,us,Standard Reissue,No,Very Good,Very Good,120.0,"49,089",653,164.0,0.251,72.2,54.0,0.0,1481,100.0%,Yes,Fixed Price,2016,51.46,$59.54
4824,The Rolling Stones,Let It Bleed,Rock,1985,uk,Standard Reissue,No,Fair,Very Good,120g,"47,280",1076,1628.0,1.513,94.0,19.9,7.0,3353,100.0%,Yes,Auction,2021,54.54,$49.46
4825,The Notorious B.I.G.,Life After Death,Hip-Hop,1986,Australia,Anniversary Edition,Yes,Very Good Plus,Good Plus,140g,"46,920",628,1290.0,2.054,90.7,67.0,10.0,4850,93.8%,Yes,Auction,2017,72.22,$86.79
4826,Pearl Jam,Vs.,Alternative,1980,FRANCE,Standard Reissue,No,  Very Good Plus ,Very Good,120.0,"10,075",639,1091.0,1.707,61.4,11.8,18.0,1803,100.0%,Yes,Fixed Price,2024,39.29,$51.32
4827,Prince,1999,R&B,1978,UK,Standard Reissue,0,  Near Mint ,Good,120g,"45,750",405,519.0,1.281,90.3,56.8,17.0,110,93.3%,No,Fixed Price,2021,69.80,$76.52
4828,Parliament,Mothership Connection,R&B,2014,Brazil,Limited Colored Vinyl,yes,Very Good Plus,Good Plus,180g,"35,643",194,81.0,0.418,36.9,72.0,9.0,3645,99.9%,No,Fixed Price,2020,58.77,$72.56
4829,Bob Dylan,Blood on the Tracks,Folk,2019,Japan,Standard Reissue,No,Mint,Near Mint,200g,"14,310",79,113.0,1.43,93.4,13.2,14.0,1571,95.7%,No,Fixed Price,2021,55.01,$71.18
4830,Kraftwerk,Trans-Europe Express,Electronic,1996,Brazil,Anniversary Edition,1,Good Plus,Near Mint,120g,"27,471",228,316.0,1.386,75.6,62.3,3.0,1836,99.0%,False,Fixed Price,2020,63.98,$68.15
4831,Pink Floyd,The Dark Side of the Moon,Rock,2018,,Anniversary Edition,Yes,Near Mint,Good,120.0,"40,134",716,1843.0,2.574,88.8,22.1,1.0,3298,,No,Fixed Price,2019,53.76,$75.93
4832,Neil Young,Rust Never Sleeps,Folk,1981,UK,Standard Reissue,No,Very Good Plus,Near Mint,120g,"17,991",142,85.0,0.599,62.6,56.5,14.0,2155,100.0%,False,Fixed Price,2018,63.72,$78.60
4833,Red Hot Chili Peppers,Californication,Alternative,1966,Japan,Standard Reissue,No,Very Good,Very Good Plus,120.0,"37,343",1280,266.0,0.208,70.5,44.0,12.0,2814,,False,Fixed Price,2016,45.59,$62.20
4834,Led Zeppelin,Houses of the Holy,Rock,1995,Canada,Standard Reissue,False,  Very Good Plus ,Very Good,120g,"43,664",415,416.0,1.002,99.1,34.2,32.0,2622,100.0%,yes,Fixed Price,2019,61.44,$77.84
4835,Jane's Addiction,Nothing's Shocking,Alternative,1983,US,Limited Colored Vinyl,Yes,Very Good Plus,Mint,120.0,"40,318",326,577.0,1.77,28.0,19.7,11.0,2771,95.2%,No,Fixed Price,2020,37.77,$59.92
4836,Steely Dan,The Royal Scam,Rock,2010,NETHERLANDS,Standard Reissue,no,Good,Good Plus,120g,"44,937",1154,933.0,0.808,78.4,4.2,8.0,3939,96.2%,0,Auction,2024,42.87,$40.63
4837,Peter Gabriel,Us,Pop,2012,Australia,Anniversary Edition,Yes,Very Good,Fair,200g,"6,819",634,641.0,1.011,60.2,63.8,44.0,3723,100.0%,No,Auction,2021,62.78,$70.30
4838,Bob Marley,Catch a Fire,Reggae,2005,Brazil,Standard Reissue,No,Very Good,Mint,180.0,"23,326",834,188.0,0.225,89.3,53.1,23.0,4858,96.4%,No,Fixed Price,2017,58.35,$80.78
4839,Paul Simon,Graceland,Folk,2007,France,Standard Reissue,No,Very Good Plus,Mint,140g,"14,366",691,175.0,0.253,79.1,15.8,1.0,282,100.0%,1,Fixed Price,2018,49.87,$71.54
4840,Patti Smith,Easter,Rock,2012,Germany,Anniversary Edition,True,Very Good Plus,Good,140.0,"44,856",1090,3941.0,3.616,29.6,37.9,32.0,4105,98.8%,no,Fixed Price,2025,43.15,$58.18
4841,Marvin Gaye,"Here, My Dear",Soul,1978,Australia,Standard Reissue,no,  Mint ,Good Plus,140.0,"26,639",1453,1006.0,0.692,93.4,31.3,3.0,2255,94.7%,Yes,Fixed Price,2019,60.69,$84.91
4842,Arcade Fire,Reflektor,Alternative,1970,Brazil,Limited Colored Vinyl,Yes,Mint,Very Good,140.0,"4,231",167,255.0,1.527,60.0,65.7,29.0,2063,94.6%,False,Fixed Price,2025,74.79,$118.25
4843,David Bowie,Low,Electronic,2016,Australia,Limited Colored Vinyl,yes,Good Plus,Near Mint,120g,"33,552",808,581.0,0.719,87.9,1.1,45.0,2751,95.8%,Yes,Auction,2016,53.88,$62.40
4844,Fleetwood Mac,Rumours,Rock,1971,,Standard Reissue,No,Very Good Plus,Near Mint,140.0,"25,166",642,486.0,0.757,90.2,13.9,1.0,525,92.6%,no,Auction,2018,45.93,$51.13
4845,Prince,Dirty Mind,R&B,1984,France,Limited Colored Vinyl,Yes,  Very Good Plus ,Near Mint,140.0,"3,466",108,266.0,2.463,89.2,46.2,44.0,2662,97.7%,No,Fixed Price,2017,78.27,$92.69
4846,AC/DC,Back in Black,Rock,1961,CANADA,Original 1st Press,0,Near Mint,Fair,140g,"34,896",694,1131.0,1.63,91.9,47.4,10.0,1202,94.9%,No,Fixed Price,2020,74.85,$80.40
4847,Steely Dan,Can't Buy a Thrill,Rock,2013,US,Standard Reissue,No,Near Mint,Very Good Plus,120g,"6,050",1357,1205.0,0.888,82.6,70.3,35.0,4818,97.5%,Yes,Auction,2020,79.40,$92.75
4848,Nirvana,Nevermind,Alternative,1976,UK,Standard Reissue,no,Good,Good Plus,180.0,"11,193",903,1537.0,1.702,97.4,34.6,40.0,3346,97.7%,yes,Fixed Price,2018,64.85,$50.19
4849,Daft Punk,Alive 2007,Electronic,2000,japan,Anniversary Edition,Yes,Near Mint,Very Good Plus,200.0,"4,587",600,797.0,1.328,86.4,57.5,75.0,4586,98.7%,Yes,Fixed Price,2023,70.23,$99.09
4850,Bob Marley,Exodus,Reggae,2016,UK,Standard Reissue,No,Very Good Plus,Very Good Plus,180.0,"10,433",517,520.0,1.006,93.2,33.8,18.0,2787,94.6%,No,Fixed Price,2025,61.14,$76.58
4851,The White Stripes,White Blood Cells,Alternative,1994,us,Standard Reissue,No,Very Good Plus,Very Good Plus,120.0,"26,657",415,804.0,1.937,59.3,44.3,15.0,3754,99.3%,yes,Fixed Price,2015,56.22,$75.75
4852,Sufjan Stevens,Carrie & Lowell,Folk,1971,AUSTRALIA,Standard Reissue,0,Good,,120g,"23,192",572,1388.0,2.427,55.7,11.8,16.0,3476,93.7%,No,Fixed Price,2016,49.37,$43.89
4853,Metallica,Master of Puppets,Rock,1987,US,Anniversary Edition,Yes,Near Mint,Good Plus,180g,"8,967",727,2170.0,2.985,94.8,79.3,28.0,4996,99.8%,Yes,Auction,2016,91.36,$137.28
4854,The Clash,London Calling,Rock,2003,brazil,Limited Colored Vinyl,Yes,Very Good,Near Mint,180.0,"34,277",1031,1898.0,1.841,75.6,9.8,3.0,27,98.4%,Yes,Fixed Price,2025,51.45,$60.34
4855,R.E.M.,Murmur,Alternative,2006,Australia,Original 1st Press,No,Good,Mint,180g,"40,291",99,217.0,2.192,62.6,48.3,0.0,4966,95.7%,1,Auction,2020,63.67,$71.38
4856,Sly and the Family Stone,Fresh,Soul,2019,France,Standard Reissue,False,  Very Good ,Mint,120.0,"10,726",635,1075.0,1.693,67.5,69.6,,2452,94.1%,Yes,Auction,2025,61.13,$73.98
4857,Arctic Monkeys,AM,Alternative,1999,Australia,Anniversary Edition,Yes,Mint,Near Mint,140g,"20,356",133,80.0,0.602,61.4,28.4,32.0,2280,92.0%,No,Fixed Price,2017,52.16,$77.36
4858,Marvin Gaye,What's Going On,Soul,1963,Brazil,Standard Reissue,False,Mint,Very Good,120.0,"37,028",254,107.0,0.421,96.0,22.4,23.0,4237,95.3%,No,Auction,2019,61.84,$84.09
4859,Joy Division,Unknown Pleasures,Alternative,1961,Canada,Promo Copy,No,  Fair ,,140.0,"8,258",402,454.0,1.129,43.4,67.6,12.0,3215,93.0%,No,Fixed Price,2018,67.00,$57.00
4860,The Cure,Pornography,Alternative,2001,US,Limited Colored Vinyl,1,Poor,Very Good Plus,180.0,"37,338",1654,2235.0,1.351,28.4,79.6,16.0,170,,1,Fixed Price,2018,54.64,$38.77
4861,Parliament,Mothership Connection,R&B,1981,UK,Standard Reissue,No,Very Good Plus,Mint,120.0,"31,536",1353,2544.0,1.88,42.7,71.9,0.0,2735,94.8%,Yes,Fixed Price,2024,53.29,$64.47
4862,Nirvana,Bleach,Alternative,1996,US,Anniversary Edition,yes,Very Good,Poor,180g,"1,365",852,2093.0,2.457,96.6,53.7,10.0,2817,90.7%,Yes,Fixed Price,2017,77.63,$86.72
4863,Soundgarden,Superunknown,Alternative,1972,Germany,Standard Reissue,No,Near Mint,Good Plus,140g,"39,188",1673,3361.0,2.009,74.4,36.3,18.0,529,93.8%,No,Fixed Price,2021,52.82,$76.16
4864,Emmylou Harris,Wrecking Ball,Country,1975,US,Standard Reissue,No,Very Good,Fair,140g,"11,783",1586,605.0,0.381,28.7,38.0,27.0,1328,97.7%,Yes,Fixed Price,2019,38.56,$43.28
4865,Pink Floyd,Wish You Were Here,Rock,1975,Canada,Standard Reissue,No,Very Good,Good Plus,200.0,"40,491",955,2301.0,2.409,91.5,28.6,4.0,2618,96.4%,Yes,Fixed Price,2020,60.66,$66.09
4866,Neil Young,Harvest,Folk,2003,France,Original 1st Press,No,Very Good Plus,Good Plus,120g,"44,678",158,253.0,1.601,64.4,11.4,11.0,1597,99.7%,No,Auction,2022,50.93,$72.02
4867,David Bowie,Scary Monsters,Rock,1974,Netherlands,Promo Copy,No,  Very Good ,Very Good Plus,140g,302,138,163.0,1.181,85.5,20.6,14.0,1815,94.5%,False,Fixed Price,2020,75.70,$107.02
4868,David Bowie,Let's Dance,Pop,1971,japan,Limited Colored Vinyl,Yes,Very Good Plus,Mint,200g,"42,868",279,234.0,0.839,91.4,35.9,18.0,4923,93.0%,0,Fixed Price,2020,68.04,$111.35
4869,Rage Against the Machine,Evil Empire,Alternative,2001,France,Anniversary Edition,Yes,Very Good Plus,Near Mint,200g,"34,769",579,1729.0,2.986,67.5,23.1,25.0,4976,94.7%,False,Fixed Price,2017,57.32,$78.44
4870,Patti Smith,Easter,Rock,1962,Japan,Standard Reissue,False,Near Mint,Near Mint,120.0,"32,015",630,1490.0,2.365,27.5,37.0,7.0,2770,95.2%,No,Fixed Price,2015,42.00,$58.50
4871,The Beatles,Rubber Soul,Rock,1986,US,Original 1st Press,no,  Near Mint ,Very Good,140.0,"36,860",351,70.0,0.199,88.9,22.4,5.0,3643,93.4%,True,Auction,2025,58.38,$79.35
4872,Black Sabbath,Master of Reality,Rock,2002,Brazil,Anniversary Edition,True,  Near Mint ,Good,120g,"23,706",567,341.0,0.601,75.3,20.5,23.0,3382,96.2%,True,Fixed Price,2025,52.25,$60.77
4873,Jimi Hendrix,Are You Experienced,Rock,1992,us,Standard Reissue,No,Very Good Plus,Good,140.0,"48,500",296,500.0,1.689,70.1,40.3,28.0,843,93.2%,False,Fixed Price,2018,46.80,$56.26
4874,The White Stripes,White Blood Cells,Alternative,1963,Canada,Standard Reissue,No,Good Plus,Very Good Plus,140.0,"24,952",673,1602.0,2.38,67.9,43.2,48.0,4786,98.1%,1,Fixed Price,2016,52.15,$50.45
4875,Erykah Badu,Baduizm,R&B,1966,Brazil,Test Pressing,True,Very Good,Very Good Plus,180.0,"14,374",125,113.0,0.904,82.8,63.1,2.0,1227,100.0%,no,Auction,2021,91.93,$110.63
4876,Metallica,Ride the Lightning,Rock,1978,Germany,Limited Colored Vinyl,Yes,Very Good,Very Good,140.0,"1,548",288,623.0,2.163,94.1,20.5,12.0,3802,98.7%,yes,Fixed Price,2024,71.07,$76.73
4877,De La Soul,De La Soul Is Dead,Hip-Hop,1983,Australia,Test Pressing,Yes,Good,Good,140g,"29,912",63,14.0,0.222,78.4,44.9,0.0,904,93.6%,No,Fixed Price,2015,79.51,$69.44
4878,U2,War,Rock,2008,Japan,Standard Reissue,No,Good,Good,180g,"9,291",656,433.0,0.66,80.9,25.3,2.0,2782,100.0%,True,Fixed Price,2018,48.63,$34.31
4879,Fleetwood Mac,Rumours,Rock,1995,Australia,Standard Reissue,False,  Very Good Plus ,Near Mint,140.0,"26,231",798,770.0,0.965,90.2,15.8,8.0,2891,97.0%,0,Fixed Price,2023,60.38,$87.49
4880,Massive Attack,Mezzanine,Electronic,2007,UK,Original 1st Press,False,Near Mint,Good,180g,"17,378",326,285.0,0.874,56.5,67.5,46.0,3314,98.1%,No,Fixed Price,2022,74.96,$109.84
4881,Nirvana,Bleach,Alternative,1984,Germany,Limited Colored Vinyl,Yes,Mint,Very Good Plus,120g,"17,178",124,35.0,0.282,93.7,51.2,16.0,3536,98.5%,No,Fixed Price,2022,68.15,$115.89
4882,Led Zeppelin,Physical Graffiti,Rock,1984,Brazil,Original 1st Press,No,Very Good Plus,Near Mint,140.0,"15,809",230,315.0,1.37,95.8,54.1,2.0,4732,96.7%,No,Fixed Price,2023,82.47,$128.77
4883,Paul Simon,So Beautiful or So What,Folk,2002,JAPAN,Anniversary Edition,True,Mint,Near Mint,120g,"2,271",155,354.0,2.284,76.4,36.5,3.0,4823,95.5%,Yes,Fixed Price,2025,68.86,$89.18
4884,John Coltrane,Giant Steps,Jazz,1975,FRANCE,Standard Reissue,No,Very Good,Good Plus,140g,"18,582",371,868.0,2.34,68.4,73.5,45.0,4393,97.8%,1,Fixed Price,2022,70.74,$81.61
4885,Snoop Dogg,Doggystyle,Hip-Hop,2008,Japan,Original 1st Press,No,Near Mint,Very Good Plus,140.0,"41,996",570,314.0,0.551,74.0,28.9,7.0,4241,95.7%,Yes,Fixed Price,2024,66.13,$99.97
4886,David Bowie,Let's Dance,Pop,2016,Germany,Limited Colored Vinyl,Yes,Very Good Plus,Near Mint,200g,"24,994",37,75.0,2.027,90.8,28.4,1.0,3603,95.1%,0,Fixed Price,2016,62.45,$93.88
4887,My Bloody Valentine,Loveless,Alternative,1975,JAPAN,Standard Reissue,No,Very Good,Very Good,180g,"44,131",1121,1034.0,0.922,24.5,45.3,0.0,2772,100.0%,True,Auction,2020,34.39,$40.56
4888,Outkast,ATLiens,Hip-Hop,2012,Japan,Promo Copy,No,Very Good Plus,Mint,180.0,"43,892",767,1761.0,2.296,70.8,73.3,3.0,975,97.7%,Yes,Fixed Price,2022,78.07,$105.99
4889,John Coltrane,Giant Steps,Jazz,1969,,Promo Copy,No,Good Plus,Good,140g,"18,601",384,782.0,2.036,75.1,71.6,4.0,4985,100.0%,True,Fixed Price,2016,76.26,$59.31
4890,Neil Young,On the Beach,Folk,2019,Australia,Anniversary Edition,1,Good Plus,Poor,120.0,"38,317",176,299.0,1.699,64.2,48.2,6.0,1261,100.0%,No,Auction,2023,58.98,$67.12
4891,Peter Gabriel,So,Pop,1961,us,Anniversary Edition,Yes,Very Good Plus,Near Mint,180.0,"25,029",435,101.0,0.232,64.4,51.5,35.0,2726,95.4%,0,Auction,2020,53.91,$79.45
4892,Metallica,Master of Puppets,Rock,1966,germany,Test Pressing,Yes,Fair,Poor,120.0,"43,474",172,564.0,3.279,89.9,78.3,8.0,1367,100.0%,No,Fixed Price,2021,97.28,$78.26
4893,Bon Iver,"For Emma, Forever Ago",Folk,1962,US,Limited Colored Vinyl,Yes,Good Plus,Near Mint,200g,"15,821",466,1660.0,3.562,36.0,5.6,10.0,1601,94.1%,no,Fixed Price,2017,41.87,$47.64
4894,Led Zeppelin,Led Zeppelin II,Rock,1993,UK,Original 1st Press,False,Good Plus,Very Good Plus,200.0,"18,403",106,20.0,0.189,99.2,7.4,18.0,2689,94.7%,No,Fixed Price,2021,68.68,$76.22
4895,The Cure,Disintegration,Alternative,1977,Brazil,Standard Reissue,No,Mint,Mint,120.0,"49,305",228,195.0,0.855,34.0,65.9,5.0,1080,,1,Fixed Price,2017,38.73,$59.43
4896,Beastie Boys,Licensed to Ill,Hip-Hop,2011,uk,Standard Reissue,False,Near Mint,Very Good,140.0,"1,629",674,1637.0,2.429,58.1,46.6,15.0,2623,96.6%,False,Fixed Price,2015,63.77,$90.13
4897,The Beatles,Sgt. Pepper's Lonely Hearts Club Band,Rock,1974,GERMANY,Standard Reissue,False,Very Good Plus,Near Mint,200.0,"37,876",402,720.0,1.791,88.2,31.1,4.0,2294,94.3%,No,Fixed Price,2020,46.65,$67.89
4898,Parliament,Mothership Connection,R&B,2021,France,Promo Copy,No,Very Good,Very Good Plus,180.0,"17,743",119,186.0,1.563,36.2,78.5,3.0,1101,96.6%,True,Fixed Price,2025,64.58,$83.62
4899,Guns N' Roses,Appetite for Destruction,Rock,2000,Australia,Standard Reissue,False,Near Mint,Good,180g,"29,979",1314,2699.0,2.054,87.5,60.6,,1220,94.9%,1,Fixed Price,2020,68.87,$94.42
4900,The Cure,Wish,Alternative,2012,Germany,Standard Reissue,False,Very Good,Near Mint,120.0,"13,247",1146,2811.0,2.453,37.6,40.2,1.0,2936,97.3%,Yes,Fixed Price,2021,53.57,$65.75
4901,J Dilla,The Shining,Hip-Hop,1974,brazil,Limited Colored Vinyl,1,Very Good Plus,Good Plus,140g,"15,601",94,240.0,2.553,44.9,16.0,3.0,3051,94.8%,No,Fixed Price,2021,49.73,$63.60
4902,Willie Nelson,Red Headed Stranger,Country,1994,netherlands,Original 1st Press,False,Good Plus,Near Mint,140g,"39,337",668,350.0,0.524,65.6,8.0,16.0,2790,100.0%,Yes,Fixed Price,2023,55.93,$65.17
4903,AC/DC,Highway to Hell,Rock,2010,US,Limited Colored Vinyl,yes,Near Mint,Very Good,,"15,847",645,1595.0,2.473,93.6,20.8,19.0,880,97.2%,Yes,Fixed Price,2024,68.21,$90.53
4904,Snoop Dogg,Doggystyle,Hip-Hop,1996,Germany,Standard Reissue,No,Very Good Plus,Near Mint,140.0,"39,610",1561,570.0,0.365,73.0,34.2,4.0,2228,96.6%,False,Auction,2019,46.17,$68.56
4905,The Rolling Stones,Emotional Rescue,Rock,1981,Japan,Standard Reissue,False,Very Good Plus,Very Good Plus,180g,"7,761",477,1185.0,2.484,90.1,35.1,36.0,229,95.4%,No,Fixed Price,2016,65.84,$79.76
4906,Nina Simone,Nina Simone in Concert,Jazz,1980,Netherlands,Standard Reissue,No,Very Good,,180.0,"37,954",2480,3087.0,1.245,69.5,42.6,34.0,4036,97.2%,1,Fixed Price,2020,46.06,$49.25
4907,Kings of Leon,Youth and Young Manhood,Alternative,1988,Canada,Original 1st Press,0,Very Good,Mint,120g,"1,170",265,339.0,1.279,67.5,76.6,1.0,4231,96.9%,True,Fixed Price,2018,81.63,$96.09
4908,Sufjan Stevens,Illinois,Folk,1976,Canada,Standard Reissue,No,Near Mint,Very Good Plus,180.0,"44,977",493,89.0,0.181,51.0,36.4,5.0,4149,95.7%,False,Auction,2018,32.10,$47.31
4909,Radiohead,OK Computer,Alternative,1975,Australia,Standard Reissue,No,Good Plus,Good Plus,180g,"26,645",236,131.0,0.555,85.4,53.7,9.0,3316,100.0%,1,Fixed Price,2017,63.97,$60.28
4910,Red Hot Chili Peppers,Californication,Alternative,1994,Germany,Standard Reissue,No,Mint,Very Good,140g,"24,513",477,1142.0,2.394,62.9,50.1,7.0,939,97.1%,Yes,Fixed Price,2023,57.43,$86.83
4911,Outkast,Stankonia,Hip-Hop,1977,France,Limited Colored Vinyl,True,Good Plus,Good Plus,120g,"2,500",478,152.0,0.318,72.8,7.1,20.0,654,96.9%,Yes,Fixed Price,2019,52.09,$47.13
4912,Joni Mitchell,Blue,Folk,2003,,Standard Reissue,No,Fair,Good Plus,140.0,"43,158",516,60.0,0.116,76.8,56.0,10.0,1557,100.0%,0,Fixed Price,2022,57.83,$42.64
4913,Interpol,Antics,Alternative,2002,US,Promo Copy,False,Very Good,Poor,120.0,"12,612",770,1301.0,1.69,22.0,5.2,10.0,4062,100.0%,0,Fixed Price,2024,42.93,$45.31
4914,Bob Dylan,The Freewheelin' Bob Dylan,Folk,1985,CANADA,Test Pressing,Yes,Mint,Good Plus,180g,"18,431",412,1335.0,3.24,91.7,37.4,57.0,2089,97.7%,No,Fixed Price,2016,90.36,$115.80
4915,John Coltrane,Giant Steps,Jazz,2022,US,Standard Reissue,No,Very Good,,140g,"9,862",303,209.0,0.69,73.0,70.5,16.0,3745,99.1%,False,Fixed Price,2024,65.66,$73.35
4916,Radiohead,Kid A,Alternative,2009,Japan,Anniversary Edition,yes,Mint,Near Mint,180.0,"1,859",207,164.0,0.792,80.8,29.4,16.0,2729,97.7%,No,Auction,2024,62.29,$105.65
4917,The Rolling Stones,Let It Bleed,Rock,1983,AUSTRALIA,Anniversary Edition,Yes,Very Good Plus,Very Good,140g,"43,741",18,52.0,2.889,96.0,16.8,23.0,418,96.6%,True,Fixed Price,2025,52.81,$60.47
4918,Rage Against the Machine,Rage Against the Machine,Alternative,1975,NETHERLANDS,Standard Reissue,No,Good,Very Good,200g,"17,100",538,1001.0,1.861,69.0,80.7,3.0,4256,95.7%,True,Fixed Price,2021,74.49,$83.90
4919,Kraftwerk,Autobahn,Electronic,1992,Canada,Original 1st Press,False,Very Good Plus,Mint,180.0,"11,137",311,364.0,1.17,78.3,30.6,5.0,2229,98.0%,Yes,Fixed Price,2022,73.85,$104.97
4920,The Smiths,"Strangeways, Here We Come",Alternative,1979,Germany,Anniversary Edition,Yes,  Very Good ,Near Mint,140g,"39,377",403,813.0,2.017,50.6,36.7,3.0,3663,96.9%,Yes,Fixed Price,2025,49.93,$62.52
4921,John Coltrane,Giant Steps,Jazz,1998,canada,Standard Reissue,No,Very Good,Mint,120.0,"27,615",353,302.0,0.856,70.1,75.0,59.0,2277,100.0%,True,Fixed Price,2020,66.32,$69.42
4922,David Bowie,Low,Electronic,1979,Brazil,Original 1st Press,No,Near Mint,Very Good,120g,"29,608",158,186.0,1.177,86.8,3.1,9.0,847,97.3%,Yes,Auction,2021,60.65,$75.88
4923,Funkadelic,Maggot Brain,R&B,1972,,Original 1st Press,No,Mint,Mint,140.0,"31,677",314,75.0,0.239,41.9,56.1,17.0,4443,92.8%,No,Auction,2022,57.44,$107.69
4924,Nas,It Was Written,Hip-Hop,1964,brazil,Standard Reissue,No,Near Mint,,120.0,"23,464",355,560.0,1.577,71.4,46.1,8.0,3108,96.9%,No,Fixed Price,2021,57.79,$75.10
4925,Erykah Badu,New Amerykah Part One,R&B,2001,,Promo Copy,No,Mint,Near Mint,180g,"24,248",277,662.0,2.39,77.3,35.8,22.0,2203,100.0%,Yes,Fixed Price,2017,64.32,$107.75
4926,The Beatles,Revolver,Rock,1963,Brazil,Anniversary Edition,True,Very Good Plus,Good Plus,140g,"33,170",727,1786.0,2.457,94.4,8.7,0.0,3112,92.3%,no,Auction,2021,58.30,$81.93
4927,Bob Marley,Uprising,Reggae,2012,france,Anniversary Edition,yes,Very Good Plus,Very Good,120.0,"8,828",982,1772.0,1.804,93.2,46.7,14.0,3841,94.3%,1,Fixed Price,2018,69.47,$87.43
4928,Jane's Addiction,Ritual de lo Habitual,Alternative,2012,France,Standard Reissue,no,Mint,Good,180.0,"12,913",633,1077.0,1.701,28.3,21.8,1.0,3783,98.7%,yes,Fixed Price,2016,30.31,$39.05
4929,Arcade Fire,Reflektor,Alternative,1979,CANADA,Anniversary Edition,Yes,Very Good,Very Good Plus,120.0,"44,165",563,969.0,1.721,60.6,70.0,2.0,1275,97.0%,No,Fixed Price,2025,60.88,$69.90
4930,Bob Marley,Kaya,Reggae,2021,canada,Standard Reissue,No,Good,Near Mint,180g,"30,489",845,1840.0,2.178,93.3,30.8,11.0,3610,96.5%,True,Fixed Price,2025,67.27,$66.80
4931,Dr. Dre,The Chronic,Hip-Hop,1990,US,Standard Reissue,No,Good Plus,Good Plus,140g,"10,765",533,1108.0,2.079,96.4,19.6,163.0,1658,99.5%,No,Auction,2016,68.52,$71.68
4932,My Bloody Valentine,Loveless,Alternative,2005,Germany,Limited Colored Vinyl,1,Good Plus,Good,200g,"25,510",219,429.0,1.959,29.0,47.2,6.0,776,97.8%,0,Fixed Price,2015,53.99,$59.07
4933,Pink Floyd,Animals,Rock,1992,France,Original 1st Press,False,Very Good Plus,Near Mint,180g,"9,234",482,358.0,0.743,89.7,70.5,67.0,4332,99.1%,No,Fixed Price,2019,88.91,$127.05
4934,Patti Smith,Easter,Rock,1976,Germany,Standard Reissue,No,Poor,Mint,120g,"12,288",142,71.0,0.5,32.0,44.5,35.0,806,94.4%,Yes,Fixed Price,2017,42.65,$45.24
4935,Rage Against the Machine,Evil Empire,Alternative,1962,Canada,Anniversary Edition,Yes,Near Mint,,140.0,"29,798",2218,418.0,0.188,65.3,29.8,27.0,4042,97.0%,Yes,Fixed Price,2019,51.57,$84.08
4936,Japandroids,Post-Nothing,Alternative,2020,GERMANY,Original 1st Press,0,Very Good Plus,Poor,140g,"12,855",25,48.0,1.92,33.7,47.8,2.0,1609,98.8%,False,Fixed Price,2025,59.57,$62.95
4937,Simon & Garfunkel,Sounds of Silence,Folk,1967,UK,Standard Reissue,No,Very Good Plus,Very Good Plus,120.0,"45,897",2346,677.0,0.289,65.3,42.4,12.0,4674,91.8%,1,Fixed Price,2024,48.98,$67.84
4938,Talking Heads,Remain in Light,Alternative,1973,Brazil,Original 1st Press,False,Near Mint,Good,140g,"27,870",84,131.0,1.56,76.3,69.8,2.0,204,100.0%,Yes,Fixed Price,2021,82.49,$121.21
4939,John Coltrane,Blue Train,Jazz,1995,Japan,Standard Reissue,No,Very Good Plus,Very Good,180g,"13,217",1270,1711.0,1.347,76.3,54.4,18.0,4093,94.5%,0,Fixed Price,2024,63.93,$84.49
4940,Red Hot Chili Peppers,Blood Sugar Sex Magik,Alternative,2005,netherlands,Test Pressing,Yes,Very Good Plus,Very Good,120g,"23,155",727,1026.0,1.411,63.1,17.2,11.0,2601,91.2%,True,Fixed Price,2020,67.39,$92.47
4941,Stevie Wonder,Songs in the Key of Life,Soul,1974,FRANCE,Standard Reissue,False,Very Good,Very Good Plus,120g,"29,328",189,381.0,2.016,89.9,29.8,60.0,4431,95.0%,0,Auction,2019,51.28,$66.91
4942,U2,Achtung Baby,Rock,1972,Brazil,Original 1st Press,False,Good Plus,Very Good Plus,140.0,"38,584",420,821.0,1.955,79.6,33.1,0.0,461,100.0%,No,Auction,2017,71.67,$88.92
4943,Pink Floyd,The Dark Side of the Moon,Rock,1985,Japan,Test Pressing,Yes,Near Mint,,180g,"34,089",270,328.0,1.215,93.4,22.1,51.0,3804,98.7%,No,Auction,2020,73.50,$101.77
4944,Kendrick Lamar,Section.80,Hip-Hop,1993,Brazil,Promo Copy,No,Good Plus,Mint,180g,"14,353",784,1722.0,2.196,95.3,19.5,40.0,2540,94.7%,False,Fixed Price,2025,69.22,$93.26
4945,Sade,Promise,R&B,1987,australia,Standard Reissue,No,  Very Good ,Very Good Plus,180.0,"39,738",963,269.0,0.279,83.8,21.5,0.0,1172,96.5%,Yes,Fixed Price,2019,51.41,$63.52
4946,Miles Davis,Bitches Brew,Jazz,1997,Germany,Limited Colored Vinyl,Yes,Very Good,Mint,180g,"29,381",285,468.0,1.642,79.3,16.3,32.0,3271,100.0%,False,Auction,2015,66.51,$66.71
4947,John Coltrane,Giant Steps,Jazz,2007,Japan,Standard Reissue,no,Good Plus,Near Mint,140.0,"30,758",2591,4291.0,1.656,71.6,71.9,1.0,4548,100.0%,Yes,Auction,2015,68.77,$72.96
4948,Brian Eno,Music for Airports,Electronic,1989,BRAZIL,Limited Colored Vinyl,True,Very Good Plus,Good Plus,120g,"37,733",849,1506.0,1.774,43.9,27.0,63.0,2988,91.9%,Yes,Fixed Price,2015,43.20,$51.29
4949,Sade,Love Deluxe,R&B,1998,Germany,Limited Colored Vinyl,1,Very Good Plus,Good Plus,140g,"12,390",160,144.0,0.9,81.6,71.1,12.0,4163,98.0%,No,Fixed Price,2019,82.93,$99.29
4950,Duran Duran,Rio,Pop,1999,france,Standard Reissue,No,Near Mint,Near Mint,180.0,"2,363",1814,1702.0,0.938,78.8,45.9,26.0,4277,96.7%,yes,Fixed Price,2019,68.82,$98.58
4951,Beastie Boys,Paul's Boutique,Hip-Hop,1984,us,Standard Reissue,0,  Very Good Plus ,Very Good Plus,120.0,"45,589",479,618.0,1.29,53.7,12.6,16.0,4803,93.9%,No,Fixed Price,2016,35.29,$40.57
4952,The Clash,London Calling,Rock,2007,FRANCE,Original 1st Press,0,Near Mint,,140.0,"1,787",267,410.0,1.536,70.2,11.9,5.0,1763,95.9%,0,Fixed Price,2018,68.84,$80.83
4953,Radiohead,In Rainbows,Alternative,1968,Australia,Test Pressing,Yes,  Very Good Plus ,Mint,180g,"8,465",108,28.0,0.259,85.6,12.2,3.0,2228,97.4%,No,Fixed Price,2016,74.99,$95.90
4954,Fleetwood Mac,Rumours,Rock,1961,Australia,Standard Reissue,False,Mint,Good,140g,"41,650",631,1544.0,2.447,86.9,14.4,18.0,4428,95.7%,1,Fixed Price,2016,57.16,$73.98
4955,Bjork,Post,Electronic,1977,US,Standard Reissue,no,Very Good Plus,Very Good Plus,120g,"5,579",575,796.0,1.384,68.6,64.7,1.0,779,99.8%,No,Fixed Price,2023,70.44,$82.03
4956,Pink Floyd,The Dark Side of the Moon,Rock,2007,brazil,Standard Reissue,False,Very Good,Very Good,200g,831,288,481.0,1.67,90.1,24.2,8.0,223,91.2%,No,Fixed Price,2015,64.76,$72.86
4957,Black Sabbath,Paranoid,Rock,1980,NETHERLANDS,Original 1st Press,No,Good,Very Good Plus,120.0,"27,994",670,131.0,0.196,67.4,79.1,12.0,367,100.0%,No,Fixed Price,2018,70.88,$77.65
4958,The Smiths,"Strangeways, Here We Come",Alternative,2022,US,Promo Copy,No,Mint,Near Mint,120g,"42,747",558,798.0,1.43,44.9,33.2,56.0,2143,99.1%,False,Auction,2022,53.83,$90.79
4959,Steely Dan,Can't Buy a Thrill,Rock,2011,France,Standard Reissue,0,Near Mint,Good Plus,140.0,"14,824",774,405.0,0.523,79.5,61.2,11.0,4274,93.3%,0,Fixed Price,2017,60.72,$92.72
4960,Japandroids,Post-Nothing,Alternative,1963,Australia,Promo Copy,0,Very Good Plus,Good,140.0,"35,861",460,540.0,1.174,36.8,47.1,13.0,3203,97.0%,no,Fixed Price,2015,49.04,$61.18
4961,U2,Achtung Baby,Rock,1988,JAPAN,Test Pressing,yes,  Very Good Plus ,Very Good Plus,120.0,"49,137",926,362.0,0.391,76.7,37.4,27.0,1187,95.5%,No,Fixed Price,2021,75.46,$101.74
4962,James Taylor,JT,Folk,2013,Netherlands,Standard Reissue,False,Fair,Very Good Plus,120g,"43,196",1380,3318.0,2.404,34.3,3.2,14.0,3836,97.9%,No,Auction,2016,31.75,$26.96
4963,Nina Simone,Nina Simone in Concert,Jazz,1972,CANADA,Anniversary Edition,True,Very Good Plus,Very Good,140g,"42,972",835,749.0,0.897,69.2,43.1,1.0,4224,100.0%,0,Fixed Price,2019,52.74,$68.43
4964,Rage Against the Machine,Evil Empire,Alternative,1987,US,Anniversary Edition,True,Very Good Plus,Near Mint,140.0,"32,906",240,543.0,2.263,68.3,27.1,5.0,1217,100.0%,1,Auction,2024,53.75,$70.37
4965,Bob Dylan,Highway 61 Revisited,Folk,2009,brazil,Limited Colored Vinyl,1,Very Good,Near Mint,120.0,"16,754",1566,3714.0,2.372,89.0,55.1,28.0,3970,93.8%,No,Fixed Price,2018,75.18,$105.37
4966,Arcade Fire,The Suburbs,Alternative,2013,Japan,Limited Colored Vinyl,True,Near Mint,Near Mint,140g,"37,819",209,330.0,1.579,58.2,16.9,1.0,1346,96.8%,True,Auction,2015,51.94,$65.99
4967,The Clash,Combat Rock,Rock,2000,France,Anniversary Edition,Yes,Very Good Plus,Very Good,200.0,"24,627",941,2835.0,3.013,74.3,37.7,4.0,1295,95.6%,no,Fixed Price,2023,56.96,$65.43
4968,Talking Heads,Remain in Light,Alternative,1984,Netherlands,Standard Reissue,no,Mint,Very Good Plus,120.0,"34,391",698,1536.0,2.201,81.6,70.8,9.0,2159,95.0%,yes,Fixed Price,2022,68.36,$89.87
4969,Steely Dan,Aja,Rock,2013,Japan,Limited Colored Vinyl,True,Poor,Mint,140.0,"33,437",966,1385.0,1.434,82.9,63.7,9.0,2075,,No,Auction,2020,72.05,$66.36
4970,Radiohead,In Rainbows,Alternative,1983,France,Original 1st Press,No,Near Mint,Good Plus,180.0,"23,395",613,387.0,0.631,84.0,11.4,11.0,3954,95.2%,Yes,Fixed Price,2019,63.89,$77.28
4971,Bon Iver,"For Emma, Forever Ago",Folk,1977,france,Promo Copy,False,Very Good Plus,,120.0,"20,744",315,634.0,2.013,39.0,15.9,39.0,4769,100.0%,True,Fixed Price,2020,42.75,$55.21
4972,Duran Duran,Rio,Pop,1992,australia,Original 1st Press,No,Good,Very Good,180.0,"39,922",109,179.0,1.642,76.4,47.5,12.0,2024,99.9%,False,Fixed Price,2018,72.90,$77.81
4973,Joy Division,Unknown Pleasures,Alternative,1989,japan,Standard Reissue,No,Mint,Very Good,140g,"49,247",482,313.0,0.649,40.5,69.3,10.0,1401,99.0%,0,Auction,2020,49.47,$69.47
4974,Bon Iver,"For Emma, Forever Ago",Folk,2018,UK,Original 1st Press,No,Very Good,Near Mint,180g,"24,791",710,1560.0,2.197,44.6,12.6,19.0,2796,95.4%,Yes,Fixed Price,2020,52.60,$73.97
4975,Neil Young,After the Gold Rush,Folk,1983,US,Original 1st Press,No,Near Mint,Very Good,200g,"34,587",657,1610.0,2.451,63.8,45.0,12.0,617,92.1%,Yes,Fixed Price,2017,71.42,$95.04
4976,The Smiths,"Strangeways, Here We Come",Alternative,2000,JAPAN,Original 1st Press,False,Very Good,Very Good Plus,200.0,"17,052",534,337.0,0.631,43.4,32.1,28.0,3240,96.1%,no,Fixed Price,2021,63.68,$77.91
4977,Beastie Boys,Ill Communication,Hip-Hop,1997,Japan,Standard Reissue,0,Good Plus,Fair,120.0,"42,955",1254,2009.0,1.602,55.5,15.8,31.0,2935,99.7%,no,Fixed Price,2019,37.97,$30.99
4978,Michael Jackson,Bad,Pop,2008,Germany,Standard Reissue,0,Very Good Plus,Very Good,120g,"38,438",1069,1374.0,1.285,91.6,35.3,51.0,3021,96.5%,No,Fixed Price,2022,57.02,$77.26
4979,Massive Attack,Blue Lines,Electronic,1984,Netherlands,Standard Reissue,False,Near Mint,Mint,120.0,"8,876",571,254.0,0.445,61.1,13.7,15.0,3769,,No,Fixed Price,2018,42.85,$64.57
4980,Portishead,Third,Electronic,2000,CANADA,Anniversary Edition,Yes,Very Good Plus,Near Mint,120.0,"24,917",58,61.0,1.052,76.7,9.7,9.0,2882,99.9%,No,Fixed Price,2019,44.53,$65.95
4981,Rage Against the Machine,Rage Against the Machine,Alternative,2001,brazil,Standard Reissue,No,Mint,Good,180.0,"34,419",794,1934.0,2.436,75.2,86.9,19.0,3237,99.9%,No,Auction,2020,67.97,$115.10
4982,Sufjan Stevens,Michigan,Folk,2008,france,Standard Reissue,No,Good Plus,Very Good Plus,120g,"31,797",718,1655.0,2.305,51.2,37.2,13.0,521,100.0%,0,Auction,2018,50.38,$60.31
4983,Loretta Lynn,Coal Miner's Daughter,Country,1989,Australia,Standard Reissue,No,Very Good Plus,Near Mint,,"44,233",1222,435.0,0.356,19.8,54.8,30.0,531,98.5%,No,Fixed Price,2023,39.02,$50.80
4984,George Michael,Faith,Pop,1971,UK,Anniversary Edition,Yes,Near Mint,Very Good Plus,140g,"1,979",518,1322.0,2.552,66.0,31.6,4.0,4241,88.8%,False,Fixed Price,2023,58.49,$78.10
4985,Daft Punk,Human After All,Electronic,2017,japan,Anniversary Edition,Yes,Very Good,Very Good,200.0,"9,701",1331,2596.0,1.95,88.9,70.2,52.0,4390,,Yes,Fixed Price,2019,69.11,$80.86
4986,Jimi Hendrix,Are You Experienced,Rock,1996,Canada,Promo Copy,False,Very Good,Very Good Plus,180g,"27,755",219,543.0,2.479,75.6,36.5,8.0,151,100.0%,Yes,Fixed Price,2023,59.00,$68.92
4987,Metallica,Ride the Lightning,Rock,2021,Brazil,Standard Reissue,No,Good Plus,Mint,180g,"7,545",1648,1775.0,1.077,92.8,21.1,5.0,3499,93.2%,No,Fixed Price,2024,55.80,$67.06
4988,Brian Eno,Music for Airports,Electronic,1992,UK,Limited Colored Vinyl,True,Very Good Plus,Good Plus,140.0,"7,600",405,722.0,1.783,45.7,20.0,6.0,3731,91.1%,0,Fixed Price,2017,50.34,$62.21
4989,Outkast,Stankonia,Hip-Hop,1969,canada,Original 1st Press,No,Good Plus,Good,140.0,"47,195",1113,2135.0,1.918,71.0,10.8,31.0,2599,92.5%,No,Fixed Price,2024,59.82,$53.15
4990,Aphex Twin,Selected Ambient Works 85-92,Electronic,1991,US,Promo Copy,no,Very Good Plus,Good,180.0,"47,197",222,350.0,1.577,62.8,-3.0,3.0,2405,100.0%,No,Auction,2018,49.31,$75.37
4991,Frank Ocean,"Nostalgia, Ultra",R&B,1968,Germany,Original 1st Press,No,Very Good Plus,Very Good,180.0,"36,942",115,258.0,2.243,103.7,41.6,,1182,94.8%,No,Fixed Price,2019,83.99,$124.27
4992,The Rolling Stones,Voodoo Lounge,Rock,2022,France,Standard Reissue,False,Very Good,Very Good Plus,120g,"34,152",689,571.0,0.829,93.8,50.1,11.0,2050,96.3%,No,Fixed Price,2025,65.90,$82.85
4993,The Smiths,Meat Is Murder,Alternative,1984,AUSTRALIA,Promo Copy,No,Very Good Plus,Very Good Plus,200.0,"43,338",122,232.0,1.902,46.7,35.1,0.0,2274,100.0%,Yes,Fixed Price,2016,48.56,$65.69
4994,U2,The Joshua Tree,Rock,1993,,Anniversary Edition,yes,Good,Very Good Plus,200g,"23,242",297,796.0,2.68,78.4,48.5,6.0,4089,93.4%,Yes,Fixed Price,2020,60.62,$59.23
4995,Vampire Weekend,Vampire Weekend,Alternative,1999,Australia,Standard Reissue,False,  Very Good ,Good Plus,180.0,"20,548",482,529.0,1.098,69.6,24.3,30.0,2363,100.0%,No,Fixed Price,2015,49.17,$66.12
4996,Arctic Monkeys,"Whatever People Say I Am, That's What I'm Not",Alternative,1981,France,Standard Reissue,No,Very Good Plus,Near Mint,140g,"47,509",1318,523.0,0.397,59.3,29.5,0.0,2918,92.1%,0,Fixed Price,2018,43.69,$63.67
4997,The Clash,Combat Rock,Rock,2002,NETHERLANDS,Limited Colored Vinyl,1,Very Good,Very Good Plus,180g,"44,598",684,2466.0,3.605,71.6,37.8,6.0,2852,99.1%,Yes,Auction,2021,63.21,$72.26
4998,Daft Punk,Alive 2007,Electronic,1960,Brazil,Standard Reissue,No,Good,Very Good Plus,180.0,"5,168",615,1050.0,1.707,87.1,54.5,12.0,2474,96.7%,True,Fixed Price,2023,61.84,$63.90
4999,The Beatles,The White Album,Rock,2012,Australia,Anniversary Edition,True,Very Good,Very Good Plus,,"37,379",762,1344.0,1.764,87.6,59.8,16.0,4765,97.0%,Yes,Auction,2023,67.04,$85.11
5000,Rage Against the Machine,Rage Against the Machine,Alternative,1997,Canada,Original 1st Press,No,Fair,Very Good Plus,140g,"13,732",745,985.0,1.322,68.4,86.0,11.0,344,96.3%,0,Auction,2016,85.91,$91.32
2585,The Cure,Pornography,Alternative,1995,Germany,Standard Reissue,no,Very Good Plus,Near Mint,180g,"31,723",1374,1608.0,1.17,34.3,76.5,10.0,24,100.0%,Yes,Fixed Price,2023,51.78,$66.07
4339,Paul Simon,Graceland,Folk,2019,Netherlands,Standard Reissue,False,Mint,Near Mint,120g,"14,570",67,161.0,2.403,72.1,4.3,3.0,4887,92.4%,Yes,Fixed Price,2022,52.95,$79.48
4557,Funkadelic,Cosmic Slop,R&B,2019,japan,Anniversary Edition,Yes,Very Good Plus,Very Good Plus,140g,"36,526",183,559.0,3.055,41.9,24.1,9.0,115,96.4%,Yes,Fixed Price,2019,44.35,$70.28
3439,Paul Simon,So Beautiful or So What,Folk,2012,France,Standard Reissue,No,Near Mint,Very Good,120.0,"10,569",1213,475.0,0.392,80.5,32.0,47.0,1451,93.7%,1,Fixed Price,2021,64.85,$74.92
738,Kendrick Lamar,DAMN.,Hip-Hop,2013,GERMANY,Original 1st Press,No,Good Plus,Very Good Plus,140.0,"45,941",119,119.0,1.0,90.9,78.8,56.0,3740,,No,Fixed Price,2023,89.68,$107.41
2677,Kendrick Lamar,"good kid, m.A.A.d city",Hip-Hop,1976,brazil,Limited Colored Vinyl,Yes,Very Good,Very Good Plus,200.0,"11,102",216,521.0,2.412,94.1,22.2,10.0,1097,97.6%,False,Fixed Price,2020,63.75,$86.35
286,The Beach Boys,Pet Sounds,Pop,1980,canada,Standard Reissue,no,Very Good,Good Plus,140.0,"30,065",2118,4815.0,2.273,77.0,31.7,59.0,1077,93.7%,0,Fixed Price,2016,57.21,$63.83
2973,The Beatles,Revolver,Rock,2000,,Promo Copy,False,Very Good,Very Good,180.0,"43,862",1051,165.0,0.157,84.2,13.1,27.0,4163,95.8%,True,Fixed Price,2025,55.90,$50.66
242,Fleetwood Mac,Rumours,Rock,2021,netherlands,Limited Colored Vinyl,Yes,Near Mint,Near Mint,180g,"48,540",476,277.0,0.582,88.8,12.1,36.0,3517,100.0%,no,Auction,2025,52.63,$72.26
520,Led Zeppelin,Houses of the Holy,Rock,2006,uk,Original 1st Press,no,Very Good Plus,Mint,120g,"39,377",746,1654.0,2.217,94.9,32.5,56.0,538,99.5%,False,Fixed Price,2016,78.03,$118.23
4075,Aphex Twin,Selected Ambient Works 85-92,Electronic,2003,Australia,Limited Colored Vinyl,Yes,Very Good,Very Good Plus,180g,"35,604",112,411.0,3.67,60.4,0.8,4.0,1843,97.0%,0,Fixed Price,2015,55.64,$68.99
3655,Simon & Garfunkel,Bridge Over Troubled Water,Folk,1965,JAPAN,Original 1st Press,no,Very Good,Good Plus,120.0,"46,461",867,480.0,0.554,68.0,46.0,3.0,4018,94.7%,True,Auction,2021,66.85,$72.13
2318,Radiohead,OK Computer,Alternative,2006,Canada,Standard Reissue,No,Near Mint,Good Plus,120g,"23,933",3858,7059.0,1.83,82.6,54.1,58.0,4505,99.5%,0,Fixed Price,2020,67.18,$91.69
4595,Parliament,Mothership Connection,R&B,1963,france,Limited Colored Vinyl,True,Very Good,Good Plus,120g,"38,285",369,,2.515,43.8,78.4,53.0,3280,94.6%,0,Fixed Price,2016,58.89,$59.23
4669,Aphex Twin,Selected Ambient Works 85-92,Electronic,1996,france,Promo Copy,No,Very Good Plus,Near Mint,180.0,"19,543",274,,1.04,62.4,-1.1,3.0,2206,97.3%,False,Fixed Price,2025,54.97,$70.57
